length,digit_count,special_char_count,lt_count,gt_count,script_count,alert_count,onerror_count,sql_keywords,url_count,label
104,5,26,0,0,2,1,0,0,1,1
257,40,35,0,0,0,0,0,1,0,1
465,223,118,4,4,2,1,0,0,1,1
884,0,167,0,0,0,0,0,10,0,1
95,20,18,0,0,0,0,0,0,2,1
90,20,14,0,0,0,0,0,0,2,1
33,5,4,0,0,0,0,0,1,0,1
306,52,45,0,0,0,0,0,1,1,1
254,38,38,0,0,0,0,0,1,0,1
12,0,2,0,0,0,0,0,0,0,1
112,2,29,0,0,2,1,0,0,2,1
77,20,13,0,0,0,0,0,0,2,1
134,13,29,1,1,0,1,0,1,2,1
370,1,84,0,0,0,0,0,4,0,1
89,19,16,0,0,0,0,0,1,2,1
303,46,44,0,0,0,0,0,1,1,1
261,40,36,0,0,0,0,0,4,0,1
1124,8,228,0,0,0,0,0,15,0,1
108,10,26,1,1,1,1,0,0,2,1
1365,7,284,0,0,0,0,0,10,0,1
116,20,21,0,0,0,0,0,0,2,1
166,2,48,1,1,2,1,0,1,2,1
316,41,46,0,0,0,0,0,2,1,1
121,0,32,0,0,2,1,0,0,2,1
113,8,19,0,0,0,0,0,0,1,1
88,0,26,1,1,0,0,0,1,1,1
118,20,20,0,0,1,0,0,1,2,1
125,1,29,1,1,0,1,0,0,2,1
2571,3,507,0,0,0,0,0,33,0,1
129,2,53,0,1,1,0,0,0,0,1
123,14,24,0,0,0,0,0,0,1,1
189,36,45,1,1,0,1,1,2,2,1
160,13,35,0,0,0,0,0,2,0,1
100,13,23,0,0,2,1,0,0,2,1
1921,0,540,0,0,0,0,0,22,0,1
33,5,4,0,0,0,0,0,1,0,1
122,0,29,0,0,2,1,0,1,2,1
98,20,17,0,0,0,0,0,0,2,1
82,0,25,2,2,3,0,0,0,0,1
301,41,43,0,0,0,0,0,4,1,1
91,20,16,0,0,0,0,0,0,2,1
654,0,125,0,0,0,0,0,9,0,1
102,20,19,0,0,0,0,0,0,2,1
1291,3,271,0,0,0,0,0,29,0,1
172,15,38,1,1,4,1,0,0,3,1
40,0,14,1,1,1,1,0,0,0,1
155,0,33,1,1,2,0,0,1,2,1
6693,42,4167,0,0,0,0,0,5,0,1
9609,68,2011,0,0,0,0,0,125,0,1
83,21,16,0,0,0,0,0,0,2,1
304,48,46,0,0,0,0,0,1,1,1
233,36,33,0,0,0,0,0,3,0,1
950,5,208,0,0,0,0,0,10,0,1
146,0,34,1,1,2,1,0,0,2,1
84,20,14,0,0,0,0,0,0,2,1
4615,14,1495,20,18,0,0,0,13,1,1
172,14,32,1,1,2,1,0,0,1,1
101,0,27,0,0,2,1,0,0,2,1
241,30,49,2,2,2,1,0,1,2,1
188,39,45,1,1,0,1,0,2,2,1
139,7,25,1,1,2,1,0,0,2,1
136,11,28,1,1,2,1,0,2,2,1
157,5,30,1,1,2,0,0,0,3,1
99,20,16,0,0,0,0,0,0,2,1
295,44,44,0,0,0,0,0,3,1,1
253,14,60,2,2,0,0,0,0,2,1
116,6,19,0,0,0,0,0,0,1,1
200,22,42,1,1,4,1,0,2,3,1
1410,12,304,0,0,0,0,0,19,0,1
249,36,37,0,0,0,0,0,1,0,1
94,20,18,0,0,0,0,0,0,2,1
55,0,10,0,0,0,0,0,1,0,1
38,5,6,0,0,0,0,0,2,0,1
435,0,98,0,0,0,0,0,8,0,1
94,0,28,0,0,2,1,0,0,2,1
328,43,45,0,0,0,0,0,4,1,1
99,20,19,0,0,0,0,0,0,2,1
81,19,15,0,0,0,0,0,0,2,1
105,20,18,0,0,0,0,0,1,2,1
997,21,214,0,0,0,0,0,14,0,1
787,368,256,7,7,0,0,0,0,2,1
2022,3,620,0,0,0,0,0,8,0,1
58,0,8,0,0,0,0,0,1,0,1
131,0,30,0,0,2,1,0,0,1,1
38,5,6,0,0,0,0,0,2,0,1
1289,13,251,0,0,0,0,0,28,0,1
254,14,59,2,2,0,0,0,0,3,1
1787,4,387,0,0,0,0,0,18,0,1
79,19,15,0,0,0,0,0,0,2,1
867,3,180,0,0,0,0,0,12,0,1
1714,0,357,0,0,0,0,0,21,0,1
92,20,16,0,0,0,0,0,0,2,1
258,38,38,0,0,0,0,0,2,0,1
112,1,35,0,0,2,1,0,0,2,1
90,19,18,0,0,0,0,0,0,2,1
588,4,138,0,0,0,0,0,5,0,1
1464,121,362,4,4,2,0,0,3,1,1
117,12,18,0,0,0,0,0,0,1,1
117,13,22,0,0,0,0,0,0,1,1
2475,7,551,0,0,0,0,0,28,0,1
637,0,143,0,0,0,0,0,8,0,1
10409,227,3732,0,0,0,0,0,126,8,1
100,20,18,0,0,0,0,0,0,2,1
90,20,17,0,0,0,0,0,1,2,1
127,0,31,1,1,1,1,0,1,2,1
3625,7,786,0,0,0,0,0,49,0,1
772,9,155,0,0,0,0,0,16,0,1
292,43,43,0,0,0,0,0,2,1,1
55,3,8,0,0,0,0,0,0,0,1
84,20,15,0,0,0,0,0,1,2,1
575,142,109,5,5,7,5,0,0,1,1
84,19,15,0,0,0,0,0,0,2,1
54,0,17,2,2,2,0,0,1,1,1
132,28,19,0,0,2,1,0,1,0,1
81,20,14,0,0,0,0,0,1,2,1
845,7,169,0,0,0,0,0,15,0,1
121,13,22,0,0,0,0,0,0,1,1
813,0,255,0,0,0,0,0,18,0,1
620,0,220,0,0,0,0,0,5,5,1
6709,54,2332,7,7,0,0,0,26,0,1
100,14,28,0,0,2,1,0,3,1,1
172,30,37,1,1,2,1,0,0,2,1
486,10,101,0,0,0,0,0,6,0,1
239,44,36,0,0,0,0,0,1,0,1
102,20,16,0,0,0,0,0,1,2,1
138,22,32,1,1,2,1,0,1,2,1
184,2,49,1,1,2,1,0,2,2,1
164,15,36,1,1,2,1,0,1,2,1
252,14,60,2,2,0,0,0,0,3,1
387,0,75,0,0,0,0,0,6,0,1
113,20,20,0,0,0,0,0,2,2,1
115,5,28,1,1,2,1,0,0,3,1
27,0,3,0,0,0,0,0,0,0,1
79,0,16,0,0,0,0,0,1,0,1
72,20,13,0,0,0,0,0,0,2,1
186,37,44,1,1,0,1,1,1,5,1
617,0,125,0,0,0,0,0,6,0,1
1412,1,278,0,0,0,0,0,16,0,1
105,0,27,0,0,2,1,0,0,2,1
123,24,28,1,1,0,1,1,1,2,1
120,12,22,0,0,0,0,0,0,1,1
33,5,4,0,0,0,0,0,1,0,1
119,12,24,1,1,2,1,0,1,1,1
5575,5,1128,0,0,0,0,0,82,0,1
304,48,45,0,0,0,0,0,3,1,1
38,5,6,0,0,0,0,0,2,0,1
1004,4,232,0,0,0,0,0,9,0,1
118,15,27,1,1,2,1,0,2,2,1
248,61,49,2,2,2,1,0,1,2,1
66,0,11,0,0,0,0,0,1,1,1
904,0,190,0,0,0,0,0,15,0,1
82,19,15,0,0,0,0,0,0,2,1
62,0,29,8,8,2,1,0,0,0,1
843,0,184,0,0,0,0,0,9,0,1
707,1,157,0,0,0,0,0,9,0,1
342,158,114,3,3,0,0,0,0,2,1
100,20,18,0,0,0,0,0,1,2,1
195,38,42,1,1,2,0,0,0,2,1
38,5,6,0,0,0,0,0,2,0,1
111,11,24,1,1,1,1,0,1,2,1
164,19,33,1,1,0,0,0,0,2,1
325,5,63,0,0,0,0,0,3,0,1
646,3,129,0,0,0,0,0,11,0,1
169,11,35,1,1,3,0,0,0,2,1
135,3,34,0,0,2,1,0,2,2,1
116,0,30,0,0,2,1,0,0,2,1
136,20,21,0,0,0,0,0,1,2,1
91,10,16,0,0,0,0,0,2,1,1
80,19,15,0,0,0,0,0,0,2,1
91,10,16,0,0,0,0,0,2,1,1
97,22,22,0,0,0,0,0,0,2,1
87,11,22,0,0,2,1,0,1,2,1
118,7,18,0,0,0,0,0,0,1,1
255,41,40,0,0,0,0,0,1,0,1
94,20,16,0,0,0,0,0,0,2,1
1896,7,685,1,0,0,1,0,16,5,1
40,8,12,0,0,0,0,0,0,0,1
103,0,29,0,0,2,1,0,0,2,1
160,3,37,1,1,2,1,0,0,2,1
77,19,14,0,0,0,0,0,0,2,1
199,2,50,1,1,1,1,0,1,2,1
195,4,48,1,1,2,1,0,2,2,1
243,43,33,0,0,0,0,0,4,0,1
471,8,109,0,0,0,0,0,5,0,1
327,8,71,0,0,0,0,0,5,0,1
85,20,18,0,0,0,0,0,0,2,1
244,40,36,0,0,0,0,0,3,0,1
94,20,16,0,0,0,0,0,0,2,1
95,20,16,0,0,0,0,0,0,2,1
110,1,31,0,0,2,1,0,1,2,1
102,22,18,0,0,0,0,0,0,2,1
131,17,27,1,1,1,0,0,2,2,1
114,20,21,0,0,0,0,0,1,2,1
62,5,14,1,0,0,0,0,0,0,1
61,6,8,0,0,0,0,0,0,0,1
86,10,14,0,0,0,0,0,1,1,1
167,20,34,1,1,2,1,0,1,2,1
57,0,9,0,0,0,0,0,1,0,1
95,5,29,0,0,2,1,0,0,1,1
106,7,23,1,1,0,0,0,1,3,1
303,46,46,0,0,0,0,0,1,1,1
101,22,19,0,0,0,0,0,0,2,1
90,5,18,0,0,2,1,0,1,2,1
103,19,17,0,0,0,0,0,0,2,1
238,40,35,0,0,0,0,0,3,0,1
38,5,6,0,0,0,0,0,2,0,1
282,5,73,2,2,3,1,0,1,5,1
91,21,16,0,0,0,0,0,0,2,1
93,20,16,0,0,0,0,0,2,2,1
276,41,42,0,0,0,0,0,2,1,1
255,44,34,0,0,0,0,0,4,0,1
60,4,9,0,0,0,0,0,0,0,1
110,13,26,1,1,1,1,0,0,2,1
102,12,22,0,0,2,1,0,0,2,1
72,20,14,0,0,0,0,0,0,2,1
116,12,22,0,0,0,0,0,0,1,1
133,21,25,0,0,0,0,0,3,2,1
90,20,16,0,0,0,0,0,0,2,1
107,4,20,1,1,2,1,0,2,2,1
92,5,19,0,0,2,1,0,0,1,1
50,4,13,0,0,0,0,0,2,0,1
1124,6,235,0,0,0,0,0,14,0,1
33,5,4,0,0,0,0,0,1,0,1
133,11,39,1,1,2,1,0,0,2,1
91,20,17,0,0,0,0,0,0,2,1
194,3,49,1,1,1,1,0,4,2,1
91,10,16,0,0,0,0,0,2,1,1
110,0,20,1,1,0,0,0,0,3,1
128,0,35,0,0,2,1,0,0,1,1
38,5,6,0,0,0,0,0,2,0,1
103,14,21,0,0,1,1,0,0,2,1
204,2,41,0,0,0,0,0,5,0,1
134,14,28,1,1,2,1,0,0,1,1
120,0,36,3,3,0,1,0,2,0,1
108,6,18,0,0,0,0,0,0,1,1
33,5,4,0,0,0,0,0,1,0,1
188,2,52,1,1,2,1,0,0,2,1
281,39,36,0,0,0,0,0,3,0,1
35,1,5,1,0,0,1,0,0,0,1
135,6,33,1,1,2,1,0,0,2,1
709,0,153,0,0,0,0,0,5,0,1
85,1,21,0,0,2,1,0,1,2,1
410,3,93,0,0,0,0,0,8,0,1
1754,0,496,0,0,0,0,0,4,0,1
137,11,26,1,1,2,1,0,0,1,1
138,0,32,1,1,2,1,0,0,2,1
391,64,95,3,3,6,1,0,1,1,1
493,0,101,0,0,0,0,0,6,0,1
173,35,38,1,1,2,1,0,0,1,1
13384,85,4682,17,20,14,0,0,66,6,1
290,44,44,0,0,0,0,0,1,1,1
52,4,8,0,0,0,0,0,0,0,1
6316,51,2095,10,10,0,0,0,54,1,1
222,0,46,0,0,0,0,0,2,0,1
614,4,111,0,0,0,0,0,13,0,1
233,24,66,1,1,4,2,0,1,2,1
123,14,24,1,1,2,1,0,4,1,1
386,182,122,3,3,0,0,0,1,2,1
129,2,33,1,1,1,1,0,2,2,1
87,13,18,0,0,2,1,0,0,2,1
104,0,28,0,0,2,1,0,1,2,1
111,9,18,0,0,0,0,0,0,1,1
123,14,24,0,0,0,0,0,0,1,1
91,19,16,0,0,0,0,0,0,2,1
112,2,30,0,0,2,1,0,0,2,1
33,0,12,1,1,0,0,0,1,0,1
502,4,107,0,0,0,0,0,1,0,1
108,4,25,0,0,2,1,0,0,1,1
93,12,20,0,0,0,0,0,0,2,1
154,1,41,1,1,2,1,0,2,2,1
5294,16,1546,0,0,0,0,0,8,0,1
77,19,14,0,0,0,0,0,0,2,1
52,7,12,0,0,0,0,0,0,0,1
1593,1,337,0,0,0,0,0,17,0,1
957,8,192,0,0,0,0,0,12,0,1
91,10,16,0,0,0,0,0,2,1,1
68,1,21,1,1,0,1,0,0,0,1
1048,6,245,0,0,0,0,0,15,0,1
142,6,38,1,1,2,1,0,0,1,1
116,12,22,0,0,0,0,0,0,1,1
103,12,27,0,0,2,1,0,1,2,1
660,9,134,0,0,0,0,0,10,0,1
92,20,18,0,0,0,0,0,0,2,1
248,15,52,2,2,2,0,0,1,3,1
89,10,19,0,0,0,0,0,0,2,1
872,11,174,0,0,0,0,0,15,0,1
246,41,35,0,0,0,0,0,3,0,1
94,20,18,0,0,0,0,0,1,2,1
73,19,13,0,0,0,0,0,0,2,1
193,2,49,1,1,2,1,0,0,2,1
92,20,17,0,0,0,0,0,1,2,1
84,20,16,0,0,0,0,0,0,2,1
117,0,29,0,0,2,1,0,1,1,1
96,11,21,0,0,0,1,0,1,2,1
89,20,17,0,0,0,0,0,2,2,1
199,22,40,1,1,2,1,0,5,2,1
89,8,19,0,0,2,1,0,2,1,1
84,20,15,0,0,0,0,0,0,2,1
80,20,14,0,0,0,0,0,0,2,1
241,42,33,0,0,0,0,0,2,0,1
99,20,18,0,0,0,0,0,0,2,1
109,6,26,0,0,2,1,0,0,2,1
86,1,27,0,0,2,1,0,1,1,1
1086,8,216,0,0,0,0,0,21,0,1
441,0,96,0,0,0,0,0,7,0,1
217,25,41,1,1,2,1,0,1,1,1
580,2,117,0,0,0,0,0,11,0,1
110,7,26,1,1,1,1,0,0,1,1
305,40,43,0,0,0,0,0,1,1,1
26,0,3,0,0,0,0,0,0,0,1
98,3,23,0,0,0,1,0,1,1,1
95,19,17,0,0,0,0,0,0,2,1
54,3,9,0,0,0,0,0,0,0,1
116,1,29,0,0,2,1,0,2,2,1
338,30,96,2,2,3,4,0,0,1,1
207,0,51,1,1,3,0,0,3,3,1
329,0,69,0,0,0,0,0,10,0,1
983,2,197,0,0,0,0,0,16,0,1
169,1,40,1,1,2,1,0,1,2,1
123,21,25,0,0,0,0,0,0,2,1
79,20,14,0,0,0,0,0,0,2,1
619,0,130,0,0,0,0,0,11,0,1
779,6,176,0,0,0,0,0,13,0,1
116,12,22,0,0,0,0,0,0,1,1
99,22,19,0,0,0,0,0,0,2,1
1011,15,219,0,0,0,0,0,20,0,1
99,0,23,0,0,2,1,0,1,2,1
84,20,17,0,0,0,0,0,0,2,1
56,2,8,0,0,0,0,0,0,0,1
123,11,24,1,1,2,1,0,0,2,1
565,2,124,0,0,0,0,0,8,0,1
88,0,27,0,0,2,1,0,1,2,1
294,43,44,0,0,0,0,0,1,1,1
157,0,37,1,1,2,1,0,1,2,1
112,6,18,0,0,0,0,0,0,1,1
150,21,33,1,1,2,1,0,0,2,1
177,39,43,1,1,0,1,0,2,1,1
88,19,15,0,0,0,0,0,0,2,1
1474,14,316,0,0,0,0,0,13,0,1
122,2,29,0,0,2,1,0,1,2,1
91,10,16,0,0,0,0,0,2,1,1
251,14,59,2,2,0,0,0,1,2,1
264,42,36,0,0,0,0,0,2,0,1
632,0,121,0,0,0,0,0,13,0,1
109,4,24,0,0,2,1,0,0,1,1
95,20,15,0,0,0,0,0,0,2,1
96,12,20,0,0,2,1,0,0,2,1
131,3,34,1,1,2,1,0,0,1,1
244,39,36,0,0,0,0,0,1,0,1
92,22,16,0,0,0,0,0,0,2,1
94,7,19,0,0,2,1,0,0,1,1
134,0,29,1,1,2,1,0,0,1,1
251,4,55,0,0,0,0,0,1,0,1
102,24,20,0,0,0,0,0,1,2,1
149,0,35,1,1,2,1,0,1,2,1
104,23,18,0,0,0,0,0,0,2,1
89,20,15,0,0,0,0,0,1,2,1
36,3,6,0,0,0,0,0,2,0,1
76,0,10,0,0,0,0,0,1,1,1
3481,9,795,0,0,0,0,0,48,0,1
93,8,19,0,0,2,1,0,1,2,1
93,7,22,0,0,2,1,0,0,1,1
75,24,9,0,0,0,0,0,0,1,1
106,14,21,1,1,2,1,0,1,2,1
256,0,53,0,0,0,0,0,0,0,1
319,0,73,0,0,0,0,0,2,0,1
127,1,32,0,0,2,1,0,1,2,1
269,38,39,0,0,0,0,0,1,0,1
120,12,22,0,0,0,0,0,0,1,1
306,50,43,0,0,0,0,0,2,1,1
121,20,22,0,0,0,0,0,0,2,1
455,0,93,0,0,0,0,0,9,0,1
80,20,15,0,0,0,0,0,0,2,1
264,28,60,2,2,0,0,0,0,2,1
196,30,44,1,1,2,1,0,0,3,1
195,0,38,0,0,0,0,0,2,0,1
101,20,19,0,0,0,0,0,0,2,1
239,37,35,0,0,0,0,0,3,0,1
109,0,29,0,0,2,1,0,0,2,1
54,3,8,0,0,0,0,0,0,0,1
93,20,17,0,0,0,0,0,1,2,1
304,41,48,0,0,0,0,0,1,1,1
292,45,42,0,0,0,0,0,2,1,1
118,22,23,0,0,0,0,0,0,2,1
98,20,19,0,0,0,0,0,0,2,1
381,186,123,3,3,0,0,0,1,2,1
180,9,100,1,1,3,1,0,0,2,1
1345,0,262,0,0,0,0,0,20,0,1
346,3,68,0,0,0,0,0,3,0,1
115,4,19,1,1,2,1,0,1,2,1
500,8,104,0,0,0,0,0,4,0,1
79,19,15,0,0,0,0,0,0,2,1
118,7,19,0,0,0,0,0,0,1,1
94,8,18,0,0,2,1,0,1,1,1
1512,2,324,0,0,0,0,0,19,0,1
124,15,24,0,0,0,0,0,0,1,1
118,11,19,0,0,0,0,0,0,1,1
240,38,34,0,0,0,0,0,4,0,1
80,20,14,0,0,0,0,0,0,2,1
97,0,35,3,3,3,0,0,0,2,1
205,5,56,1,1,2,1,0,0,1,1
1448,36,318,0,0,0,0,0,14,0,1
98,23,19,0,0,0,0,0,0,2,1
259,5,48,0,0,0,0,0,5,0,1
118,7,19,0,0,0,0,0,1,1,1
532,0,113,0,0,0,0,0,9,0,1
788,0,159,0,0,0,0,0,10,0,1
734,2,150,0,0,0,0,0,15,0,1
391,189,125,3,3,0,0,0,0,2,1
570,10,169,0,0,0,0,0,3,3,1
261,41,41,0,0,0,0,0,2,0,1
246,39,36,0,0,0,0,0,3,0,1
309,45,48,0,0,0,0,0,1,1,1
84,9,12,0,0,0,0,0,1,1,1
96,12,18,0,0,2,1,0,1,2,1
95,0,22,0,0,2,1,0,0,2,1
433,191,135,4,4,0,0,0,0,1,1
113,6,19,0,0,0,0,0,0,1,1
476,1,91,0,0,0,0,0,8,0,1
171,2,47,1,1,2,1,0,2,2,1
202,7,54,1,1,1,1,0,0,2,1
183,2,48,1,1,2,1,0,1,2,1
304,49,46,0,0,0,0,0,3,1,1
100,20,19,0,0,0,0,0,2,2,1
639,0,125,0,0,0,0,0,6,0,1
91,10,16,0,0,0,0,0,2,1,1
95,20,17,0,0,0,0,0,1,2,1
60,6,9,0,0,0,0,0,0,0,1
54,5,8,0,0,0,0,0,0,0,1
405,0,116,0,2,0,0,1,3,0,1
93,3,26,0,0,2,1,0,0,1,1
91,10,16,0,0,0,0,0,2,1,1
78,20,14,0,0,0,0,0,0,2,1
90,9,16,0,0,0,0,0,2,1,1
282,43,42,0,0,0,0,0,1,1,1
112,0,27,0,0,2,1,0,1,1,1
247,40,33,0,0,0,0,0,6,0,1
33,5,4,0,0,0,0,0,1,0,1
91,20,18,0,0,0,0,0,0,2,1
108,9,27,1,1,1,0,0,1,2,1
94,11,22,0,0,2,1,0,0,2,1
115,11,18,0,0,0,0,0,0,1,1
179,2,49,1,1,2,1,0,1,2,1
125,10,33,1,1,2,0,0,0,3,1
110,8,19,0,0,0,0,0,0,1,1
70,0,17,0,0,0,0,0,0,3,1
85,20,15,0,0,0,0,0,0,2,1
1137,4,246,0,0,0,0,0,18,0,1
109,14,23,1,1,1,1,0,1,1,1
97,0,21,2,2,2,0,0,2,0,1
91,20,15,0,0,0,0,0,0,2,1
113,8,18,0,0,0,0,0,0,1,1
139,13,37,1,1,2,0,0,1,3,1
38,5,6,0,0,0,0,0,2,0,1
39,7,9,0,0,0,0,0,0,0,1
779,0,168,0,0,0,0,0,13,0,1
111,19,20,0,0,0,0,0,1,2,1
55,2,9,0,0,0,0,0,0,0,1
53,5,8,0,0,0,0,0,0,0,1
121,13,22,0,0,0,0,0,0,1,1
414,0,81,0,0,0,0,0,3,0,1
94,0,19,0,0,0,0,0,2,0,1
235,0,48,0,0,0,0,0,5,0,1
97,0,27,0,0,2,1,0,0,1,1
17,0,3,0,0,0,0,0,0,0,1
116,12,25,1,1,1,1,0,0,1,1
131,19,25,1,1,2,1,0,1,1,1
71,8,47,0,0,0,0,0,0,0,1
928,2,193,0,0,0,0,0,20,0,1
113,11,18,0,0,0,0,0,0,1,1
111,0,26,0,0,3,1,0,1,2,1
91,20,15,0,0,0,0,0,1,2,1
91,20,18,0,0,0,0,0,0,2,1
81,20,15,0,0,0,0,0,0,2,1
373,0,78,0,0,0,0,0,4,0,1
122,0,33,0,0,2,1,0,1,2,1
90,0,27,0,0,2,1,0,0,2,1
114,11,28,0,0,0,0,0,0,3,1
431,191,132,4,4,0,0,0,1,1,1
845,4,192,0,0,0,0,0,10,0,1
94,20,17,0,0,0,0,0,1,2,1
78,7,22,0,0,0,0,0,0,3,1
95,19,19,0,0,0,0,0,2,2,1
313,42,46,0,0,0,0,0,4,1,1
149,22,35,1,1,2,1,0,0,2,1
122,0,31,0,0,2,1,0,0,2,1
290,44,44,0,0,0,0,0,1,1,1
2111,6,444,0,0,0,0,0,31,0,1
99,20,17,0,0,0,0,0,1,2,1
47,0,6,0,0,0,0,0,0,0,1
114,0,29,0,0,2,1,0,1,2,1
322,1,60,0,0,0,0,0,7,0,1
82,0,18,0,0,0,0,0,1,3,1
266,14,63,2,2,0,0,0,0,3,1
265,44,38,0,0,0,0,0,1,0,1
107,20,21,0,0,0,0,0,1,2,1
90,19,17,0,0,0,0,0,0,2,1
115,11,18,0,0,0,0,0,0,1,1
61,0,20,2,2,0,0,0,1,1,1
88,20,15,0,0,0,0,0,1,2,1
610,9,126,0,0,0,0,0,9,0,1
77,1,15,0,0,1,1,0,3,2,1
83,0,16,0,0,0,0,0,2,0,1
290,45,46,0,0,0,0,0,2,1,1
88,20,15,0,0,0,0,0,0,2,1
79,1,17,0,0,0,0,0,0,3,1
102,8,26,0,0,2,1,0,0,2,1
60,4,9,0,0,0,0,0,0,0,1
81,20,14,0,0,0,0,0,0,2,1
256,41,40,0,0,0,0,0,3,0,1
467,0,87,0,0,0,0,0,11,0,1
100,20,20,0,0,0,0,0,1,2,1
463,136,134,4,4,3,4,0,1,2,1
1172,11,252,0,0,0,0,0,11,0,1
38,5,6,0,0,0,0,0,2,0,1
52,0,32,4,4,2,1,0,0,0,1
760,0,163,0,0,0,0,0,14,0,1
111,8,29,1,1,1,0,0,0,2,1
123,12,26,1,1,2,1,0,0,1,1
1195,8,250,0,0,0,0,0,9,0,1
120,5,33,0,0,2,1,0,0,1,1
245,43,33,0,0,0,0,0,3,0,1
146,3,36,1,1,2,1,0,1,2,1
45,7,10,0,0,0,0,0,0,0,1
86,10,14,0,0,0,0,0,1,1,1
97,8,27,0,0,2,0,0,0,2,1
299,0,54,0,0,0,0,0,3,0,1
198,2,50,1,1,1,1,0,1,1,1
923,0,192,0,0,0,0,0,20,0,1
182,2,51,1,1,2,1,0,1,2,1
302,51,46,0,0,0,0,0,4,1,1
119,12,18,0,0,0,0,0,0,1,1
194,13,34,1,1,2,1,0,0,2,1
299,44,46,0,0,0,0,0,2,1,1
306,44,45,0,0,0,0,0,5,1,1
93,20,16,0,0,0,0,0,1,2,1
155,3,40,1,1,2,1,0,0,2,1
95,20,16,0,0,0,0,0,1,2,1
1445,12,304,0,0,0,0,0,18,0,1
140,0,32,1,1,1,1,0,0,2,1
100,21,19,0,0,0,0,0,0,2,1
568,0,111,0,0,0,0,0,10,0,1
93,0,18,0,0,0,0,0,1,0,1
37,8,9,0,0,0,0,0,0,0,1
3371,4,679,0,0,0,0,0,45,0,1
105,20,19,0,0,0,0,0,2,2,1
300,44,44,0,0,0,0,0,2,1,1
2032,90,628,8,8,4,0,0,7,2,1
93,20,16,0,0,0,0,0,0,2,1
254,40,38,0,0,0,0,0,4,0,1
180,2,49,1,1,2,1,0,1,1,1
341,6,73,0,0,0,0,0,6,0,1
644,6,128,0,0,0,0,0,8,0,1
800,4,171,0,0,0,0,0,10,0,1
610,6,130,0,0,0,0,0,10,0,1
119,7,19,0,0,0,0,0,2,1,1
225,1,53,1,1,3,1,0,2,4,1
246,36,49,2,2,2,0,0,2,3,1
63,1,13,0,0,1,1,0,0,1,1
291,49,48,0,0,0,0,0,1,1,1
119,0,29,0,0,2,1,0,2,1,1
266,46,38,0,0,0,0,0,1,0,1
113,19,20,0,0,0,0,0,0,2,1
260,18,61,2,2,0,0,0,0,4,1
84,1,16,2,2,2,1,0,0,0,1
186,4,46,1,1,2,1,0,3,2,1
250,46,56,2,2,2,1,0,1,2,1
85,20,16,0,0,0,0,0,0,2,1
336,47,77,3,3,6,0,0,5,4,1
142,12,34,1,1,2,1,0,0,2,1
268,29,58,2,2,2,1,0,2,6,1
131,13,22,1,1,1,1,0,1,1,1
122,20,21,0,0,0,0,0,2,2,1
79,1,15,0,0,0,0,0,2,0,1
75,12,15,0,0,0,0,0,0,1,1
38,5,6,0,0,0,0,0,2,0,1
381,0,71,0,0,0,0,0,8,0,1
104,1,27,0,0,2,1,0,0,2,1
286,43,44,0,0,0,0,0,2,1,1
914,9,217,0,0,0,0,0,12,0,1
1720,11,396,0,0,0,0,0,34,0,1
248,40,35,0,0,0,0,0,1,0,1
249,38,36,0,0,0,0,0,1,0,1
322,41,46,0,0,0,0,0,4,1,1
521,66,86,5,5,2,1,0,5,1,1
681,101,138,6,6,2,1,0,2,7,1
101,3,27,0,0,0,1,0,1,2,1
84,20,16,0,0,0,0,0,0,2,1
57,4,8,0,0,0,0,0,1,0,1
114,10,19,0,0,0,0,0,0,1,1
251,39,35,0,0,0,0,0,2,0,1
120,12,22,0,0,0,0,0,0,1,1
644,0,137,0,0,0,0,0,7,0,1
249,36,37,0,0,0,0,0,2,0,1
116,3,26,0,0,2,1,0,1,1,1
2730,3,535,0,0,0,0,0,40,0,1
984,2,210,0,0,0,0,0,8,0,1
628,6,148,0,0,0,0,0,7,0,1
27,0,3,0,0,0,0,0,0,0,1
55,8,8,0,0,0,0,0,0,0,1
391,0,77,0,0,0,0,0,5,0,1
281,36,40,0,0,0,0,0,4,0,1
256,39,35,0,0,0,0,0,1,0,1
163,27,35,1,1,2,1,0,0,1,1
54,2,8,0,0,0,0,0,0,0,1
100,20,19,0,0,0,0,0,0,2,1
33,5,4,0,0,0,0,0,1,0,1
136,43,26,1,1,3,1,0,0,1,1
120,12,22,0,0,0,0,0,0,1,1
113,10,18,0,0,0,0,0,0,1,1
3934,5,791,0,0,1,0,0,50,0,1
126,16,32,1,1,2,1,0,1,2,1
112,20,19,0,0,0,0,0,0,2,1
383,56,36,3,3,0,0,0,4,2,1
159,22,34,1,1,2,0,0,1,2,1
110,19,22,0,0,0,0,0,2,2,1
90,20,16,0,0,0,0,0,0,2,1
94,20,17,0,0,0,0,0,0,2,1
195,6,50,1,1,1,1,0,1,2,1
75,6,16,0,0,1,1,0,0,1,1
181,12,33,1,1,2,1,0,0,1,1
56,1,8,0,0,0,0,0,0,0,1
85,20,15,0,0,0,0,0,0,2,1
181,10,39,1,1,0,1,0,0,1,1
287,41,42,0,0,0,0,0,3,0,1
477,10,103,0,0,0,0,0,11,0,1
189,35,39,1,1,2,0,0,0,2,1
6879,41,2410,0,0,1,0,0,10,0,1
87,20,15,0,0,0,0,0,0,2,1
37,4,6,0,0,0,0,0,2,0,1
130,11,31,1,1,1,1,0,2,2,1
95,20,16,0,0,0,0,0,0,2,1
76,20,14,0,0,0,0,0,0,2,1
91,10,16,0,0,0,0,0,2,1,1
116,8,19,0,0,0,0,0,0,1,1
619,12,147,0,0,0,0,0,7,0,1
231,40,31,0,0,0,0,0,2,0,1
1367,5,297,0,0,0,0,0,19,1,1
138,21,29,0,0,3,1,0,1,2,1
83,6,16,0,0,1,1,0,0,1,1
509,2,106,0,0,0,0,0,8,0,1
245,5,54,0,0,0,0,0,8,0,1
104,19,20,0,0,0,0,0,0,2,1
362,0,69,0,0,0,0,0,4,0,1
1290,9,288,0,0,0,0,0,19,0,1
9217,21,2406,2,3,0,0,0,63,5,1
116,12,22,0,0,0,0,0,0,1,1
33,5,4,0,0,0,0,0,1,0,1
105,1,25,0,0,2,1,0,0,2,1
93,20,17,0,0,0,0,0,0,2,1
33,5,4,0,0,0,0,0,1,0,1
1079,0,298,0,0,0,0,0,12,0,1
143,4,35,1,1,3,1,0,1,1,1
2509,4,498,0,0,0,0,0,34,0,1
113,11,28,1,1,1,1,0,0,2,1
172,6,51,1,1,2,1,0,0,2,1
136,0,24,0,0,0,0,0,1,0,1
112,7,18,0,0,0,0,0,0,1,1
841,13,186,0,0,0,0,0,15,0,1
246,36,34,0,0,0,0,0,3,0,1
82,19,15,0,0,0,0,0,0,2,1
315,0,71,0,0,0,0,0,4,0,1
82,20,15,0,0,0,0,0,0,2,1
123,14,24,0,0,0,0,0,0,1,1
303,41,42,0,0,0,0,0,2,1,1
244,36,32,0,0,0,0,0,3,0,1
53,3,8,0,0,0,0,0,0,0,1
697,7,146,0,0,0,0,0,11,0,1
111,19,26,1,1,2,1,0,0,1,1
91,20,15,0,0,0,0,0,0,2,1
86,20,15,0,0,0,0,0,0,2,1
175,3,48,1,1,2,1,0,0,1,1
51,1,8,0,0,0,0,0,0,0,1
351,0,68,0,0,0,0,0,3,0,1
111,0,25,0,0,2,1,0,0,2,1
51,0,8,0,0,0,0,0,0,0,1
553,4,107,0,0,0,0,0,8,0,1
156,4,38,1,1,2,1,0,0,1,1
1378,4,290,0,0,0,0,0,23,0,1
91,20,16,0,0,0,0,0,0,2,1
99,20,15,0,0,0,0,0,0,2,1
280,7,60,0,0,0,0,0,4,0,1
116,12,22,0,0,0,0,0,0,1,1
116,21,19,0,0,0,0,0,1,2,1
98,0,25,0,0,2,1,0,0,2,1
306,0,71,0,0,0,0,0,2,0,1
170,2,46,6,6,3,2,0,0,0,1
38,5,6,0,0,0,0,0,2,0,1
97,20,17,0,0,0,0,0,0,2,1
94,13,20,0,0,2,1,0,0,1,1
708,1,137,0,0,0,0,0,6,0,1
226,0,43,0,0,0,0,0,3,0,1
303,46,43,0,0,0,0,0,1,1,1
33,5,4,0,0,0,0,0,1,0,1
117,20,24,0,0,0,0,0,1,2,1
38,5,6,0,0,0,0,0,2,0,1
332,8,91,0,0,0,0,0,0,0,1
594,9,118,0,0,0,0,0,9,0,1
116,12,22,0,0,0,0,0,0,1,1
107,0,25,0,0,2,1,0,0,1,1
90,9,16,0,0,0,0,0,2,1,1
115,22,30,1,1,2,1,0,2,1,1
130,14,27,1,1,0,0,0,2,3,1
199,29,45,1,1,2,1,0,0,1,1
682,8,227,0,0,0,0,0,2,2,1
113,6,18,0,0,0,0,0,1,1,1
175,2,46,1,1,3,1,0,1,2,1
185,29,43,1,1,2,1,0,2,2,1
33,5,4,0,0,0,0,0,1,0,1
80,0,15,0,0,0,0,0,0,2,1
142,3,36,1,1,2,1,0,0,2,1
87,20,15,0,0,0,0,0,0,2,1
309,42,46,0,0,0,0,0,1,1,1
80,20,15,0,0,0,0,0,0,2,1
330,2,84,2,2,0,0,0,9,4,1
234,1,46,0,0,0,0,0,3,0,1
117,8,24,1,1,2,1,0,1,2,1
71,7,15,0,0,1,1,0,0,2,1
59,2,9,0,0,0,0,0,0,0,1
1855,0,373,0,0,0,0,0,35,0,1
91,20,17,0,0,0,0,0,0,2,1
171,2,43,1,1,2,1,0,0,3,1
98,0,24,0,0,2,1,0,0,1,1
1392,5,296,0,0,0,0,0,13,0,1
150,23,33,1,1,2,1,0,1,2,1
255,45,36,0,0,0,0,0,3,0,1
86,10,14,0,0,0,0,0,1,1,1
522,5,110,0,0,0,0,0,6,0,1
1243,4,257,0,0,0,0,0,19,0,1
153,41,41,1,1,2,1,0,0,1,1
121,13,22,0,0,0,0,0,0,1,1
105,0,29,0,0,2,1,0,1,2,1
38,5,6,0,0,0,0,0,2,0,1
1194,1,253,0,0,0,0,0,21,0,1
295,142,95,2,2,0,0,0,0,2,1
110,7,25,1,1,1,1,0,1,2,1
208,34,46,1,1,2,1,0,0,2,1
77,20,14,0,0,0,0,0,0,2,1
171,2,48,1,1,2,1,0,1,2,1
181,4,49,1,1,2,1,0,1,1,1
88,20,15,0,0,0,0,0,0,2,1
55,0,11,0,0,0,0,0,0,0,1
197,32,43,1,1,2,1,0,0,2,1
150,17,35,1,1,2,1,0,0,2,1
93,0,22,0,0,0,0,0,1,0,1
149,3,34,1,1,0,0,0,1,3,1
121,13,22,0,0,0,0,0,0,1,1
86,19,17,0,0,0,0,0,0,2,1
65,1,20,1,1,1,1,0,0,0,1
103,3,26,0,0,0,1,0,1,2,1
640,0,125,0,0,0,0,0,12,0,1
91,10,16,0,0,0,0,0,2,1,1
1717,10,374,0,0,0,0,0,24,0,1
245,7,54,0,0,0,0,0,3,0,1
259,37,37,0,0,0,0,0,1,0,1
383,2,89,0,0,0,0,0,6,0,1
116,12,18,0,0,0,0,0,0,1,1
95,10,24,0,0,1,1,0,0,1,1
96,14,28,0,0,2,1,0,1,1,1
222,42,52,2,2,2,1,0,1,1,1
938,10,199,0,0,0,0,0,12,0,1
1125,9,247,0,0,0,0,0,19,0,1
111,2,28,0,0,2,1,0,1,2,1
1165,7,240,0,0,0,0,0,19,0,1
55,8,8,0,0,0,0,0,0,0,1
25487,72,7397,279,290,0,0,0,170,1,1
179,2,47,1,1,2,1,0,2,2,1
725,2,141,0,0,0,0,0,8,0,1
165,20,38,1,1,2,1,0,1,2,1
103,20,19,0,0,0,0,0,0,2,1
118,20,22,0,0,0,0,0,0,2,1
117,0,28,0,0,3,1,0,0,2,1
116,4,34,1,1,0,1,0,1,3,1
80,20,14,0,0,0,0,0,0,2,1
1676,5,366,0,0,0,0,0,34,0,1
147,0,33,1,1,2,1,0,0,1,1
303,42,45,0,0,0,0,0,2,1,1
167,2,48,1,1,2,1,0,0,2,1
485,0,98,0,0,0,0,0,7,0,1
106,20,20,0,0,0,0,0,0,2,1
174,3,98,1,1,1,0,0,0,2,1
645,142,65,6,6,2,1,0,1,2,1
288,51,45,0,0,0,0,0,2,1,1
91,21,17,0,0,0,0,0,0,2,1
310,0,65,0,0,0,0,0,5,0,1
334,46,52,0,0,0,0,0,2,1,1
109,20,20,0,0,0,0,0,0,2,1
1192,2,248,0,0,0,0,0,13,0,1
250,14,59,2,2,0,0,0,1,3,1
86,10,14,0,0,0,0,0,1,1,1
125,11,35,1,1,1,0,0,0,3,1
90,20,16,0,0,0,0,0,0,2,1
247,44,38,0,0,0,0,0,2,0,1
55,1,8,0,0,0,0,0,0,0,1
87,19,16,0,0,0,0,0,1,2,1
78,19,14,0,0,0,0,0,1,2,1
87,20,17,0,0,0,0,0,1,2,1
175,32,41,1,1,2,1,0,0,2,1
613,1,133,0,0,0,0,0,2,0,1
1683,3,339,0,0,0,0,0,22,0,1
46,6,14,0,0,0,0,0,0,0,1
86,20,17,0,0,0,0,0,0,2,1
566,24,163,3,4,2,0,0,9,0,1
236,38,32,0,0,0,0,0,2,0,1
147,9,36,1,1,2,0,0,0,2,1
796,14,171,0,0,0,0,0,8,0,1
115,9,18,0,0,0,0,0,0,1,1
122,0,31,0,0,2,1,0,0,2,1
142,19,35,1,1,2,1,0,0,2,1
143,0,35,1,1,2,1,0,1,2,1
45,0,14,2,2,0,1,0,0,0,1
113,20,20,0,0,0,0,0,0,2,1
28,1,9,1,2,0,1,0,0,0,1
150,14,38,1,1,2,0,0,1,3,1
120,12,22,0,0,0,0,0,0,1,1
122,1,32,0,0,2,1,0,0,1,1
94,20,17,0,0,0,0,0,0,2,1
1138,13,265,0,0,0,0,0,14,0,1
84,19,14,0,0,0,0,0,1,2,1
125,0,29,0,0,2,1,0,1,2,1
57,5,8,0,0,0,0,0,0,0,1
112,20,19,0,0,0,0,0,2,2,1
78,20,15,0,0,0,0,0,0,2,1
285,46,44,0,0,0,0,0,1,1,1
300,44,46,0,0,0,0,0,3,1,1
85,19,16,0,0,0,0,0,0,2,1
644,5,142,0,0,0,0,0,10,0,1
333,0,71,0,0,0,0,0,4,0,1
811,11,179,0,0,0,0,0,14,0,1
116,12,22,0,0,0,0,0,0,1,1
120,12,22,0,0,0,0,0,0,1,1
81,20,15,0,0,0,0,0,0,2,1
165,2,47,1,1,2,1,0,1,2,1
142,11,36,1,1,1,1,0,0,1,1
86,20,16,0,0,0,0,0,0,2,1
120,12,22,0,0,0,0,0,0,1,1
118,20,26,1,1,2,1,0,0,2,1
234,44,53,2,2,2,1,0,1,2,1
94,8,24,0,0,2,1,0,1,1,1
110,8,18,0,0,0,0,0,0,1,1
261,38,60,2,2,0,1,1,2,4,1
135,0,36,1,1,2,1,0,2,3,1
91,20,16,0,0,0,0,0,0,2,1
218,10,58,1,1,2,1,0,0,2,1
136,8,33,1,1,2,1,0,1,2,1
124,21,19,0,0,0,0,0,1,2,1
56,5,9,0,0,0,0,0,0,0,1
86,19,16,0,0,0,0,0,1,2,1
2777,17,597,0,0,0,0,0,49,0,1
82,6,18,0,0,0,1,0,0,2,1
139,21,33,1,1,2,1,0,0,2,1
38,5,6,0,0,0,0,0,2,0,1
109,9,19,2,2,2,1,0,0,2,1
185,36,40,1,1,2,1,0,2,1,1
499,0,104,0,0,0,0,0,5,0,1
115,0,23,2,3,2,1,0,1,1,1
136,3,34,0,0,2,1,0,2,1,1
472,4,100,0,0,0,0,0,6,0,1
311,41,46,0,0,0,0,0,3,1,1
185,6,49,1,1,2,1,0,0,2,1
100,20,20,0,0,0,0,0,0,2,1
243,40,38,0,0,0,0,0,2,0,1
120,0,28,0,0,2,1,0,0,2,1
86,20,15,0,0,0,0,0,0,2,1
78,0,14,0,0,0,0,0,0,0,1
180,30,41,1,1,1,1,0,0,2,1
127,11,27,1,1,2,1,0,0,2,1
90,12,20,0,0,2,1,0,1,1,1
173,2,48,1,1,2,1,0,1,2,1
112,0,32,0,0,2,1,0,0,2,1
141,2,36,1,1,2,1,0,2,2,1
144,14,28,1,1,2,1,0,2,1,1
140,0,58,2,2,2,0,0,0,0,1
117,7,18,0,0,0,0,0,1,1,1
249,40,37,0,0,0,0,0,1,0,1
86,10,14,0,0,0,0,0,1,1,1
114,14,25,1,1,1,1,0,0,1,1
70,11,21,2,2,1,0,0,0,0,1
116,12,25,1,1,1,1,0,1,2,1
53,1,8,0,0,0,0,0,0,0,1
54,11,26,0,0,0,0,0,0,0,1
409,8,89,0,0,0,0,0,11,0,1
232,47,33,0,0,0,0,0,3,0,1
162,19,36,1,1,2,0,0,1,3,1
111,2,26,0,0,3,1,0,2,2,1
91,0,23,0,0,2,1,0,0,2,1
30,0,6,0,0,0,0,0,0,0,1
38,5,6,0,0,0,0,0,2,0,1
602,3,129,0,0,0,0,0,9,0,1
134,24,24,0,0,0,0,0,3,2,1
26,0,4,0,0,0,0,0,0,0,1
320,48,48,0,0,0,0,0,2,1,1
95,20,16,0,0,0,0,0,0,2,1
86,20,16,0,0,0,0,0,1,2,1
81,20,15,0,0,0,0,0,0,2,1
222,0,43,0,0,0,0,0,2,0,1
427,2,89,0,0,0,0,0,4,0,1
93,20,16,0,0,0,0,0,0,2,1
115,20,20,0,0,0,0,0,0,2,1
83,0,14,0,0,0,0,0,1,2,1
95,0,21,0,0,0,0,0,1,0,1
91,10,16,0,0,0,0,0,2,1,1
111,15,24,1,1,1,1,0,0,1,1
77,19,14,0,0,0,0,0,0,2,1
58,7,9,0,0,0,0,0,0,0,1
116,12,22,0,0,0,0,0,0,1,1
34,0,6,0,0,0,0,0,0,0,1
60,2,9,0,0,0,0,0,0,0,1
97,20,18,0,0,0,0,0,1,2,1
44,8,9,0,0,0,0,0,0,0,1
65,1,13,0,0,1,1,0,0,1,1
109,0,26,0,0,2,1,0,1,2,1
324,44,48,0,0,0,0,0,3,1,1
232,2,44,0,0,0,0,0,1,0,1
277,47,36,0,0,0,0,0,2,0,1
148,13,34,1,1,0,0,1,1,1,1
97,20,18,0,0,0,0,0,0,2,1
86,20,14,0,0,0,0,0,1,2,1
137,22,26,1,1,2,1,0,0,1,1
123,0,29,0,0,2,1,0,0,2,1
132,21,35,1,1,1,0,0,0,2,1
381,57,84,3,3,2,1,0,4,4,1
259,14,61,2,2,0,0,0,0,2,1
247,12,57,1,1,2,1,0,1,2,1
806,0,189,0,0,0,0,0,7,0,1
123,14,24,0,0,0,0,0,0,1,1
80,3,23,0,0,2,1,0,0,2,1
2631,32,618,0,0,0,0,0,21,0,1
99,1,30,0,0,2,1,0,0,1,1
102,24,20,0,0,0,0,0,0,2,1
113,0,26,0,0,2,1,0,0,1,1
85,20,16,0,0,0,0,0,0,2,1
10505,60,3398,14,13,2,0,0,60,5,1
77,20,14,0,0,0,0,0,1,2,1
95,20,16,0,0,0,0,0,2,2,1
124,10,30,1,1,0,0,0,0,3,1
175,2,50,1,1,2,1,0,1,2,1
506,1,113,0,0,0,0,0,7,0,1
31,0,7,0,0,0,0,0,0,0,1
53,5,8,0,0,0,0,0,0,0,1
84,2,25,2,2,2,1,0,0,1,1
92,20,18,0,0,0,0,0,0,2,1
329,47,49,0,0,0,0,0,1,1,1
309,42,48,0,0,0,0,0,3,1,1
91,10,16,0,0,0,0,0,2,1,1
66,7,15,0,0,0,0,0,0,0,1
77,1,23,0,0,2,1,0,0,2,1
120,0,32,0,0,3,1,0,0,2,1
182,2,49,1,1,2,1,0,2,2,1
80,7,18,0,0,2,1,0,0,2,1
87,22,17,0,0,0,0,0,0,2,1
100,20,18,0,0,0,0,0,0,2,1
115,10,28,1,1,1,1,0,0,1,1
116,12,22,0,0,0,0,0,0,1,1
95,20,16,0,0,0,0,0,0,2,1
4303,923,1083,0,0,0,0,0,7,0,1
86,20,16,0,0,0,0,0,0,2,1
874,0,178,0,0,0,0,0,12,0,1
756,0,148,0,0,0,0,0,7,0,1
1378,10,301,0,0,0,0,0,17,0,1
54,3,8,0,0,0,0,0,0,0,1
113,6,18,0,0,0,0,0,0,1,1
77,1,17,0,0,0,0,0,1,0,1
89,19,16,0,0,0,0,0,0,2,1
8526,25,2397,20,20,0,0,0,63,2,1
164,54,37,1,1,2,1,0,0,1,1
42,5,14,1,1,0,0,1,1,0,1
713,0,156,0,0,0,0,0,10,0,1
81,1,24,0,0,2,1,0,0,1,1
285,0,55,0,0,0,0,0,6,0,1
90,20,15,0,0,0,0,0,1,2,1
114,9,18,0,0,0,0,0,0,1,1
121,22,21,0,0,0,0,0,0,2,1
177,24,36,1,1,0,0,0,0,2,1
37,4,6,0,0,0,0,0,2,0,1
90,19,15,0,0,0,0,0,0,2,1
115,1,31,0,0,2,1,0,0,2,1
316,57,71,2,2,2,0,0,2,4,1
86,10,14,0,0,0,0,0,1,1,1
42,8,9,0,0,0,0,0,0,0,1
83,19,14,0,0,0,0,0,0,2,1
182,29,41,1,1,2,1,0,1,2,1
1042,3,227,0,0,0,0,0,14,0,1
1185,0,234,0,0,1,0,0,15,0,1
189,9,44,1,1,2,0,0,1,3,1
87,1,16,2,2,2,1,0,0,0,1
94,0,24,0,0,0,0,0,0,3,1
86,20,16,0,0,0,0,0,0,2,1
118,0,27,0,0,2,1,0,0,2,1
777,4,158,0,0,0,0,0,8,0,1
263,8,58,2,2,2,1,0,0,2,1
77,2,13,0,0,1,1,0,0,1,1
81,19,15,0,0,0,0,0,0,2,1
228,37,32,0,0,0,0,0,3,0,1
99,22,29,2,1,3,0,0,0,0,1
85,19,15,0,0,0,0,0,0,2,1
780,22,163,0,0,0,0,0,8,0,1
146,21,34,1,1,2,1,0,0,2,1
300,48,43,0,0,0,0,0,3,1,1
68,25,12,0,0,0,0,0,0,2,1
113,0,31,0,0,2,1,0,0,2,1
116,0,29,0,0,2,1,0,0,1,1
40,3,9,2,2,3,1,0,0,0,1
113,6,18,0,0,0,0,0,1,1,1
236,32,50,2,2,0,0,0,3,1,1
82,8,18,0,0,2,1,0,3,1,1
115,11,18,0,0,0,0,0,0,1,1
122,27,29,1,1,1,1,0,0,1,1
226,36,33,0,0,0,0,0,1,0,1
123,0,30,0,0,2,1,0,1,2,1
185,2,48,1,1,2,1,0,1,2,1
88,20,16,0,0,0,0,0,0,2,1
321,45,44,0,0,0,0,0,2,1,1
745,0,149,0,0,0,0,0,11,0,1
1426,810,454,13,13,4,1,0,0,3,1
100,20,18,0,0,0,0,0,1,2,1
105,20,18,0,0,0,0,0,0,2,1
53,6,8,0,0,0,0,0,0,0,1
254,43,36,0,0,0,0,0,1,0,1
611,4,127,0,0,0,0,0,8,0,1
119,12,22,1,1,3,1,0,0,1,1
110,20,21,0,0,0,0,0,1,2,1
11410,190,3891,20,16,6,0,0,26,18,1
119,7,18,0,0,0,0,0,1,1,1
174,25,44,1,1,2,1,0,3,1,1
192,0,43,0,0,0,0,0,3,0,1
327,46,50,0,0,0,0,0,3,1,1
459,2,96,0,0,0,0,0,5,0,1
498,6,108,0,0,0,0,0,5,0,1
87,19,17,0,0,0,0,0,0,2,1
159,34,36,0,0,0,0,0,1,2,1
90,0,28,0,0,2,1,0,0,2,1
33,5,4,0,0,0,0,0,1,0,1
91,10,16,0,0,0,0,0,2,1,1
102,0,28,0,0,2,1,0,0,2,1
191,39,44,1,1,0,1,0,5,2,1
95,19,17,0,0,0,0,0,1,2,1
116,20,21,0,0,0,0,0,1,2,1
585,34,106,4,4,2,1,0,9,1,1
125,1,31,0,0,2,1,0,1,2,1
119,2,31,0,0,3,1,0,0,2,1
603,1,121,0,0,0,0,0,11,0,1
354,0,77,0,0,0,0,0,6,0,1
112,8,26,1,1,0,0,0,0,3,1
86,20,15,0,0,0,0,0,0,2,1
86,10,14,0,0,0,0,0,1,1,1
103,19,20,0,0,0,0,0,0,2,1
116,0,28,0,0,2,1,0,0,2,1
30,0,10,1,1,1,0,0,1,0,1
83,20,15,0,0,0,0,0,0,2,1
132,5,35,1,1,2,1,0,0,1,1
764,6,236,1,0,0,0,2,18,3,1
351,3,80,0,0,0,0,0,6,0,1
58,0,11,0,0,0,0,0,2,0,1
273,0,48,0,0,0,0,0,7,0,1
671,5,130,0,0,0,0,0,9,0,1
55,1,8,0,0,0,0,0,1,0,1
129,9,35,0,0,2,1,0,0,2,1
105,0,28,0,0,2,1,0,0,1,1
514,2,102,0,0,0,0,0,7,0,1
468,51,94,4,4,4,1,0,5,3,1
112,20,20,0,0,0,0,0,2,2,1
52,1,9,0,0,0,0,0,0,0,1
1109,6,221,0,0,0,0,0,12,0,1
105,20,18,0,0,0,0,0,2,2,1
96,3,23,1,1,0,0,0,2,1,1
91,10,16,0,0,0,0,0,2,1,1
977,0,193,0,0,0,0,0,10,0,1
94,14,20,0,0,2,1,0,1,2,1
144,19,29,1,1,1,1,0,1,2,1
1294,9,279,0,0,0,0,0,18,0,1
70,0,14,0,0,0,0,0,0,1,1
124,17,25,1,1,2,1,0,0,2,1
105,3,27,0,0,0,1,0,1,1,1
255,40,36,0,0,0,0,0,2,0,1
72,1,16,2,2,2,1,0,0,0,1
124,13,30,1,1,2,0,0,1,1,1
119,0,39,0,0,0,0,0,0,0,1
998,2,312,0,1,0,0,0,11,0,1
157,21,34,1,1,2,0,0,2,2,1
116,12,22,0,0,0,0,0,0,1,1
94,3,25,0,0,0,0,0,1,2,1
885,3,184,0,0,0,0,0,10,0,1
50,1,14,3,2,0,0,0,0,0,1
736,2,138,0,0,0,0,0,13,0,1
104,22,19,0,0,0,0,0,0,2,1
106,3,26,0,0,0,1,0,2,2,1
463,2,93,0,0,0,0,0,3,0,1
194,35,47,1,1,3,1,0,0,1,1
281,29,62,2,2,5,2,0,1,1,1
84,20,15,0,0,0,0,0,1,2,1
105,20,19,0,0,0,0,0,0,2,1
904,9,179,0,0,0,0,0,13,0,1
142,11,114,0,0,0,0,0,0,0,1
220,40,44,2,2,0,1,1,3,1,1
102,20,17,0,0,0,0,0,0,2,1
235,20,48,2,2,1,1,0,0,1,1
14182,382,4749,35,37,0,0,0,55,2,1
716,4,152,0,0,0,0,0,15,0,1
124,14,27,1,1,2,1,0,0,1,1
107,20,19,0,0,0,0,0,0,2,1
120,7,32,1,1,0,1,0,0,2,1
116,12,22,0,0,0,0,0,0,1,1
611,4,128,0,0,0,0,0,11,0,1
88,13,21,0,0,2,1,0,1,1,1
111,0,25,1,1,0,1,0,0,2,1
90,3,23,0,0,1,1,0,0,2,1
92,20,19,0,0,0,0,0,0,2,1
2260,0,436,0,0,0,0,0,35,0,1
94,20,16,0,0,0,0,0,1,2,1
103,20,16,0,0,0,0,0,0,2,1
53,0,7,0,0,0,0,0,1,0,1
198,0,55,0,0,0,0,0,0,0,1
539,2,117,0,0,0,0,0,10,0,1
115,10,18,0,0,0,0,0,1,1,1
889,5,187,0,0,0,0,0,8,0,1
85,20,16,0,0,0,0,0,1,2,1
83,20,14,0,0,0,0,0,0,2,1
2393,146,724,10,9,0,0,0,27,0,1
84,20,16,0,0,0,0,0,0,2,1
1319,0,285,0,0,0,0,0,20,0,1
167,0,32,0,0,0,0,0,1,0,1
96,20,18,0,0,0,0,0,1,2,1
991,12,203,0,0,0,0,0,17,0,1
116,12,22,0,0,0,0,0,0,1,1
171,21,36,1,1,1,1,0,0,1,1
95,0,21,2,3,2,1,0,0,2,1
94,19,20,0,0,0,0,0,0,2,1
134,0,34,1,1,1,1,0,0,2,1
123,0,31,0,0,2,1,0,0,2,1
176,21,50,1,1,2,1,0,0,1,1
238,39,31,0,0,0,0,0,2,0,1
298,41,42,0,0,0,0,0,3,1,1
117,0,31,0,0,2,1,0,1,2,1
252,13,53,2,2,1,0,0,4,5,1
143,10,30,1,1,2,0,0,1,1,1
82,20,14,0,0,0,0,0,0,2,1
309,49,46,0,0,0,0,0,3,1,1
96,3,25,0,0,2,1,0,0,2,1
180,17,38,1,1,2,1,0,0,1,1
114,20,21,0,0,0,0,0,1,2,1
177,2,48,1,1,2,1,0,1,2,1
124,1,23,1,1,0,0,0,1,2,1
123,15,28,1,1,2,1,0,0,1,1
90,20,15,0,0,0,0,0,0,2,1
100,20,19,0,0,0,0,0,0,2,1
56,2,9,0,0,0,0,0,0,0,1
106,0,25,0,0,2,1,0,1,2,1
105,20,20,0,0,0,0,0,0,2,1
701,3,139,0,0,0,0,0,9,0,1
32,4,4,0,0,0,0,0,1,0,1
38,5,6,0,0,0,0,0,2,0,1
104,1,27,0,0,2,1,0,0,2,1
124,2,32,1,1,2,1,0,0,2,1
109,16,23,1,1,2,1,0,0,2,1
760,0,162,0,0,0,0,0,5,0,1
94,18,26,0,0,2,1,0,0,1,1
107,0,23,0,0,2,1,0,0,2,1
1219,3,244,0,0,0,0,0,18,0,1
595,2,131,0,0,0,0,0,4,0,1
132,14,28,1,1,2,0,0,0,3,1
94,20,16,0,0,0,0,0,0,2,1
6831,73,2283,2,2,0,0,0,85,3,1
148,8,32,1,1,2,1,0,1,1,1
299,36,57,2,2,2,1,0,2,1,1
86,0,26,0,0,2,1,0,0,1,1
120,6,18,0,0,0,0,0,1,1,1
96,20,17,0,0,0,0,0,0,2,1
5633,59,2116,0,0,0,0,0,26,0,1
119,14,18,0,0,0,0,0,0,1,1
84,20,15,0,0,0,0,0,1,2,1
87,9,16,0,0,0,0,0,2,2,1
3239,7,883,2,5,0,0,0,27,2,1
33,1,9,1,1,1,1,0,0,0,1
272,35,63,2,2,2,1,0,1,1,1
258,37,36,0,0,0,0,0,2,0,1
1150,7,240,0,0,0,0,0,15,0,1
41,0,13,0,0,0,0,0,1,0,1
111,21,18,0,0,0,0,0,0,2,1
79,19,14,0,0,0,0,0,0,2,1
83,19,15,0,0,0,0,0,0,2,1
485,193,150,4,4,0,0,0,1,1,1
86,11,59,0,0,0,0,0,0,0,1
106,0,29,0,0,2,1,0,1,2,1
140,19,28,1,1,2,1,0,0,1,1
293,42,45,0,0,0,0,0,2,1,1
225,41,33,0,0,0,0,0,2,0,1
140,5,40,1,1,2,0,0,1,3,1
111,22,23,0,0,0,0,0,0,2,1
120,12,22,0,0,0,0,0,0,1,1
1688,0,512,0,0,0,0,0,35,0,1
90,20,17,0,0,0,0,0,0,2,1
86,10,14,0,0,0,0,0,1,1,1
115,0,27,0,0,2,1,0,0,1,1
194,3,51,1,1,0,1,0,0,1,1
65,8,13,0,0,0,0,0,0,0,1
4973,13,1294,1,0,0,0,0,42,2,1
104,25,20,0,0,0,0,0,0,2,1
250,40,35,0,0,0,0,0,1,0,1
137,28,30,1,1,0,0,0,0,2,1
123,14,23,0,0,2,1,0,1,2,1
104,20,19,0,0,0,0,0,0,2,1
102,0,28,0,0,2,1,0,0,2,1
105,11,24,1,1,2,1,0,0,2,1
95,20,18,0,0,0,0,0,0,2,1
141,9,35,1,1,2,1,0,1,1,1
231,19,51,2,2,2,1,0,0,6,1
101,20,18,0,0,0,0,0,0,2,1
262,38,39,0,0,0,0,0,1,0,1
33,5,4,0,0,0,0,0,1,0,1
951,4,208,0,0,0,0,0,9,0,1
116,12,22,0,0,0,0,0,0,1,1
357,0,73,0,0,0,0,0,3,0,1
158,5,40,1,1,2,1,0,0,2,1
926,7,200,0,0,0,0,0,18,0,1
118,5,32,2,4,2,1,0,1,1,1
100,20,17,0,0,0,0,0,0,2,1
156,19,35,1,1,0,0,0,1,2,1
213,11,46,1,1,0,0,0,1,3,1
942,1,332,1,0,0,0,0,2,0,1
130,2,35,1,1,2,1,0,0,1,1
272,36,38,0,0,0,0,0,2,0,1
235,0,42,0,0,0,0,0,3,0,1
198,11,38,1,1,2,1,0,1,1,1
56,5,8,0,0,0,0,0,0,0,1
33,5,4,0,0,0,0,0,1,0,1
81,20,14,0,0,0,0,0,0,2,1
115,6,19,0,0,0,0,0,1,1,1
82,20,15,0,0,0,0,0,0,2,1
295,44,44,0,0,0,0,0,1,1,1
324,45,50,0,0,0,0,0,4,1,1
179,0,36,0,0,0,0,0,3,0,1
195,53,48,1,1,2,1,0,0,1,1
874,2,169,0,0,0,0,0,17,0,1
111,13,23,1,1,1,1,0,0,2,1
78,20,14,0,0,0,0,0,0,2,1
99,21,19,0,0,0,0,0,0,2,1
114,6,18,0,0,0,0,0,0,1,1
224,35,32,0,0,0,0,0,1,0,1
138,0,27,0,0,0,0,0,1,0,1
265,41,39,0,0,0,0,0,1,0,1
319,45,48,0,0,0,0,0,2,1,1
710,1,148,0,0,0,0,0,11,0,1
85,20,15,0,0,0,0,0,1,2,1
327,43,47,0,0,0,0,0,1,1,1
4004,21,893,0,0,0,0,0,67,1,1
43,7,9,0,0,0,0,0,0,0,1
183,3,49,1,1,2,1,0,4,2,1
631,4,136,0,0,0,0,0,9,0,1
25661,382,8517,44,50,1,4,0,152,7,1
1076,14,217,0,0,0,0,0,11,0,1
248,39,35,0,0,0,0,0,2,0,1
54,1,8,0,0,0,0,0,1,0,1
94,10,19,0,0,0,1,0,0,2,1
408,62,59,0,0,4,2,0,1,0,1
3186,646,704,0,0,2,1,0,81,1,1
1246,6,262,0,0,0,0,0,25,0,1
285,42,40,0,0,0,0,0,3,0,1
65,1,13,0,0,1,1,0,0,1,1
109,0,28,0,0,2,1,0,1,2,1
191,32,45,1,1,2,1,0,0,2,1
643,2,120,0,0,0,0,0,8,0,1
53,2,8,0,0,0,0,0,0,0,1
86,10,14,0,0,0,0,0,1,1,1
252,14,61,2,2,0,0,0,0,4,1
111,11,18,0,0,0,0,0,0,1,1
123,15,27,1,1,2,1,0,0,2,1
878,0,285,0,0,0,0,0,10,0,1
89,20,17,0,0,0,0,0,0,2,1
91,21,18,0,0,0,0,0,0,2,1
146,9,34,1,1,2,1,0,4,3,1
967,7,212,0,0,0,0,0,13,0,1
289,48,44,0,0,0,0,0,1,1,1
200,2,55,1,1,2,1,0,2,1,1
2067,15,447,0,0,0,0,0,26,0,1
178,4,49,1,1,2,1,0,1,2,1
214,3,55,1,1,1,1,0,4,3,1
88,1,18,0,0,0,0,0,2,3,1
117,6,18,0,0,0,0,0,0,1,1
116,12,22,0,0,0,0,0,0,1,1
194,35,47,1,1,3,1,0,0,1,1
114,22,21,0,0,2,1,0,2,2,1
365,0,120,0,0,0,0,0,3,0,1
194,35,47,1,1,3,1,0,0,1,1
92,20,17,0,0,0,0,0,0,2,1
274,1,60,0,0,0,0,0,0,0,1
102,0,26,0,0,2,1,0,0,1,1
62,8,13,0,0,0,0,0,0,0,1
260,39,36,0,0,0,0,0,2,0,1
112,11,18,0,0,0,0,0,0,1,1
111,0,26,0,0,2,1,0,0,2,1
159,20,35,1,1,2,1,0,0,2,1
527,23,87,4,4,1,0,0,3,3,1
133,26,21,0,0,0,0,0,1,2,1
171,19,36,1,1,2,2,0,0,2,1
86,20,18,0,0,0,0,0,0,2,1
121,10,26,1,1,2,0,0,2,3,1
90,20,16,0,0,0,0,0,0,2,1
87,20,16,0,0,0,0,0,1,2,1
117,9,19,0,0,0,0,0,0,1,1
33,5,4,0,0,0,0,0,1,0,1
224,13,46,2,2,0,0,0,0,3,1
288,44,43,0,0,0,0,0,2,1,1
93,20,17,0,0,0,0,0,0,2,1
100,7,22,0,0,2,1,0,0,2,1
6833,72,2291,2,2,0,0,0,85,2,1
117,20,23,0,0,0,0,0,0,2,1
109,1,27,2,3,2,1,0,0,2,1
11526,1230,3788,4,4,4,0,0,63,7,1
330,42,48,0,0,0,0,0,4,1,1
153,36,40,1,1,0,0,0,0,2,1
152,13,30,1,1,2,1,0,0,1,1
590,3,134,0,0,0,0,0,3,0,1
91,10,16,0,0,0,0,0,2,1,1
270,1,61,0,0,0,0,0,6,0,1
170,28,33,1,1,2,1,0,0,2,1
92,20,16,0,0,0,0,0,0,2,1
1348,4,395,1,0,0,0,1,14,3,1
106,19,19,0,0,0,0,0,1,2,1
98,0,28,0,0,2,1,0,0,1,1
91,11,18,0,0,0,0,0,1,2,1
102,21,20,0,0,0,0,0,1,2,1
847,4,177,0,0,0,0,0,11,0,1
118,11,22,0,0,0,1,0,3,1,1
103,20,18,0,0,0,0,0,0,2,1
571,0,110,0,0,0,0,0,10,0,1
131,0,31,1,1,0,0,0,1,2,1
170,16,42,1,1,2,1,0,2,2,1
94,0,22,0,0,2,1,0,0,2,1
116,12,22,0,0,0,0,0,0,1,1
263,0,94,0,1,1,0,0,1,0,1
94,21,21,0,0,0,1,0,2,2,1
1549,6,330,0,0,0,0,0,26,0,1
174,2,50,1,1,2,1,0,0,2,1
111,6,18,0,0,0,0,0,0,1,1
396,65,83,3,3,4,1,0,3,3,1
253,14,59,2,2,0,0,0,0,3,1
132,1,32,0,0,0,1,0,0,3,1
86,10,14,0,0,0,0,0,1,1,1
151,30,34,1,1,2,1,0,0,2,1
127,0,28,1,1,1,1,0,1,1,1
266,40,36,0,0,0,0,0,1,0,1
117,7,18,0,0,0,0,0,0,1,1
177,10,38,1,1,2,1,0,1,2,1
300,42,47,0,0,0,0,0,4,1,1
170,3,47,1,1,2,1,0,2,2,1
47,1,9,1,1,1,1,0,0,0,1
77,7,19,0,0,1,1,0,0,1,1
82,12,20,0,0,2,1,0,0,1,1
352,41,58,0,0,2,1,0,1,0,1
5664,45,1791,0,0,0,0,0,33,0,1
91,10,16,0,0,0,0,0,2,1,1
9527,11,3113,1,0,1,0,7,98,0,1
62,8,8,0,0,0,0,0,0,0,1
83,20,16,0,0,0,0,0,0,2,1
33,5,4,0,0,0,0,0,1,0,1
83,20,15,0,0,0,0,0,0,2,1
102,0,22,2,3,2,1,0,0,2,1
398,1,78,0,0,0,0,0,4,0,1
1942,23,602,1,0,0,0,0,26,3,1
12,0,1,0,0,0,0,0,0,0,1
148,15,29,1,1,2,1,0,0,1,1
77,0,12,0,0,0,0,0,1,1,1
120,12,22,0,0,0,0,0,0,1,1
107,11,24,1,1,0,1,0,0,2,1
825,3,153,0,0,0,0,0,16,0,1
100,14,19,0,0,2,1,0,0,2,1
256,0,48,0,0,0,0,0,3,0,1
57,2,8,0,0,0,0,0,0,0,1
816,0,163,0,0,0,0,0,8,0,1
1493,6,355,0,0,0,0,0,19,0,1
510,2,104,0,0,0,0,0,14,0,1
285,44,43,0,0,0,0,0,2,1,1
106,2,21,2,2,2,1,0,0,1,1
303,46,45,0,0,0,0,0,4,1,1
33,5,4,0,0,0,0,0,1,0,1
153,3,38,1,1,2,1,0,0,2,1
211,22,50,1,1,0,0,0,1,6,1
95,0,25,2,2,3,0,0,0,1,1
91,10,16,0,0,0,0,0,2,1,1
243,26,56,2,2,0,0,0,0,2,1
113,20,20,0,0,0,0,0,1,2,1
113,21,19,0,0,0,0,0,1,2,1
314,42,47,0,0,0,0,0,4,1,1
933,2,184,0,0,0,0,0,9,0,1
297,27,59,2,2,0,0,0,2,2,1
176,12,31,1,1,2,1,0,1,1,1
225,41,33,0,0,0,0,0,1,0,1
232,49,33,0,0,0,0,0,1,0,1
383,0,76,0,0,0,0,0,6,0,1
90,9,17,0,0,2,1,0,0,2,1
93,20,17,0,0,0,0,0,0,2,1
188,2,49,1,1,2,1,0,0,2,1
70,19,13,0,0,0,0,0,0,2,1
77,20,14,0,0,0,0,0,0,2,1
79,20,14,0,0,0,0,0,0,2,1
139,22,32,1,1,0,0,0,0,1,1
112,14,28,1,1,0,0,0,0,2,1
120,20,21,0,0,0,0,0,1,2,1
93,20,16,0,0,0,0,0,0,2,1
33,5,4,0,0,0,0,0,1,0,1
135,10,35,1,1,0,0,0,1,2,1
196,2,53,1,1,2,1,0,0,2,1
513,0,112,0,0,0,0,0,8,0,1
143,11,29,1,1,1,1,0,0,1,1
57,1,8,0,0,0,0,0,0,0,1
720,2,145,0,0,0,0,0,10,0,1
243,44,34,0,0,0,0,0,5,0,1
317,48,47,0,0,0,0,0,1,1,1
97,20,17,0,0,0,0,0,0,2,1
1564,11,342,0,0,0,0,0,19,0,1
150,19,31,1,1,3,0,0,0,2,1
2463,15,509,0,0,0,0,0,35,0,1
406,2,90,0,0,0,0,0,2,0,1
53,1,12,0,0,0,0,0,1,0,1
962,0,301,0,0,11,0,0,5,0,1
419,27,66,3,3,2,1,0,2,2,1
269,35,39,0,0,0,0,0,2,0,1
58,7,8,0,0,0,0,0,0,0,1
119,13,30,1,1,2,0,0,0,2,1
122,1,31,0,0,2,1,0,1,2,1
255,42,36,0,0,0,0,0,1,0,1
123,14,24,0,0,0,0,0,0,1,1
111,19,19,0,0,0,0,0,2,2,1
239,39,33,0,0,0,0,0,1,0,1
37,0,4,0,0,0,0,0,1,0,1
81,19,15,0,0,0,0,0,0,2,1
1783,16,395,0,0,0,0,0,28,0,1
113,20,21,0,0,0,0,0,1,2,1
302,45,43,0,0,0,0,0,1,1,1
73,21,14,0,0,0,0,0,0,2,1
105,2,28,0,0,2,1,0,1,2,1
51,6,8,0,0,0,0,0,0,0,1
281,42,43,0,0,0,0,0,2,1,1
236,18,46,2,2,2,1,0,2,2,1
956,6,192,0,0,0,0,0,10,0,1
32,4,4,0,0,0,0,0,1,0,1
127,5,29,1,1,2,1,0,0,1,1
70,0,15,0,0,0,0,0,2,0,1
830,0,168,0,0,0,0,0,8,0,1
227,3,55,0,0,0,0,0,3,0,1
173,2,50,1,1,2,1,0,1,2,1
79,7,19,0,0,2,1,0,1,1,1
116,12,22,0,0,0,0,0,0,1,1
91,10,16,0,0,0,0,0,2,1,1
125,20,22,0,0,0,0,0,0,2,1
57,6,9,0,0,0,0,0,0,0,1
315,46,47,0,0,0,0,0,4,1,1
103,0,29,0,0,2,1,0,1,2,1
4875,112,1110,0,0,0,0,0,53,0,1
84,20,16,0,0,0,0,0,1,2,1
765,4,149,0,0,0,0,0,6,0,1
284,39,40,2,3,2,1,0,2,1,1
571,0,110,0,0,0,0,0,6,0,1
92,20,17,0,0,0,0,0,1,2,1
105,0,26,0,0,2,1,0,0,2,1
695,2,149,0,0,0,0,0,5,0,1
873,5,173,0,0,0,0,0,17,0,1
117,23,20,0,0,0,0,0,0,2,1
308,45,48,0,0,0,0,0,5,1,1
691,0,143,0,0,0,0,0,7,0,1
571,2,111,0,0,0,0,0,9,0,1
3151,34,691,0,0,0,0,0,33,0,1
254,120,57,2,2,0,0,0,0,1,1
277,39,40,0,0,0,0,0,1,1,1
1500,15,328,0,0,0,0,0,36,0,1
94,20,18,0,0,0,0,0,1,2,1
158,18,33,1,1,2,1,0,0,2,1
48,1,12,0,1,0,0,0,0,0,1
1071,0,218,0,0,0,0,0,15,0,1
348,30,99,2,2,3,5,0,2,2,1
167,2,48,1,1,2,1,0,0,1,1
191,41,43,1,1,0,1,0,4,2,1
109,8,26,0,0,2,0,0,1,3,1
116,7,24,1,1,0,0,0,1,3,1
41,0,6,0,0,0,0,0,1,0,1
86,1,21,2,2,2,0,0,1,0,1
239,35,57,2,2,2,1,0,0,1,1
1356,74,350,2,4,3,0,0,0,0,1
38,5,6,0,0,0,0,0,2,0,1
117,13,22,0,0,0,0,0,0,1,1
95,0,26,0,0,2,1,0,0,1,1
1041,7,309,0,0,0,0,0,9,0,1
3766,25,1601,10,13,1,1,0,16,0,1
1115,3,238,0,0,0,0,0,15,0,1
125,2,34,0,0,2,1,0,0,2,1
112,0,32,0,0,2,1,0,0,2,1
88,20,15,0,0,0,0,0,1,2,1
85,9,14,0,0,0,0,0,1,1,1
90,19,16,0,0,0,0,0,0,2,1
110,2,29,0,0,2,1,0,0,2,1
367,20,95,2,2,2,1,0,1,3,1
94,20,17,0,0,0,0,0,0,2,1
178,0,32,0,0,0,0,0,6,0,1
588,48,152,5,5,2,1,0,6,2,1
86,10,14,0,0,0,0,0,1,1,1
110,2,30,0,0,2,1,0,0,2,1
89,20,15,0,0,0,0,0,0,2,1
106,17,24,1,1,0,0,0,0,2,1
86,19,16,0,0,0,0,0,0,2,1
182,2,47,1,1,2,1,0,1,1,1
298,45,45,0,0,0,0,0,1,1,1
123,14,24,0,0,0,0,0,0,1,1
185,2,48,1,1,2,1,0,1,2,1
110,7,27,0,0,2,1,0,0,2,1
46,0,12,0,0,0,0,0,1,0,1
55,1,8,0,0,0,0,0,0,0,1
1712,9,351,0,0,0,0,0,24,0,1
1134,3,223,0,0,0,0,0,22,0,1
113,10,18,0,0,0,0,0,0,1,1
503,5,109,0,0,0,0,0,9,0,1
1865,2,438,0,0,0,0,0,31,0,1
501,0,107,0,0,0,0,0,7,0,1
290,43,44,0,0,0,0,0,1,1,1
100,20,19,0,0,0,0,0,0,2,1
104,2,25,0,0,2,1,0,0,2,1
126,19,22,0,0,0,0,0,1,2,1
129,18,25,1,1,2,1,0,0,2,1
247,39,35,0,0,0,0,0,2,0,1
92,22,20,0,0,0,0,0,0,2,1
1166,13,253,0,0,0,0,0,16,0,1
93,19,17,0,0,0,0,0,2,2,1
38,5,6,0,0,0,0,0,2,0,1
118,12,22,0,0,0,0,0,0,3,1
84,20,15,0,0,0,0,0,1,2,1
127,20,21,0,0,0,0,0,0,2,1
3848,24,815,0,0,0,0,0,27,0,1
118,21,27,1,1,2,1,0,1,2,1
91,20,14,0,0,0,0,0,0,2,1
113,22,20,0,0,0,0,0,0,2,1
76,6,18,0,0,0,0,0,1,0,1
193,62,47,1,1,0,0,0,0,1,1
370,70,80,3,3,2,1,0,1,2,1
110,0,28,0,0,2,1,0,0,2,1
1922,7,411,0,0,0,0,0,25,0,1
123,14,24,0,0,0,0,0,0,1,1
756,10,161,0,0,0,0,0,4,0,1
258,0,76,0,0,1,0,0,0,0,1
139,11,30,1,1,2,1,0,3,1,1
69,7,19,0,0,0,0,0,0,0,1
343,40,46,0,0,0,0,0,2,1,1
106,21,18,0,0,0,0,0,0,2,1
1362,9,253,0,0,0,0,0,12,0,1
1316,12,282,0,0,0,0,0,23,0,1
149,17,30,1,1,2,1,0,1,2,1
83,19,15,0,0,0,0,0,0,2,1
38,5,6,0,0,0,0,0,2,0,1
252,42,35,0,0,0,0,0,3,0,1
3403,16,716,0,0,0,0,0,64,0,1
75,7,13,0,0,0,0,0,1,0,1
85,19,15,0,0,0,0,0,0,2,1
4300,35,1336,2,3,0,0,0,29,1,1
340,42,47,0,0,0,0,0,3,1,1
113,6,18,0,0,0,0,0,0,1,1
121,9,26,1,1,2,1,0,0,1,1
140,11,29,1,1,2,1,0,0,1,1
121,0,29,0,0,2,1,0,0,2,1
83,20,16,0,0,0,0,0,0,2,1
86,20,16,0,0,0,0,0,0,2,1
83,10,20,0,0,2,1,0,0,1,1
69,6,14,0,0,0,0,0,0,0,1
80,19,14,0,0,0,0,0,1,2,1
178,2,47,1,1,2,1,0,1,1,1
372,64,75,3,3,2,1,0,2,1,1
101,20,19,0,0,0,0,0,1,2,1
261,35,55,2,2,2,1,0,6,2,1
110,20,22,0,0,0,0,0,2,2,1
112,0,31,0,0,2,1,0,0,2,1
470,24,125,2,2,3,0,0,0,0,1
118,7,19,0,0,0,0,0,1,1,1
114,1,21,0,0,1,0,0,1,3,1
103,20,18,0,0,0,0,0,0,2,1
433,8,89,0,0,0,0,0,8,0,1
103,20,17,0,0,0,0,0,0,2,1
193,11,37,1,1,2,1,0,0,3,1
87,20,16,0,0,0,0,0,1,2,1
287,44,44,0,0,0,0,0,1,1,1
97,20,17,0,0,0,0,0,0,2,1
95,10,19,0,0,2,1,0,0,2,1
81,20,15,0,0,0,0,0,0,2,1
103,20,19,0,0,0,0,0,1,2,1
115,0,25,0,0,2,1,0,1,2,1
1006,0,222,0,0,0,0,0,20,0,1
146,26,31,1,1,2,1,0,1,2,1
85,20,16,0,0,0,0,0,0,2,1
150,17,39,1,1,2,0,0,0,3,1
109,6,18,0,0,0,0,0,0,1,1
931,0,184,0,0,0,0,0,18,0,1
115,19,27,1,1,2,1,0,0,1,1
183,2,37,0,0,0,0,0,4,0,1
77,20,14,0,0,0,0,0,0,2,1
268,38,40,0,0,0,0,0,3,0,1
124,15,24,0,0,0,0,0,0,1,1
115,1,27,0,0,2,1,0,2,1,1
73,3,16,1,1,1,1,0,0,0,1
126,11,28,1,1,2,1,0,0,2,1
110,21,18,0,0,0,0,0,0,2,1
81,20,15,0,0,0,0,0,0,2,1
95,20,17,0,0,0,0,0,0,2,1
1117,290,218,10,10,16,10,0,0,1,1
113,20,22,0,0,0,0,0,0,2,1
96,0,17,0,0,0,0,0,1,0,1
116,12,22,0,0,0,0,0,0,1,1
322,51,48,0,0,0,0,0,3,1,1
7309,53,3027,0,7,0,0,0,43,4,1
58,1,8,0,0,0,0,0,0,0,1
109,0,30,0,0,2,1,0,1,2,1
85,8,18,0,0,2,1,0,0,1,1
82,20,14,0,0,0,0,0,0,2,1
1288,6,285,0,0,0,0,0,18,0,1
57,2,17,1,1,0,0,1,1,0,1
87,0,22,0,0,0,0,0,1,3,1
256,39,35,0,0,0,0,0,2,0,1
87,4,17,0,0,1,1,0,0,2,1
820,4,177,0,0,0,0,0,10,0,1
292,44,47,0,0,0,0,0,2,1,1
203,4,51,1,1,1,1,0,0,2,1
59,8,16,0,0,0,0,0,1,0,1
87,12,22,0,0,2,1,0,0,1,1
102,20,20,0,0,0,0,0,0,2,1
2270,4,475,0,0,0,0,0,37,0,1
61,11,8,0,0,0,0,0,0,0,1
148,5,30,1,1,2,0,0,1,3,1
119,4,31,0,0,2,1,0,2,1,1
260,44,39,0,0,0,0,0,1,0,1
109,1,26,0,0,2,1,0,0,1,1
230,47,49,2,2,1,1,0,1,2,1
93,20,18,0,0,0,0,0,1,2,1
172,2,47,1,1,2,1,0,2,2,1
2066,15,461,0,0,0,0,0,25,0,1
55,5,8,0,0,0,0,0,0,0,1
103,20,18,0,0,0,0,0,2,2,1
50,1,8,0,0,0,0,0,0,0,1
98,20,18,0,0,0,0,0,0,2,1
339,0,70,0,0,0,0,0,6,0,1
128,9,28,1,1,2,1,0,1,2,1
105,2,30,0,0,2,1,0,0,2,1
146,21,33,1,1,2,1,0,0,2,1
995,2,203,0,0,0,0,0,17,0,1
86,10,14,0,0,0,0,0,1,1,1
114,16,27,0,1,1,0,0,0,0,1
104,20,18,0,0,0,0,0,0,2,1
183,4,50,1,1,2,1,0,0,2,1
95,19,16,0,0,0,0,0,1,2,1
1225,9,240,0,0,0,0,0,15,0,1
83,19,15,0,0,0,0,0,1,2,1
86,10,14,0,0,0,0,0,1,1,1
120,20,22,0,0,0,0,0,1,2,1
82,5,18,0,0,0,0,0,0,3,1
282,43,43,0,0,0,0,0,1,1,1
85,19,15,0,0,0,0,0,1,2,1
237,44,32,0,0,0,0,0,3,0,1
79,20,14,0,0,0,0,0,0,2,1
82,20,16,0,0,0,0,0,0,2,1
315,0,65,0,0,0,0,0,9,0,1
335,46,53,0,0,0,0,0,1,1,1
279,42,44,0,0,0,0,0,2,1,1
195,34,43,1,1,2,0,0,0,2,1
186,21,45,1,1,1,1,0,0,1,1
310,44,46,0,0,0,0,0,2,1,1
105,20,20,0,0,0,0,0,0,2,1
26,0,3,0,0,0,0,0,0,0,1
26,1,4,0,0,0,1,0,0,0,1
118,10,19,0,0,0,0,0,0,1,1
248,40,34,0,0,0,0,0,4,0,1
158,24,36,1,1,2,1,0,0,2,1
290,31,59,0,0,0,0,0,2,0,1
107,14,21,1,1,2,1,0,0,1,1
95,21,17,0,0,0,0,0,0,2,1
107,0,29,0,0,2,1,0,0,2,1
414,0,77,0,0,0,0,0,4,0,1
237,13,47,2,2,0,1,0,2,2,1
101,0,29,0,0,2,1,0,0,2,1
297,0,64,0,0,0,0,0,5,0,1
91,10,16,0,0,0,0,0,2,1,1
1442,17,300,0,0,0,0,0,22,0,1
91,20,16,0,0,0,0,0,0,2,1
605,1,124,0,0,0,0,0,8,0,1
173,3,47,1,1,0,0,0,0,3,1
2490,4,1009,1,1,0,1,0,9,0,1
532,87,136,4,4,6,1,0,0,3,1
1014,2,207,0,0,0,0,0,9,0,1
87,1,25,0,0,2,1,0,0,2,1
106,20,19,0,0,0,0,0,0,2,1
164,30,36,1,1,2,1,0,2,1,1
105,20,19,0,0,0,0,0,1,2,1
1837,5,624,0,0,2,0,0,18,0,1
106,20,21,0,0,0,0,0,0,2,1
723,6,132,0,0,0,0,0,10,0,1
513,1,110,0,0,0,0,0,8,0,1
136,15,30,1,1,2,1,0,1,2,1
83,20,15,0,0,0,0,0,1,2,1
89,8,20,0,0,2,1,0,0,2,1
179,2,50,1,1,2,1,0,1,2,1
143,3,37,1,1,2,1,0,2,2,1
750,6,165,0,0,0,0,0,8,0,1
120,12,22,0,0,0,0,0,0,1,1
100,0,28,0,0,2,1,0,0,1,1
175,2,48,1,1,2,1,0,1,2,1
284,45,42,0,0,0,0,0,2,1,1
401,184,127,3,3,0,0,0,1,1,1
95,20,19,0,0,0,0,0,0,2,1
120,12,22,0,0,0,0,0,0,1,1
81,19,13,0,0,0,0,0,0,2,1
97,0,17,0,0,0,0,0,1,0,1
89,20,14,0,0,0,0,0,0,2,1
137,1,32,2,2,2,0,0,0,0,1
1433,4,291,0,0,0,0,0,15,0,1
99,19,19,0,0,0,0,0,0,2,1
120,12,22,0,0,0,0,0,0,1,1
104,0,30,0,0,2,1,0,0,2,1
112,21,18,0,0,0,0,0,0,2,1
80,20,14,0,0,0,0,0,0,2,1
83,14,21,0,0,2,1,0,0,2,1
154,5,40,1,1,2,1,0,2,2,1
86,10,14,0,0,0,0,0,1,1,1
115,13,28,1,1,0,0,0,0,3,1
90,22,17,0,0,0,0,0,0,2,1
3019,13,655,0,0,0,0,0,46,0,1
378,0,72,0,0,0,0,0,3,0,1
309,46,45,0,0,0,0,0,2,1,1
112,0,31,0,0,2,1,0,1,2,1
911,3,206,0,0,0,0,0,9,0,1
258,38,37,0,0,0,0,0,2,0,1
998,0,327,10,10,1,0,0,6,1,1
46,0,6,0,0,0,0,0,1,0,1
22,0,4,0,0,0,0,0,0,0,1
123,12,28,1,1,2,1,0,2,1,1
53,3,8,0,0,0,0,0,0,0,1
94,20,17,0,0,0,0,0,0,2,1
1537,23,472,6,6,1,0,0,10,1,1
91,13,22,0,0,2,1,0,0,2,1
109,8,28,1,1,1,0,0,0,3,1
635,326,202,6,6,1,0,0,1,3,1
103,2,29,0,0,2,1,0,1,2,1
86,10,14,0,0,0,0,0,1,1,1
94,20,17,0,0,0,0,0,0,2,1
252,14,60,2,2,0,0,0,0,3,1
86,0,19,0,0,0,0,0,0,2,1
143,15,35,1,1,2,1,0,0,2,1
81,20,14,0,0,0,0,0,1,2,1
71,8,46,0,0,0,0,0,0,0,1
268,39,39,0,0,0,0,0,2,0,1
82,19,15,0,0,0,0,0,0,2,1
414,0,84,0,0,0,0,0,5,0,1
103,19,20,0,0,0,0,0,0,2,1
467,7,99,0,0,0,0,0,11,0,1
86,19,14,0,0,0,0,0,0,2,1
49,5,8,0,0,0,0,0,0,1,1
58,1,8,0,0,0,0,0,1,0,1
52,1,8,0,0,0,0,0,0,0,1
174,2,48,1,1,2,1,0,1,2,1
341,47,48,0,0,0,0,0,5,1,1
38,5,6,0,0,0,0,0,2,0,1
99,17,21,0,0,2,1,0,0,2,1
249,24,37,2,2,2,0,0,0,3,1
38,5,6,0,0,0,0,0,2,0,1
2854,7,627,0,0,0,0,0,33,0,1
92,20,18,0,0,0,0,0,1,2,1
328,56,53,0,0,0,0,0,1,1,1
60,6,10,0,0,0,0,0,0,0,1
317,0,69,0,0,0,0,0,5,0,1
321,42,46,0,0,0,0,0,3,1,1
361,6,76,0,0,0,0,0,3,0,1
129,6,28,1,1,2,1,0,0,2,1
161,7,46,1,1,3,1,0,1,2,1
20,0,3,0,0,0,0,0,0,0,1
110,10,30,0,0,2,1,0,0,2,1
83,20,15,0,0,0,0,0,0,2,1
1403,13,286,0,0,0,0,0,16,0,1
65,8,15,0,0,0,0,0,0,0,1
82,20,15,0,0,0,0,0,0,2,1
296,47,45,0,0,0,0,0,2,1,1
144,22,25,0,0,0,0,0,2,2,1
606,0,119,0,0,0,0,0,10,0,1
109,14,23,1,1,1,1,0,1,1,1
107,1,32,0,0,0,1,0,0,2,1
125,0,29,1,1,2,1,0,0,2,1
1118,185,237,10,10,3,1,0,1,2,1
79,0,13,0,0,0,0,0,1,0,1
1597,5,315,0,0,0,0,0,29,0,1
106,19,19,0,0,0,0,0,0,2,1
198,32,42,1,1,1,1,0,3,1,1
260,37,36,0,0,0,0,0,3,0,1
487,4,103,0,0,0,0,0,5,0,1
1736,16,387,0,0,0,0,0,16,0,1
152,13,31,0,0,3,0,0,3,3,1
88,19,15,0,0,0,0,0,0,2,1
105,0,25,0,0,2,1,0,0,2,1
87,20,14,0,0,0,0,0,0,2,1
258,16,60,2,2,0,0,0,0,3,1
435,118,90,4,4,2,5,0,1,2,1
803,0,165,0,0,0,0,0,20,0,1
86,10,14,0,0,0,0,0,1,1,1
86,20,14,0,0,0,0,0,0,2,1
4681,5,1367,1,3,0,0,0,51,0,1
175,12,49,1,1,2,1,0,0,2,1
242,40,36,0,0,0,0,0,3,0,1
187,2,50,1,1,2,1,0,0,3,1
1169,0,255,0,0,0,0,0,16,0,1
92,25,18,0,0,0,0,0,0,2,1
84,19,15,0,0,0,0,0,0,2,1
265,38,36,0,0,0,0,0,1,0,1
210,18,43,1,1,2,1,0,1,4,1
126,13,30,1,1,2,1,0,0,2,1
100,0,28,0,0,2,1,0,0,1,1
93,13,19,0,0,2,1,0,0,1,1
92,20,15,0,0,0,0,0,1,2,1
171,21,35,1,1,2,1,0,0,2,1
293,45,45,0,0,0,0,0,3,1,1
111,7,18,0,0,0,0,0,0,1,1
81,19,14,0,0,0,0,0,0,2,1
107,2,31,0,0,2,1,0,1,2,1
600,302,183,5,5,2,0,0,0,3,1
134,7,26,1,1,0,0,0,0,3,1
843,9,167,0,0,0,0,0,15,0,1
99,0,29,0,0,0,0,0,0,3,1
124,3,30,0,0,2,1,0,0,2,1
93,19,19,0,0,0,0,0,2,2,1
109,14,23,1,1,1,1,0,1,1,1
63,1,14,0,0,1,1,0,0,2,1
93,20,17,0,0,0,0,0,0,2,1
89,19,15,0,0,0,0,0,0,2,1
202,19,38,1,1,2,0,0,1,2,1
120,0,32,0,0,2,1,0,0,2,1
115,9,18,0,0,0,0,0,0,1,1
126,21,28,1,1,2,1,0,0,2,1
120,20,22,0,0,0,0,0,1,2,1
936,20,363,0,0,1,0,0,5,0,1
296,46,44,0,0,0,0,0,4,1,1
87,20,15,0,0,0,0,0,0,2,1
30,2,4,0,0,0,0,0,1,0,1
105,3,24,0,0,0,1,0,1,1,1
188,2,39,0,0,0,0,0,3,0,1
110,0,15,0,0,1,1,0,0,1,1
622,13,128,0,0,0,0,0,8,0,1
111,0,26,0,0,2,1,0,0,2,1
27,0,4,0,0,0,0,0,0,0,1
170,2,48,1,1,2,1,0,1,2,1
176,2,48,1,1,2,1,0,2,2,1
292,48,69,2,2,2,1,0,1,2,1
212,54,55,1,1,0,1,0,1,2,1
89,5,24,0,0,0,0,0,0,2,1
82,20,16,0,0,0,0,0,0,2,1
33,5,4,0,0,0,0,0,1,0,1
106,20,19,0,0,0,0,0,0,2,1
132,5,26,1,1,2,0,0,0,2,1
132,5,30,1,1,0,0,0,1,3,1
38,5,6,0,0,0,0,0,2,0,1
318,0,64,0,0,0,0,0,2,0,1
537,0,112,0,0,0,0,0,6,0,1
92,20,15,0,0,0,0,0,0,2,1
117,0,25,0,0,2,1,0,1,1,1
297,42,43,0,0,0,0,0,3,1,1
366,0,78,0,0,0,0,0,4,0,1
95,5,29,0,0,2,1,0,0,1,1
178,2,50,1,1,2,1,0,1,2,1
38,5,6,0,0,0,0,0,2,0,1
372,0,66,0,0,0,0,0,8,0,1
110,10,25,0,0,0,1,1,1,1,1
98,20,17,0,0,0,0,0,0,2,1
99,7,26,0,0,1,0,0,1,3,1
101,20,20,0,0,0,0,0,1,2,1
2611,4,542,0,0,1,0,0,32,0,1
69,3,19,0,0,0,0,0,0,1,1
121,13,22,0,0,0,0,0,0,1,1
842,0,165,0,0,0,0,0,10,0,1
122,0,30,0,0,2,1,0,0,2,1
986,13,219,0,0,0,0,0,14,0,1
231,40,35,0,0,0,0,0,1,0,1
303,41,44,0,0,0,0,0,1,1,1
94,20,18,0,0,0,0,0,0,2,1
909,3,181,0,0,0,0,0,10,0,1
85,19,16,0,0,0,0,0,1,2,1
118,8,31,1,1,2,0,0,0,2,1
114,6,25,2,3,2,1,0,1,2,1
121,23,23,0,0,0,0,0,0,2,1
105,8,18,0,0,0,0,0,1,0,1
83,20,17,0,0,0,0,0,0,2,1
87,20,16,0,0,0,0,0,1,2,1
73,19,14,0,0,0,0,0,0,2,1
845,0,174,0,0,0,0,0,13,0,1
185,3,49,1,1,2,1,0,5,1,1
520,0,101,0,0,0,0,0,4,0,1
53,3,11,2,2,2,1,0,0,0,1
125,9,29,1,1,0,0,0,3,1,1
125,4,26,1,1,2,0,0,1,2,1
125,13,29,0,0,3,1,0,1,2,1
112,20,20,0,0,0,0,0,0,2,1
112,3,27,0,0,0,0,0,0,2,1
305,46,45,0,0,0,0,0,2,1,1
161,2,49,1,1,2,1,0,0,2,1
243,39,32,0,0,0,0,0,2,0,1
95,20,18,0,0,0,0,0,0,2,1
189,0,39,0,0,0,0,0,4,0,1
97,20,22,0,0,2,1,0,0,1,1
170,2,48,1,1,2,1,0,1,2,1
245,0,39,0,0,0,0,0,8,0,1
85,20,16,0,0,0,0,0,0,2,1
86,20,16,0,0,0,0,0,0,2,1
309,40,48,0,0,0,0,0,3,1,1
105,20,18,0,0,0,0,0,0,2,1
95,20,17,0,0,0,0,0,0,2,1
923,0,194,0,0,0,0,0,10,0,1
77,7,22,0,0,0,1,0,0,1,1
160,1,41,1,1,0,1,0,0,2,1
117,8,22,1,1,2,1,0,0,2,1
266,42,40,0,0,0,0,0,2,0,1
170,15,40,1,1,1,0,0,0,2,1
118,10,27,1,1,0,0,0,0,2,1
10025,45,3987,2,2,0,0,0,72,2,1
898,3,191,0,0,0,0,0,11,0,1
395,2,87,0,0,0,0,0,6,0,1
1648,4,328,0,0,0,0,0,26,0,1
143,23,33,0,0,2,1,0,0,2,1
82,0,17,0,0,0,0,0,2,0,1
277,4,59,2,2,2,1,0,1,1,1
145,17,29,1,1,0,0,0,1,2,1
82,0,18,0,0,0,0,0,0,3,1
11518,1229,3787,4,4,4,0,0,63,7,1
198,20,42,1,1,0,1,0,1,2,1
86,10,14,0,0,0,0,0,1,1,1
93,20,17,0,0,0,0,0,0,2,1
107,13,27,1,1,1,0,0,1,3,1
78,9,19,0,0,0,0,0,0,2,1
184,4,49,1,1,2,1,0,0,2,1
100,20,17,0,0,0,0,0,0,2,1
110,20,19,0,0,0,0,0,0,2,1
836,4,182,0,0,0,0,0,13,0,1
512,3,106,0,0,0,0,0,4,0,1
95,6,21,0,0,2,1,0,0,1,1
109,21,18,0,0,0,0,0,0,2,1
88,20,15,0,0,0,0,0,0,2,1
38,5,6,0,0,0,0,0,2,0,1
42,8,9,0,0,0,0,0,0,0,1
59,6,8,0,0,0,0,0,0,0,1
150,10,32,1,1,0,0,0,1,2,1
120,17,26,1,1,0,0,0,2,2,1
247,30,55,0,0,0,0,0,0,2,1
223,38,31,0,0,0,0,0,2,0,1
213,4,60,4,2,2,0,0,1,0,1
119,18,30,1,1,2,1,0,0,1,1
169,3,43,1,1,2,1,0,0,2,1
320,44,50,0,0,0,0,0,3,1,1
9396,30,1931,0,0,0,0,0,140,0,1
1215,0,243,0,0,0,0,0,13,0,1
394,26,88,3,3,0,0,0,7,2,1
97,20,18,0,0,0,0,0,1,2,1
53,2,9,0,0,0,0,0,0,0,1
249,40,35,0,0,0,0,0,2,0,1
117,6,18,0,0,0,0,0,0,1,1
85,9,14,0,0,0,0,0,1,1,1
114,8,19,0,0,0,0,0,0,1,1
83,0,23,0,0,0,1,0,1,1,1
259,38,37,0,0,0,0,0,1,0,1
85,19,15,0,0,0,0,0,0,2,1
218,36,31,0,0,0,0,0,3,0,1
125,10,29,0,0,0,1,0,0,1,1
56,11,31,0,0,0,0,0,0,0,1
96,8,8,0,0,0,0,0,0,2,1
261,38,37,0,0,0,0,0,1,0,1
1598,18,333,0,0,0,0,0,26,0,1
160,4,42,1,1,2,1,0,0,2,1
66,8,16,0,0,0,0,0,0,0,1
303,47,43,0,0,0,0,0,2,1,1
135,0,30,1,1,2,1,0,1,1,1
55,1,8,0,0,0,0,0,0,0,1
92,0,24,0,0,2,1,0,0,2,1
195,20,45,1,1,2,1,0,5,2,1
123,20,21,0,0,0,0,0,1,2,1
120,12,22,0,0,0,0,0,0,1,1
1868,9,401,0,0,0,0,0,28,0,1
140,32,37,1,1,2,1,0,1,2,1
106,20,19,0,0,0,0,0,0,2,1
701,0,148,0,0,0,0,0,15,0,1
102,20,18,0,0,0,0,0,1,2,1
311,48,48,0,0,0,0,0,3,1,1
114,8,30,1,1,2,0,0,0,3,1
125,0,29,0,0,2,1,0,0,2,1
678,1,143,0,0,0,0,0,11,0,1
112,20,21,0,0,0,0,0,0,2,1
674,318,39,6,6,1,1,0,0,2,1
249,34,36,0,0,0,0,0,1,0,1
1504,5,297,0,0,0,0,0,33,0,1
84,6,19,0,0,0,0,0,1,3,1
86,11,17,0,0,0,0,0,1,3,1
124,0,29,0,0,2,1,0,0,1,1
110,25,20,0,0,0,0,0,1,2,1
84,4,25,0,0,2,1,0,0,2,1
74,13,9,0,0,0,0,0,0,1,1
122,8,26,1,1,2,1,0,2,2,1
61,3,12,0,0,0,0,0,1,0,1
89,0,17,2,2,2,1,0,0,0,1
123,5,29,1,1,0,0,0,1,3,1
95,5,29,0,0,2,1,0,0,1,1
302,2,59,0,0,0,0,0,3,0,1
319,54,46,0,0,0,0,0,5,1,1
55,7,12,0,0,0,0,0,0,0,1
44,0,7,0,0,0,0,0,1,0,1
37,8,8,0,0,0,0,0,0,0,1
1050,3,226,0,0,0,0,0,15,0,1
107,20,20,0,0,0,0,0,0,2,1
156,19,34,1,1,0,0,0,0,2,1
152,2,26,0,0,0,0,0,2,0,1
77,20,13,0,0,0,0,0,0,2,1
472,2,112,0,0,0,0,0,3,0,1
97,0,30,0,0,2,1,0,0,2,1
224,7,56,2,2,2,0,0,2,2,1
117,13,18,0,0,0,0,0,0,1,1
171,11,29,1,1,2,1,0,2,2,1
120,8,26,1,1,2,1,0,0,2,1
100,20,16,0,0,0,0,0,0,2,1
1203,5,268,0,0,0,0,0,10,0,1
99,15,22,0,0,2,1,0,0,2,1
91,10,16,0,0,0,0,0,2,1,1
33,5,4,0,0,0,0,0,1,0,1
84,20,15,0,0,0,0,0,0,2,1
84,20,16,0,0,0,0,0,0,2,1
113,3,24,1,1,2,0,0,0,2,1
116,0,28,0,0,2,1,0,0,2,1
106,22,19,0,0,0,0,0,0,2,1
245,0,51,0,0,0,0,0,1,0,1
128,0,32,0,0,3,1,0,0,2,1
385,3,78,0,0,0,0,0,8,0,1
450,0,88,0,0,0,0,0,5,0,1
95,20,16,0,0,0,0,0,0,2,1
95,22,17,0,0,0,0,0,0,2,1
85,5,20,0,0,1,0,0,4,3,1
702,2,145,0,0,0,0,0,10,0,1
132,22,31,1,1,2,1,0,0,2,1
113,5,31,0,0,0,1,0,0,1,1
529,0,104,0,0,0,0,0,12,0,1
90,20,17,0,0,0,0,0,0,2,1
107,20,21,0,0,0,0,0,1,2,1
32,4,4,0,0,0,0,0,1,0,1
55,4,8,0,0,0,0,0,0,0,1
822,7,167,0,0,0,0,0,12,0,1
147,29,35,1,1,1,1,0,0,2,1
77,12,18,0,0,2,1,0,1,2,1
324,0,71,0,0,0,0,0,3,0,1
2855,12,558,0,0,0,0,0,56,0,1
131,11,26,1,1,2,1,0,1,1,1
53,3,8,0,0,0,0,0,0,0,1
248,14,59,2,2,0,0,0,0,3,1
95,19,16,0,0,0,0,0,0,2,1
123,14,24,0,0,0,0,0,0,1,1
183,16,37,1,1,3,0,0,3,3,1
53,7,10,0,0,0,0,0,0,0,1
104,2,29,0,0,2,1,0,1,1,1
91,10,16,0,0,0,0,0,2,1,1
1145,5,209,0,0,0,0,0,16,0,1
56,2,9,0,0,0,0,0,0,0,1
155,0,33,1,1,2,0,0,1,2,1
607,3,115,0,0,0,0,0,9,0,1
87,13,24,0,0,2,1,0,0,2,1
976,0,216,0,0,0,0,0,12,0,1
84,20,16,0,0,0,0,0,0,2,1
1230,0,272,0,0,0,0,0,24,0,1
105,20,20,0,0,0,0,0,1,2,1
235,42,34,0,0,0,0,0,1,0,1
189,3,49,1,1,2,1,0,5,2,1
78,20,13,0,0,0,0,0,0,2,1
259,36,34,0,0,0,0,0,1,0,1
78,20,14,0,0,0,0,0,0,2,1
176,4,31,0,0,0,0,0,4,0,1
246,41,33,0,0,0,0,0,1,0,1
121,19,34,1,1,2,1,0,0,1,1
98,1,22,0,0,2,1,0,1,1,1
38,5,6,0,0,0,0,0,2,0,1
3325,14,743,0,0,0,0,0,50,0,1
121,13,22,0,0,0,0,0,0,1,1
58,3,16,2,2,1,1,1,1,0,1
326,45,50,0,0,0,0,0,3,1,1
104,19,18,0,0,0,0,0,1,2,1
129,1,30,1,1,2,1,0,1,2,1
60,3,8,0,0,0,0,0,0,0,1
188,32,46,1,1,2,1,0,2,2,1
244,0,77,13,13,3,0,0,2,2,1
117,10,28,1,1,2,1,0,0,2,1
99,20,18,0,0,0,0,0,0,2,1
609,2,120,0,0,0,0,0,6,0,1
85,20,15,0,0,0,0,0,0,2,1
98,20,18,0,0,0,0,0,0,2,1
121,13,22,0,0,0,0,0,0,1,1
110,0,27,0,0,2,1,0,1,2,1
88,20,16,0,0,0,0,0,0,2,1
150,10,31,1,1,2,0,0,2,2,1
411,1,82,0,0,0,0,0,5,0,1
122,11,29,1,1,2,1,0,2,2,1
131,18,33,1,1,2,1,0,2,1,1
1216,11,271,0,0,0,0,0,14,0,1
51,3,8,0,0,0,0,0,0,0,1
89,19,17,0,0,0,0,0,0,2,1
91,10,16,0,0,0,0,0,2,1,1
92,20,16,0,0,0,0,0,1,2,1
319,0,64,0,0,0,0,0,1,0,1
106,8,28,1,1,2,0,0,1,3,1
326,43,49,0,0,0,0,0,4,1,1
551,3,108,0,0,0,0,0,9,0,1
87,20,16,0,0,0,0,0,0,2,1
2043,14,425,0,0,0,0,0,31,0,1
265,38,36,0,0,0,0,0,3,0,1
109,14,23,1,1,1,1,0,1,1,1
90,20,17,0,0,0,0,0,0,2,1
297,44,46,0,0,0,0,0,2,1,1
34,0,7,0,0,0,0,0,1,0,1
112,1,22,1,1,1,0,0,0,3,1
87,8,19,0,0,2,1,0,0,2,1
647,3,167,0,0,0,0,0,5,0,1
249,40,35,0,0,0,0,0,1,0,1
109,20,21,0,0,0,0,0,0,2,1
241,20,65,2,2,4,2,0,1,1,1
99,20,19,0,0,0,0,0,0,2,1
33,5,4,0,0,0,0,0,1,0,1
4349,32,1437,5,0,0,0,0,101,2,1
64,0,10,0,0,0,0,0,0,0,1
265,42,38,0,0,0,0,0,1,0,1
92,20,16,0,0,0,0,0,0,2,1
613,57,135,5,5,0,0,0,3,2,1
93,19,16,0,0,0,0,0,0,2,1
94,20,17,0,0,0,0,0,0,2,1
86,10,14,0,0,0,0,0,1,1,1
304,48,81,2,2,3,5,0,0,2,1
118,12,18,0,0,0,0,0,1,1,1
307,1,73,0,0,0,0,0,4,0,1
11013,115,3661,9,2,0,1,4,94,5,1
126,20,22,0,0,0,0,0,0,2,1
96,3,21,0,0,0,0,0,0,3,1
128,10,25,1,1,2,1,0,0,2,1
120,12,22,0,0,0,0,0,0,1,1
339,2,60,0,0,0,0,0,9,0,1
77,20,14,0,0,0,0,0,0,2,1
184,10,36,1,1,2,1,0,0,2,1
156,2,45,1,1,2,2,0,0,1,1
102,0,30,0,0,2,1,0,0,2,1
423,3,79,0,0,0,0,0,9,0,1
112,0,28,0,0,2,1,0,0,2,1
56,2,8,0,0,0,0,0,1,0,1
67,7,18,0,0,0,0,0,0,0,1
88,20,15,0,0,0,0,0,0,2,1
309,42,47,0,0,0,0,0,1,1,1
127,0,31,0,0,2,1,0,1,2,1
1607,2,326,0,0,0,0,0,22,0,1
388,12,85,0,0,0,0,0,12,0,1
126,10,27,1,1,2,1,0,0,2,1
225,3,75,0,0,0,0,0,1,0,1
109,14,23,1,1,1,1,0,1,1,1
241,38,32,0,0,0,0,0,1,0,1
88,13,19,0,0,2,1,0,0,1,1
94,20,16,0,0,0,0,0,1,2,1
188,0,42,0,0,0,0,0,1,0,1
63,1,13,0,0,1,1,0,1,1,1
236,30,63,2,2,4,2,0,0,2,1
93,19,17,0,0,0,0,0,0,2,1
398,33,73,3,3,3,1,0,3,2,1
36,8,8,0,0,0,0,0,0,0,1
58,4,9,0,0,0,0,0,0,0,1
134,7,32,1,1,3,1,0,0,2,1
85,1,16,0,0,0,0,0,1,2,1
207,43,45,1,1,0,1,0,5,2,1
87,0,20,0,0,0,0,0,1,3,1
185,4,52,1,1,2,1,0,0,1,1
109,2,29,0,0,2,1,0,0,2,1
725,2,145,0,0,0,0,0,15,0,1
84,19,15,0,0,0,0,0,0,2,1
118,9,20,0,0,0,0,0,0,1,1
770,2,164,0,0,0,0,0,8,0,1
126,12,28,1,1,2,1,0,2,1,1
110,20,22,0,0,0,0,0,1,2,1
759,2,159,0,0,0,0,0,8,0,1
102,19,18,0,0,0,0,0,0,2,1
195,30,39,1,1,2,1,0,0,1,1
86,10,14,0,0,0,0,0,1,1,1
576,1,121,0,0,0,0,0,6,0,1
385,0,71,0,0,0,0,0,7,0,1
100,16,22,0,0,2,1,0,0,1,1
85,20,14,0,0,0,0,0,0,2,1
2650,17,550,0,0,0,0,0,37,0,1
111,41,23,1,1,1,1,0,0,2,1
77,19,15,0,0,0,0,0,0,2,1
97,20,16,0,0,0,0,0,0,2,1
124,4,35,2,2,3,0,0,0,1,1
549,0,123,0,0,0,0,0,5,0,1
99,20,17,0,0,0,0,0,1,2,1
502,2,92,0,0,0,0,0,7,0,1
102,21,19,0,0,0,0,0,0,2,1
93,20,16,0,0,0,0,0,2,2,1
303,46,46,0,0,0,0,0,1,1,1
711,0,156,0,0,0,0,0,5,0,1
83,19,15,0,0,0,0,0,0,2,1
115,11,22,0,0,0,0,0,0,1,1
307,44,45,0,0,0,0,0,4,1,1
78,19,15,0,0,0,0,0,0,2,1
94,11,19,0,0,2,1,0,0,2,1
218,1,44,0,0,0,0,0,5,0,1
464,0,97,0,0,0,0,0,5,0,1
91,10,16,0,0,0,0,0,2,1,1
1856,90,338,16,16,9,1,0,14,2,1
284,41,44,0,0,0,0,0,2,1,1
116,12,22,0,0,0,0,0,0,1,1
33,5,4,0,0,0,0,0,1,0,1
125,0,32,0,0,0,1,0,1,1,1
579,5,126,0,0,0,0,0,8,0,1
117,0,31,0,0,2,1,0,0,2,1
100,22,18,0,0,0,0,0,0,2,1
106,22,20,0,0,0,0,0,0,2,1
1288,3,268,0,0,0,0,0,27,0,1
121,0,31,0,0,2,1,0,1,2,1
91,10,16,0,0,0,0,0,2,1,1
86,10,14,0,0,0,0,0,1,1,1
104,2,29,0,0,2,1,0,1,2,1
91,20,16,0,0,0,0,0,0,2,1
807,7,186,0,0,0,0,0,14,0,1
300,47,43,0,0,0,0,0,4,1,1
116,12,22,0,0,0,0,0,0,1,1
94,20,19,0,0,0,0,0,1,2,1
54,1,8,0,0,0,0,0,0,0,1
860,9,173,0,0,0,0,0,16,0,1
49,0,24,3,3,2,1,0,0,0,1
121,13,22,0,0,0,0,0,0,1,1
57,5,8,0,0,0,0,0,0,0,1
310,0,65,0,0,0,0,0,8,0,1
108,9,28,1,1,1,0,0,0,2,1
280,42,39,0,0,0,0,0,2,0,1
105,20,17,0,0,0,0,0,1,2,1
500,0,101,0,0,0,0,0,10,0,1
74,7,18,0,0,2,1,0,0,2,1
115,6,19,0,0,0,0,0,0,1,1
299,46,44,0,0,0,0,0,1,1,1
33,5,4,0,0,0,0,0,1,0,1
50,1,8,0,0,0,0,0,0,0,1
29,0,7,0,0,0,0,0,0,1,1
207,19,38,1,1,3,0,0,1,3,1
455,72,97,4,4,3,2,0,2,1,1
1574,8,329,0,0,0,0,0,13,0,1
83,20,17,0,0,0,0,0,0,2,1
102,20,16,0,0,0,0,0,0,2,1
421,6,98,0,0,0,0,0,5,0,1
151,18,38,1,1,0,1,0,0,2,1
85,20,16,0,0,0,0,0,1,2,1
90,9,16,0,0,0,0,0,2,1,1
123,15,28,1,1,2,1,0,0,1,1
462,0,78,0,0,0,0,0,4,0,1
111,20,20,0,0,0,0,0,0,2,1
126,12,28,1,1,2,1,0,2,1,1
58,1,13,0,0,1,1,0,1,1,1
76,18,10,0,0,0,0,0,0,1,1
335,0,70,0,0,0,0,0,7,0,1
858,0,169,0,0,0,0,0,10,0,1
145,3,27,1,1,2,0,0,1,3,1
33,5,4,0,0,0,0,0,1,0,1
57,1,9,0,0,0,0,0,0,0,1
5092,23,1442,2,2,0,0,0,47,2,1
253,0,44,0,0,0,0,0,9,0,1
98,0,25,0,0,2,1,0,0,1,1
771,1,165,0,0,0,0,0,13,0,1
311,47,46,0,0,0,0,0,3,1,1
510,2,108,0,0,0,0,0,9,0,1
93,24,18,0,0,0,0,0,0,2,1
116,0,31,0,0,2,1,0,1,2,1
75,1,17,0,0,0,0,0,1,3,1
126,20,23,0,0,0,0,0,0,2,1
184,2,36,1,1,2,1,0,3,2,1
82,19,16,0,0,0,0,0,0,2,1
318,42,46,0,0,0,0,0,1,1,1
296,45,44,0,0,0,0,0,1,1,1
101,0,25,0,0,2,1,0,2,2,1
106,0,26,0,0,2,1,0,0,1,1
179,17,38,1,1,3,0,0,1,3,1
56,1,8,0,0,0,0,0,0,0,1
113,21,19,0,0,0,0,0,0,2,1
39,7,9,0,0,0,0,0,0,0,1
66,0,11,0,0,0,0,0,0,2,1
1850,1,367,0,0,0,0,0,25,0,1
43,7,10,0,0,0,0,0,0,0,1
99,0,28,0,0,2,1,0,0,2,1
647,0,130,0,0,0,0,0,7,0,1
39,0,11,2,2,2,0,0,0,0,1
141,16,31,1,1,0,0,0,0,1,1
120,13,25,1,1,2,1,0,0,1,1
313,46,46,0,0,0,0,0,1,1,1
176,21,54,0,0,0,0,0,2,1,1
86,10,14,0,0,0,0,0,1,1,1
2702,17,575,0,0,0,0,0,41,0,1
88,20,15,0,0,0,0,0,0,2,1
83,20,15,0,0,0,0,0,0,2,1
93,0,27,0,0,0,0,0,0,3,1
198,0,39,0,0,0,0,0,3,0,1
168,9,34,1,1,0,0,0,3,2,1
102,20,19,0,0,0,0,0,0,2,1
748,16,187,2,2,4,0,0,1,0,1
1810,32,548,11,10,7,0,0,4,2,1
107,20,18,0,0,0,0,0,0,2,1
2002,0,407,0,0,0,0,0,27,0,1
248,14,59,2,2,0,0,0,0,3,1
1061,12,260,0,0,1,0,0,7,2,1
100,1,27,0,0,3,1,0,0,3,1
578,10,116,0,0,0,0,0,9,0,1
76,20,14,0,0,0,0,0,0,2,1
604,0,128,0,0,0,0,0,6,0,1
181,5,34,0,0,0,1,0,0,3,1
366,48,79,3,3,2,1,0,3,4,1
748,6,162,0,0,0,0,0,5,0,1
87,20,15,0,0,0,0,0,0,2,1
93,20,17,0,0,0,0,0,0,2,1
322,1,73,0,0,0,0,0,4,0,1
114,10,18,0,0,0,0,0,0,1,1
142,19,29,1,1,0,0,0,2,2,1
269,38,36,0,0,0,0,0,2,0,1
257,39,34,0,0,0,0,0,2,0,1
298,0,60,0,0,0,0,0,11,0,1
259,0,49,0,0,0,0,0,4,0,1
603,68,132,5,5,2,1,0,6,4,1
97,19,18,0,0,0,0,0,0,2,1
148,6,37,1,1,2,1,0,1,1,1
112,0,29,0,0,2,1,0,0,1,1
58,4,9,0,0,0,0,0,0,0,1
890,4,179,0,0,0,0,0,16,0,1
206,16,37,1,1,2,1,0,3,2,1
51,6,12,0,0,0,0,0,0,0,1
38,5,6,0,0,0,0,0,2,0,1
172,23,41,1,1,2,0,0,0,3,1
121,22,26,0,1,1,0,0,0,0,1
33,5,4,0,0,0,0,0,1,0,1
578,0,113,0,0,0,0,0,7,0,1
90,20,14,0,0,0,0,0,0,2,1
413,65,76,3,3,2,0,0,1,2,1
109,14,23,1,1,1,1,0,1,1,1
191,29,41,1,1,2,1,0,1,2,1
150,0,26,0,0,0,0,0,4,0,1
76,20,14,0,0,0,0,0,0,2,1
176,2,49,1,1,2,1,0,0,2,1
115,10,18,0,0,0,0,0,0,1,1
111,3,29,0,0,2,1,0,0,2,1
292,0,63,0,0,0,0,0,7,0,1
79,0,10,0,0,0,0,0,0,0,1
73,8,20,0,0,2,1,0,0,1,1
118,7,18,0,0,0,0,0,0,1,1
338,0,79,0,0,0,0,0,5,0,1
107,0,28,0,0,2,1,0,1,2,1
121,21,19,0,0,0,0,0,0,2,1
101,19,19,0,0,0,0,0,0,2,1
1141,5,248,0,0,0,0,0,27,0,1
79,6,16,0,0,1,1,0,0,1,1
471,0,92,0,0,0,0,0,6,0,1
384,30,98,2,2,2,1,0,0,1,1
84,21,16,0,0,0,0,0,0,2,1
15584,185,5714,4,1,0,6,0,123,0,1
700,0,151,0,0,0,0,0,5,0,1
78,20,14,0,0,0,0,0,0,2,1
92,20,15,0,0,0,0,0,0,2,1
501,0,102,0,0,0,0,0,9,0,1
156,21,33,1,1,1,1,0,1,1,1
2988,15,663,0,0,0,0,0,36,0,1
110,0,32,0,0,0,0,0,1,0,1
109,0,26,0,0,2,1,0,0,2,1
84,20,14,0,0,0,0,0,0,2,1
93,20,17,0,0,0,0,0,1,2,1
645,1,126,0,0,0,0,0,9,0,1
257,0,46,2,2,3,1,0,1,2,1
948,3,207,0,0,0,0,0,18,0,1
189,3,49,1,1,2,1,0,1,2,1
81,4,15,0,0,0,0,0,0,2,1
302,3,85,0,0,0,0,0,2,2,1
48,8,25,0,0,0,0,0,0,0,1
1508,10,316,0,0,0,0,0,22,0,1
115,11,27,1,1,2,1,0,0,1,1
650,2,123,0,0,0,0,0,12,0,1
1470,6,312,0,0,0,0,0,19,0,1
288,46,43,0,0,0,0,0,3,1,1
119,4,31,2,2,3,0,0,0,0,1
153,19,33,1,1,0,0,0,1,2,1
16,0,2,0,0,0,0,0,0,0,1
112,10,25,1,1,1,1,0,1,1,1
96,9,26,0,0,2,0,0,0,2,1
38,5,6,0,0,0,0,0,2,0,1
79,20,14,0,0,0,0,0,0,2,1
130,0,30,0,0,2,1,0,0,2,1
191,0,36,0,0,0,0,0,5,0,1
1324,9,278,0,0,0,0,0,20,0,1
90,20,15,0,0,0,0,0,1,2,1
105,12,23,1,1,0,1,0,1,2,1
259,39,38,0,0,0,0,0,1,0,1
1215,2,264,0,0,0,0,0,16,0,1
861,2,170,0,0,0,0,0,10,0,1
113,4,27,0,0,2,1,0,0,1,1
338,0,72,0,0,0,0,0,6,0,1
1359,6,265,0,0,0,0,0,14,0,1
805,6,421,0,2,0,0,0,1,0,1
560,74,116,5,5,1,1,0,7,4,1
97,20,17,0,0,0,0,0,1,2,1
2422,9,484,0,0,0,0,0,36,0,1
106,3,26,0,0,2,1,0,0,2,1
153,0,32,0,0,0,0,0,1,0,1
265,41,37,0,0,0,0,0,1,0,1
2422,23,967,0,0,0,0,0,6,0,1
13146,28,9415,4,4,10,0,0,39,0,1
250,39,36,0,0,0,0,0,1,0,1
141,22,25,0,0,0,0,0,1,2,1
91,25,17,0,0,0,0,0,0,2,1
112,6,18,0,0,0,0,0,0,1,1
9916,44,6002,8,8,9,0,0,38,0,1
437,72,66,0,0,2,0,0,2,1,1
88,20,16,0,0,0,0,0,2,2,1
104,19,18,0,0,0,0,0,0,2,1
86,10,14,0,0,0,0,0,1,1,1
93,20,16,0,0,0,0,0,0,2,1
137,0,27,0,0,0,0,0,2,0,1
88,20,16,0,0,0,0,0,0,2,1
298,43,46,0,0,0,0,0,1,1,1
286,47,46,0,0,0,0,0,1,1,1
165,21,36,1,1,1,0,0,0,3,1
88,20,14,0,0,0,0,0,0,2,1
1192,16,256,0,0,0,0,0,13,0,1
240,37,34,0,0,0,0,0,4,0,1
103,0,26,0,0,2,1,0,0,2,1
198,26,43,1,1,2,1,0,1,1,1
105,0,26,0,0,2,1,0,0,2,1
117,9,26,1,1,2,1,0,2,2,1
96,20,16,0,0,0,0,0,0,2,1
80,20,14,0,0,0,0,0,0,2,1
33,0,9,1,1,1,1,0,0,0,1
160,0,26,0,0,0,0,0,1,0,1
308,42,48,0,0,0,0,0,1,1,1
55,1,8,0,0,0,0,0,1,0,1
91,10,16,0,0,0,0,0,2,1,1
87,20,15,0,0,0,0,0,0,2,1
424,0,95,0,0,0,0,0,6,0,1
120,12,22,0,0,0,0,0,0,1,1
84,20,15,0,0,0,0,0,0,2,1
247,43,36,0,0,0,0,0,2,0,1
296,47,46,0,0,0,0,0,3,1,1
690,255,145,6,6,3,5,0,1,1,1
114,10,26,1,1,1,1,0,0,1,1
147,20,33,1,1,0,0,0,0,2,1
54,3,8,0,0,0,0,0,0,0,1
91,10,16,0,0,0,0,0,2,1,1
288,41,42,0,0,0,0,0,4,1,1
173,16,35,1,1,2,1,0,1,2,1
157,14,32,1,1,1,0,0,2,2,1
106,19,19,0,0,0,0,0,1,2,1
682,2,192,0,0,0,0,0,8,0,1
192,3,45,1,1,2,1,0,1,2,1
259,37,35,0,0,0,0,0,2,0,1
56,0,9,0,0,0,0,0,1,0,1
110,1,22,0,0,0,0,0,1,0,1
192,0,45,0,0,0,0,0,3,0,1
167,12,16,1,1,4,1,0,2,1,1
104,25,20,0,0,0,0,0,0,2,1
578,0,106,0,0,0,0,0,8,0,1
148,1,39,1,1,2,1,0,0,2,1
908,11,204,0,0,0,0,0,22,0,1
119,20,21,0,0,0,0,0,2,2,1
114,6,27,1,1,0,1,0,0,1,1
90,20,17,0,0,0,0,0,0,2,1
55,0,12,0,0,0,0,0,0,0,1
188,2,49,1,1,2,1,0,0,2,1
340,30,96,2,2,3,4,0,0,1,1
77,1,25,0,0,2,1,0,0,2,1
87,20,18,0,0,0,0,0,0,2,1
84,24,15,0,0,0,0,0,0,2,1
135,3,34,0,0,2,1,0,2,2,1
226,45,45,2,2,6,3,0,0,2,1
39,0,8,0,0,0,0,0,0,0,1
227,39,33,0,0,0,0,0,1,0,1
255,1,57,0,0,0,0,0,5,0,1
233,42,34,0,0,0,0,0,1,0,1
623,0,124,0,0,0,0,0,8,0,1
764,6,160,0,0,0,0,0,8,0,1
95,19,18,0,0,0,0,0,0,2,1
123,14,24,0,0,0,0,0,0,1,1
97,9,21,0,0,2,1,0,0,2,1
910,0,197,0,0,0,0,0,11,0,1
91,10,16,0,0,0,0,0,2,1,1
413,7,91,0,0,0,0,0,6,0,1
238,37,34,0,0,0,0,0,1,0,1
38,5,6,0,0,0,0,0,2,0,1
134,0,36,1,1,1,1,0,1,2,1
123,20,26,0,0,0,0,0,1,2,1
100,3,30,0,0,2,1,0,1,1,1
340,13,74,3,3,2,0,0,0,2,1
173,2,51,1,1,2,1,0,1,2,1
57,8,19,0,0,0,0,0,0,0,1
134,21,23,0,0,0,0,0,1,2,1
162,0,28,0,0,0,0,0,2,0,1
175,30,35,1,1,5,3,0,0,2,1
732,1,145,0,0,0,0,0,9,0,1
661,352,208,6,6,2,0,0,1,3,1
1228,0,241,0,0,0,0,0,20,0,1
400,9,86,0,0,0,0,0,5,0,1
106,20,19,0,0,0,0,0,0,2,1
115,13,25,1,1,2,1,0,0,1,1
91,10,16,0,0,0,0,0,2,1,1
105,9,23,1,1,0,0,0,2,1,1
52,1,8,0,0,0,0,0,0,0,1
122,21,21,0,0,0,0,0,0,2,1
97,20,16,0,0,0,0,0,0,2,1
128,22,26,1,1,2,1,0,2,1,1
49,0,8,0,0,0,0,0,0,0,1
84,20,15,0,0,0,0,0,0,2,1
144,1,36,1,1,2,1,0,1,3,1
123,14,24,0,0,0,0,0,0,1,1
80,10,18,0,0,0,1,1,1,2,1
85,9,14,0,0,0,0,0,1,1,1
124,15,24,0,0,0,0,0,0,1,1
116,10,27,0,0,0,0,0,0,2,1
318,48,48,0,0,0,0,0,2,1,1
1405,4,301,0,0,0,0,0,18,0,1
575,14,173,2,2,0,0,0,0,0,1
90,26,17,0,0,0,0,0,0,2,1
659,4,138,0,0,0,0,0,4,0,1
338,0,69,0,0,0,0,0,7,0,1
386,3,81,0,0,0,0,0,2,0,1
775,2,156,0,0,0,0,0,6,0,1
112,22,20,0,0,0,0,0,0,2,1
775,0,167,0,0,0,0,0,15,0,1
120,12,22,0,0,0,0,0,0,1,1
106,19,19,0,0,0,0,0,2,2,1
109,0,26,0,0,2,1,0,0,2,1
210,5,49,1,1,3,1,0,0,2,1
108,20,17,0,0,0,0,0,0,2,1
77,19,15,0,0,0,0,0,0,2,1
98,20,16,0,0,0,0,0,2,2,1
94,0,25,0,0,2,1,0,0,1,1
58,3,9,0,0,0,0,0,0,0,1
234,37,35,0,0,0,0,0,3,0,1
113,7,19,0,0,0,0,0,0,1,1
233,40,31,0,0,0,0,0,1,0,1
102,20,18,0,0,0,0,0,1,2,1
90,19,18,0,0,0,0,0,1,2,1
114,7,19,0,0,0,0,0,0,1,1
770,5,164,0,0,0,0,0,11,0,1
86,10,14,0,0,0,0,0,1,1,1
111,20,19,0,0,0,0,0,0,2,1
632,1,126,0,0,0,0,0,8,0,1
788,5,186,0,0,0,0,0,16,0,1
82,7,19,0,0,0,0,0,0,3,1
82,4,17,0,0,2,1,0,0,2,1
113,6,18,0,0,0,0,0,0,1,1
555,74,116,5,5,2,1,0,6,4,1
730,0,145,0,0,0,0,0,12,0,1
79,9,23,0,0,1,0,0,0,3,1
96,19,19,0,0,2,1,0,0,0,1
201,27,40,1,1,2,1,0,0,1,1
393,5,86,0,0,0,0,0,5,0,1
100,18,23,0,0,2,1,0,0,2,1
314,41,46,0,0,0,0,0,4,1,1
587,7,114,0,0,0,0,0,9,0,1
82,12,24,0,0,0,2,0,0,0,1
243,39,37,0,0,0,0,0,2,0,1
93,20,18,0,0,0,0,0,0,2,1
119,20,19,0,0,0,0,0,0,2,1
107,11,23,1,1,2,1,0,0,1,1
5257,32,2773,0,3,0,0,0,29,2,1
105,5,25,1,1,1,0,0,2,3,1
151,31,40,1,1,2,0,0,1,2,1
75,20,14,0,0,0,0,0,0,2,1
83,20,15,0,0,0,0,0,0,2,1
3014,2,636,0,0,0,0,0,49,0,1
139,19,31,1,1,2,1,0,0,2,1
338,0,73,0,0,0,0,0,4,0,1
1343,0,265,0,0,0,0,0,14,0,1
530,42,97,4,4,4,2,0,4,2,1
258,45,38,0,0,0,0,0,6,0,1
971,1,199,0,0,0,0,0,14,0,1
285,45,47,0,0,0,0,0,3,1,1
111,19,21,0,0,0,0,0,1,2,1
121,13,22,0,0,0,0,0,0,1,1
118,3,30,0,0,2,1,0,1,2,1
101,20,16,0,0,0,0,0,0,2,1
121,13,22,0,0,0,0,0,0,1,1
124,0,30,0,0,2,1,0,0,1,1
481,0,98,0,0,0,0,0,8,0,1
1071,0,219,0,0,0,0,0,17,0,1
74,5,13,2,2,0,0,0,0,0,1
895,0,287,0,0,0,0,0,3,0,1
95,20,18,0,0,0,0,0,0,2,1
327,46,51,0,0,0,0,0,3,1,1
88,19,14,0,0,0,0,0,0,2,1
38,5,6,0,0,0,0,0,2,0,1
318,45,47,0,0,0,0,0,3,1,1
99,9,26,0,0,2,0,0,0,2,1
123,14,24,0,0,0,0,0,0,1,1
88,23,16,0,0,0,0,0,0,2,1
1181,9,244,0,0,0,0,0,20,0,1
579,6,109,0,0,0,0,0,11,0,1
102,0,26,0,0,2,1,0,0,2,1
132,13,27,1,1,2,1,0,1,2,1
110,10,18,0,0,0,0,0,0,1,1
313,2,65,0,0,0,0,0,7,0,1
111,0,28,0,0,2,1,0,1,2,1
94,24,16,0,0,0,0,0,0,2,1
2372,15,535,0,0,0,0,0,30,0,1
124,20,21,0,0,0,0,0,0,2,1
97,8,22,0,0,0,0,0,0,2,1
82,20,15,0,0,0,0,0,0,2,1
107,0,25,0,0,2,1,0,0,2,1
96,3,28,0,0,3,1,0,0,1,1
219,2,43,0,0,0,0,0,2,0,1
138,17,30,1,1,0,0,0,0,1,1
38,5,6,0,0,0,0,0,2,0,1
230,35,32,0,0,0,0,0,1,0,1
972,0,186,0,0,0,0,0,11,0,1
117,0,30,0,0,2,1,0,0,2,1
94,20,17,0,0,0,0,0,0,2,1
96,17,25,0,0,2,1,0,0,1,1
90,9,16,0,0,0,0,0,2,1,1
306,44,50,0,0,0,0,0,2,1,1
111,0,29,0,0,2,1,0,0,2,1
218,42,48,2,2,2,1,0,2,2,1
384,13,84,0,0,0,0,0,2,0,1
245,37,34,0,0,0,0,0,2,0,1
129,17,27,1,1,0,0,0,0,2,1
100,0,28,0,0,2,1,0,0,2,1
85,20,15,0,0,0,0,0,1,2,1
1086,4,226,0,0,0,0,0,13,0,1
100,19,17,0,0,0,0,0,0,2,1
77,1,24,0,0,2,1,0,0,2,1
117,6,18,0,0,0,0,0,0,1,1
113,13,25,1,1,1,1,0,0,2,1
95,20,17,0,0,0,0,0,0,2,1
38,5,6,0,0,0,0,0,2,0,1
955,0,200,0,0,0,0,0,11,0,1
75,20,14,0,0,0,0,0,0,2,1
81,1,25,1,1,1,1,0,0,2,1
123,14,24,0,0,0,0,0,0,1,1
642,0,132,0,0,0,0,0,9,0,1
100,20,18,0,0,0,0,0,1,2,1
102,0,29,0,0,2,1,0,1,1,1
303,41,44,0,0,0,0,0,2,1,1
1034,2,223,0,0,0,0,0,13,0,1
126,20,22,0,0,0,0,0,1,2,1
108,20,18,0,0,0,0,0,0,2,1
129,7,29,1,1,1,0,0,1,3,1
199,1,40,0,0,0,0,0,2,0,1
663,2,138,0,0,0,0,0,15,0,1
5153,209,1586,0,2,1,0,0,14,6,1
1112,5,253,0,0,0,0,0,15,0,1
186,3,43,1,1,2,1,0,1,2,1
2545,3,521,0,0,0,0,0,27,0,1
952,0,204,0,0,0,0,0,12,0,1
86,20,16,0,0,0,0,0,0,2,1
326,43,48,0,0,0,0,0,3,1,1
94,7,19,0,0,2,1,0,1,2,1
120,12,22,0,0,0,0,0,0,1,1
1036,10,224,0,0,0,0,0,20,0,1
960,1,205,0,0,0,0,0,17,0,1
417,0,89,0,0,0,0,0,3,0,1
79,20,13,0,0,0,0,0,0,2,1
127,1,30,0,0,2,1,0,0,2,1
476,4,93,0,0,0,0,0,7,0,1
596,2,124,0,0,0,0,0,6,0,1
178,1,46,3,3,4,0,0,2,0,1
89,20,17,0,0,0,0,0,1,2,1
43,0,6,0,0,0,0,0,1,0,1
87,19,10,0,0,0,0,0,0,1,1
89,1,22,0,0,2,1,0,0,2,1
188,42,35,1,1,1,1,0,1,1,1
989,1,220,0,0,0,0,0,17,0,1
293,42,43,0,0,0,0,0,2,1,1
98,1,17,0,0,0,0,0,3,2,1
85,9,14,0,0,0,0,0,1,1,1
187,2,49,1,1,2,1,0,2,2,1
177,19,39,1,1,3,1,0,0,4,1
142,22,33,1,1,0,0,0,0,1,1
1583,20,365,0,0,0,0,0,25,0,1
1054,2,193,0,0,0,0,0,18,0,1
35,1,7,1,1,0,1,0,1,0,1
69,8,14,0,0,0,0,0,2,0,1
245,36,36,0,0,0,0,0,3,0,1
80,20,15,0,0,0,0,0,0,2,1
131,24,23,0,0,0,0,0,4,2,1
82,19,14,0,0,0,0,0,0,2,1
590,0,126,0,0,0,0,0,9,0,1
100,12,21,0,0,2,1,0,1,2,1
56,5,8,0,0,0,0,0,1,0,1
1179,8,230,0,0,0,0,0,19,0,1
289,3,71,2,2,2,1,0,2,2,1
76,20,13,0,0,0,0,0,0,2,1
57,6,8,0,0,0,0,0,0,0,1
79,20,14,0,0,0,0,0,0,2,1
554,0,107,0,0,0,0,0,9,0,1
710,3,155,0,0,0,0,0,6,0,1
103,0,28,0,0,2,1,0,0,2,1
180,2,48,1,1,2,1,0,0,1,1
84,20,15,0,0,0,0,0,1,2,1
288,6,62,0,0,0,0,0,6,0,1
2071,15,461,0,0,0,0,0,34,0,1
101,22,17,0,0,0,0,0,0,2,1
167,10,33,1,1,2,1,0,0,4,1
100,0,28,0,0,2,1,0,1,2,1
110,20,23,0,0,0,0,0,0,2,1
117,6,28,1,1,0,1,0,1,1,1
33,5,4,0,0,0,0,0,1,0,1
95,22,18,0,0,0,0,0,1,2,1
737,5,153,0,0,0,0,0,13,0,1
425,8,80,0,0,0,0,0,6,0,1
175,2,48,1,1,2,1,0,1,2,1
98,11,69,0,0,0,0,0,0,0,1
81,20,13,0,0,0,0,0,1,2,1
53,1,8,0,0,0,0,0,0,0,1
155,18,27,1,1,2,1,0,1,2,1
130,10,33,0,0,2,1,0,2,2,1
323,43,51,0,0,0,0,0,4,1,1
92,19,18,0,0,0,0,0,0,2,1
228,37,34,0,0,0,0,0,2,0,1
187,2,48,1,1,2,1,0,2,2,1
224,87,70,2,2,0,0,0,1,2,1
38,5,6,0,0,0,0,0,2,0,1
148,0,35,0,0,1,1,0,0,4,1
389,35,59,3,3,0,0,0,0,4,1
1089,2,230,0,0,0,0,0,10,0,1
109,23,23,0,0,0,0,0,2,2,1
99,19,17,0,0,0,0,0,1,2,1
191,0,41,0,0,0,0,0,1,0,1
141,0,56,0,0,3,1,0,0,1,1
172,25,45,1,1,1,0,1,2,2,1
108,13,27,1,1,1,1,0,0,2,1
255,43,35,0,0,0,0,0,2,0,1
122,0,28,0,0,2,1,0,1,1,1
127,20,28,1,1,2,1,0,0,2,1
94,19,17,0,0,0,0,0,1,2,1
490,8,103,0,0,0,0,0,7,0,1
43,1,17,3,3,2,0,0,0,0,1
756,13,238,0,2,0,0,0,0,1,1
292,52,43,0,0,0,0,0,2,1,1
723,10,136,0,0,0,0,0,7,0,1
988,20,222,0,0,0,0,0,10,0,1
263,38,35,0,0,0,0,0,1,0,1
106,21,20,0,0,0,0,0,0,2,1
180,33,44,1,1,0,1,1,2,2,1
222,18,44,2,2,2,1,0,2,1,1
237,43,32,0,0,0,0,0,1,0,1
14769,21,4671,4,3,0,0,2,67,1,1
90,20,17,0,0,0,0,0,0,2,1
191,2,49,1,1,2,1,0,0,2,1
247,40,34,0,0,0,0,0,2,0,1
91,10,16,0,0,0,0,0,2,1,1
82,20,14,0,0,0,0,0,0,2,1
56,3,12,1,1,1,1,0,0,0,1
86,24,16,0,0,0,0,0,0,2,1
99,20,19,0,0,0,0,0,1,2,1
252,14,59,2,2,0,0,0,1,3,1
133,10,36,1,1,2,0,0,0,3,1
272,7,77,2,2,3,1,0,0,4,1
89,21,15,0,0,0,0,0,1,2,1
87,20,15,0,0,0,0,0,0,2,1
98,22,20,0,0,0,0,0,0,2,1
129,8,31,1,1,2,0,0,0,3,1
301,43,45,0,0,0,0,0,3,1,1
222,28,32,2,2,2,1,0,0,1,1
390,0,73,0,0,0,0,0,3,0,1
237,36,34,0,0,0,0,0,1,0,1
83,8,19,0,0,2,1,0,0,1,1
94,20,16,0,0,0,0,0,0,2,1
107,12,25,1,1,1,0,0,0,3,1
352,3,103,0,0,0,0,0,2,2,1
717,9,144,0,0,0,0,0,13,0,1
133,10,27,1,1,1,1,0,0,1,1
38,5,6,0,0,0,0,0,2,0,1
150,25,32,1,1,2,1,0,1,1,1
124,13,26,1,1,2,1,0,1,3,1
282,46,36,0,0,0,0,0,1,0,1
1229,746,356,0,0,2,0,0,0,2,1
107,4,58,2,2,0,0,0,0,0,1
117,6,18,0,0,0,0,0,0,1,1
419,191,130,3,3,0,0,0,0,1,1
115,0,29,0,0,2,1,0,0,2,1
81,20,14,0,0,0,0,0,0,2,1
288,2,58,0,0,0,0,0,4,0,1
305,0,68,0,0,0,0,0,2,0,1
129,7,35,1,1,2,1,0,0,2,1
224,31,45,1,1,4,2,0,0,1,1
91,10,16,0,0,0,0,0,2,1,1
86,20,14,0,0,0,0,0,0,2,1
102,1,30,0,0,2,1,0,0,2,1
296,45,45,0,0,0,0,0,1,1,1
97,21,19,0,0,0,0,0,0,2,1
112,9,18,0,0,0,0,0,0,1,1
103,20,18,0,0,0,0,0,0,2,1
258,14,59,2,2,0,0,0,0,2,1
81,0,14,0,0,0,0,0,1,0,1
55,2,9,0,0,0,0,0,0,0,1
81,7,19,0,0,2,1,0,0,1,1
112,6,18,0,0,0,0,0,0,1,1
202,30,43,1,1,2,1,0,0,2,1
499,0,92,0,0,0,0,0,10,0,1
983,1,198,0,0,0,0,0,14,0,1
173,2,50,1,1,2,1,0,0,2,1
115,11,22,0,0,0,0,0,0,1,1
42,8,9,0,0,0,0,0,0,0,1
482,5,110,0,0,0,0,0,5,0,1
463,1,93,0,0,0,0,0,2,0,1
75,20,13,0,0,0,0,0,0,2,1
741,2,145,0,0,0,0,0,13,0,1
122,13,24,0,0,0,0,0,0,1,1
119,0,29,0,0,2,1,0,1,2,1
53,1,8,0,0,0,0,0,0,0,1
293,40,44,0,0,0,0,0,3,1,1
785,3,169,0,0,0,0,0,6,0,1
2639,13,829,0,0,0,0,0,8,1,1
192,4,50,1,1,2,1,0,0,2,1
946,2,203,0,0,0,0,0,14,0,1
123,0,30,0,0,2,1,0,1,2,1
246,37,36,0,0,0,0,0,1,0,1
303,44,45,0,0,0,0,0,1,1,1
95,7,23,0,0,1,0,0,1,3,1
84,11,54,0,0,0,0,0,0,0,1
86,10,14,0,0,0,0,0,1,1,1
272,0,53,0,0,0,0,0,5,0,1
94,1,25,2,2,3,0,0,0,1,1
124,3,32,1,1,2,1,0,1,1,1
253,26,58,2,2,0,0,0,0,1,1
124,9,29,1,1,2,0,0,0,2,1
120,12,22,0,0,0,0,0,0,1,1
135,21,34,1,1,1,1,0,0,2,1
35,0,6,0,0,0,0,0,0,0,1
101,20,18,0,0,0,0,0,0,2,1
117,7,19,0,0,0,0,0,0,1,1
951,8,272,0,0,0,0,0,9,2,1
122,0,28,1,1,2,1,0,0,1,1
543,0,112,0,0,0,0,0,7,0,1
111,6,18,0,0,0,0,0,1,1,1
567,5,116,0,0,0,0,0,10,0,1
112,14,25,1,1,1,1,0,0,1,1
263,35,36,0,0,0,0,0,2,0,1
1432,19,293,5,3,3,0,0,1,0,1
87,20,16,0,0,0,0,0,0,2,1
154,14,30,0,0,2,1,0,1,1,1
96,20,17,0,0,0,0,0,0,2,1
101,16,29,0,0,2,1,0,0,2,1
128,0,29,0,0,2,1,0,1,2,1
111,20,22,0,0,0,0,0,0,2,1
934,0,201,0,0,0,0,0,11,0,1
166,1,39,1,1,2,0,0,0,1,1
151,19,30,1,1,0,0,0,2,2,1
114,15,20,0,0,2,1,0,0,2,1
109,7,24,1,1,1,1,0,0,1,1
80,20,16,0,0,0,0,0,1,2,1
57,5,8,0,0,0,0,0,0,0,1
98,1,25,2,2,3,0,0,0,0,1
324,47,49,0,0,0,0,0,2,1,1
139,13,29,1,1,1,1,0,0,2,1
136,9,27,1,1,1,1,0,1,2,1
112,6,18,0,0,0,0,0,0,1,1
112,7,18,0,0,0,0,0,0,1,1
116,12,22,0,0,0,0,0,0,1,1
202,5,50,1,1,3,1,0,0,1,1
111,15,21,1,1,1,1,0,0,2,1
58,3,9,0,0,0,0,0,0,0,1
170,2,50,1,1,2,1,0,0,2,1
109,14,23,1,1,1,1,0,1,1,1
280,0,62,0,0,0,0,0,3,0,1
68,8,44,0,0,0,0,0,0,0,1
2600,48,880,10,5,0,0,0,23,0,1
1562,6,327,0,0,0,0,0,27,0,1
324,3,68,0,0,0,0,0,8,0,1
493,2,105,0,0,0,0,0,9,0,1
139,13,28,1,1,2,1,0,0,2,1
182,36,40,1,1,0,1,1,1,4,1
110,21,19,0,0,0,0,0,1,2,1
77,19,15,0,0,0,0,0,1,2,1
419,3,86,0,0,0,0,0,11,0,1
110,0,26,0,0,2,1,0,0,2,1
83,4,20,0,0,0,1,0,0,2,1
90,20,16,0,0,0,0,0,0,2,1
234,23,53,2,2,3,1,0,1,3,1
95,0,26,0,0,2,1,0,0,2,1
182,2,34,0,0,0,0,0,4,0,1
107,2,29,0,0,2,1,0,0,1,1
21688,41,7063,70,71,0,0,0,201,1,1
115,21,20,0,0,0,0,0,1,2,1
388,182,122,3,3,0,0,0,1,2,1
955,0,244,0,0,0,0,0,13,6,1
125,16,25,1,1,2,1,0,0,1,1
82,20,14,0,0,0,0,0,0,2,1
121,1,31,0,0,2,1,0,1,2,1
111,0,27,0,0,2,1,0,1,2,1
571,3,135,0,0,0,0,0,8,0,1
104,19,19,0,0,0,0,0,0,2,1
366,0,74,0,0,0,0,0,4,0,1
140,0,35,1,1,1,1,0,0,1,1
297,46,49,0,0,0,0,0,2,1,1
324,46,48,0,0,0,0,0,1,1,1
145,11,33,1,1,3,0,0,0,2,1
67,6,13,0,0,0,0,0,0,2,1
657,5,134,0,0,0,0,0,8,0,1
119,0,26,0,0,2,1,0,1,1,1
49,5,8,0,0,0,0,0,0,1,1
119,21,28,1,1,2,1,0,1,2,1
297,44,42,0,0,0,0,0,2,1,1
58,0,23,2,3,2,0,0,1,1,1
106,19,24,1,1,2,1,0,0,2,1
113,13,26,1,1,2,1,0,0,2,1
193,15,47,4,5,6,1,0,1,2,1
117,13,22,0,0,0,0,0,0,1,1
313,57,58,2,2,2,1,0,0,2,1
2433,9,502,0,0,0,0,0,37,0,1
97,0,19,2,3,2,1,0,1,1,1
265,37,39,0,0,0,0,0,2,0,1
74,19,14,0,0,0,0,0,0,2,1
420,2,76,0,0,0,0,0,6,0,1
43,8,9,0,0,0,0,0,0,0,1
91,20,16,0,0,0,0,0,0,2,1
94,5,30,0,0,2,1,0,0,1,1
6041,39,2458,2,2,0,0,0,20,0,1
87,20,16,0,0,0,0,0,0,2,1
124,12,28,1,1,2,1,0,2,1,1
238,41,34,0,0,0,0,0,2,0,1
68,1,15,0,0,1,1,0,1,1,1
102,19,17,0,0,0,0,0,0,2,1
316,6,73,0,0,0,0,0,1,0,1
99,17,21,0,0,2,1,0,0,2,1
248,40,35,0,0,0,0,0,1,0,1
243,36,32,0,0,0,0,0,2,0,1
2101,68,820,13,14,0,0,0,10,1,1
107,20,19,0,0,0,0,0,0,2,1
736,4,154,0,0,0,0,0,17,0,1
758,2,149,0,0,0,0,0,12,0,1
95,19,17,0,0,0,0,0,1,2,1
701,0,150,0,0,0,0,0,6,0,1
138,25,30,1,1,2,1,0,0,1,1
138,2,36,1,1,1,1,0,1,2,1
55,5,8,0,0,0,0,0,0,0,1
100,21,18,0,0,0,0,0,0,2,1
202,3,44,1,1,2,1,0,1,1,1
57,8,8,0,0,0,0,0,0,0,1
44,3,11,1,1,1,1,1,1,0,1
100,13,26,0,0,2,1,0,1,1,1
196,0,44,1,1,2,1,0,1,1,1
113,6,18,0,0,0,0,0,0,1,1
109,20,17,0,0,0,0,0,1,2,1
88,20,17,0,0,0,0,0,1,2,1
679,0,130,0,0,0,0,0,7,0,1
630,6,120,0,0,0,0,0,8,0,1
119,6,19,0,0,0,0,0,1,1,1
115,6,18,0,0,0,0,0,0,1,1
118,6,28,0,0,2,0,0,1,3,1
109,8,18,0,0,0,0,0,0,1,1
246,40,38,0,0,0,0,0,2,0,1
124,15,24,0,0,0,0,0,0,1,1
105,15,19,0,0,2,1,0,0,0,1
268,4,55,0,0,0,0,0,3,0,1
2207,8,444,0,0,0,0,0,30,0,1
95,5,17,0,0,2,1,0,1,1,1
550,1,126,0,0,0,0,0,13,0,1
989,4,193,0,0,0,0,0,12,0,1
656,3,140,0,0,0,0,0,7,0,1
265,35,36,0,0,0,0,0,4,0,1
109,23,20,0,0,0,0,0,1,2,1
100,1,27,0,0,2,1,0,0,2,1
94,20,14,0,0,0,0,0,0,2,1
256,43,40,0,0,0,0,0,1,0,1
1055,4,224,0,0,0,0,0,15,0,1
764,8,184,0,0,0,0,0,8,0,1
161,68,38,1,1,0,0,0,0,3,1
121,1,31,0,0,2,1,0,1,2,1
247,34,36,0,0,0,0,0,1,0,1
54,2,9,0,0,0,0,0,0,0,1
95,2,29,0,0,3,1,0,0,2,1
185,18,42,1,1,0,1,0,3,2,1
491,0,96,0,0,0,0,0,9,0,1
87,20,15,0,0,0,0,0,0,2,1
106,0,25,0,0,2,1,0,0,2,1
63,0,14,0,0,0,0,0,0,0,1
83,20,15,0,0,0,0,0,0,2,1
778,10,165,0,0,0,0,0,7,0,1
88,20,15,0,0,0,0,0,0,2,1
2607,7,566,0,0,0,0,0,36,0,1
117,21,24,0,1,1,0,0,1,0,1
102,20,17,0,0,0,0,0,0,2,1
204,3,54,1,1,2,1,0,1,2,1
96,20,17,0,0,0,0,0,1,2,1
230,42,51,2,2,2,1,0,2,2,1
304,41,48,0,0,0,0,0,3,1,1
135,0,33,1,1,2,1,0,0,1,1
74,20,13,0,0,0,0,0,0,2,1
86,9,18,0,0,2,1,0,0,2,1
175,24,39,1,1,0,1,0,0,1,1
1206,5,261,0,0,0,0,0,17,0,1
1912,2,509,0,0,4,0,0,16,0,1
688,9,144,0,0,0,0,0,12,0,1
342,16,66,2,2,2,0,0,1,3,1
143,19,29,1,1,0,0,0,1,2,1
663,0,133,0,0,0,0,0,5,0,1
103,0,29,0,0,2,1,0,0,2,1
265,43,41,0,0,0,0,0,1,0,1
256,36,33,0,0,0,0,0,1,0,1
146,11,33,1,1,1,1,0,2,2,1
104,6,24,0,0,0,1,0,0,1,1
135,10,36,1,1,2,1,0,1,2,1
100,20,17,0,0,0,0,0,1,2,1
252,50,53,2,2,2,1,0,1,1,1
303,42,46,0,0,0,0,0,2,1,1
2351,8,469,0,0,0,0,0,39,1,1
249,43,37,0,0,0,0,0,1,0,1
173,3,44,1,1,2,1,0,2,2,1
79,1,17,0,0,1,1,0,0,2,1
563,10,133,0,0,0,0,0,11,0,1
1386,10,293,0,0,0,0,0,16,0,1
83,0,18,0,0,0,0,0,1,2,1
80,5,17,0,0,0,0,0,0,3,1
88,20,16,0,0,0,0,0,0,2,1
90,19,17,0,0,0,0,0,0,2,1
38,5,6,0,0,0,0,0,2,0,1
181,2,51,1,1,2,1,0,1,2,1
90,20,17,0,0,0,0,0,0,2,1
92,20,15,0,0,0,0,0,1,2,1
121,2,29,0,0,0,0,0,3,1,1
295,39,44,0,0,0,0,0,1,1,1
110,7,25,1,1,1,1,0,0,2,1
118,12,22,1,1,0,0,0,1,1,1
104,20,16,0,0,0,0,0,0,2,1
94,20,17,0,0,0,0,0,0,2,1
44,0,10,0,0,0,0,0,0,0,1
1240,80,295,0,0,0,0,0,36,0,1
90,19,17,0,0,0,0,0,1,2,1
188,4,49,1,1,2,1,0,0,2,1
573,0,111,0,0,0,0,0,9,0,1
76,19,13,0,0,0,0,0,1,2,1
1882,9,377,0,0,0,0,0,34,0,1
262,44,40,0,0,0,0,0,2,0,1
11196,45,2293,0,0,0,0,0,164,0,1
766,11,161,0,0,0,0,0,11,0,1
97,20,15,0,0,0,0,0,0,2,1
1550,0,314,0,0,0,0,0,18,0,1
2128,16,448,0,0,0,0,0,32,0,1
126,1,33,0,0,2,1,0,1,2,1
45,7,11,0,0,0,0,0,0,0,1
120,7,19,0,0,0,0,0,0,1,1
246,43,60,2,2,2,1,0,1,3,1
38,5,6,0,0,0,0,0,2,0,1
85,20,16,0,0,0,0,0,0,2,1
58,5,9,0,0,0,0,0,0,0,1
171,18,40,1,1,3,1,0,0,3,1
296,46,42,0,0,0,0,0,3,1,1
196,0,39,0,0,0,0,0,1,0,1
94,20,16,0,0,0,0,0,0,2,1
125,9,27,1,1,2,1,0,0,2,1
157,2,37,1,1,2,1,0,0,1,1
122,33,28,1,1,1,0,0,0,0,1
123,11,24,1,1,3,1,0,0,2,1
37,4,6,0,0,0,0,0,2,0,1
1239,12,268,0,0,0,0,0,26,0,1
444,66,98,4,4,2,1,0,5,5,1
349,11,68,2,2,1,0,0,0,2,1
86,20,16,0,0,0,0,0,0,2,1
182,17,38,1,1,3,1,0,1,2,1
38,5,6,0,0,0,0,0,2,0,1
67,1,13,0,0,1,1,0,0,1,1
115,8,19,0,0,0,0,0,0,1,1
192,26,36,1,1,2,1,0,1,2,1
238,18,52,1,1,2,1,0,1,2,1
365,0,72,0,0,0,0,0,4,0,1
90,9,16,0,0,0,0,0,2,1,1
165,16,42,3,3,2,1,0,1,4,1
201,6,52,1,1,1,1,0,0,1,1
131,17,26,1,1,3,1,0,0,2,1
198,5,52,1,1,2,1,0,1,2,1
135,0,30,1,1,3,1,0,3,2,1
95,20,16,0,0,0,0,0,3,2,1
276,41,41,0,0,0,0,0,1,1,1
47,7,10,0,0,0,0,0,1,0,1
171,10,36,1,1,2,1,0,1,2,1
1164,34,378,0,0,0,0,0,3,0,1
38,5,6,0,0,0,0,0,2,0,1
83,21,16,0,0,0,0,0,0,2,1
119,22,25,0,1,1,0,0,0,0,1
92,23,18,0,0,0,0,0,1,2,1
105,8,21,1,1,2,1,0,1,1,1
93,19,15,0,0,0,0,0,0,2,1
120,12,22,0,0,0,0,0,0,1,1
124,20,23,0,0,0,0,0,0,2,1
181,2,48,1,1,2,1,0,1,1,1
122,13,30,1,1,0,0,0,0,3,1
59,2,9,0,0,0,0,0,1,0,1
609,6,118,0,0,0,0,0,4,0,1
174,15,35,1,1,3,0,0,2,2,1
143,22,35,1,1,2,1,0,0,2,1
82,20,14,0,0,0,0,0,0,2,1
342,59,78,3,3,2,1,0,1,2,1
102,0,30,0,0,0,0,0,0,0,1
101,3,26,0,0,0,1,0,1,2,1
110,0,26,0,0,2,1,0,0,2,1
143,22,31,1,1,2,1,0,0,1,1
124,6,29,0,0,2,1,0,0,1,1
37,4,6,0,0,0,0,0,2,0,1
785,1,167,0,0,0,0,0,11,0,1
567,6,120,0,0,0,0,0,6,0,1
127,24,28,1,1,1,1,0,0,1,1
216,1,52,1,1,3,1,0,2,4,1
91,10,16,0,0,0,0,0,2,1,1
86,20,15,0,0,0,0,0,0,2,1
143,16,34,1,1,2,1,0,0,1,1
145,29,28,1,1,2,1,0,1,1,1
124,0,30,0,0,2,1,0,1,2,1
92,0,23,0,0,1,0,0,1,3,1
133,4,33,1,1,2,1,0,0,2,1
33,5,4,0,0,0,0,0,1,0,1
542,4,112,0,0,0,0,0,12,0,1
253,41,37,0,0,0,0,0,1,0,1
313,50,45,0,0,0,0,0,1,1,1
94,20,16,0,0,0,0,0,0,2,1
103,12,20,0,0,2,1,0,0,2,1
112,0,26,0,0,2,1,0,1,2,1
110,0,28,0,0,2,1,0,1,1,1
375,182,121,3,3,0,0,0,2,2,1
117,12,18,0,0,0,0,0,1,1,1
111,0,26,0,0,2,1,0,0,2,1
128,20,21,0,0,0,0,0,1,2,1
811,2,165,0,0,0,0,0,12,0,1
75,20,14,0,0,0,0,0,0,2,1
1031,5,212,0,0,0,0,0,14,0,1
4329,44,1531,0,0,1,0,0,10,0,1
525,4,111,0,0,0,0,0,7,0,1
108,7,25,1,1,1,1,0,2,2,1
240,40,33,0,0,0,0,0,1,0,1
101,19,17,0,0,0,0,0,1,2,1
106,19,25,1,1,2,1,0,1,1,1
91,10,16,0,0,0,0,0,2,1,1
782,3,161,0,0,0,0,0,15,0,1
123,14,24,0,0,0,0,0,0,1,1
1207,6,242,0,0,0,0,0,19,0,1
3147,3,665,0,0,0,0,0,31,0,1
88,7,16,0,0,0,0,0,2,1,1
105,11,22,1,1,2,1,0,0,2,1
58,1,8,0,0,0,0,0,0,0,1
297,48,45,0,0,0,0,0,1,1,1
249,17,53,2,2,0,0,0,2,4,1
117,20,20,0,0,0,0,0,0,2,1
2580,32,551,0,0,0,0,0,34,0,1
244,42,53,2,2,0,0,0,2,2,1
474,0,86,0,0,0,0,0,10,0,1
395,0,80,0,0,0,0,0,10,0,1
174,2,44,1,1,2,1,0,1,2,1
83,20,16,0,0,0,0,0,0,2,1
104,20,18,0,0,0,0,0,0,2,1
93,20,17,0,0,0,0,0,0,2,1
85,9,14,0,0,0,0,0,1,1,1
135,0,35,1,1,1,1,0,2,2,1
78,20,14,0,0,0,0,0,0,2,1
112,7,18,0,0,0,0,0,0,1,1
166,6,40,1,1,2,1,0,0,2,1
103,10,21,0,0,2,1,0,1,1,1
129,0,35,4,6,2,1,0,1,2,1
63,0,23,2,3,2,0,0,1,1,1
151,23,37,1,1,2,1,0,0,1,1
206,1,52,1,1,3,1,0,1,5,1
314,44,47,0,0,0,0,0,1,1,1
87,20,14,0,0,0,0,0,1,2,1
56,2,8,0,0,0,0,0,0,0,1
995,6,204,0,0,0,0,0,14,0,1
88,20,16,0,0,0,0,0,0,2,1
86,10,14,0,0,0,0,0,1,1,1
78,20,15,0,0,0,0,0,0,2,1
93,7,19,0,0,2,1,0,2,2,1
117,13,22,0,0,0,0,0,0,1,1
998,3,206,0,0,0,0,0,9,0,1
1399,10,312,0,0,0,0,0,23,0,1
55,4,8,0,0,0,0,0,0,0,1
112,21,18,0,0,0,0,0,0,2,1
111,6,18,0,0,0,0,0,0,1,1
886,0,254,0,0,0,0,0,11,0,1
112,22,23,0,0,0,0,0,0,2,1
70,7,16,0,0,0,0,0,1,0,1
143,0,117,2,2,2,0,0,0,0,1
86,10,14,0,0,0,0,0,1,1,1
692,8,145,0,0,0,0,0,8,0,1
417,58,95,3,3,4,2,0,6,4,1
898,9,199,0,0,0,0,0,15,0,1
139,4,30,1,1,0,1,0,1,2,1
106,2,30,0,0,2,1,0,0,2,1
106,21,22,0,0,0,1,0,0,2,1
192,39,43,1,1,0,1,0,3,1,1
148,19,37,1,1,2,1,0,0,2,1
91,20,15,0,0,0,0,0,0,2,1
114,0,27,0,0,2,1,0,3,2,1
462,0,136,0,0,0,0,0,0,0,1
2120,9,450,0,0,0,0,0,21,0,1
121,22,22,3,3,2,1,0,0,0,1
242,8,54,0,0,0,0,0,2,0,1
495,2,86,0,0,0,0,0,5,0,1
669,7,148,0,0,0,0,0,11,0,1
487,11,99,0,0,0,0,0,6,0,1
120,6,18,0,0,0,0,0,0,1,1
91,20,17,0,0,0,0,0,0,2,1
85,20,16,0,0,0,0,0,0,2,1
105,0,29,0,0,2,1,0,0,1,1
132,20,21,0,0,0,0,0,0,2,1
483,4,102,0,0,0,0,0,9,0,1
326,44,48,0,0,0,0,0,3,1,1
1399,2,309,0,0,0,0,0,16,0,1
90,20,16,0,0,0,0,0,0,2,1
110,15,24,1,1,1,1,0,0,2,1
38,5,6,0,0,0,0,0,2,0,1
114,0,32,0,0,2,1,0,0,1,1
232,39,32,0,0,0,0,0,1,0,1
99,22,19,0,0,0,0,0,0,2,1
295,44,43,0,0,0,0,0,2,1,1
595,0,172,0,0,1,0,0,5,0,1
94,20,15,0,0,0,0,0,0,2,1
133,1,35,0,0,3,1,0,0,2,1
110,8,27,1,1,2,1,0,1,2,1
104,22,20,0,0,0,0,0,0,2,1
327,50,46,0,0,0,0,0,4,1,1
96,20,18,0,0,0,0,0,1,2,1
107,20,22,0,0,0,0,0,1,2,1
46,6,9,0,0,0,0,0,0,0,1
114,11,30,1,1,1,0,0,0,3,1
344,44,51,0,0,0,0,0,2,1,1
49,7,11,0,0,0,0,0,1,0,1
156,20,27,0,0,0,0,0,2,2,1
323,51,48,0,0,0,0,0,2,1,1
101,20,18,0,0,0,0,0,0,2,1
126,19,22,0,0,0,0,0,2,2,1
116,6,18,0,0,0,0,0,1,1,1
83,19,15,0,0,0,0,0,0,2,1
1581,5,330,0,0,0,0,0,25,0,1
115,6,18,0,0,0,0,0,0,1,1
84,15,20,0,0,2,1,0,0,2,1
325,40,65,3,3,1,0,0,1,3,1
141,0,33,1,1,2,1,0,0,2,1
81,19,14,0,0,0,0,0,0,2,1
14034,152,3829,11,14,1,0,0,174,1,1
107,7,21,1,1,2,1,0,2,1,1
55,2,19,2,2,1,1,1,1,0,1
180,3,49,1,1,2,1,0,0,2,1
38,5,6,0,0,0,0,0,2,0,1
91,20,17,0,0,0,0,0,0,2,1
79,8,14,0,0,0,0,0,0,0,1
128,1,29,0,0,2,1,0,0,2,1
56,2,9,0,0,0,0,0,0,0,1
116,0,29,0,0,2,1,0,1,2,1
119,1,31,0,0,2,1,0,1,2,1
2480,10,897,16,16,0,0,0,17,1,1
310,45,50,0,0,0,0,0,3,1,1
38,5,6,0,0,0,0,0,2,0,1
122,20,23,0,0,0,0,0,1,2,1
94,20,17,0,0,0,0,0,0,2,1
134,17,33,1,1,2,1,0,0,1,1
180,28,48,1,1,2,1,0,0,2,1
183,2,52,1,1,2,1,0,0,2,1
96,20,16,0,0,0,0,0,0,2,1
64,8,13,0,0,0,0,0,0,0,1
255,14,60,2,2,0,0,0,0,3,1
179,30,39,1,1,2,1,0,0,2,1
94,3,24,0,0,0,1,0,2,2,1
96,20,16,0,0,0,0,0,0,2,1
141,9,30,1,1,2,1,0,1,2,1
255,37,37,0,0,0,0,0,2,0,1
123,14,24,0,0,0,0,0,0,1,1
85,20,14,0,0,0,0,0,0,2,1
106,8,28,1,1,2,0,0,0,3,1
121,13,22,0,0,0,0,0,0,1,1
141,12,29,1,1,2,1,0,0,1,1
321,0,111,0,0,0,0,0,3,0,1
93,20,16,0,0,0,0,0,0,2,1
96,20,16,0,0,0,0,0,0,2,1
195,9,48,1,1,2,0,0,0,2,1
203,0,44,0,0,0,0,0,3,0,1
108,20,20,0,0,0,0,0,1,2,1
420,192,129,3,3,0,0,0,0,1,1
92,12,19,0,0,2,1,0,1,1,1
81,20,14,0,0,0,0,0,0,2,1
1567,4,325,0,0,0,0,0,27,0,1
38,5,6,0,0,0,0,0,2,0,1
90,20,16,0,0,0,0,0,0,2,1
99,0,27,0,0,2,1,0,0,1,1
92,0,25,0,0,2,1,0,0,2,1
46,8,9,0,0,0,0,0,0,0,1
92,19,15,0,0,0,0,0,0,2,1
299,43,42,0,0,0,0,0,2,1,1
236,48,34,0,0,0,0,0,1,0,1
38,5,6,0,0,0,0,0,2,0,1
167,19,38,1,1,2,0,0,2,3,1
117,13,22,0,0,0,0,0,0,1,1
58,1,8,0,0,0,0,0,0,0,1
189,0,41,0,0,0,0,0,3,0,1
196,1,42,0,0,0,0,0,3,0,1
396,1,73,0,0,0,0,0,7,0,1
92,20,16,0,0,0,0,0,0,2,1
38,5,6,0,0,0,0,0,2,0,1
122,13,24,0,0,0,0,0,0,1,1
123,14,24,0,0,0,0,0,0,1,1
56,0,11,0,0,0,0,0,2,0,1
95,10,17,0,0,2,1,0,0,2,1
92,20,18,0,0,0,0,0,0,2,1
89,20,15,0,0,0,0,0,1,2,1
54,2,9,0,0,0,0,0,0,0,1
116,10,18,0,0,0,0,0,0,1,1
134,7,25,1,1,2,1,0,1,2,1
114,1,16,2,2,5,1,0,0,0,1
90,20,17,0,0,0,0,0,0,2,1
1580,12,320,0,0,0,0,0,24,0,1
88,1,20,2,3,2,1,0,0,1,1
141,11,34,1,1,3,1,0,0,4,1
167,34,37,1,1,2,1,0,0,2,1
110,5,21,0,0,0,0,0,1,0,1
117,13,22,0,0,0,0,0,0,1,1
38,5,6,0,0,0,0,0,2,0,1
799,8,184,0,0,0,0,0,7,0,1
86,20,15,0,0,0,0,0,0,2,1
105,20,17,0,0,0,0,0,0,2,1
512,9,104,0,0,0,0,0,6,0,1
27,0,3,0,0,0,0,0,0,0,1
92,8,17,0,0,0,0,0,1,0,1
117,13,22,0,0,0,0,0,0,1,1
282,52,42,0,0,0,0,0,2,1,1
293,6,67,0,0,0,0,0,4,0,1
206,26,47,1,1,2,1,0,1,2,1
120,8,28,0,0,2,0,0,0,2,1
121,3,29,0,0,2,1,0,0,2,1
121,0,31,0,0,2,1,0,0,2,1
299,45,48,0,0,0,0,0,3,1,1
192,0,34,0,0,0,0,0,4,0,1
81,20,14,0,0,0,0,0,0,2,1
113,4,24,0,0,0,0,0,1,0,1
173,2,48,1,1,2,1,0,1,2,1
80,8,17,0,0,0,0,0,1,0,1
293,33,54,2,2,2,1,0,7,2,1
111,0,28,0,0,2,1,0,1,1,1
59,3,9,0,0,0,0,0,1,0,1
158,0,29,0,0,0,0,0,1,0,1
1343,2,294,0,0,0,0,0,16,0,1
103,20,18,0,0,0,0,0,0,2,1
86,10,14,0,0,0,0,0,1,1,1
128,0,30,0,0,2,1,0,1,2,1
124,6,25,1,1,1,0,0,1,3,1
325,45,53,0,0,0,0,0,1,1,1
175,2,50,1,1,2,1,0,0,2,1
143,7,28,1,1,2,1,0,1,2,1
55,1,8,0,0,0,0,0,1,0,1
90,8,20,0,0,2,1,0,1,1,1
76,9,15,0,0,0,0,0,0,0,1
90,20,16,0,0,0,0,0,0,2,1
798,12,173,0,0,0,0,0,10,0,1
632,3,129,0,0,0,0,0,10,0,1
33,5,4,0,0,0,0,0,1,0,1
131,20,22,0,0,0,0,0,0,2,1
125,22,24,0,0,0,0,0,0,2,1
1013,0,198,0,0,0,0,0,21,0,1
140,18,34,1,1,2,1,0,0,2,1
89,20,15,0,0,0,0,0,0,2,1
335,2,67,0,0,0,0,0,2,0,1
94,20,16,0,0,0,0,0,1,2,1
266,46,36,0,0,0,0,0,1,0,1
162,1,39,1,1,2,1,0,0,1,1
817,0,187,0,0,0,0,0,9,0,1
123,14,24,0,0,0,0,0,0,1,1
88,20,15,0,0,0,0,0,1,2,1
55,6,9,0,0,0,0,0,0,0,1
122,11,29,1,1,2,1,0,0,2,1
248,36,35,0,0,0,0,0,3,0,1
94,0,28,0,0,2,1,0,0,1,1
110,10,28,0,0,0,1,0,2,1,1
163,24,35,1,1,2,1,0,0,1,1
155,1,37,1,1,2,1,0,2,2,1
997,4,200,0,0,0,0,0,10,0,1
93,20,17,0,0,0,0,0,0,2,1
298,45,81,2,2,3,5,0,0,1,1
1477,14,299,0,0,0,0,0,11,0,1
56,5,8,0,0,0,0,0,0,0,1
98,20,18,0,0,0,0,0,1,2,1
120,0,27,0,0,2,1,0,0,2,1
99,20,20,0,0,0,0,0,0,2,1
104,20,20,0,0,0,0,0,1,2,1
94,20,16,0,0,0,0,0,1,2,1
856,7,192,0,0,0,0,0,9,0,1
549,0,103,0,0,0,0,0,13,0,1
47,1,8,0,0,0,0,0,0,0,1
92,20,17,0,0,0,0,0,0,2,1
110,0,35,1,1,0,0,0,1,0,1
1839,3,364,0,0,0,0,0,36,0,1
277,102,73,2,2,2,1,0,0,1,1
118,9,30,0,0,3,1,0,1,1,1
110,0,25,0,0,2,1,0,1,2,1
233,0,56,0,0,0,0,0,3,0,1
121,1,32,0,0,2,1,0,0,1,1
104,22,18,0,0,0,0,0,0,2,1
93,20,16,0,0,0,0,0,0,2,1
931,2,195,0,0,0,0,0,16,0,1
86,10,14,0,0,0,0,0,1,1,1
1006,48,285,8,7,0,0,0,5,14,1
86,10,14,0,0,0,0,0,1,1,1
689,2,134,0,0,0,0,0,12,0,1
284,45,43,0,0,0,0,0,2,1,1
289,43,45,0,0,0,0,0,3,1,1
90,8,21,0,0,2,1,0,0,1,1
325,48,46,0,0,0,0,0,2,1,1
411,1,80,0,0,0,0,0,3,0,1
95,3,25,0,0,0,1,0,1,1,1
57,0,8,0,0,0,0,0,2,0,1
91,2,23,0,0,0,0,0,0,0,1
2142,18,451,0,0,0,0,0,24,0,1
204,4,52,1,1,2,1,0,2,2,1
316,41,46,0,0,0,0,0,2,1,1
115,2,28,0,0,2,1,0,0,2,1
46,0,7,0,0,0,0,0,1,0,1
279,4,50,0,0,0,0,0,5,0,1
91,10,16,0,0,0,0,0,2,1,1
47,4,13,2,3,3,1,0,0,0,1
198,4,51,1,1,2,1,0,0,2,1
340,7,113,0,0,1,0,0,2,1,1
449,117,92,4,4,3,5,0,0,2,1
112,20,22,0,0,0,0,0,1,2,1
111,0,26,0,0,2,1,0,0,1,1
430,6,90,0,0,0,0,0,8,0,1
3054,55,696,0,0,0,0,0,54,2,1
136,3,33,0,0,2,1,0,2,1,1
264,37,37,0,0,0,0,0,1,0,1
97,3,26,0,0,0,1,0,2,2,1
165,16,37,1,1,2,1,0,0,2,1
1359,5,293,0,0,0,0,0,21,0,1
1727,6,359,0,0,0,0,0,22,0,1
152,9,35,1,1,3,0,0,1,3,1
81,20,14,0,0,0,0,0,0,2,1
81,20,14,0,0,0,0,0,0,2,1
95,20,19,0,0,0,0,0,0,2,1
102,20,20,0,0,0,0,0,0,2,1
59,3,8,0,0,0,0,0,0,0,1
33,5,4,0,0,0,0,0,1,0,1
125,0,29,0,0,2,1,0,1,2,1
56,6,9,0,0,0,0,0,0,0,1
181,21,39,1,1,2,1,0,2,2,1
121,13,22,0,0,0,0,0,0,1,1
90,19,17,0,0,0,0,0,0,2,1
86,0,22,0,0,0,1,0,3,1,1
132,9,24,1,1,2,1,0,1,2,1
1988,6,396,0,0,1,0,0,25,0,1
90,21,16,0,0,0,0,0,0,2,1
165,0,36,1,1,2,0,0,5,2,1
403,1,77,0,0,0,0,0,3,0,1
48,0,12,0,0,0,0,0,1,0,1
116,6,19,0,0,0,0,0,0,1,1
2895,11,607,0,0,0,0,0,34,0,1
140,2,34,1,1,2,1,0,1,2,1
119,0,30,0,0,2,1,0,3,2,1
90,20,16,0,0,0,0,0,0,2,1
100,0,27,0,0,2,1,0,0,1,1
191,17,38,1,1,2,1,0,0,2,1
61,8,12,0,0,0,0,0,0,0,1
150,6,39,1,1,2,1,0,0,2,1
273,43,55,2,2,2,1,0,0,2,1
124,1,37,0,0,2,1,0,0,2,1
103,19,19,0,0,0,0,0,0,2,1
150,7,31,1,1,2,1,0,2,1,1
6081,119,2363,41,39,0,0,0,52,0,1
442,2,92,0,0,0,0,0,6,0,1
328,0,70,0,0,0,0,0,3,0,1
301,8,67,0,0,0,0,0,7,0,1
101,0,25,0,0,2,1,0,0,2,1
297,47,46,0,0,0,0,0,1,1,1
902,5,178,0,0,0,0,0,9,0,1
92,20,16,0,0,0,0,0,0,2,1
108,6,18,0,0,0,0,0,0,1,1
213,7,39,0,0,0,0,0,5,0,1
123,1,31,0,0,2,1,0,1,2,1
218,18,41,2,2,0,0,0,1,3,1
54,5,8,0,0,0,0,0,0,0,1
1412,2,289,0,0,0,0,0,23,0,1
79,2,17,0,0,0,0,0,2,3,1
225,41,50,2,2,0,0,0,3,2,1
80,20,15,0,0,0,0,0,0,2,1
81,20,15,0,0,0,0,0,1,2,1
101,0,28,0,0,2,1,0,1,2,1
173,30,38,1,1,1,1,0,1,2,1
219,2,56,1,1,2,1,0,1,2,1
191,17,45,1,1,4,0,0,0,2,1
76,0,17,2,2,2,0,0,0,2,1
157,4,37,1,1,3,1,0,0,1,1
110,2,30,0,0,2,1,0,1,1,1
91,19,16,0,0,0,0,0,0,2,1
453,0,95,0,0,0,0,0,4,0,1
133,13,28,1,1,2,1,0,1,2,1
121,7,25,1,1,2,1,0,2,1,1
475,4,97,0,0,0,0,0,6,0,1
199,27,38,1,1,1,1,0,0,2,1
180,22,39,1,1,0,0,0,1,3,1
152,10,36,1,1,2,1,0,0,2,1
86,0,27,4,4,1,1,0,0,0,1
115,3,30,0,0,2,1,0,2,1,1
52,1,8,0,0,0,0,0,0,0,1
397,68,84,3,3,4,2,0,1,3,1
257,38,35,0,0,0,0,0,1,0,1
262,42,37,0,0,0,0,0,1,0,1
123,5,30,0,0,2,1,0,1,2,1
88,20,15,0,0,0,0,0,0,2,1
76,20,13,0,0,0,0,0,0,2,1
1332,0,356,0,0,0,0,0,2,0,1
538,0,119,0,0,0,0,0,10,0,1
38,5,6,0,0,0,0,0,2,0,1
124,21,28,1,1,2,1,0,1,2,1
2803,209,1119,1,1,0,0,0,22,18,1
94,22,16,0,0,0,0,0,0,2,1
296,40,43,0,0,0,0,0,5,1,1
117,3,31,0,0,2,1,0,1,2,1
289,43,46,0,0,0,0,0,2,1,1
904,12,184,0,0,0,0,0,14,0,1
126,5,34,0,0,2,1,0,0,2,1
246,40,34,0,0,0,0,0,3,0,1
89,23,17,0,0,0,0,0,0,2,1
2291,9,524,0,0,0,0,0,31,0,1
124,17,29,1,1,2,1,0,0,2,1
1543,7,312,0,0,0,0,0,18,0,1
130,11,30,1,1,2,0,0,1,1,1
123,15,28,1,1,2,1,0,0,1,1
76,1,35,2,2,3,1,0,0,0,1
45,8,11,0,0,0,0,0,0,0,1
393,0,85,0,0,0,0,0,5,0,1
1546,17,354,0,0,0,0,0,23,0,1
38,5,6,0,0,0,0,0,2,0,1
84,1,13,0,0,0,0,0,0,2,1
1812,4,384,0,0,0,0,0,31,0,1
179,34,38,1,1,2,0,0,0,1,1
114,20,19,0,0,0,0,0,0,2,1
243,44,33,0,0,0,0,0,1,0,1
115,11,19,0,0,0,0,0,0,1,1
254,37,36,0,0,0,0,0,2,0,1
57,5,8,0,0,0,0,0,0,0,1
91,10,16,0,0,0,0,0,2,1,1
252,38,35,0,0,0,0,0,1,0,1
86,20,15,0,0,0,0,0,0,2,1
1100,14,423,1,3,0,0,0,4,2,1
4112,102,1375,0,0,0,0,0,3,0,1
99,20,18,0,0,0,0,0,0,2,1
2801,1,519,0,0,0,0,0,47,0,1
113,4,28,0,0,2,1,0,0,2,1
1003,5,203,0,0,0,0,0,15,0,1
42,8,9,0,0,0,0,0,0,0,1
112,0,26,0,0,3,1,0,2,2,1
86,10,14,0,0,0,0,0,1,1,1
186,19,37,1,1,2,0,0,0,2,1
932,2,201,0,0,0,0,0,11,0,1
96,20,15,0,0,0,0,0,0,2,1
87,20,16,0,0,0,0,0,0,2,1
104,5,26,0,0,2,1,0,1,1,1
154,6,35,1,1,2,1,0,0,2,1
60,0,16,1,1,1,1,0,0,0,1
115,6,20,0,0,0,0,0,0,1,1
86,10,14,0,0,0,0,0,1,1,1
134,24,27,1,1,3,1,0,0,1,1
172,17,41,1,1,3,1,0,1,2,1
93,22,16,0,0,0,0,0,1,2,1
88,19,15,0,0,0,0,0,0,2,1
99,20,16,0,0,0,0,0,1,2,1
173,19,38,1,1,2,1,0,1,2,1
118,20,25,0,0,0,0,0,1,2,1
568,0,127,0,0,0,0,0,9,0,1
1016,5,205,0,0,0,0,0,17,0,1
89,21,16,0,0,0,0,0,0,2,1
243,36,33,0,0,0,0,0,5,0,1
178,4,50,1,1,2,1,0,0,2,1
96,20,20,0,0,0,0,0,0,2,1
105,0,25,0,0,2,1,0,0,2,1
319,49,49,0,0,0,0,0,5,1,1
175,2,49,1,1,2,1,0,1,2,1
55,2,11,1,1,1,1,0,0,0,1
111,6,18,0,0,0,0,0,0,1,1
306,44,49,0,0,0,0,0,2,1,1
319,49,47,0,0,0,0,0,2,1,1
118,20,22,0,0,0,0,0,0,2,1
425,0,92,0,0,0,0,0,2,0,1
302,47,45,0,0,0,0,0,1,1,1
91,10,16,0,0,0,0,0,2,1,1
975,9,194,0,0,0,0,0,14,0,1
2073,11,433,0,0,0,0,0,38,0,1
163,18,34,1,1,0,1,0,1,2,1
33,5,4,0,0,0,0,0,1,0,1
186,28,42,1,1,2,1,0,1,2,1
55,0,16,2,2,2,0,0,1,1,1
151,21,33,0,0,2,1,0,1,2,1
231,41,37,0,0,0,0,0,2,0,1
102,20,16,0,0,0,0,0,0,2,1
103,20,21,0,0,0,0,0,0,2,1
108,20,20,0,0,0,0,0,0,2,1
117,15,32,1,1,2,1,0,0,2,1
135,13,27,1,1,3,0,0,0,1,1
38,5,6,0,0,0,0,0,2,0,1
105,20,21,0,0,0,0,0,0,2,1
832,3,204,0,0,0,0,0,14,0,1
374,182,121,3,3,0,0,0,1,2,1
101,1,27,0,0,2,1,0,0,2,1
115,20,18,0,0,0,0,0,3,2,1
101,0,26,0,0,2,1,0,0,1,1
115,22,22,0,0,0,0,0,0,2,1
880,5,192,0,0,0,0,0,7,0,1
102,20,17,0,0,0,0,0,1,2,1
116,20,22,0,0,0,0,0,2,2,1
252,14,59,2,2,0,0,0,1,3,1
198,4,49,1,1,1,1,0,0,1,1
1193,5,253,0,0,0,0,0,17,0,1
386,190,127,3,3,0,0,0,0,2,1
100,22,18,0,0,0,0,0,0,2,1
104,9,21,0,0,2,1,0,0,1,1
258,3,52,0,0,0,0,0,4,0,1
194,35,47,1,1,3,1,0,0,1,1
80,19,15,0,0,0,0,0,0,2,1
186,2,51,1,1,2,1,0,1,2,1
507,2,116,0,0,0,0,0,6,0,1
270,3,63,0,0,0,0,0,4,0,1
195,15,42,1,1,3,1,0,1,2,1
98,20,19,0,0,0,0,0,1,2,1
225,5,46,0,0,0,0,0,2,0,1
132,4,33,0,0,2,1,0,2,2,1
87,12,19,0,0,2,1,0,1,1,1
250,14,59,2,2,0,0,0,1,2,1
80,19,15,0,0,0,0,0,0,2,1
33,5,4,0,0,0,0,0,1,0,1
102,19,18,0,0,0,0,0,0,2,1
301,42,44,0,0,0,0,0,2,1,1
85,20,16,0,0,0,0,0,0,2,1
1467,0,295,0,0,0,0,0,17,0,1
88,23,16,0,0,0,0,0,0,2,1
229,20,53,2,2,3,0,0,2,3,1
76,20,14,0,0,0,0,0,1,2,1
86,10,14,0,0,0,0,0,1,1,1
177,7,45,1,1,2,1,0,0,2,1
109,0,29,0,0,2,1,0,0,2,1
303,44,46,0,0,0,0,0,1,1,1
308,42,44,0,0,0,0,0,1,1,1
548,4,110,0,0,0,0,0,5,0,1
46,6,12,0,0,0,0,0,0,0,1
105,20,22,0,0,0,0,0,2,2,1
93,7,23,0,0,2,1,0,0,2,1
101,20,16,0,0,0,0,0,1,2,1
85,5,18,0,0,3,1,0,1,1,1
252,42,35,0,0,0,0,0,4,0,1
320,48,46,0,0,0,0,0,3,1,1
1435,18,309,0,0,0,0,0,23,0,1
318,50,48,0,0,0,0,0,2,1,1
103,20,19,0,0,0,0,0,1,2,1
2170,66,470,0,0,0,0,0,21,0,1
175,6,39,1,1,3,1,0,1,2,1
116,13,18,0,0,0,0,0,1,1,1
91,8,18,0,0,2,1,0,0,2,1
72,0,19,0,0,0,0,0,0,3,1
113,4,29,0,0,0,1,0,0,2,1
82,20,15,0,0,0,0,0,0,2,1
139,21,39,1,1,2,1,0,0,2,1
681,1,138,0,0,0,0,0,10,0,1
794,0,195,0,0,0,0,0,34,0,1
90,20,18,0,0,0,0,0,0,2,1
165,0,32,0,0,0,0,0,2,0,1
1352,3,287,0,0,0,0,0,15,0,1
133,19,22,0,0,0,0,0,1,2,1
2586,23,823,2,8,0,0,0,5,0,1
62,6,16,0,0,0,0,0,1,0,1
242,42,33,0,0,0,0,0,2,0,1
99,22,18,0,0,0,0,0,1,2,1
106,19,19,0,0,0,0,0,1,2,1
134,0,33,1,1,2,1,0,1,2,1
167,19,38,1,1,2,0,0,2,3,1
137,20,34,1,1,1,1,0,0,2,1
17,0,3,0,0,0,0,0,0,0,1
482,2,95,0,0,0,0,0,8,0,1
141,9,25,0,0,0,0,0,0,4,1
322,0,61,0,0,0,0,0,8,0,1
149,14,35,1,1,2,0,0,0,2,1
117,13,22,0,0,0,0,0,0,1,1
164,16,36,1,1,2,1,0,1,3,1
997,1,223,0,0,0,0,0,8,0,1
91,19,17,0,0,0,0,0,0,2,1
59,1,16,3,3,0,0,0,0,0,1
376,0,71,0,0,0,0,0,5,0,1
4919,15,1038,0,0,0,0,0,76,0,1
248,21,43,0,0,2,1,0,1,1,1
70,3,17,2,2,2,1,0,0,0,1
919,0,201,0,0,0,0,0,18,0,1
79,20,14,0,0,0,0,0,1,2,1
281,42,39,0,0,0,0,0,2,1,1
60,7,13,0,0,0,0,0,1,0,1
547,1,105,0,0,0,0,0,4,0,1
127,20,22,0,0,0,0,0,0,2,1
186,2,49,1,1,2,1,0,1,2,1
109,2,30,0,0,2,1,0,0,2,1
258,39,37,0,0,0,0,0,2,0,1
84,19,15,0,0,0,0,0,0,2,1
258,39,39,0,0,0,0,0,1,0,1
91,20,17,0,0,0,0,0,0,2,1
658,3,133,0,0,0,0,0,10,0,1
481,0,101,0,0,0,0,0,7,0,1
113,11,18,0,0,0,0,0,0,1,1
117,20,20,0,0,0,0,0,1,2,1
118,15,26,1,1,2,1,0,1,2,1
85,19,15,0,0,0,0,0,0,2,1
433,0,83,0,0,0,0,0,5,0,1
121,22,23,0,0,0,0,0,1,2,1
107,0,28,0,0,2,1,0,1,1,1
91,10,16,0,0,0,0,0,2,1,1
2036,5,404,0,0,0,0,0,26,0,1
86,10,14,0,0,0,0,0,1,1,1
120,12,22,0,0,0,0,0,0,1,1
754,0,162,0,0,0,0,0,11,0,1
59,2,8,0,0,0,0,0,0,0,1
151,5,41,1,1,2,1,0,0,2,1
297,41,43,0,0,0,0,0,3,1,1
383,0,74,0,0,0,0,0,5,0,1
54,2,9,0,0,0,0,0,0,0,1
181,21,33,1,1,1,1,0,0,1,1
145,4,37,1,1,2,1,0,2,1,1
120,13,18,0,0,0,0,0,0,1,1
156,5,41,1,1,2,1,0,0,2,1
73,7,18,0,0,2,1,0,0,1,1
107,23,20,0,0,0,0,0,1,2,1
162,14,32,1,1,2,1,0,3,2,1
96,0,26,0,0,2,1,0,0,2,1
153,25,39,1,1,2,1,0,1,1,1
38,5,6,0,0,0,0,0,2,0,1
489,122,107,4,4,2,5,0,0,1,1
113,6,18,0,0,0,0,0,0,1,1
328,6,80,2,2,8,2,0,2,2,1
1476,11,306,0,0,0,0,0,24,0,1
718,5,135,0,0,0,0,0,12,0,1
93,3,24,0,0,2,1,0,0,1,1
123,15,28,1,1,2,1,0,0,1,1
604,17,253,0,0,0,0,0,2,2,1
1211,16,287,0,0,0,0,0,12,0,1
197,0,38,0,0,0,0,0,2,0,1
92,20,17,0,0,0,0,0,2,2,1
2794,16,577,0,0,0,0,0,16,2,1
1501,9,309,0,0,0,0,0,11,0,1
85,20,17,0,0,0,0,0,0,2,1
227,43,48,2,2,6,3,0,0,2,1
108,0,27,0,0,2,1,0,0,1,1
89,19,15,0,0,0,0,0,0,2,1
125,0,29,1,1,2,1,0,0,2,1
114,0,29,0,0,2,1,0,1,2,1
323,47,48,0,0,0,0,0,4,1,1
58,6,11,0,0,0,0,0,1,0,1
480,0,92,0,0,0,0,0,8,0,1
319,46,48,0,0,0,0,0,2,1,1
899,9,203,0,0,0,0,0,7,0,1
91,10,16,0,0,0,0,0,2,1,1
117,20,22,0,0,0,0,0,0,2,1
237,37,32,0,0,0,0,0,1,0,1
104,20,19,0,0,0,0,0,1,2,1
110,1,30,0,0,2,1,0,2,2,1
120,20,32,1,1,2,1,0,1,1,1
118,0,30,0,0,2,1,0,0,2,1
1179,2,239,0,0,0,0,0,23,0,1
99,13,24,0,0,2,1,0,0,2,1
110,0,26,0,0,3,1,0,1,2,1
110,20,19,0,0,0,0,0,0,2,1
104,20,22,0,0,0,0,0,1,2,1
1209,2,243,0,0,0,0,0,16,0,1
47,5,8,0,0,0,0,0,0,1,1
91,10,16,0,0,0,0,0,2,1,1
1395,0,291,0,0,0,0,0,22,0,1
98,4,20,0,0,2,1,0,1,2,1
115,4,31,0,0,2,1,0,0,1,1
105,20,19,0,0,0,0,0,1,2,1
114,0,24,1,1,0,0,0,0,3,1
185,9,99,1,1,3,1,0,0,1,1
279,45,41,0,0,0,0,0,1,1,1
27,0,8,2,0,1,0,0,0,0,1
92,20,19,0,0,0,0,0,0,2,1
128,0,33,0,0,2,1,0,1,2,1
461,0,82,0,0,0,0,0,5,0,1
1204,1,240,0,0,0,0,0,23,0,1
87,19,16,0,0,0,0,0,0,2,1
32,4,4,0,0,0,0,0,1,0,1
298,49,44,0,0,0,0,0,3,1,1
86,22,16,0,0,0,0,0,0,2,1
53,3,8,0,0,0,0,0,0,0,1
107,0,30,0,0,2,1,0,1,2,1
1665,9,352,0,0,0,0,0,18,0,1
135,0,32,2,2,2,0,0,1,0,1
92,22,17,0,0,0,0,0,0,2,1
100,20,16,0,0,0,0,0,1,2,1
86,19,16,0,0,0,0,0,1,2,1
100,20,18,0,0,0,0,0,0,2,1
251,43,34,0,0,0,0,0,2,0,1
116,12,22,0,0,0,0,0,0,1,1
84,20,14,0,0,0,0,0,0,2,1
446,86,87,4,4,11,6,0,0,1,1
254,16,61,2,2,0,0,0,0,4,1
258,26,59,2,2,0,0,0,1,2,1
79,7,19,0,0,1,1,0,0,1,1
38,5,6,0,0,0,0,0,2,0,1
106,0,30,0,0,2,1,0,0,2,1
114,6,18,0,0,0,0,0,0,1,1
107,20,19,0,0,0,0,0,1,2,1
102,20,17,0,0,0,0,0,0,2,1
112,13,24,1,1,1,1,0,0,1,1
486,0,98,0,0,0,0,0,4,0,1
14375,31,5037,0,0,1,0,0,50,2,1
100,20,19,0,0,0,0,0,0,2,1
420,7,86,0,0,0,0,0,4,0,1
415,191,129,3,3,0,0,0,0,1,1
731,0,161,0,0,0,0,0,14,0,1
487,0,97,0,0,0,0,0,10,0,1
114,20,20,0,0,0,0,0,0,2,1
1071,7,232,0,0,0,0,0,12,0,1
58,1,8,0,0,0,0,0,0,0,1
104,20,17,0,0,0,0,0,2,2,1
89,20,17,0,0,0,0,0,0,2,1
102,0,29,0,0,2,1,0,0,2,1
204,44,47,1,1,0,1,0,3,2,1
91,10,16,0,0,0,0,0,2,1,1
118,12,27,1,1,2,1,0,0,2,1
107,20,19,0,0,0,0,0,1,2,1
244,19,54,2,2,2,1,0,6,1,1
246,36,52,2,2,2,1,0,0,1,1
1200,4,242,0,0,0,0,0,16,0,1
107,19,20,0,0,0,0,0,1,2,1
89,20,17,0,0,0,0,0,0,2,1
77,14,18,0,0,0,1,0,0,1,1
120,0,25,0,0,0,0,0,2,0,1
99,0,25,0,0,2,1,0,0,2,1
147,17,28,1,1,0,0,0,3,1,1
16,1,10,0,0,0,1,0,0,0,1
116,12,24,1,1,2,1,0,0,2,1
96,20,18,0,0,0,0,0,1,2,1
245,16,47,2,2,1,1,0,0,2,1
245,44,34,0,0,0,0,0,3,0,1
410,8,102,0,0,0,0,0,7,0,1
104,20,20,0,0,0,0,0,1,2,1
306,46,44,0,0,0,0,0,3,1,1
120,1,31,0,0,2,1,0,1,2,1
216,11,53,1,1,2,1,0,1,1,1
246,40,32,0,0,0,0,0,1,0,1
370,0,78,0,0,0,0,0,4,0,1
175,39,44,1,1,0,1,0,2,2,1
253,42,34,0,0,0,0,0,1,0,1
127,0,31,0,0,2,1,0,1,2,1
91,20,15,0,0,0,0,0,0,2,1
305,45,81,2,2,3,5,0,0,2,1
114,16,26,1,1,2,1,0,0,1,1
184,34,40,1,1,2,1,0,1,1,1
41,0,6,0,0,0,0,0,0,0,1
313,41,46,0,0,0,0,0,2,1,1
92,20,14,0,0,0,0,0,0,2,1
89,20,15,0,0,0,0,0,0,2,1
94,20,17,0,0,0,0,0,0,2,1
326,47,51,0,0,0,0,0,1,1,1
60,8,9,0,0,0,0,0,0,0,1
63,11,36,0,0,0,0,0,0,0,1
98,19,16,0,0,0,0,0,0,2,1
115,24,21,0,0,0,0,0,0,2,1
96,19,17,0,0,0,0,0,0,2,1
55,5,8,0,0,0,0,0,0,0,1
158,27,32,0,0,2,1,0,0,1,1
91,10,19,0,0,2,1,0,0,1,1
96,11,22,0,0,2,1,0,1,2,1
132,0,31,1,1,2,1,0,0,2,1
303,46,45,0,0,0,0,0,2,1,1
144,23,28,1,1,2,1,0,2,1,1
38,5,6,0,0,0,0,0,2,0,1
450,4,91,0,0,0,0,0,6,0,1
129,0,30,0,0,2,1,0,1,2,1
566,0,99,0,0,0,0,0,2,0,1
101,20,19,0,0,0,0,0,0,2,1
82,20,16,0,0,0,0,0,0,2,1
113,9,18,0,0,0,0,0,0,1,1
174,0,42,1,1,2,1,0,1,1,1
263,40,36,0,0,0,0,0,4,0,1
55,3,8,0,0,0,0,0,0,0,1
457,15,135,4,4,3,0,0,6,0,1
135,2,34,1,1,2,1,0,0,2,1
1076,3,219,0,0,0,0,0,17,0,1
810,8,164,0,0,0,0,0,12,0,1
146,0,37,1,1,2,1,0,1,1,1
198,1,40,0,0,0,0,0,4,0,1
110,0,27,0,0,2,1,0,0,2,1
94,20,18,0,0,0,0,0,0,2,1
1287,11,260,0,0,0,0,0,10,0,1
106,7,23,1,1,2,1,0,0,1,1
627,1,131,0,0,0,0,0,14,0,1
98,7,22,0,0,1,1,0,1,1,1
106,10,24,1,1,2,1,0,0,2,1
697,0,139,0,0,0,0,0,4,0,1
2152,5,491,0,0,0,0,0,28,0,1
132,1,34,1,1,1,0,0,0,2,1
79,0,16,0,0,0,0,0,0,2,1
93,1,25,0,0,2,1,0,1,1,1
422,0,80,0,0,0,0,0,5,0,1
83,19,15,0,0,0,0,0,0,2,1
137,15,27,1,1,2,1,0,0,1,1
189,1,36,0,0,0,0,0,2,0,1
83,23,17,0,0,0,0,0,0,2,1
117,13,22,0,0,0,0,0,0,1,1
721,2,145,0,0,0,0,0,19,0,1
508,1,104,0,0,0,0,0,11,0,1
85,9,14,0,0,0,0,0,1,1,1
187,39,45,1,1,0,1,0,3,1,1
100,19,20,0,0,0,0,0,1,2,1
134,6,32,1,1,2,1,0,1,2,1
86,10,14,0,0,0,0,0,1,1,1
94,20,18,0,0,0,0,0,0,2,1
142,14,34,1,1,0,0,0,0,2,1
121,20,20,0,0,0,0,0,0,2,1
71,0,10,0,0,0,0,0,0,0,1
98,20,17,0,0,0,0,0,0,2,1
92,1,12,0,0,0,0,0,1,1,1
152,19,35,1,1,2,1,0,0,2,1
243,38,34,0,0,0,0,0,4,0,1
519,2,102,0,0,0,0,0,12,0,1
1251,2,273,0,0,0,0,0,19,0,1
133,0,31,1,1,3,1,0,1,2,1
114,13,18,0,0,0,0,0,0,1,1
114,7,18,0,0,0,0,0,0,1,1
227,37,33,0,0,0,0,0,2,0,1
90,20,16,0,0,0,0,0,0,2,1
450,4,96,0,0,0,0,0,8,0,1
236,37,34,0,0,0,0,0,2,0,1
254,40,38,0,0,0,0,0,3,0,1
36,8,8,0,0,0,0,0,0,0,1
195,2,50,1,1,1,1,0,1,2,1
360,3,75,0,0,0,0,0,3,0,1
209,21,45,1,1,1,1,0,1,2,1
95,1,25,0,0,2,1,0,0,2,1
116,7,23,1,1,0,0,0,2,3,1
16944,77,3618,0,0,0,0,0,216,0,1
109,0,29,0,0,2,1,0,0,2,1
115,6,19,0,0,0,0,0,1,1,1
86,10,14,0,0,0,0,0,1,1,1
321,55,48,0,0,0,0,0,2,1,1
118,13,19,0,0,0,0,0,0,1,1
188,21,34,1,1,2,0,0,0,2,1
882,4,167,0,0,0,0,0,9,0,1
2448,25,544,0,0,0,0,0,37,0,1
295,7,67,0,0,0,0,0,5,0,1
111,9,18,0,0,0,0,0,0,1,1
108,19,20,0,0,0,0,0,0,2,1
122,0,29,0,0,2,1,0,2,1,1
1283,1,265,0,0,0,0,0,18,0,1
130,0,29,1,1,1,1,0,1,2,1
58,1,8,0,0,0,0,0,0,0,1
1466,4,323,0,0,0,0,0,11,0,1
144,3,35,1,1,3,1,0,1,2,1
286,42,44,0,0,0,0,0,1,1,1
175,0,36,0,0,0,0,0,1,0,1
862,3,200,0,0,0,0,0,12,0,1
80,20,15,0,0,0,0,0,0,2,1
84,19,15,0,0,0,0,0,0,2,1
33,5,4,0,0,0,0,0,1,0,1
123,14,24,0,0,0,0,0,0,1,1
86,20,15,0,0,0,0,0,0,2,1
298,46,46,0,0,0,0,0,2,1,1
397,6,82,0,0,0,0,0,7,0,1
83,19,15,0,0,0,0,0,0,2,1
85,11,20,0,0,2,1,0,0,1,1
51,0,8,0,0,0,0,0,0,0,1
117,10,18,0,0,0,0,0,0,1,1
88,20,15,0,0,0,0,0,0,2,1
505,3,99,0,0,0,0,0,6,0,1
67,1,13,0,0,1,1,0,0,1,1
90,1,25,0,0,1,1,0,0,1,1
103,2,30,0,0,2,1,0,0,2,1
1798,2,386,0,0,0,0,0,22,0,1
242,41,35,0,0,0,0,0,1,0,1
268,40,37,0,0,0,0,0,3,0,1
118,20,21,0,0,0,0,0,0,2,1
6484,48,2113,5,5,8,0,0,51,0,1
227,36,31,0,0,0,0,0,2,0,1
93,20,17,0,0,0,0,0,1,2,1
6214,12,2189,15,15,2,0,0,79,1,1
108,8,19,0,0,0,0,0,0,1,1
576,1,110,0,0,0,0,0,5,0,1
104,21,21,0,0,0,0,0,0,2,1
93,21,17,0,0,0,0,0,0,2,1
86,10,14,0,0,0,0,0,1,1,1
136,5,27,1,1,2,0,0,0,3,1
508,9,180,10,10,2,0,0,0,0,1
56,4,8,0,0,0,0,0,0,0,1
304,0,59,0,0,0,0,0,1,0,1
262,38,39,0,0,0,0,0,1,0,1
1018,0,212,0,0,0,0,0,10,0,1
123,20,24,0,0,0,0,0,3,2,1
110,24,20,0,0,0,0,0,2,2,1
113,20,20,0,0,0,0,0,3,2,1
57,1,9,0,0,0,0,0,0,0,1
123,14,24,0,0,0,0,0,0,1,1
111,0,26,0,0,2,1,0,0,2,1
112,13,26,1,1,1,1,0,1,2,1
168,23,39,1,1,4,2,0,0,1,1
197,2,50,1,1,1,1,0,0,2,1
61,3,9,0,0,0,0,0,1,0,1
364,7,78,0,0,0,0,0,3,0,1
1120,2,227,0,0,0,0,0,20,0,1
88,20,14,0,0,0,0,0,0,2,1
304,33,69,2,2,2,1,0,4,1,1
111,12,23,1,1,1,1,0,2,1,1
218,21,59,1,1,2,1,0,0,2,1
83,19,15,0,0,0,0,0,0,2,1
213,39,48,2,2,0,1,0,2,2,1
90,23,17,0,0,0,0,0,1,2,1
454,1,90,0,0,0,0,0,10,0,1
38,5,6,0,0,0,0,0,2,0,1
109,19,22,0,0,0,0,0,0,2,1
54,1,8,0,0,0,0,0,1,0,1
116,12,18,0,0,0,0,0,0,1,1
197,40,38,1,1,0,0,0,2,2,1
59,7,12,0,0,0,0,0,0,0,1
163,21,39,1,1,2,0,0,0,3,1
295,40,42,0,0,0,0,0,5,1,1
587,0,123,0,0,0,0,0,5,0,1
98,20,18,0,0,0,0,0,0,2,1
35,0,12,2,2,1,0,0,0,0,1
578,0,124,0,0,0,0,0,8,0,1
53,7,11,0,0,0,0,0,1,0,1
38,5,6,0,0,0,0,0,2,0,1
85,9,14,0,0,0,0,0,1,1,1
118,11,22,1,1,2,1,0,0,1,1
91,10,16,0,0,0,0,0,2,1,1
113,7,23,1,1,2,1,0,1,1,1
103,2,28,0,0,2,1,0,1,2,1
19376,84,5427,1,18,0,0,0,120,0,1
850,4,182,0,0,0,0,0,11,0,1
178,2,51,1,1,2,1,0,0,2,1
256,37,33,0,0,0,0,0,4,0,1
87,20,15,0,0,0,0,0,0,2,1
285,58,62,2,2,3,2,0,1,1,1
489,4,111,0,0,0,0,0,7,0,1
118,1,30,0,0,2,1,0,1,1,1
112,20,18,0,0,0,0,0,1,2,1
312,52,49,0,0,0,0,0,2,1,1
109,14,23,1,1,1,1,0,1,1,1
90,20,18,0,0,0,0,0,0,2,1
99,0,25,0,0,2,1,0,0,1,1
244,39,38,0,0,0,0,0,3,0,1
595,0,216,0,0,0,0,0,1,0,1
1174,4,260,0,0,0,0,0,17,1,1
91,10,16,0,0,0,0,0,2,1,1
139,5,26,1,1,2,0,0,3,3,1
49,2,8,0,0,0,0,0,0,0,1
544,8,110,0,0,0,0,0,7,0,1
169,2,47,1,1,2,1,0,2,2,1
635,0,136,0,0,0,0,0,14,0,1
38,5,6,0,0,0,0,0,2,0,1
636,0,132,0,0,0,0,0,3,0,1
83,20,15,0,0,0,0,0,0,2,1
122,1,31,0,0,2,1,0,1,2,1
246,34,31,0,0,0,0,0,2,0,1
47,1,16,3,4,3,1,0,0,0,1
661,3,141,0,0,0,0,0,14,0,1
760,0,157,0,0,0,0,0,16,0,1
120,12,22,0,0,0,0,0,0,1,1
114,0,28,0,0,2,1,0,0,2,1
296,49,45,0,0,0,0,0,3,1,1
116,12,22,0,0,0,0,0,0,1,1
430,2,85,0,0,0,0,0,5,0,1
83,0,16,0,0,0,0,0,2,0,1
108,0,24,0,0,3,1,0,2,1,1
639,2,133,0,0,0,0,0,9,0,1
426,1,86,0,0,0,0,0,6,0,1
230,13,42,2,2,2,1,0,2,1,1
649,9,139,0,0,0,0,0,6,0,1
98,20,17,0,0,0,0,0,0,2,1
87,19,16,0,0,0,0,0,0,2,1
99,19,19,0,0,0,0,0,0,2,1
112,2,28,0,0,2,1,0,2,2,1
86,10,14,0,0,0,0,0,1,1,1
396,4,78,0,0,0,0,0,7,0,1
733,1,145,0,0,0,0,0,8,0,1
47,0,16,2,2,0,1,0,0,0,1
85,20,15,0,0,0,0,0,0,2,1
185,2,49,1,1,2,1,0,1,2,1
115,0,28,0,0,2,1,0,0,1,1
151,15,30,1,1,2,1,0,0,1,1
82,20,16,0,0,0,0,0,0,2,1
88,8,18,0,0,0,0,0,0,0,1
179,8,40,1,1,1,0,0,5,3,1
94,21,17,0,0,0,0,0,0,2,1
109,14,23,1,1,1,1,0,1,1,1
114,6,18,0,0,0,0,0,0,1,1
204,3,51,1,1,2,1,0,4,2,1
892,9,183,0,0,0,0,0,19,0,1
99,20,19,0,0,0,0,0,0,2,1
306,8,97,14,14,0,0,0,3,0,1
306,45,45,0,0,0,0,0,3,1,1
85,21,16,0,0,0,0,0,1,2,1
121,20,29,1,1,2,1,0,0,2,1
91,20,16,0,0,0,0,0,0,2,1
87,8,19,0,0,2,1,0,0,2,1
97,22,19,0,0,0,0,0,1,2,1
94,20,16,0,0,0,0,0,0,2,1
119,20,24,0,0,0,0,0,0,2,1
763,2,155,0,0,0,0,0,8,0,1
81,20,14,0,0,0,0,0,1,2,1
91,10,16,0,0,0,0,0,2,1,1
219,26,59,1,1,0,1,0,1,1,1
89,20,17,0,0,0,0,0,0,2,1
79,20,14,0,0,0,0,0,0,2,1
40,7,9,0,0,0,0,0,0,0,1
365,0,83,0,0,0,0,0,2,0,1
113,4,27,0,0,2,1,0,0,1,1
96,4,18,0,0,2,1,0,2,2,1
252,37,36,0,0,0,0,0,1,0,1
37,4,6,0,0,0,0,0,2,0,1
87,20,16,0,0,0,0,0,0,2,1
92,14,19,0,0,2,1,0,0,2,1
116,12,22,0,0,0,0,0,0,1,1
88,20,16,0,0,0,0,0,0,2,1
152,14,40,1,1,4,2,0,0,2,1
653,286,150,6,6,2,0,0,2,2,1
95,1,25,0,0,2,1,0,0,2,1
61,2,9,0,0,0,0,0,0,0,1
148,9,33,1,1,2,1,0,1,2,1
120,4,30,0,0,2,1,0,0,1,1
270,100,47,2,2,0,0,0,0,3,1
84,20,14,0,0,0,0,0,0,2,1
193,33,48,1,1,0,0,0,0,2,1
315,12,70,3,3,0,2,0,1,2,1
269,36,34,0,0,0,0,0,5,0,1
88,20,16,0,0,0,0,0,0,2,1
91,10,16,0,0,0,0,0,2,1,1
47,0,7,0,0,0,0,0,1,0,1
323,6,65,2,2,0,0,0,2,5,1
117,0,31,0,0,2,1,0,0,1,1
756,2,142,0,0,0,0,0,8,0,1
86,19,15,0,0,0,0,0,0,2,1
81,19,15,0,0,0,0,0,1,2,1
156,7,39,1,1,2,1,0,0,2,1
1055,3,214,0,0,0,0,0,11,0,1
113,0,30,0,0,2,1,0,0,2,1
254,38,37,0,0,0,0,0,3,0,1
276,0,60,0,0,0,0,0,2,0,1
93,33,15,0,0,0,0,0,0,2,1
98,1,25,0,0,2,1,0,1,2,1
5672,152,1783,10,10,0,1,0,17,0,1
3158,27,719,0,0,0,0,0,32,0,1
315,58,64,3,3,2,0,0,1,1,1
76,0,15,0,0,0,0,0,0,3,1
309,3,64,0,0,0,0,0,2,0,1
521,4,106,0,0,0,0,0,13,0,1
162,46,37,1,1,2,1,0,0,1,1
88,19,16,0,0,0,0,0,0,2,1
376,182,122,3,3,0,0,0,1,1,1
128,22,25,0,0,0,1,1,1,2,1
163,2,49,1,1,2,1,0,0,2,1
91,10,16,0,0,0,0,0,2,1,1
93,0,24,0,0,2,1,0,0,1,1
91,20,15,0,0,0,0,0,0,2,1
106,0,26,0,0,2,1,0,0,2,1
324,42,73,2,2,3,0,0,0,4,1
245,37,34,0,0,0,0,0,2,0,1
433,2,84,0,0,0,0,0,2,0,1
251,39,37,0,0,0,0,0,4,0,1
2501,302,97,0,1,0,0,0,0,0,1
1067,0,207,0,0,0,0,0,20,0,1
1309,8,281,0,0,0,0,0,23,0,1
76,2,17,0,0,0,0,0,0,3,1
109,20,17,0,0,0,0,0,0,2,1
370,1,78,0,0,0,0,0,3,0,1
141,2,45,0,0,0,0,0,1,0,1
119,11,22,0,0,0,0,0,0,1,1
105,23,19,0,0,0,0,0,0,2,1
156,19,30,1,1,0,0,0,1,1,1
557,0,115,0,0,0,0,0,6,0,1
257,14,59,2,2,0,0,0,1,2,1
104,12,27,0,0,2,1,0,1,1,1
2526,11,714,1,1,0,0,0,9,0,1
38,5,6,0,0,0,0,0,2,0,1
224,41,31,0,0,0,0,0,4,0,1
60,6,8,0,0,0,0,0,0,0,1
88,20,17,0,0,0,0,0,0,2,1
388,190,123,3,3,0,0,0,1,1,1
123,14,24,0,0,0,0,0,0,1,1
310,47,48,0,0,0,0,0,2,1,1
254,43,40,0,0,0,0,0,1,0,1
116,12,22,0,0,0,0,0,0,1,1
234,41,32,0,0,0,0,0,2,0,1
38,5,6,0,0,0,0,0,2,0,1
302,49,45,0,0,0,0,0,3,1,1
93,22,17,0,0,0,0,0,0,2,1
29405,766,20832,111,111,7,0,0,102,0,1
189,39,43,1,1,0,1,0,6,2,1
197,79,59,1,1,0,0,0,1,2,1
1091,4,252,0,0,0,0,0,14,1,1
506,0,105,0,0,0,0,0,13,0,1
112,20,20,0,0,0,0,0,0,2,1
194,2,52,1,1,2,1,0,1,2,1
330,46,50,0,0,0,0,0,1,1,1
88,0,21,0,0,2,1,0,1,1,1
118,22,20,0,0,0,0,0,1,2,1
3522,11,746,0,0,0,0,0,49,0,1
51,1,10,1,1,2,1,0,0,0,1
1028,5,216,0,0,0,0,0,17,0,1
186,4,49,1,1,2,1,0,1,2,1
150,31,40,1,1,2,0,0,2,2,1
192,32,39,1,1,3,0,0,0,1,1
362,26,125,7,7,6,0,0,1,1,1
87,20,16,0,0,0,0,0,0,2,1
91,10,16,0,0,0,0,0,2,1,1
119,21,20,0,0,0,0,0,1,2,1
297,42,46,0,0,0,0,0,1,1,1
297,0,59,0,0,0,0,0,3,0,1
90,19,16,0,0,0,0,0,0,2,1
110,8,18,0,0,0,0,0,0,1,1
91,9,18,0,0,2,1,0,2,2,1
309,42,45,0,0,0,0,0,3,1,1
56,7,8,0,0,0,0,0,0,0,1
86,10,14,0,0,0,0,0,1,1,1
101,20,19,0,0,0,0,0,1,2,1
62,1,24,3,3,1,1,1,1,0,1
251,4,81,1,1,3,2,0,0,1,1
122,19,22,0,0,0,0,0,0,2,1
100,21,24,0,0,2,1,0,0,2,1
124,15,24,0,0,0,0,0,0,1,1
177,2,48,1,1,2,1,0,1,2,1
96,20,16,0,0,0,0,0,0,2,1
85,19,14,0,0,0,0,0,0,2,1
2411,3,669,2,3,1,0,0,20,0,1
2111,15,465,0,0,0,0,0,30,0,1
301,43,47,0,0,0,0,0,2,1,1
349,4,79,0,0,0,0,0,3,0,1
340,44,49,0,0,0,0,0,2,1,1
913,13,267,0,0,1,0,0,1,0,1
62,9,8,0,0,0,0,0,0,0,1
203,28,51,1,1,2,1,0,1,2,1
84,20,15,0,0,0,0,0,1,2,1
232,37,32,0,0,0,0,0,1,0,1
68,3,26,5,6,3,1,0,0,0,1
151,13,33,1,1,2,1,0,1,2,1
38,5,6,0,0,0,0,0,2,0,1
322,49,50,0,0,0,0,0,3,1,1
98,20,17,0,0,0,0,0,0,2,1
219,20,51,1,1,2,1,0,0,1,1
92,4,26,0,0,2,1,0,0,1,1
3357,4,679,0,0,0,0,0,42,0,1
95,8,20,0,0,2,1,0,1,1,1
1366,15,281,0,0,0,0,0,16,0,1
104,4,26,0,0,2,1,0,0,1,1
310,43,46,0,0,0,0,0,1,1,1
86,6,20,0,0,1,0,0,2,3,1
183,2,50,1,1,2,1,0,1,2,1
264,0,55,0,0,0,0,0,5,0,1
112,20,20,0,0,0,0,0,0,2,1
97,20,16,0,0,0,0,0,0,2,1
96,22,17,0,0,0,0,0,0,2,1
322,0,57,0,0,0,0,0,7,0,1
61,7,14,0,0,0,0,0,1,0,1
536,18,180,0,0,0,0,0,1,0,1
100,22,18,0,0,0,0,0,0,2,1
308,42,44,0,0,0,0,0,1,1,1
110,4,22,1,1,2,1,0,1,2,1
112,6,29,0,0,2,1,0,1,2,1
78,1,16,2,2,2,1,0,0,0,1
85,20,14,0,0,0,0,0,0,2,1
420,184,129,3,3,0,0,0,1,1,1
1662,5,337,0,0,0,0,0,14,0,1
85,19,15,0,0,0,0,0,0,2,1
622,3,126,0,0,1,0,0,10,0,1
96,8,20,0,0,2,1,0,0,2,1
86,19,16,0,0,0,0,0,0,2,1
120,33,28,1,1,1,0,0,0,0,1
256,41,36,0,0,0,0,0,3,0,1
105,15,24,1,1,2,1,0,2,1,1
335,62,81,2,2,2,1,0,1,2,1
145,22,35,1,1,2,1,0,0,1,1
529,5,111,0,0,0,0,0,3,0,1
139,18,33,1,1,0,1,1,1,2,1
3123,26,654,0,0,0,0,0,24,0,1
93,20,17,0,0,0,0,0,1,2,1
810,15,305,3,0,0,0,0,6,0,1
511,2,115,0,0,0,0,0,6,0,1
132,0,27,0,0,0,0,0,1,0,1
169,0,36,0,0,0,0,0,4,0,1
15814,61,4621,48,45,6,0,0,92,0,1
865,0,187,0,0,0,0,0,8,0,1
73,0,20,0,0,0,1,0,0,2,1
201,4,51,1,1,1,1,0,0,2,1
289,46,45,0,0,0,0,0,1,1,1
80,20,14,0,0,0,0,0,0,2,1
648,8,142,0,0,0,0,0,4,0,1
236,37,56,2,2,1,1,0,0,2,1
71,7,19,0,0,0,0,0,0,0,1
33,5,4,0,0,0,0,0,1,0,1
1055,0,211,0,0,0,0,0,16,0,1
107,11,22,1,1,2,1,0,0,2,1
97,21,19,0,0,0,0,0,0,2,1
117,1,31,0,0,2,1,0,1,2,1
93,11,23,0,0,2,1,0,0,2,1
1201,4,263,0,0,0,0,0,14,0,1
326,10,81,2,2,8,2,0,1,2,1
33,5,4,0,0,0,0,0,1,0,1
98,21,19,0,0,0,0,0,1,2,1
38,5,6,0,0,0,0,0,2,0,1
1213,2,257,0,0,0,0,0,16,0,1
88,20,15,0,0,0,0,0,0,2,1
324,0,61,0,0,0,0,0,5,0,1
86,20,17,0,0,0,0,0,0,2,1
305,45,44,0,0,0,0,0,2,1,1
116,12,22,0,0,0,0,0,0,1,1
141,10,38,1,1,2,0,0,0,3,1
249,44,37,0,0,0,0,0,4,0,1
105,20,18,0,0,0,0,0,0,2,1
80,21,15,0,0,0,0,0,0,2,1
422,47,90,3,3,3,3,0,0,2,1
106,1,31,0,0,2,1,0,0,2,1
136,0,28,1,1,2,1,0,0,1,1
124,15,24,0,0,0,0,0,0,1,1
300,47,43,0,0,0,0,0,1,1,1
113,4,27,0,0,2,1,0,0,1,1
13288,56,4047,5,10,0,0,0,75,0,1
97,3,26,0,0,2,1,0,0,1,1
206,16,54,1,1,2,0,0,1,2,1
133,12,32,1,1,2,1,0,0,1,1
38,5,6,0,0,0,0,0,2,0,1
110,0,29,0,0,2,1,0,1,2,1
198,25,48,1,1,3,1,0,0,2,1
120,21,21,0,0,0,0,0,0,2,1
7206,74,2506,10,5,1,0,0,29,2,1
83,20,14,0,0,0,0,0,0,2,1
14937,14,3840,2,0,0,0,0,75,0,1
103,24,21,0,0,0,0,0,0,2,1
862,2,170,0,0,0,0,0,6,0,1
168,53,36,0,0,2,1,0,1,2,1
255,4,83,0,0,0,0,0,4,0,1
336,3,67,0,0,0,0,0,3,0,1
114,14,25,1,1,1,1,0,0,2,1
317,4,96,2,2,3,0,0,0,1,1
1070,13,221,0,0,0,0,0,13,0,1
98,8,20,0,0,2,1,0,1,2,1
299,46,43,0,0,0,0,0,2,1,1
187,4,50,1,1,2,1,0,0,2,1
243,0,51,0,0,0,0,0,3,0,1
106,21,27,1,1,2,1,0,0,1,1
92,20,16,0,0,0,0,0,0,2,1
124,15,24,0,0,0,0,0,0,1,1
149,19,31,1,1,2,0,0,3,2,1
114,8,18,0,0,0,0,0,0,1,1
120,0,28,0,0,2,1,0,0,2,1
44,7,11,0,0,0,0,0,0,0,1
541,1,101,0,0,0,0,0,6,0,1
86,10,14,0,0,0,0,0,1,1,1
1058,8,229,0,0,0,0,0,17,0,1
1655,6,330,0,0,0,0,0,24,0,1
1116,1,211,0,0,0,0,0,10,0,1
94,6,24,0,0,0,1,0,1,4,1
95,20,17,0,0,0,0,0,0,2,1
117,11,18,0,0,0,0,0,0,1,1
102,20,19,0,0,0,0,0,1,2,1
73,21,14,0,0,0,0,0,0,2,1
675,0,137,0,0,0,0,0,4,0,1
301,22,59,2,2,2,0,0,3,2,1
33,5,4,0,0,0,0,0,1,0,1
108,2,29,0,0,2,1,0,0,2,1
721,2,145,0,0,0,0,0,11,0,1
447,10,92,0,0,0,0,0,8,0,1
88,20,16,0,0,0,0,0,0,2,1
160,16,34,1,1,1,1,0,0,2,1
97,0,25,0,0,2,1,0,0,1,1
81,20,14,0,0,0,0,0,0,2,1
1391,0,269,0,0,0,0,0,26,0,1
128,21,30,1,1,0,1,0,0,1,1
415,0,107,0,0,0,0,0,4,0,1
89,19,15,0,0,0,0,0,0,2,1
86,10,14,0,0,0,0,0,1,1,1
167,18,42,1,1,1,1,0,0,1,1
215,25,44,1,1,2,1,0,0,1,1
86,20,14,0,0,0,0,0,1,2,1
1557,2,325,0,0,0,0,0,19,0,1
94,20,15,0,0,0,0,0,0,2,1
139,20,32,1,1,2,1,0,0,2,1
18670,169,4916,6,6,5,25,0,74,1,1
300,47,45,0,0,0,0,0,3,1,1
114,12,18,0,0,0,0,0,0,1,1
81,19,15,0,0,0,0,0,0,2,1
90,19,16,0,0,0,0,0,0,2,1
149,16,33,1,1,2,0,0,2,4,1
857,4,194,0,0,0,0,0,11,0,1
215,82,55,2,2,0,0,0,0,1,1
94,20,17,0,0,0,0,0,0,2,1
52,1,8,0,0,0,0,0,0,0,1
84,19,16,0,0,0,0,0,0,2,1
113,28,16,0,0,1,1,0,0,0,1
109,2,29,0,0,2,1,0,2,2,1
85,21,17,0,0,0,0,0,0,2,1
86,10,14,0,0,0,0,0,1,1,1
527,0,104,0,0,0,0,0,8,0,1
1027,15,228,0,0,0,0,0,10,0,1
118,9,18,0,0,0,0,0,0,1,1
473,5,107,0,0,0,0,0,4,0,1
173,3,48,1,1,2,1,0,1,2,1
491,139,140,4,4,3,6,0,1,1,1
124,1,29,0,0,2,1,0,0,2,1
484,0,97,0,0,0,0,0,12,0,1
109,20,19,0,0,0,0,0,0,2,1
551,2,110,0,0,0,0,0,12,0,1
190,3,49,1,1,1,1,0,1,1,1
426,0,95,0,0,0,0,0,4,0,1
993,8,202,0,0,0,0,0,13,0,1
106,0,28,0,0,2,1,0,0,1,1
303,50,45,0,0,0,0,0,1,1,1
299,46,44,0,0,0,0,0,4,1,1
51,7,12,0,0,0,0,0,1,0,1
542,5,123,0,0,0,0,0,11,0,1
2005,7,456,0,0,0,0,0,30,0,1
676,1,132,0,0,0,0,0,10,0,1
108,21,20,0,0,0,0,0,0,2,1
115,16,26,1,1,2,1,0,0,2,1
57,1,8,0,0,0,0,0,0,0,1
124,0,27,0,0,0,0,0,1,0,1
523,12,123,0,0,0,0,0,6,0,1
109,8,18,0,0,0,0,0,0,1,1
169,12,34,1,1,1,1,0,0,2,1
112,11,18,0,0,0,0,0,0,1,1
313,42,44,0,0,0,0,0,3,1,1
112,1,24,0,0,0,0,0,2,0,1
92,13,22,0,0,0,0,0,0,2,1
242,44,31,0,0,0,0,0,1,0,1
109,14,23,1,1,1,1,0,1,1,1
114,6,18,0,0,0,0,0,0,1,1
53,1,9,1,2,3,1,0,0,0,1
116,10,29,1,1,2,1,0,0,2,1
1418,6,291,0,0,0,0,0,25,0,1
102,1,16,2,2,2,1,0,0,0,1
86,2,21,0,0,0,1,1,2,1,1
232,44,36,0,0,0,0,0,1,0,1
42,7,9,0,0,0,0,0,1,0,1
710,0,144,0,0,0,0,0,9,0,1
933,185,169,8,8,4,2,0,4,8,1
296,49,44,0,0,0,0,0,1,1,1
186,6,49,1,1,2,1,0,0,2,1
135,4,33,1,1,2,1,0,1,1,1
92,13,22,0,0,2,1,0,1,2,1
90,20,16,0,0,0,0,0,0,2,1
2406,12,498,0,0,0,0,0,32,0,1
731,3,214,1,0,0,0,0,5,0,1
134,14,30,1,1,2,1,0,0,2,1
1801,12,384,0,0,0,0,0,17,0,1
33,5,4,0,0,0,0,0,1,0,1
156,16,30,1,1,3,1,0,0,1,1
40,7,9,0,0,0,0,0,0,0,1
92,20,17,0,0,0,0,0,1,2,1
139,19,31,1,1,2,1,0,0,1,1
674,6,138,0,0,0,0,0,7,0,1
203,25,47,1,1,2,1,0,1,2,1
89,20,17,0,0,0,0,0,0,2,1
90,20,16,0,0,0,0,0,0,2,1
810,0,172,0,0,0,0,0,4,0,1
105,20,21,0,0,0,0,0,0,2,1
665,2,148,0,0,0,0,0,8,0,1
762,0,163,0,0,0,0,0,18,0,1
1237,4,242,0,0,0,0,0,12,0,1
144,3,37,1,1,1,1,0,2,2,1
93,4,24,0,0,2,1,0,0,2,1
322,47,47,0,0,0,0,0,1,1,1
117,8,22,1,1,2,1,0,0,2,1
180,4,48,1,1,2,1,0,0,1,1
85,20,15,0,0,0,0,0,1,2,1
1069,12,336,0,0,0,0,0,5,0,1
93,20,16,0,0,0,0,0,0,2,1
104,27,21,0,0,0,0,0,0,2,1
181,23,39,1,1,0,0,0,3,2,1
38,9,16,2,2,0,0,0,0,1,1
89,1,25,0,0,2,1,0,1,2,1
270,39,31,0,0,0,0,0,2,0,1
35,0,5,0,0,0,0,0,0,0,1
445,2,102,0,0,0,0,0,11,0,1
83,20,15,0,0,0,0,0,0,2,1
81,19,14,0,0,0,0,0,0,2,1
91,10,16,0,0,0,0,0,2,1,1
233,0,88,0,0,0,0,0,0,0,1
61,8,9,0,0,0,0,0,0,0,1
137,1,34,1,1,2,1,0,0,1,1
132,4,36,1,1,2,1,0,1,2,1
930,6,208,0,0,0,0,0,7,0,1
79,0,21,2,3,2,0,0,0,2,1
265,14,61,2,2,0,0,0,0,3,1
77,6,16,0,0,1,1,0,0,1,1
63,7,13,0,0,1,0,0,0,2,1
38,5,6,0,0,0,0,0,2,0,1
301,45,45,0,0,0,0,0,4,1,1
154,4,38,1,1,3,1,0,0,2,1
78,1,16,2,2,2,1,0,0,0,1
915,19,310,0,1,0,0,0,4,4,1
5030,1,1037,0,0,0,0,0,71,0,1
99,20,18,0,0,0,0,0,0,2,1
242,27,54,1,1,2,1,0,2,2,1
150,18,28,1,1,2,1,0,1,1,1
323,42,49,0,0,0,0,0,3,1,1
110,6,18,0,0,0,0,0,0,1,1
108,6,18,0,0,0,0,0,0,1,1
89,20,17,0,0,0,0,0,0,2,1
88,1,20,2,3,2,1,0,0,1,1
125,3,29,1,1,2,1,0,0,2,1
101,1,32,0,0,2,1,0,0,2,1
115,11,22,1,1,2,1,0,0,2,1
1536,7,314,0,0,0,0,0,36,0,1
92,0,28,0,0,2,1,0,0,2,1
175,3,48,1,1,2,1,0,1,2,1
183,2,53,1,1,2,1,0,1,2,1
7112,4,2022,6,6,0,0,0,95,0,1
112,20,20,0,0,0,0,0,0,2,1
88,3,23,0,0,0,1,0,1,1,1
123,14,24,0,0,0,0,0,0,1,1
371,0,72,0,0,0,0,0,3,0,1
109,24,22,0,0,0,0,0,2,2,1
91,6,19,0,0,0,0,0,1,2,1
130,7,30,1,1,2,1,0,1,2,1
58,1,8,0,0,0,0,0,1,0,1
89,20,15,0,0,0,0,0,0,2,1
53,5,9,0,0,0,0,0,0,0,1
38,5,6,0,0,0,0,0,2,0,1
19,0,4,0,0,0,0,0,1,0,1
597,3,127,0,0,0,0,0,8,0,1
120,12,22,0,0,0,0,0,0,1,1
152,11,45,1,1,2,0,0,0,2,1
102,20,18,0,0,0,0,0,0,2,1
38,5,6,0,0,0,0,0,2,0,1
98,20,16,0,0,0,0,0,1,2,1
163,11,28,1,1,1,1,0,1,1,1
52,5,8,0,0,0,0,0,0,0,1
116,12,22,0,0,0,0,0,0,1,1
127,0,30,0,0,2,1,0,1,3,1
33,5,4,0,0,0,0,0,1,0,1
69,8,13,0,0,0,0,0,0,0,1
90,20,17,0,0,0,0,0,0,2,1
84,24,10,0,0,0,0,0,0,2,1
109,20,18,0,0,0,0,0,1,2,1
86,10,14,0,0,0,0,0,1,1,1
500,0,103,0,0,0,0,0,5,0,1
233,46,34,0,0,0,0,0,1,0,1
36,4,8,1,1,0,1,0,0,0,1
38,5,6,0,0,0,0,0,2,0,1
113,3,22,0,0,2,1,0,0,1,1
300,39,43,0,0,0,0,0,1,1,1
76,20,14,0,0,0,0,0,0,2,1
115,20,19,0,0,0,0,0,0,2,1
294,44,43,0,0,0,0,0,4,1,1
111,20,22,0,0,0,0,0,0,2,1
143,16,29,1,1,2,1,0,2,1,1
267,44,35,0,0,0,0,0,1,0,1
53,7,11,0,0,0,0,0,1,0,1
264,42,65,2,2,2,0,0,2,2,1
100,1,29,0,0,2,1,0,0,2,1
33,5,4,0,0,0,0,0,1,0,1
118,7,19,0,0,0,0,0,1,1,1
243,39,33,0,0,0,0,0,3,0,1
270,43,39,0,0,0,0,0,1,0,1
1250,1,256,0,0,0,0,0,20,0,1
136,9,32,1,1,3,1,0,0,1,1
162,2,41,1,1,1,1,0,1,3,1
771,0,168,0,0,0,0,0,13,0,1
71,7,15,0,0,0,0,0,0,0,1
1335,5,292,0,0,0,0,0,19,0,1
116,20,21,0,0,0,0,0,2,2,1
192,2,41,0,0,0,0,0,6,0,1
507,2,108,0,0,0,0,0,8,0,1
57,1,8,0,0,0,0,0,0,0,1
1665,13,366,0,0,0,0,0,28,0,1
297,41,43,0,0,0,0,0,2,1,1
118,10,18,0,0,0,0,0,0,1,1
592,4,113,0,0,0,0,0,9,0,1
819,1,165,0,0,0,0,0,8,0,1
83,19,15,0,0,0,0,0,0,2,1
114,20,19,0,0,0,0,0,0,2,1
97,20,18,0,0,0,0,0,1,2,1
110,6,18,0,0,0,0,0,0,1,1
224,35,52,2,2,2,1,0,0,2,1
62,7,13,0,0,0,0,0,0,0,1
2094,14,458,0,0,0,0,0,27,0,1
164,20,34,1,1,2,1,0,0,1,1
84,19,15,0,0,0,0,0,0,2,1
86,20,15,0,0,0,0,0,0,2,1
183,20,37,1,1,0,1,0,0,2,1
105,20,21,1,1,0,0,0,1,2,1
1655,28,360,0,0,0,0,0,31,0,1
103,5,26,0,0,2,1,0,1,1,1
155,8,40,1,1,2,1,0,0,1,1
128,3,35,0,0,2,1,0,2,2,1
167,18,35,1,1,2,1,0,1,2,1
202,10,52,1,1,1,1,0,0,2,1
86,10,14,0,0,0,0,0,1,1,1
35,0,5,0,0,0,0,0,0,0,1
81,20,15,0,0,0,0,0,0,2,1
267,36,35,0,0,0,0,0,3,0,1
97,21,16,0,0,0,0,0,0,2,1
288,47,44,0,0,0,0,0,1,1,1
311,43,46,0,0,0,0,0,1,1,1
120,12,22,0,0,0,0,0,0,1,1
734,2,162,0,0,0,0,0,6,0,1
153,0,32,1,1,2,0,0,1,2,1
175,2,48,1,1,2,1,0,1,2,1
67,1,13,0,0,1,1,0,0,1,1
120,0,30,0,0,2,1,0,1,2,1
169,30,37,1,1,2,1,0,1,2,1
562,135,162,5,5,3,5,0,1,2,1
61,0,12,0,0,0,0,0,0,0,1
85,19,16,0,0,0,0,0,0,2,1
80,20,15,0,0,0,0,0,0,2,1
171,2,48,1,1,2,1,0,1,2,1
30,3,8,1,1,0,1,1,1,0,1
4351,8,870,0,0,0,0,0,45,0,1
679,2,151,0,0,1,0,0,10,0,1
309,43,49,0,0,0,0,0,2,1,1
117,0,21,0,0,0,0,0,2,0,1
93,20,16,0,0,0,0,0,1,2,1
86,20,15,0,0,0,0,0,0,2,1
251,38,37,0,0,0,0,0,1,0,1
99,0,25,0,0,2,1,0,0,1,1
91,20,17,0,0,0,0,0,1,2,1
99,20,20,0,0,0,0,0,1,2,1
107,19,19,0,0,0,0,0,1,2,1
270,37,38,0,0,0,0,0,1,0,1
98,20,16,0,0,0,0,0,0,2,1
220,24,52,1,1,0,1,1,1,2,1
365,0,68,0,0,0,0,0,6,0,1
7642,1711,2862,0,0,0,0,0,0,1,1
116,0,26,0,0,2,1,0,0,2,1
454,6,93,0,0,0,0,0,5,0,1
31,3,4,0,0,0,0,0,1,0,1
75,1,16,2,2,2,1,0,0,0,1
129,10,31,1,1,1,1,0,0,2,1
9331,21,2905,8,8,3,1,0,21,0,1
328,0,71,0,0,0,0,0,3,0,1
235,41,32,0,0,0,0,0,3,0,1
105,3,30,0,0,0,1,0,0,1,1
318,43,44,0,0,0,0,0,2,1,1
585,144,111,5,5,8,5,0,0,2,1
127,11,31,1,1,2,1,0,0,2,1
112,9,18,0,0,0,0,0,0,1,1
49,7,12,0,0,0,0,0,1,0,1
1006,5,247,0,0,0,1,0,10,0,1
86,19,16,0,0,0,0,0,0,2,1
82,6,20,0,0,1,0,0,3,2,1
254,43,33,0,0,0,0,0,1,0,1
43,7,9,0,0,0,0,0,1,0,1
52,3,8,0,0,0,0,0,0,0,1
650,5,138,0,0,0,0,0,8,0,1
123,14,24,0,0,0,0,0,0,1,1
77,0,26,0,0,2,1,0,1,1,1
122,7,25,1,1,0,0,0,1,3,1
1309,6,268,0,0,0,0,0,14,0,1
4128,39,1349,5,4,0,0,0,57,1,1
124,13,32,1,1,2,0,0,0,3,1
571,0,105,0,0,0,0,0,12,0,1
240,37,34,0,0,0,0,0,3,0,1
119,19,31,1,1,2,1,0,0,2,1
123,14,24,0,0,0,0,0,0,1,1
1041,4,230,0,0,0,0,0,13,0,1
88,20,17,0,0,0,0,0,2,2,1
137,8,29,1,1,1,1,0,1,2,1
55,0,17,2,2,1,1,0,0,0,1
98,20,17,0,0,0,0,0,0,2,1
113,0,31,0,0,2,1,0,0,2,1
94,20,17,0,0,0,0,0,0,2,1
117,0,30,0,0,2,1,0,0,2,1
196,0,38,0,0,0,0,0,1,0,1
540,7,120,0,0,0,0,0,6,0,1
3219,9,653,0,0,0,0,0,51,0,1
254,3,54,0,0,0,0,0,7,0,1
285,24,62,2,2,3,0,0,4,4,1
226,37,32,0,0,0,0,0,1,0,1
111,14,21,1,1,1,1,0,0,1,1
99,7,22,0,0,2,1,0,1,2,1
118,5,25,1,1,2,0,0,1,2,1
2440,0,535,0,0,0,1,0,13,0,1
107,0,29,0,0,2,1,0,1,2,1
107,10,28,0,0,2,0,0,0,3,1
243,46,34,0,0,0,0,0,3,0,1
95,0,28,0,0,2,1,0,0,2,1
88,20,15,0,0,0,0,0,0,2,1
117,7,23,1,1,2,1,0,0,3,1
190,1,43,1,1,2,0,0,3,3,1
191,7,50,1,1,2,1,0,0,2,1
2728,74,1271,3,2,0,0,0,1,0,1
759,0,147,0,0,0,0,0,13,0,1
94,20,17,0,0,0,0,0,1,2,1
115,8,18,0,0,0,0,0,0,1,1
261,39,38,0,0,0,0,0,2,0,1
32,3,11,2,1,2,1,0,0,0,1
33,5,4,0,0,0,0,0,1,0,1
1337,6,262,0,0,0,0,0,23,0,1
200,2,52,1,1,2,1,0,0,2,1
46,1,20,1,1,0,1,1,1,0,1
168,5,39,0,0,0,0,0,2,0,1
99,20,18,0,0,0,0,0,0,2,1
38,5,6,0,0,0,0,0,2,0,1
452,135,133,4,4,3,5,0,0,2,1
124,5,33,0,0,2,1,0,0,2,1
444,21,99,3,3,3,1,0,1,2,1
539,2,104,0,0,0,0,0,5,0,1
990,6,201,0,0,0,0,0,11,0,1
101,13,21,0,0,0,1,0,0,1,1
1401,0,301,0,0,0,0,0,15,0,1
111,21,19,0,0,0,0,0,0,2,1
4824,47,1658,7,2,0,0,0,61,0,1
103,24,19,0,0,0,0,0,1,2,1
91,20,15,0,0,0,0,0,1,2,1
1380,7,294,0,0,0,0,0,21,0,1
92,19,19,0,0,0,0,0,0,2,1
120,12,22,0,0,0,0,0,0,1,1
116,12,22,0,0,0,0,0,0,1,1
207,6,57,1,1,1,1,0,1,2,1
329,0,61,0,0,0,0,0,4,0,1
147,10,28,1,1,2,1,0,1,2,1
113,18,23,1,1,2,1,0,0,2,1
29,2,9,3,2,2,1,0,0,0,1
139,0,48,0,0,0,0,0,0,2,1
111,11,23,1,1,1,1,0,1,1,1
113,21,22,0,0,0,0,0,1,2,1
33,5,4,0,0,0,0,0,1,0,1
100,13,20,0,0,2,1,0,1,2,1
288,49,43,0,0,0,0,0,2,1,1
310,51,48,0,0,0,0,0,2,1,1
172,2,49,1,1,2,1,0,1,2,1
249,38,35,0,0,0,0,0,2,0,1
394,182,123,3,3,0,0,0,0,2,1
130,0,29,1,1,1,1,0,0,2,1
152,17,38,1,1,2,1,0,0,2,1
144,6,67,5,2,2,2,0,0,0,1
26890,273,8452,14,31,5,1,0,50,8,1
123,14,24,0,0,0,0,0,0,1,1
73,0,11,0,0,0,0,0,0,1,1
296,44,55,2,2,2,1,0,1,1,1
129,3,35,0,0,2,1,0,2,2,1
92,20,15,0,0,0,0,0,1,2,1
136,26,31,1,1,2,1,0,0,1,1
117,12,25,1,1,2,1,0,2,1,1
117,0,26,0,0,2,1,0,0,1,1
122,24,22,0,0,0,0,0,1,2,1
2510,7,468,0,0,0,0,0,31,0,1
253,14,60,2,2,0,0,0,0,3,1
9943,62,2159,0,0,0,0,0,124,0,1
91,10,16,0,0,0,0,0,2,1,1
100,20,18,0,0,0,0,0,0,2,1
583,6,169,1,0,0,0,0,0,0,1
96,20,18,0,0,0,0,0,1,2,1
46,7,10,0,0,0,0,0,0,0,1
168,8,34,1,1,2,0,0,0,3,1
91,20,16,0,0,0,0,0,0,2,1
318,40,45,0,0,0,0,0,2,1,1
86,13,18,0,0,2,1,0,2,1,1
97,20,17,0,0,0,0,0,0,2,1
55,2,9,0,0,0,0,0,0,0,1
159,0,37,1,1,2,0,0,1,3,1
123,24,30,1,1,1,1,0,0,2,1
298,48,47,0,0,0,0,0,2,1,1
929,0,179,0,0,0,0,0,11,0,1
126,23,27,2,2,3,0,0,0,0,1
110,6,18,0,0,0,0,0,0,1,1
113,0,26,0,0,2,1,0,0,1,1
187,2,39,1,1,2,1,0,1,1,1
90,8,19,0,0,2,1,0,0,2,1
743,9,157,0,0,0,0,0,12,0,1
393,190,128,3,3,0,0,0,0,2,1
86,20,14,0,0,0,0,0,1,2,1
83,20,15,0,0,0,0,0,0,2,1
70,0,13,0,0,1,1,0,1,1,1
374,0,70,0,0,0,0,0,7,0,1
167,2,49,1,1,2,1,0,0,2,1
81,20,15,0,0,0,0,0,0,2,1
96,1,29,0,0,2,1,0,0,2,1
64,8,13,0,0,0,0,0,0,0,1
81,9,19,0,0,2,1,0,0,2,1
115,2,23,0,0,2,1,0,2,1,1
128,0,27,0,0,2,1,0,2,1,1
153,2,36,1,1,2,1,0,0,2,1
242,37,34,0,0,0,0,0,2,0,1
118,0,32,0,0,2,1,0,0,2,1
125,22,19,0,0,0,0,0,1,2,1
127,13,27,1,1,2,1,0,1,1,1
59,1,33,1,1,1,1,0,0,0,1
538,0,113,0,0,0,0,0,11,0,1
78,20,14,0,0,0,0,0,0,2,1
513,148,96,0,0,2,1,0,4,6,1
133,11,27,1,1,2,1,0,0,1,1
283,44,46,0,0,0,0,0,1,1,1
560,12,128,0,0,0,0,0,6,0,1
99,8,27,0,0,0,0,0,1,4,1
117,6,18,0,0,0,0,0,0,1,1
116,12,22,0,0,0,0,0,0,1,1
54,3,10,0,0,0,0,0,0,0,1
307,2,94,6,6,2,0,0,2,0,1
762,0,156,0,0,0,0,0,6,0,1
89,20,16,0,0,0,0,0,0,2,1
294,46,45,0,0,0,0,0,2,1,1
268,40,38,0,0,0,0,0,1,0,1
309,44,45,0,0,0,0,0,2,1,1
634,8,134,0,0,0,0,0,6,0,1
103,1,25,0,0,2,1,0,0,1,1
87,1,16,2,2,2,1,0,0,0,1
263,43,50,2,2,1,1,0,1,1,1
192,13,42,1,1,2,1,0,2,1,1
768,5,159,0,0,0,0,0,12,0,1
121,17,31,1,1,2,1,0,0,1,1
172,18,41,1,1,3,1,0,1,2,1
78,2,13,0,0,1,1,0,0,1,1
143,2,33,1,1,3,1,0,2,2,1
93,20,17,0,0,0,0,0,0,2,1
33,5,4,0,0,0,0,0,1,0,1
89,8,18,0,0,2,1,0,0,2,1
1882,2,378,0,0,0,0,0,35,0,1
61,0,18,0,0,0,1,0,1,1,1
116,4,28,0,0,2,1,0,0,2,1
141,0,29,1,1,2,1,0,2,1,1
81,1,17,0,0,1,1,0,0,1,1
216,24,43,2,2,2,1,0,0,1,1
104,0,28,0,0,2,1,0,0,2,1
178,2,48,1,1,2,1,0,0,2,1
2267,15,469,0,0,0,0,0,50,0,1
153,18,31,1,1,2,1,0,3,2,1
97,20,17,0,0,0,0,0,1,2,1
116,0,29,0,0,2,1,0,0,2,1
305,29,28,2,2,0,0,0,0,2,1
81,19,17,0,0,0,0,0,0,2,1
129,3,35,0,0,2,1,0,2,2,1
38,5,6,0,0,0,0,0,2,0,1
90,20,17,0,0,0,0,0,0,2,1
79,20,15,0,0,0,0,0,0,2,1
297,43,44,0,0,0,0,0,2,1,1
315,46,50,0,0,0,0,0,1,1,1
57,0,9,0,0,0,0,0,0,0,1
98,20,18,0,0,0,0,0,0,2,1
104,19,18,0,0,0,0,0,0,2,1
91,8,20,0,0,2,1,0,0,2,1
83,20,15,0,0,0,0,0,0,2,1
38,5,6,0,0,0,0,0,2,0,1
90,20,16,0,0,0,0,0,0,2,1
137,30,26,0,0,0,0,0,0,2,1
292,104,76,2,2,2,1,0,1,1,1
6582,15,1388,0,0,0,0,0,66,0,1
149,5,37,1,1,2,1,0,1,2,1
38,5,6,0,0,0,0,0,2,0,1
116,10,28,1,1,0,1,1,1,2,1
436,65,95,4,4,2,1,0,5,4,1
38,5,6,0,0,0,0,0,2,0,1
39,0,8,0,0,0,0,0,0,0,1
1282,19,299,0,0,0,0,0,15,0,1
1273,5,251,0,0,0,0,0,15,0,1
417,191,130,3,3,0,0,0,0,1,1
94,20,16,0,0,0,0,0,1,2,1
316,48,50,0,0,0,0,0,1,1,1
316,46,49,0,0,0,0,0,2,1,1
2919,18,633,0,0,0,0,0,41,0,1
95,20,17,0,0,0,0,0,0,2,1
126,13,30,1,1,2,1,0,0,2,1
95,20,16,0,0,0,0,0,0,2,1
668,0,141,0,0,0,0,0,7,0,1
111,0,28,0,0,2,1,0,0,2,1
91,20,15,0,0,0,0,0,0,2,1
302,24,53,2,2,2,1,0,1,1,1
63,0,12,0,0,0,0,0,0,0,1
179,18,42,0,0,3,1,0,0,2,1
118,9,22,1,1,1,1,0,0,1,1
203,0,46,0,0,0,0,0,1,0,1
53,8,11,0,0,0,0,0,0,0,1
1620,8,343,0,0,0,0,0,22,0,1
64,2,9,0,0,0,0,0,0,2,1
56,1,8,0,0,0,0,0,0,0,1
986,5,193,0,0,0,0,0,18,0,1
233,0,44,0,0,0,0,0,4,0,1
348,0,75,0,0,0,0,0,7,0,1
71,1,23,2,2,2,0,0,0,0,1
262,41,50,2,2,2,1,0,0,1,1
142,2,39,1,1,1,1,0,2,1,1
85,19,16,0,0,0,0,0,0,2,1
972,4,208,0,0,0,0,0,13,0,1
191,3,45,1,1,2,1,0,1,2,1
38,5,6,0,0,0,0,0,2,0,1
28035,16,11361,11,10,4,0,1,134,2,1
101,0,24,0,0,2,1,0,0,1,1
308,44,44,0,0,0,0,0,1,1,1
86,10,14,0,0,0,0,0,1,1,1
33,5,4,0,0,0,0,0,1,0,1
45,8,12,0,0,0,0,0,0,0,1
89,11,23,0,0,2,1,0,1,2,1
229,33,50,2,2,2,1,0,0,2,1
250,39,34,0,0,0,0,0,1,0,1
246,44,35,0,0,0,0,0,2,0,1
110,0,17,2,2,2,1,0,3,0,1
420,52,112,3,3,3,5,0,0,2,1
781,2,268,1,0,0,0,0,1,0,1
247,26,57,2,2,0,0,0,1,2,1
320,48,50,0,0,0,0,0,4,1,1
235,37,35,0,0,0,0,0,2,0,1
128,19,23,0,0,0,0,0,2,2,1
86,12,16,0,0,2,1,0,1,2,1
72,8,49,0,0,0,0,0,0,0,1
102,0,26,0,0,2,1,0,1,1,1
1621,2,346,0,0,0,0,0,17,0,1
102,20,19,0,0,0,0,0,1,2,1
237,37,32,0,0,0,0,0,1,0,1
146,3,36,1,1,3,1,0,2,2,1
265,2,51,0,0,0,0,0,2,0,1
78,20,13,0,0,0,0,0,1,2,1
5,0,0,0,0,0,0,0,1,0,1
164,20,40,1,1,2,1,0,0,1,1
29,0,6,0,0,0,0,0,0,0,1
102,20,20,0,0,0,0,0,0,2,1
95,20,20,0,0,0,0,0,1,2,1
97,13,20,0,0,2,1,0,1,2,1
2221,4,491,0,0,0,0,0,16,0,1
103,20,17,0,0,0,0,0,1,2,1
292,0,60,0,0,0,0,0,2,0,1
60,3,16,2,2,2,1,0,0,2,1
1206,3,237,0,0,0,0,0,21,0,1
308,42,47,0,0,0,0,0,4,1,1
115,8,31,1,1,2,0,0,0,2,1
299,51,43,0,0,0,0,0,2,1,1
56,1,8,0,0,0,0,0,1,0,1
114,17,26,1,1,0,1,1,1,2,1
1689,5,345,0,0,0,0,0,24,0,1
117,11,25,1,1,2,1,0,2,2,1
248,61,48,2,2,2,1,0,2,2,1
186,30,38,1,1,2,1,0,2,2,1
99,1,28,0,0,2,1,0,0,2,1
666,4,133,0,0,0,0,0,8,0,1
363,2,70,0,0,0,0,0,5,0,1
86,19,14,0,0,0,0,0,0,2,1
754,0,149,0,0,1,0,0,4,0,1
56,1,8,0,0,0,0,0,0,0,1
3264,4,920,1,0,0,0,0,8,0,1
743,6,153,0,0,0,0,0,8,0,1
183,2,48,1,1,2,1,0,0,1,1
415,182,128,3,3,0,0,0,1,2,1
235,42,34,0,0,0,0,0,2,0,1
160,6,39,1,1,2,1,0,0,2,1
995,3,201,0,0,0,0,0,15,0,1
48,8,11,0,0,0,0,0,0,0,1
298,47,43,0,0,0,0,0,3,1,1
158,25,36,1,1,2,1,0,0,2,1
86,20,15,0,0,0,0,0,2,2,1
301,0,60,0,0,0,0,0,2,0,1
121,20,24,0,0,0,0,0,1,2,1
1074,6,223,0,0,0,0,0,23,0,1
131,14,27,1,1,2,0,0,0,2,1
311,3,92,0,0,0,0,0,2,2,1
81,19,17,0,0,0,0,0,0,2,1
76,3,20,0,0,2,1,0,0,2,1
339,33,96,2,2,3,4,0,1,1,1
91,10,16,0,0,0,0,0,2,1,1
63,1,8,0,0,0,0,0,0,0,1
96,20,18,0,0,0,0,0,0,2,1
352,3,77,0,0,0,0,0,3,0,1
172,13,30,0,0,2,1,0,1,1,1
304,48,46,0,0,0,0,0,3,1,1
51,3,8,0,0,0,0,0,0,0,1
114,1,20,0,0,0,0,0,1,0,1
314,4,75,0,0,0,0,0,3,0,1
88,20,16,0,0,0,0,0,0,2,1
576,0,123,0,0,0,0,0,4,0,1
181,2,53,1,1,4,2,0,2,3,1
85,13,36,2,2,0,0,0,0,0,1
131,3,34,0,0,2,1,0,2,2,1
53,7,12,0,0,0,0,0,0,0,1
245,45,35,0,0,0,0,0,1,0,1
89,20,16,0,0,0,0,0,0,2,1
79,8,18,0,0,2,1,0,0,2,1
117,2,28,0,0,2,1,0,0,2,1
38,5,6,0,0,0,0,0,2,0,1
137,15,33,1,1,2,1,0,0,2,1
97,20,16,0,0,0,0,0,0,2,1
442,1,91,0,0,0,0,0,8,0,1
1400,23,304,10,10,2,0,0,10,2,1
97,21,18,0,0,0,0,0,0,2,1
85,20,16,0,0,0,0,0,0,2,1
396,41,94,3,3,2,1,0,2,4,1
113,6,18,0,0,0,0,0,0,1,1
293,44,46,0,0,0,0,0,1,1,1
272,41,39,0,0,0,0,0,2,0,1
163,25,34,1,1,0,0,0,0,3,1
135,3,35,0,0,2,1,0,2,2,1
182,2,49,1,1,2,1,0,1,2,1
131,11,26,1,1,0,1,0,1,2,1
102,20,16,0,0,0,0,0,2,2,1
67,6,20,3,6,3,1,0,0,0,1
99,20,18,0,0,0,0,0,0,2,1
257,39,37,0,0,0,0,0,2,0,1
1191,8,262,0,0,0,0,0,15,0,1
913,9,188,0,0,0,0,0,20,0,1
87,20,16,0,0,0,0,0,0,2,1
84,20,16,0,0,0,0,0,0,2,1
104,0,26,0,0,2,1,0,1,1,1
115,2,28,0,0,2,1,0,0,2,1
187,27,43,1,1,2,1,0,0,2,1
804,8,166,0,0,0,0,0,10,0,1
242,37,34,0,0,0,0,0,4,0,1
284,7,99,3,3,3,0,0,3,0,1
146,15,34,1,1,2,1,0,0,2,1
119,4,33,0,0,2,1,0,1,1,1
108,20,17,0,0,0,0,0,0,2,1
840,0,185,0,0,0,0,0,14,0,1
115,6,42,0,0,0,0,0,1,0,1
392,5,89,0,0,0,0,0,4,0,1
242,41,30,0,0,0,0,0,1,0,1
127,19,29,1,1,0,0,0,1,1,1
47,1,8,1,1,2,1,1,1,0,1
61,2,8,0,0,0,0,0,0,0,1
297,42,41,0,0,0,0,0,2,1,1
81,20,14,0,0,0,0,0,0,2,1
102,8,24,1,2,0,1,1,2,0,1
85,20,15,0,0,0,0,0,0,2,1
128,0,34,0,0,2,1,0,0,2,1
147,0,46,2,2,2,0,0,0,0,1
242,38,35,0,0,0,0,0,4,0,1
1205,2,243,0,0,0,0,0,20,0,1
138,4,22,0,0,0,0,0,0,0,1
108,7,26,1,1,1,1,0,0,1,1
2639,19,573,0,0,0,0,0,29,0,1
343,152,107,3,3,0,0,0,0,2,1
758,0,148,0,0,0,0,0,10,0,1
186,4,49,1,1,2,1,0,0,2,1
194,17,42,1,1,4,2,0,2,3,1
99,0,29,0,0,2,1,0,0,2,1
120,14,19,0,0,0,0,0,1,1,1
87,1,16,2,2,2,1,0,0,0,1
167,2,50,1,1,2,1,0,0,2,1
254,37,34,0,0,0,0,0,2,0,1
130,0,29,1,1,1,1,0,1,2,1
94,20,18,0,0,0,0,0,1,2,1
86,0,17,0,0,0,0,0,0,2,1
95,0,29,0,0,2,1,0,0,2,1
584,0,119,0,0,0,0,0,4,0,1
132,10,32,1,1,1,0,0,1,2,1
117,0,24,0,0,0,0,0,1,0,1
1737,0,529,0,0,0,0,0,12,2,1
128,0,30,0,0,2,1,0,1,2,1
654,1,144,0,0,0,0,0,12,0,1
590,1,123,0,0,0,0,0,5,0,1
131,20,24,0,0,0,0,0,1,2,1
84,20,15,0,0,0,0,0,0,2,1
56,7,8,0,0,0,0,0,0,0,1
302,43,44,0,0,0,0,0,5,1,1
125,17,30,1,1,0,1,1,1,1,1
190,35,40,1,1,1,1,0,0,3,1
121,9,31,0,0,2,1,0,1,2,1
132,23,30,1,1,2,1,0,0,2,1
33,5,4,0,0,0,0,0,1,0,1
58,14,12,0,0,2,1,0,0,0,1
295,45,43,0,0,0,0,0,3,1,1
1054,15,258,7,4,4,0,0,13,0,1
602,28,182,2,2,3,0,0,1,4,1
1770,8,368,0,0,0,0,0,29,0,1
87,20,16,0,0,0,0,0,0,2,1
62,10,8,0,0,0,0,0,0,0,1
119,19,21,0,0,0,0,0,2,2,1
299,43,43,0,0,0,0,0,1,1,1
236,35,40,0,0,2,0,0,0,1,1
86,20,15,0,0,0,0,0,0,2,1
257,45,36,0,0,0,0,0,1,0,1
106,20,17,0,0,0,0,0,0,2,1
911,0,172,0,0,0,0,0,13,0,1
51,7,8,0,0,0,0,0,0,0,1
1144,2,228,0,0,0,0,0,10,0,1
86,10,14,0,0,0,0,0,1,1,1
150,28,32,1,1,4,2,0,0,1,1
86,7,20,0,0,2,1,0,0,1,1
515,139,144,4,4,3,6,0,3,2,1
195,39,44,1,1,0,1,1,2,2,1
109,14,23,1,1,1,1,0,1,1,1
676,6,151,0,0,0,0,0,7,0,1
106,20,19,0,0,0,0,0,3,2,1
96,11,20,0,0,2,1,0,0,2,1
108,0,28,0,0,2,1,0,0,2,1
119,22,20,0,0,0,0,0,0,2,1
82,0,13,0,0,0,0,0,3,0,1
92,20,16,0,0,0,0,0,0,2,1
334,0,60,0,0,0,0,0,5,0,1
119,36,46,2,1,2,0,0,0,0,1
832,0,252,0,0,0,0,0,8,0,1
53,8,8,0,0,0,0,0,0,0,1
71,10,17,0,0,0,0,0,1,0,1
956,2,218,0,0,0,0,0,7,0,1
33,5,4,0,0,0,0,0,1,0,1
92,20,17,0,0,0,0,0,0,2,1
471,107,91,4,4,4,2,0,0,1,1
80,20,15,0,0,0,0,0,0,2,1
265,37,39,0,0,0,0,0,2,0,1
51,7,11,0,0,0,0,0,0,0,1
99,19,17,0,0,0,0,0,1,2,1
437,2,88,0,0,0,0,0,4,0,1
421,4,87,0,0,0,0,0,8,0,1
106,0,28,0,0,2,1,0,0,2,1
146,10,31,1,1,2,1,0,0,1,1
135,9,29,1,1,0,1,0,0,2,1
86,10,14,0,0,0,0,0,1,1,1
237,41,36,0,0,0,0,0,1,0,1
439,1,94,0,0,0,0,0,7,0,1
82,20,15,0,0,0,0,0,0,2,1
114,23,22,0,0,0,0,0,0,2,1
57,1,8,0,0,0,0,0,0,0,1
121,20,24,0,0,0,0,0,1,2,1
121,22,23,0,0,0,0,0,0,2,1
193,52,41,1,1,2,1,0,1,2,1
112,11,18,0,0,0,0,0,0,1,1
2361,12,490,0,0,0,0,0,48,0,1
91,10,16,0,0,0,0,0,2,1,1
123,14,24,0,0,0,0,0,0,1,1
6699,7,1438,0,0,0,0,0,69,0,1
749,2,282,0,0,0,0,0,11,0,1
173,2,43,1,1,1,1,0,1,4,1
2120,43,834,44,46,0,0,0,4,11,1
116,12,18,0,0,0,0,0,0,1,1
125,17,29,1,1,3,1,0,1,1,1
248,44,36,0,0,0,0,0,1,0,1
67,1,13,0,0,1,1,0,0,1,1
122,20,22,0,0,0,0,0,0,2,1
111,6,23,1,1,1,1,0,1,2,1
108,20,19,0,0,0,0,0,0,2,1
80,20,16,0,0,0,0,0,0,2,1
55,3,9,0,0,0,0,0,0,0,1
105,0,20,0,0,0,0,0,0,0,1
187,2,52,1,1,2,1,0,0,1,1
620,0,119,0,0,0,0,0,9,0,1
134,7,31,1,1,1,1,0,1,1,1
64,0,12,0,0,0,0,0,0,0,1
249,14,59,2,2,0,0,0,1,3,1
181,7,55,1,1,2,1,0,0,1,1
112,3,30,0,0,2,1,0,0,2,1
105,6,27,0,0,0,1,0,1,1,1
87,20,15,0,0,0,0,0,0,2,1
142,6,35,1,1,2,1,0,0,2,1
650,14,135,0,0,0,0,0,14,0,1
528,5,100,0,0,0,0,0,3,0,1
112,5,28,0,0,2,1,0,1,2,1
117,13,22,0,0,0,0,0,0,1,1
103,21,19,0,0,0,0,0,0,2,1
55,8,12,0,0,0,0,0,0,0,1
20002,30,5363,30,30,30,0,0,93,2,1
93,7,19,0,0,2,1,0,0,1,1
828,0,169,0,0,0,0,0,9,0,1
98,20,17,0,0,0,0,0,2,2,1
96,7,21,0,0,2,1,0,2,1,1
534,0,108,0,0,0,0,0,7,0,1
296,47,43,0,0,0,0,0,1,1,1
433,2,96,0,0,0,0,0,10,0,1
84,20,14,0,0,0,0,0,0,2,1
80,21,15,0,0,0,0,0,0,2,1
223,41,33,0,0,0,0,0,1,0,1
96,2,29,0,0,2,1,0,0,2,1
1116,15,234,0,0,0,0,0,17,0,1
294,45,45,0,0,0,0,0,2,1,1
14,0,1,0,0,0,0,0,0,0,1
120,2,33,0,0,3,1,0,0,2,1
260,14,61,2,2,0,0,0,0,3,1
119,12,18,0,0,0,0,0,0,1,1
86,10,14,0,0,0,0,0,1,1,1
233,45,48,2,2,2,1,0,2,2,1
78,19,15,0,0,0,0,0,0,2,1
91,10,16,0,0,0,0,0,2,1,1
106,10,28,1,1,2,0,0,0,2,1
33,5,4,0,0,0,0,0,1,0,1
83,1,22,2,2,2,1,0,3,0,1
105,21,18,0,0,0,0,0,0,2,1
92,19,18,0,0,0,0,0,1,2,1
653,3,129,0,0,0,0,0,11,0,1
107,20,20,0,0,0,0,0,0,2,1
79,19,14,0,0,0,0,0,0,2,1
170,29,33,1,1,1,0,0,0,4,1
240,36,34,0,0,0,0,0,1,0,1
499,0,110,0,0,0,0,0,3,0,1
161,0,33,0,0,0,0,0,3,0,1
109,0,30,0,0,2,1,0,0,2,1
91,0,24,0,0,2,1,0,0,2,1
198,2,50,1,1,1,1,0,0,2,1
126,24,24,0,0,0,0,0,0,2,1
274,1,55,0,0,0,0,0,8,0,1
38,5,6,0,0,0,0,0,2,0,1
139,7,59,1,1,2,1,0,0,1,1
353,60,78,3,3,4,2,0,1,2,1
946,3,175,0,0,0,0,0,15,0,1
656,0,145,0,0,0,0,0,14,0,1
127,6,33,1,1,2,1,0,0,2,1
20,0,3,0,0,0,0,0,0,0,1
167,2,50,1,1,2,1,0,0,2,1
1261,4,268,0,0,0,0,0,19,0,1
99,3,25,0,0,0,1,0,1,1,1
181,14,42,1,1,2,1,0,2,2,1
128,7,33,0,0,2,0,0,1,2,1
38,5,6,0,0,0,0,0,2,0,1
182,2,48,1,1,2,1,0,1,2,1
2540,14,526,0,0,0,0,0,25,0,1
472,4,107,0,0,0,0,0,4,0,1
112,0,29,0,0,2,1,0,0,2,1
112,6,18,0,0,0,0,0,0,1,1
1159,4,237,0,0,0,0,0,17,0,1
308,44,45,0,0,0,0,0,1,1,1
81,20,15,0,0,0,0,0,0,2,1
80,20,14,0,0,0,0,0,0,2,1
314,46,45,0,0,0,0,0,4,1,1
106,0,25,0,0,2,1,0,0,2,1
109,14,23,1,1,1,1,0,1,1,1
322,43,44,0,0,0,0,0,1,1,1
823,137,122,7,7,2,2,0,0,1,1
9137,99,3298,1,0,0,0,0,57,0,1
97,22,22,0,0,1,1,1,1,1,1
186,2,49,1,1,2,1,0,0,2,1
33,5,4,0,0,0,0,0,1,0,1
135,9,32,1,1,3,2,0,0,1,1
58,3,10,0,0,0,0,0,0,2,1
119,0,27,0,0,2,1,0,0,2,1
108,20,20,0,0,0,0,0,0,2,1
85,20,15,0,0,0,0,0,1,2,1
110,11,23,1,1,1,1,0,0,2,1
246,0,57,0,0,0,0,0,4,0,1
62,2,9,0,0,0,0,0,0,0,1
89,19,15,0,0,0,0,0,0,2,1
87,20,14,0,0,0,0,0,1,2,1
38,0,17,1,0,0,0,0,0,0,1
62,1,16,0,0,0,0,0,0,3,1
78,20,14,0,0,0,0,0,0,2,1
95,0,27,0,0,2,1,0,1,2,1
288,38,67,2,2,4,2,0,2,1,1
39,7,9,0,0,0,0,0,0,0,1
1494,3,332,0,0,0,0,0,23,0,1
84,0,19,0,0,0,0,0,0,3,1
51,1,8,0,0,0,0,0,0,0,1
181,23,37,1,1,2,1,0,0,2,1
177,2,49,1,1,2,1,0,1,2,1
50,8,10,0,0,0,0,0,0,0,1
378,152,113,3,3,0,0,0,0,1,1
80,20,15,0,0,0,0,0,0,2,1
109,14,23,1,1,1,1,0,1,1,1
301,50,68,2,2,2,1,0,2,1,1
49,7,10,0,0,0,0,0,0,0,1
176,2,47,1,1,2,1,0,2,2,1
302,40,67,2,2,1,1,0,1,2,1
310,49,51,0,0,0,0,0,1,1,1
89,20,16,0,0,0,0,0,1,2,1
401,22,92,3,3,3,1,0,1,1,1
103,20,20,0,0,0,0,0,1,2,1
99,0,25,0,0,2,1,0,0,2,1
111,20,20,0,0,0,0,0,0,2,1
87,20,16,0,0,0,0,0,0,2,1
1101,10,222,0,0,0,0,0,16,0,1
103,20,18,0,0,0,0,0,0,2,1
254,40,36,0,0,0,0,0,3,0,1
93,19,16,0,0,0,0,0,1,2,1
38,5,6,0,0,0,0,0,2,0,1
1887,15,460,7,7,0,0,0,8,2,1
312,44,45,0,0,0,0,0,1,1,1
90,20,17,0,0,0,0,0,0,2,1
102,22,20,0,0,0,0,0,0,2,1
294,49,45,0,0,0,0,0,1,1,1
1299,5,266,0,0,0,0,0,10,0,1
85,20,14,0,0,0,0,0,0,2,1
108,0,27,0,0,2,1,0,1,2,1
93,0,26,0,0,2,1,0,0,1,1
178,15,35,1,1,0,1,1,3,3,1
230,42,29,0,0,0,0,0,2,0,1
148,15,37,1,1,2,1,0,0,2,1
399,0,80,0,0,0,0,0,3,0,1
293,67,64,0,0,2,1,0,0,1,1
96,20,18,0,0,0,0,0,0,2,1
52,0,8,0,0,0,0,0,0,2,1
91,10,16,0,0,0,0,0,2,1,1
667,4,148,0,0,0,0,0,5,0,1
86,10,14,0,0,0,0,0,1,1,1
1799,2,376,0,0,0,0,0,23,0,1
33,5,4,0,0,0,0,0,1,0,1
120,12,22,0,0,0,0,0,0,1,1
345,34,68,3,3,4,1,0,2,2,1
99,24,18,0,0,0,0,0,0,2,1
99,19,18,0,0,0,0,0,1,2,1
148,1,47,0,0,0,0,0,1,0,1
343,0,58,0,0,0,0,0,7,0,1
358,182,122,3,3,0,0,0,0,2,1
94,20,17,0,0,0,0,0,2,2,1
90,20,18,0,0,0,0,0,0,2,1
263,16,74,1,1,7,4,0,0,1,1
90,19,17,0,0,0,0,0,0,2,1
496,151,102,4,4,3,5,0,2,2,1
476,65,105,4,4,2,1,0,5,5,1
91,10,16,0,0,0,0,0,2,1,1
107,20,20,0,0,0,0,0,1,2,1
110,10,25,0,0,0,1,1,1,1,1
799,0,154,0,0,0,0,0,16,0,1
704,5,163,0,0,0,0,0,6,0,1
138,17,26,1,1,2,1,0,0,2,1
180,2,49,1,1,2,1,0,1,2,1
113,0,28,0,0,2,1,0,1,2,1
90,0,15,0,0,0,0,0,3,0,1
251,39,37,0,0,0,0,0,2,0,1
259,109,79,2,2,0,0,0,0,2,1
293,67,64,0,0,2,1,0,0,1,1
298,42,43,0,0,0,0,0,2,1,1
122,20,23,0,0,0,0,0,1,2,1
85,20,16,0,0,0,0,0,0,2,1
114,8,24,1,1,2,1,0,1,1,1
87,20,16,0,0,0,0,0,0,2,1
604,1,117,0,0,0,0,0,11,0,1
48,0,9,0,0,0,0,0,0,0,1
144,20,30,1,1,1,1,0,0,2,1
76,9,18,0,0,2,1,0,0,2,1
850,3,180,0,0,0,0,0,10,0,1
731,1,165,0,0,0,0,0,2,0,1
114,0,30,0,0,2,1,0,0,2,1
33,5,4,0,0,0,0,0,1,0,1
171,1,37,0,0,0,0,0,0,0,1
124,15,28,1,1,2,1,0,0,1,1
108,0,28,0,0,2,1,0,1,2,1
236,38,34,0,0,0,0,0,3,0,1
1026,7,217,0,0,0,0,0,14,0,1
95,5,29,0,0,2,1,0,0,1,1
300,32,54,2,2,3,2,0,3,2,1
590,95,128,5,5,2,1,0,9,4,1
266,46,60,2,2,2,2,0,1,1,1
1440,0,282,0,0,0,0,0,29,0,1
129,5,26,1,1,2,0,0,2,3,1
82,14,18,0,0,2,1,0,0,2,1
307,0,63,0,0,0,0,0,2,0,1
167,5,38,1,1,2,1,0,1,2,1
88,20,16,0,0,0,0,0,0,2,1
193,2,49,1,1,1,1,0,2,2,1
508,0,99,0,0,0,0,0,5,0,1
1222,1,243,0,0,0,0,0,24,0,1
86,0,15,1,1,0,0,0,1,2,1
263,14,59,2,2,0,0,0,2,2,1
630,0,138,0,0,0,0,0,8,0,1
73,19,14,0,0,0,0,0,0,2,1
88,20,14,0,0,0,0,0,0,2,1
235,39,33,0,0,0,0,0,2,0,1
13,1,6,0,0,0,0,0,0,0,1
152,3,37,1,1,2,1,0,0,1,1
1378,5,294,0,0,0,0,0,17,0,1
447,4,91,0,0,0,0,0,7,0,1
120,24,23,0,0,0,0,0,1,2,1
96,1,16,2,2,2,1,0,3,0,1
122,0,29,0,0,2,1,0,2,1,1
178,39,44,1,1,0,1,0,2,2,1
333,40,65,3,3,2,1,0,0,1,1
482,2,102,0,0,0,0,0,11,0,1
110,0,22,0,0,0,0,0,2,0,1
135,19,29,1,1,2,0,0,0,2,1
17,0,2,0,0,0,0,0,0,0,1
218,8,63,1,1,2,1,0,2,1,1
100,2,25,0,0,2,1,0,0,2,1
129,3,27,1,1,0,0,0,1,4,1
877,7,197,0,0,0,0,0,5,0,1
79,20,14,0,0,1,0,0,0,2,1
171,4,50,1,1,2,1,0,0,1,1
247,38,35,0,0,0,0,0,5,0,1
340,0,73,0,0,0,0,0,6,0,1
87,11,18,0,0,2,1,0,0,2,1
80,20,16,0,0,0,0,0,0,2,1
88,19,17,0,0,0,0,0,0,2,1
1076,13,228,0,0,0,0,0,12,0,1
89,20,17,0,0,0,0,0,0,2,1
98,20,16,0,0,0,0,0,2,2,1
84,20,15,0,0,0,0,0,0,2,1
35,0,5,0,0,0,0,0,0,0,1
187,22,35,1,1,2,1,0,2,2,1
164,2,49,1,1,2,1,0,0,2,1
481,64,106,4,4,4,2,0,2,1,1
559,1,110,0,0,0,0,0,10,0,1
92,20,17,0,0,0,0,0,0,2,1
177,4,51,1,1,2,1,0,0,2,1
266,39,40,0,0,0,0,0,1,0,1
115,8,21,1,1,2,1,0,0,2,1
119,15,24,1,1,2,1,0,0,1,1
289,45,42,0,0,0,0,0,2,1,1
81,1,28,3,3,2,0,0,0,0,1
100,0,28,0,0,2,1,0,0,1,1
322,49,50,0,0,0,0,0,2,1,1
35,0,4,0,0,0,0,0,1,0,1
1542,0,306,0,0,0,0,0,20,0,1
110,13,27,1,1,1,1,0,0,2,1
76,19,14,0,0,0,0,0,0,2,1
109,22,18,0,0,0,0,0,1,2,1
56,4,8,0,0,0,0,0,0,0,1
85,20,14,0,0,0,0,0,1,2,1
302,48,43,0,0,0,0,0,2,1,1
100,19,17,0,0,0,0,0,0,2,1
102,0,28,0,0,2,1,0,0,2,1
116,12,22,0,0,0,0,0,0,1,1
316,44,45,0,0,0,0,0,2,1,1
295,43,44,0,0,0,0,0,2,1,1
241,38,34,0,0,0,0,0,2,0,1
114,0,34,0,0,2,1,0,0,1,1
87,20,17,0,0,0,0,0,1,2,1
951,9,196,0,0,0,0,0,14,0,1
256,43,35,0,0,0,0,0,2,0,1
85,20,16,0,0,0,0,0,1,2,1
75,7,18,0,0,2,1,0,0,1,1
91,20,15,0,0,0,0,0,0,2,1
88,20,16,0,0,0,0,0,0,2,1
115,5,28,1,1,1,1,0,0,1,1
104,25,19,0,0,0,0,0,0,2,1
294,0,62,0,0,0,0,0,4,0,1
82,19,15,0,0,0,0,0,0,2,1
539,0,220,0,0,0,0,0,4,0,1
1737,19,366,0,0,0,0,0,28,0,1
148,11,34,1,1,1,1,0,2,2,1
110,0,28,0,0,2,1,0,1,2,1
28,0,5,0,0,0,0,0,2,0,1
1015,3,221,0,0,0,0,0,11,0,1
100,20,19,0,0,0,0,0,1,2,1
268,1,57,0,0,0,0,0,5,0,1
133,24,30,1,1,2,2,0,0,1,1
106,20,20,0,0,0,0,0,0,2,1
86,19,16,0,0,0,0,0,0,2,1
117,6,18,0,0,0,0,0,0,1,1
1769,7,357,0,0,1,0,0,28,0,1
124,1,34,0,0,2,1,0,2,2,1
1090,0,224,0,0,0,0,0,17,0,1
1002,0,198,0,0,0,0,0,16,0,1
89,20,18,0,0,0,0,0,0,2,1
132,10,21,0,0,3,1,0,0,1,1
876,9,203,0,0,0,0,0,7,0,1
99,0,28,0,0,2,1,0,0,2,1
159,11,38,1,1,0,0,0,0,2,1
294,45,44,0,0,0,0,0,3,1,1
293,16,95,3,3,3,0,0,6,0,1
96,0,28,0,0,2,1,0,1,1,1
1477,10,332,0,0,0,0,0,24,0,1
550,9,124,0,0,0,0,0,10,0,1
79,19,14,0,0,0,0,0,0,2,1
109,27,21,0,0,0,0,0,0,2,1
82,20,15,0,0,0,0,0,1,2,1
124,22,22,0,0,0,0,0,2,2,1
107,20,18,0,0,0,0,0,1,2,1
111,0,30,0,0,2,1,0,0,2,1
781,36,261,0,0,0,0,0,0,0,1
545,2,121,0,0,0,0,0,11,0,1
573,0,113,0,0,0,0,0,6,0,1
934,2,264,0,3,1,0,0,0,0,1
163,6,32,2,2,4,0,0,1,1,1
58,1,8,0,0,0,0,0,0,0,1
127,25,26,0,0,0,0,0,0,2,1
92,20,17,0,0,0,0,0,1,2,1
109,20,18,0,0,0,0,0,1,2,1
93,0,26,0,0,2,1,0,1,2,1
120,1,31,0,0,2,1,0,1,2,1
1069,2,218,0,0,0,0,0,13,0,1
52,3,8,0,0,0,0,0,0,0,1
869,2,185,0,0,0,0,0,20,0,1
544,2,122,0,0,0,0,0,5,0,1
256,43,36,0,0,0,0,0,2,0,1
76,20,14,0,0,0,0,0,0,2,1
426,0,96,0,0,0,0,0,4,0,1
68,7,14,0,0,0,0,0,0,0,1
90,9,28,2,2,3,0,0,0,0,1
328,153,105,3,3,0,0,0,0,2,1
108,14,24,0,0,2,1,0,0,2,1
114,9,18,0,0,0,0,0,0,1,1
246,40,34,0,0,0,0,0,1,0,1
86,10,14,0,0,0,0,0,1,1,1
71,1,23,0,0,2,1,0,0,1,1
163,17,37,0,0,2,1,0,0,2,1
1355,2,279,0,0,0,0,0,18,0,1
84,20,15,0,0,0,0,0,0,2,1
67,7,14,0,0,2,1,0,0,2,1
274,37,39,0,0,0,0,0,2,0,1
87,19,15,0,0,0,0,0,0,2,1
91,20,17,0,0,0,0,0,0,2,1
277,38,38,0,0,0,0,0,2,0,1
297,9,72,0,0,0,0,0,0,0,1
346,26,76,3,3,2,1,0,0,3,1
875,9,182,0,0,0,0,0,20,0,1
121,19,26,1,1,2,1,0,0,2,1
497,1,108,0,0,0,0,0,5,1,1
67,7,15,0,0,0,0,0,0,0,1
1256,1,272,0,0,0,0,0,17,0,1
191,29,40,1,1,2,0,0,0,2,1
114,9,19,0,0,0,0,0,0,1,1
95,19,16,0,0,0,0,0,0,2,1
319,35,69,2,2,0,0,0,1,1,1
401,15,167,0,0,0,0,0,0,0,1
98,9,22,0,0,2,1,0,1,2,1
120,12,22,0,0,0,0,0,0,1,1
280,1,66,2,2,3,0,0,1,3,1
94,20,19,0,0,0,0,0,0,2,1
473,0,89,0,0,0,0,0,6,0,1
100,20,18,0,0,0,0,0,1,2,1
7825,62,5185,2,2,0,0,0,54,4,1
191,21,40,1,1,2,1,0,2,2,1
91,20,17,0,0,0,0,0,0,2,1
289,42,43,0,0,0,0,0,2,1,1
205,2,54,1,1,2,1,0,0,2,1
200,28,41,1,1,0,0,0,1,1,1
96,20,17,0,0,0,0,0,1,2,1
116,12,22,0,0,0,0,0,0,1,1
98,7,17,0,0,1,1,0,0,2,1
105,10,25,0,0,2,1,0,0,2,1
917,0,181,0,0,0,0,0,16,0,1
667,252,138,6,6,2,5,0,1,2,1
152,10,37,1,1,2,1,0,1,2,1
184,24,38,1,1,3,0,0,0,3,1
58,3,8,0,0,0,0,0,1,0,1
116,12,22,0,0,0,0,0,0,1,1
83,20,16,0,0,0,0,0,1,2,1
113,6,18,0,0,0,0,0,0,1,1
1369,5,291,0,0,0,0,0,21,0,1
270,43,39,0,0,0,0,0,5,0,1
109,0,27,0,0,2,1,0,1,2,1
86,10,14,0,0,0,0,0,1,1,1
272,41,41,0,0,0,0,0,2,0,1
200,28,40,0,0,0,1,1,1,0,1
91,10,16,0,0,0,0,0,2,1,1
58,2,8,0,0,0,0,0,1,0,1
135,11,31,1,1,2,1,0,1,2,1
3653,1,1050,1,0,0,0,0,76,0,1
1515,7,324,0,0,0,0,0,17,0,1
1279,4,243,0,0,0,0,0,20,0,1
54,3,8,0,0,0,0,0,0,0,1
32,4,4,0,0,0,0,0,1,0,1
1267,4,248,0,0,0,0,0,19,0,1
141,22,30,1,1,2,0,0,1,1,1
78,20,14,0,0,0,0,0,0,2,1
90,8,20,0,0,0,0,0,3,2,1
118,3,29,0,0,2,1,0,0,2,1
119,1,31,0,0,2,1,0,1,2,1
637,7,128,0,0,0,0,0,8,0,1
103,20,20,0,0,0,0,0,0,2,1
114,20,20,0,0,0,0,0,1,2,1
1257,7,265,0,0,0,1,0,22,0,1
113,11,23,1,1,2,1,0,1,2,1
697,4,152,0,0,0,0,0,8,0,1
180,2,50,1,1,2,1,0,0,1,1
662,7,142,0,0,0,0,0,11,0,1
107,20,25,0,0,3,1,0,1,2,1
186,2,50,1,1,2,1,0,0,2,1
109,8,27,1,1,1,0,0,0,2,1
143,13,31,1,1,2,1,0,0,1,1
682,0,150,0,0,0,0,0,8,0,1
451,6,91,0,0,0,0,0,6,0,1
82,20,14,0,0,0,0,0,0,2,1
106,11,21,0,0,2,1,0,0,2,1
235,45,54,2,2,0,1,0,3,2,1
424,8,95,0,0,1,0,0,5,0,1
114,1,24,2,2,2,0,0,1,0,1
4761,8,1235,1,0,7,0,0,82,0,1
202,35,38,1,1,2,1,0,0,2,1
96,0,28,0,0,2,1,0,0,2,1
33,5,4,0,0,0,0,0,1,0,1
134,0,34,1,1,2,1,0,0,2,1
131,0,32,1,1,1,1,0,0,1,1
306,45,81,2,2,3,5,0,0,2,1
92,21,18,0,0,0,0,0,0,2,1
53,4,8,0,0,0,0,0,1,0,1
374,2,73,0,0,0,0,0,9,0,1
119,18,29,1,1,2,1,0,1,2,1
55,2,8,0,0,0,0,0,0,0,1
90,20,17,0,0,0,0,0,1,2,1
103,20,17,0,0,0,0,0,3,2,1
129,13,30,1,1,2,0,0,0,1,1
115,0,32,0,0,2,1,0,1,2,1
109,22,18,0,0,0,0,0,2,2,1
1223,10,256,0,0,0,0,0,20,0,1
123,0,31,0,0,2,1,0,1,2,1
129,13,26,1,1,1,1,0,1,1,1
126,0,33,0,0,2,1,0,0,1,1
11601,55,3740,7,8,0,0,0,83,1,1
145,13,37,1,1,0,0,0,0,3,1
121,20,23,0,0,0,0,0,1,2,1
247,41,36,0,0,0,0,0,2,0,1
78,19,15,0,0,0,0,0,0,2,1
134,13,27,1,1,2,1,0,0,1,1
361,0,67,0,0,0,0,0,7,0,1
302,46,44,0,0,0,0,0,1,1,1
1439,0,306,0,0,0,0,0,19,0,1
257,38,36,0,0,0,0,0,2,0,1
385,0,76,0,0,0,0,0,9,0,1
82,20,15,0,0,0,0,0,0,2,1
125,18,34,2,3,2,1,0,0,1,1
133,8,34,2,3,4,1,0,1,2,1
2209,9,473,0,0,0,0,0,33,0,1
146,5,36,1,1,2,0,0,2,2,1
90,20,17,0,0,0,0,0,0,2,1
97,20,18,0,0,0,0,0,1,2,1
74,20,13,0,0,0,0,0,0,2,1
123,22,32,1,1,0,1,0,0,1,1
57,0,13,0,0,0,0,0,0,4,1
745,2,142,0,0,0,0,0,8,0,1
156,11,33,1,1,3,0,0,0,3,1
312,44,48,0,0,0,0,0,2,1,1
33,5,4,0,0,0,0,0,1,0,1
1342,6,286,0,0,0,0,0,17,0,1
2321,2,498,0,0,0,0,0,27,0,1
140,11,34,1,1,2,0,0,2,4,1
89,20,16,0,0,0,0,0,0,2,1
591,1,122,0,0,0,0,0,11,0,1
881,4,189,0,0,0,0,0,15,0,1
126,10,31,1,1,3,1,0,0,2,1
218,21,59,1,1,2,1,0,0,2,1
240,38,33,0,0,0,0,0,2,0,1
839,1,187,0,0,0,0,0,13,0,1
145,20,27,0,0,0,0,0,0,2,1
207,22,41,1,1,2,1,0,0,2,1
137,28,29,1,1,0,0,0,0,3,1
118,0,31,0,0,2,1,0,0,2,1
191,23,46,1,1,2,1,0,0,2,1
110,9,18,0,0,0,0,0,0,1,1
81,7,19,0,0,2,1,0,1,1,1
233,10,49,1,1,0,1,0,1,2,1
163,27,36,1,1,0,0,0,1,2,1
113,15,25,1,1,2,1,0,1,2,1
126,4,27,1,1,1,1,0,0,1,1
91,20,16,0,0,0,0,0,0,2,1
1171,4,266,0,0,0,0,0,14,0,1
123,14,24,0,0,0,0,0,0,1,1
99,20,20,0,0,0,0,0,0,2,1
37,0,14,2,2,3,0,0,0,0,1
308,43,45,0,0,0,0,0,1,1,1
38,5,6,0,0,0,0,0,2,0,1
268,40,38,0,0,0,0,0,2,0,1
743,2,153,0,0,0,0,0,11,0,1
38,5,6,0,0,0,0,0,2,0,1
4977,22,1051,0,0,0,0,0,54,0,1
87,20,17,0,0,0,0,0,0,2,1
85,20,15,0,0,0,0,0,0,2,1
150,0,33,1,1,2,1,0,0,2,1
227,40,30,0,0,0,0,0,1,0,1
4568,29,1466,12,12,1,0,0,13,0,1
10638,77,2766,19,19,7,0,0,34,3,1
495,2,102,0,0,0,0,0,4,0,1
77,0,12,0,0,0,0,0,3,0,1
303,23,50,2,2,2,1,0,2,1,1
83,7,17,0,0,2,1,0,0,1,1
103,19,19,0,0,0,0,0,1,2,1
146,4,22,0,0,2,1,0,0,4,1
100,20,16,0,0,0,0,0,0,2,1
334,47,49,0,0,0,0,0,1,1,1
678,2,148,0,0,0,0,0,8,0,1
686,1,136,0,0,0,0,0,17,0,1
85,20,15,0,0,0,0,0,0,2,1
393,0,76,0,0,0,0,0,7,0,1
21,0,3,0,0,0,0,0,0,0,1
209,36,44,2,2,1,1,0,0,2,1
235,37,31,0,0,0,0,0,5,0,1
33,5,4,0,0,0,0,0,1,0,1
89,7,18,0,0,2,1,0,1,1,1
33,5,4,0,0,0,0,0,1,0,1
288,3,101,0,0,0,0,0,2,0,1
116,12,22,0,0,0,0,0,0,1,1
570,4,111,0,0,0,0,0,7,0,1
110,0,28,0,0,2,1,0,0,1,1
187,28,47,1,1,2,1,0,0,1,1
101,0,28,0,0,2,1,0,0,2,1
315,45,47,0,0,0,0,0,1,1,1
106,0,29,0,0,2,1,0,0,2,1
766,1,161,0,0,0,0,0,14,0,1
124,15,24,0,0,0,0,0,0,1,1
82,20,15,0,0,0,0,0,0,2,1
174,19,35,0,0,3,1,0,1,1,1
204,29,56,1,1,2,1,0,1,2,1
1087,3,227,0,0,0,0,0,10,0,1
291,3,63,0,0,0,0,0,8,0,1
250,41,56,2,2,2,1,0,1,2,1
95,20,16,0,0,0,0,0,0,2,1
141,0,37,1,1,2,1,0,1,2,1
174,13,51,1,1,2,0,0,0,2,1
91,19,16,0,0,0,0,0,0,2,1
87,20,15,0,0,0,0,0,1,2,1
907,0,186,0,0,0,0,0,11,0,1
818,0,170,0,0,0,0,0,9,0,1
398,1,95,3,2,2,0,0,1,3,1
126,0,32,0,0,2,1,0,0,2,1
363,49,82,3,3,2,1,0,6,4,1
1667,2,359,0,0,0,0,0,20,0,1
84,20,15,0,0,0,0,0,0,2,1
180,3,48,1,1,2,1,0,4,1,1
135,1,33,2,2,2,0,0,1,0,1
109,20,23,0,0,0,0,0,0,2,1
25109,105,7024,14,16,1,0,0,270,0,1
73,20,13,0,0,0,0,0,0,2,1
86,4,23,0,0,2,1,0,0,2,1
913,1,190,0,0,0,0,0,12,0,1
1252,5,258,0,0,0,0,0,18,0,1
849,14,199,0,0,0,0,0,12,0,1
309,43,50,0,0,0,0,0,3,1,1
244,39,32,0,0,0,0,0,2,0,1
83,20,16,0,0,0,0,0,0,2,1
97,24,20,0,0,0,0,0,0,2,1
91,20,16,0,0,0,0,0,0,2,1
96,20,16,0,0,0,0,0,0,2,1
103,20,20,0,0,0,0,0,0,2,1
586,2,116,0,0,0,0,0,11,0,1
2132,14,444,0,0,0,0,0,32,0,1
2383,12,483,0,0,0,0,0,30,0,1
302,43,45,0,0,0,0,0,1,1,1
1072,1,204,0,0,0,0,0,15,1,1
95,2,25,0,0,2,1,0,0,2,1
116,1,29,0,0,2,1,0,2,2,1
243,27,55,2,2,2,1,0,1,4,1
420,0,83,0,0,0,0,0,7,0,1
120,20,19,0,0,0,0,0,1,2,1
78,1,21,0,0,2,1,0,0,1,1
80,19,14,0,0,0,0,0,0,2,1
116,4,21,2,3,2,1,0,1,1,1
207,3,47,0,0,0,0,0,2,0,1
307,27,66,2,2,1,1,0,0,1,1
310,43,46,0,0,0,0,0,2,1,1
105,9,19,0,0,2,1,0,0,2,1
115,15,25,1,1,1,1,0,1,1,1
48,8,10,0,0,0,0,0,0,0,1
24,0,5,0,1,0,1,0,0,0,1
239,40,33,0,0,0,0,0,4,0,1
241,43,36,0,0,0,0,0,3,0,1
109,0,27,0,0,2,1,0,1,1,1
744,0,153,0,0,0,0,0,6,0,1
123,1,31,0,0,2,1,0,1,2,1
113,8,18,0,0,0,0,0,0,1,1
232,23,54,1,1,1,1,0,1,1,1
89,21,16,0,0,0,0,0,0,2,1
300,43,41,0,0,0,0,0,1,1,1
1279,5,281,0,0,0,0,0,16,0,1
78,20,14,0,0,0,0,0,0,2,1
232,41,34,0,0,0,0,0,2,0,1
1601,15,335,0,0,0,0,0,21,0,1
205,24,33,1,1,2,0,0,0,2,1
224,28,56,2,2,2,0,0,1,2,1
94,8,23,0,0,2,1,0,1,2,1
115,13,19,0,0,0,0,0,0,1,1
144,18,28,1,1,2,1,0,0,1,1
293,0,58,0,0,0,0,0,4,0,1
142,32,33,1,1,2,1,0,1,1,1
254,43,38,0,0,0,0,0,1,0,1
308,44,46,0,0,0,0,0,1,1,1
91,10,16,0,0,0,0,0,2,1,1
3136,13,669,0,0,0,0,0,52,0,1
155,19,36,1,1,2,0,0,0,3,1
161,17,37,0,0,2,1,0,0,2,1
176,2,48,1,1,2,1,0,1,2,1
234,44,34,0,0,0,0,0,2,0,1
92,20,18,0,0,0,0,0,0,2,1
117,20,20,0,0,0,0,0,0,2,1
79,19,16,0,0,0,0,0,0,2,1
119,11,22,0,0,0,0,0,0,1,1
119,2,30,0,0,2,1,0,2,2,1
196,10,48,1,1,1,1,0,0,1,1
130,1,30,1,1,1,1,0,1,2,1
1376,10,279,0,0,0,0,0,22,0,1
110,0,26,0,0,2,1,0,0,2,1
116,12,22,0,0,0,0,0,0,1,1
130,20,34,1,1,2,1,0,2,1,1
52,3,8,0,0,0,0,0,1,0,1
189,19,41,1,1,0,0,0,3,2,1
286,3,62,0,0,0,0,0,7,0,1
105,20,18,0,0,0,0,0,0,2,1
100,3,24,0,0,0,1,0,1,1,1
80,20,14,0,0,0,0,0,0,2,1
119,1,32,0,0,2,1,0,1,2,1
68,10,17,0,0,2,1,0,0,2,1
839,0,172,0,0,0,0,0,7,0,1
162,7,40,0,0,0,0,0,2,0,1
99,20,19,0,0,0,0,0,0,2,1
146,0,36,1,1,2,1,0,1,2,1
77,10,18,0,0,2,1,0,0,2,1
54,8,11,0,0,0,0,0,1,0,1
90,0,22,0,0,2,1,0,0,1,1
229,0,43,0,0,0,0,0,5,0,1
275,100,86,2,2,0,0,0,1,1,1
123,0,29,0,0,2,1,0,0,2,1
92,20,15,0,0,0,0,0,1,2,1
559,8,135,0,0,0,0,0,6,0,1
111,19,20,0,0,0,0,0,2,2,1
122,11,24,1,1,2,1,0,0,2,1
91,10,16,0,0,0,0,0,2,1,1
877,7,199,0,0,0,0,0,11,0,1
113,8,20,1,1,2,1,0,1,1,1
137,22,31,1,1,2,1,0,0,2,1
297,48,42,0,0,0,0,0,1,1,1
97,8,21,0,0,2,1,0,0,1,1
173,2,47,1,1,2,1,0,1,1,1
248,39,36,0,0,0,0,0,2,0,1
96,20,16,0,0,0,0,0,0,2,1
92,20,17,0,0,0,0,0,0,2,1
92,20,16,0,0,0,0,0,0,2,1
267,40,39,0,0,0,0,0,2,0,1
84,8,19,0,0,2,1,0,0,2,1
759,0,156,0,0,0,0,0,11,0,1
1696,0,497,0,0,0,0,0,21,2,1
118,0,23,1,1,0,0,0,3,4,1
109,10,25,1,1,2,1,0,2,2,1
109,13,22,0,0,2,1,0,1,1,1
88,19,17,0,0,0,0,0,0,2,1
103,20,18,0,0,0,0,0,1,2,1
426,0,91,0,0,0,0,0,9,0,1
1695,16,361,0,0,0,0,0,32,0,1
3021,14,1081,10,10,0,0,0,14,2,1
101,20,19,0,0,0,0,0,0,2,1
91,10,16,0,0,0,0,0,2,1,1
173,18,38,1,1,2,1,0,0,2,1
189,2,37,0,0,0,0,0,2,0,1
100,20,17,0,0,0,0,0,0,2,1
116,0,30,0,0,2,1,0,1,1,1
248,45,37,0,0,0,0,0,1,0,1
1446,19,316,0,0,0,0,0,15,0,1
94,11,19,0,0,2,1,0,0,2,1
121,13,22,0,0,0,0,0,0,1,1
166,13,39,1,1,2,0,0,1,2,1
266,0,64,0,0,0,0,0,3,0,1
1485,4,301,0,0,0,0,0,21,0,1
291,0,58,0,0,0,0,0,5,0,1
28582,478,8396,12,8,29,0,90,448,0,1
270,38,37,0,0,0,0,0,1,0,1
584,0,159,0,0,0,0,0,2,0,1
1296,4,275,0,0,0,0,0,22,0,1
78,20,13,0,0,0,0,0,1,2,1
99,0,28,0,0,2,1,0,0,2,1
53,1,8,0,0,0,0,0,0,0,1
118,9,27,1,1,2,1,0,1,2,1
129,6,38,0,0,2,1,0,0,2,1
126,8,34,1,1,2,1,0,1,1,1
298,45,81,2,2,3,5,0,1,2,1
90,0,26,0,0,2,1,0,0,1,1
394,189,126,3,3,0,0,0,0,1,1
148,1,36,1,1,2,1,0,2,2,1
96,7,22,0,0,2,1,0,0,2,1
38,5,6,0,0,0,0,0,2,0,1
151,17,26,1,1,2,1,0,2,2,1
172,2,47,1,1,2,1,0,2,2,1
1823,24,665,7,6,3,0,0,1,0,1
84,20,16,0,0,0,0,0,0,2,1
50,1,8,0,0,0,0,0,0,0,1
56,1,8,0,0,0,0,0,0,0,1
163,14,40,1,1,0,0,0,1,5,1
85,20,15,0,0,0,0,0,0,2,1
185,1,43,1,1,2,1,0,1,2,1
314,44,45,0,0,0,0,0,2,1,1
72,19,13,0,0,0,0,0,0,2,1
86,20,16,0,0,0,0,0,0,2,1
1483,18,353,0,0,0,0,0,15,0,1
260,10,63,2,2,4,2,0,1,1,1
116,4,22,1,1,2,1,0,0,1,1
98,12,19,0,0,2,1,0,1,2,1
191,22,41,1,1,0,1,1,1,2,1
33,5,4,0,0,0,0,0,1,0,1
317,44,49,0,0,0,0,0,1,1,1
240,37,35,0,0,0,0,0,1,0,1
13,0,2,0,0,0,0,0,0,0,1
139,9,33,1,1,3,1,0,0,1,1
109,21,19,0,0,0,0,0,0,2,1
42,8,9,0,0,0,0,0,0,0,1
98,20,16,0,0,0,0,0,0,2,1
127,12,28,1,1,2,1,0,2,1,1
321,50,50,0,0,0,0,0,2,1,1
54,5,8,0,0,0,0,0,0,0,1
236,35,33,0,0,0,0,0,3,0,1
99,0,24,0,0,2,1,0,1,1,1
108,22,17,0,0,0,0,0,1,2,1
219,7,51,2,2,2,0,0,2,2,1
98,10,21,0,0,2,1,0,1,1,1
91,10,16,0,0,0,0,0,2,1,1
52,0,16,2,2,0,0,0,2,1,1
712,3,153,0,0,0,0,0,7,0,1
172,2,48,1,1,2,1,0,1,2,1
95,20,19,0,0,0,0,0,0,2,1
304,48,46,0,0,0,0,0,3,1,1
35,0,6,0,0,0,0,0,0,0,1
321,52,47,0,0,0,0,0,2,1,1
60,0,12,0,0,0,0,0,0,0,1
116,22,21,0,0,0,0,0,0,2,1
97,20,19,0,0,0,0,0,0,2,1
178,20,44,1,1,3,0,0,0,3,1
92,0,27,0,0,2,1,0,0,1,1
137,20,22,0,0,0,0,0,0,2,1
300,43,45,0,0,0,0,0,3,1,1
91,10,16,0,0,0,0,0,2,1,1
91,10,16,0,0,0,0,0,2,1,1
396,3,84,0,0,0,0,0,9,0,1
1012,12,191,0,0,0,0,0,14,0,1
327,46,46,0,0,0,0,0,2,1,1
606,4,119,0,0,0,0,0,15,0,1
305,41,44,0,0,0,0,0,1,1,1
86,0,22,0,0,0,0,0,0,2,1
133,3,34,0,0,2,1,0,1,1,1
232,2,47,0,0,0,0,0,4,0,1
301,49,43,0,0,0,0,0,2,1,1
2664,2,884,17,15,0,0,0,5,1,1
235,31,48,2,2,0,0,0,4,2,1
110,7,23,1,1,1,1,0,0,2,1
79,20,15,0,0,0,0,0,0,2,1
169,3,96,1,1,1,0,0,0,3,1
148,20,32,1,1,2,1,0,1,2,1
94,20,16,0,0,0,0,0,0,2,1
794,5,166,0,0,0,0,0,14,0,1
116,12,22,0,0,0,0,0,0,1,1
112,2,23,4,4,2,2,0,5,0,1
112,0,26,0,0,2,1,0,0,2,1
82,19,15,0,0,0,0,0,0,2,1
54,3,8,0,0,0,0,0,0,0,1
78,19,14,0,0,0,0,0,1,2,1
49,1,8,0,0,0,0,0,1,0,1
111,0,28,0,0,2,1,0,0,2,1
38,5,6,0,0,0,0,0,2,0,1
45,8,10,0,0,0,0,0,0,0,1
268,38,40,0,0,0,0,0,2,0,1
1752,18,356,0,0,0,0,0,16,0,1
146,11,29,1,1,2,1,0,0,2,1
94,19,17,0,0,0,0,0,0,2,1
373,67,43,3,3,2,0,0,0,2,1
91,20,16,0,0,0,0,0,0,2,1
2202,9,479,0,0,0,0,0,17,0,1
131,8,27,1,1,2,1,0,1,1,1
169,25,36,1,1,2,1,0,1,1,1
215,8,71,6,6,2,0,0,3,0,1
86,10,14,0,0,0,0,0,1,1,1
81,20,14,0,0,0,0,0,1,2,1
119,9,18,0,0,0,0,0,0,1,1
302,46,45,0,0,0,0,0,1,1,1
116,0,27,0,0,2,1,0,0,2,1
142,0,31,1,1,3,1,0,1,1,1
102,0,29,0,0,2,1,0,0,1,1
298,2,59,0,0,0,0,0,7,0,1
143,2,40,1,1,2,1,0,0,2,1
118,4,34,0,0,2,1,0,0,2,1
95,20,17,0,0,0,0,0,0,2,1
115,4,27,0,0,2,1,0,2,2,1
128,16,29,2,2,3,0,0,0,0,1
213,0,40,0,0,0,0,0,2,0,1
160,11,37,1,1,3,1,0,0,1,1
1315,2,289,0,0,0,0,0,16,0,1
50,3,8,0,0,0,0,0,0,0,1
454,0,93,0,0,0,0,0,7,0,1
104,20,19,0,0,0,0,0,0,2,1
91,10,16,0,0,0,0,0,2,1,1
2645,18,552,0,0,0,0,0,28,0,1
137,0,27,0,0,0,0,0,2,0,1
141,21,34,1,1,3,1,0,0,2,1
64,0,15,0,0,0,0,0,0,3,1
564,2,114,0,0,0,0,0,6,0,1
106,7,23,1,1,0,0,0,1,3,1
94,20,18,0,0,0,0,0,0,2,1
244,44,37,0,0,0,0,0,2,0,1
99,13,22,0,0,2,1,0,0,1,1
114,2,32,1,1,0,1,0,1,2,1
698,2,147,0,0,0,0,0,6,0,1
98,21,18,0,0,0,0,0,2,2,1
20,0,3,0,0,0,0,0,0,0,1
80,20,14,0,0,0,0,0,0,2,1
92,20,16,0,0,0,0,0,0,2,1
3217,15,673,0,0,0,0,0,50,0,1
116,20,20,0,0,0,0,0,0,2,1
75,19,14,0,0,0,0,0,0,2,1
92,12,21,0,0,2,1,0,1,2,1
82,5,23,0,0,2,1,0,0,1,1
121,0,30,0,0,2,1,0,0,2,1
459,135,132,4,4,3,5,0,0,2,1
54,8,13,0,0,0,0,0,0,0,1
96,0,23,0,0,2,1,0,3,1,1
244,38,36,0,0,0,0,0,5,0,1
259,48,53,2,2,2,1,0,2,2,1
58,1,9,0,0,0,0,0,0,0,1
154,3,41,1,1,1,1,0,0,1,1
346,1,73,0,0,0,0,0,3,0,1
38,5,6,0,0,0,0,0,2,0,1
166,4,39,1,1,3,0,0,2,2,1
108,20,19,0,0,0,0,0,1,2,1
287,39,40,0,0,0,0,0,4,1,1
272,2,56,0,0,0,0,0,1,0,1
254,42,55,2,2,6,2,0,0,2,1
403,2,90,0,0,0,0,0,6,0,1
1792,5,385,0,0,0,0,0,23,0,1
37,0,6,0,0,0,0,0,0,0,1
87,20,16,0,0,0,0,0,1,2,1
116,12,22,0,0,0,0,0,0,1,1
187,2,50,1,1,2,1,0,0,2,1
135,0,39,0,0,1,1,0,1,2,1
169,2,47,1,1,2,1,0,1,2,1
117,28,21,0,0,0,0,0,0,2,1
132,6,32,1,1,3,1,0,1,1,1
185,7,56,1,1,2,1,0,0,1,1
85,20,15,0,0,0,0,0,0,2,1
244,37,34,0,0,0,0,0,4,0,1
193,2,51,1,1,2,1,0,1,2,1
70,0,11,0,0,0,0,0,1,0,1
164,10,43,1,1,2,1,0,0,2,1
136,18,34,1,1,2,1,0,0,2,1
104,20,20,0,0,0,0,0,1,2,1
91,10,16,0,0,0,0,0,2,1,1
118,14,18,0,0,0,0,0,0,1,1
377,0,80,0,0,0,0,0,3,0,1
250,0,42,0,0,0,0,0,3,0,1
59,1,8,0,0,0,0,0,0,0,1
289,47,42,0,0,0,0,0,1,1,1
116,12,22,0,0,0,0,0,0,1,1
32,3,7,0,0,0,0,0,0,0,1
300,39,51,2,2,0,0,0,3,4,1
1340,5,292,0,0,0,0,0,24,0,1
120,0,24,0,0,0,0,0,0,0,1
80,20,14,0,0,0,0,0,0,2,1
144,0,39,2,2,2,0,0,2,0,1
46,8,12,0,0,0,0,0,0,0,1
185,28,38,1,1,2,1,0,0,2,1
38,5,6,0,0,0,0,0,2,0,1
108,13,26,1,1,2,1,0,1,2,1
101,20,17,0,0,0,0,0,1,2,1
62,1,13,0,0,1,1,0,0,1,1
1550,7,337,0,0,0,0,0,22,0,1
158,13,37,1,1,1,0,0,1,3,1
292,46,42,0,0,0,0,0,1,1,1
181,7,55,1,1,2,1,0,0,1,1
194,2,51,1,1,2,1,0,1,1,1
120,13,26,1,1,2,1,0,1,1,1
116,25,19,0,0,0,0,0,0,2,1
509,3,88,0,0,0,0,0,4,0,1
299,50,44,0,0,0,0,0,2,1,1
3434,9,726,0,0,0,0,0,42,0,1
88,20,16,0,0,0,0,0,2,2,1
117,0,29,0,0,2,1,0,1,2,1
93,1,17,0,0,0,0,0,1,3,1
107,20,20,0,0,0,0,0,1,2,1
38,5,6,0,0,0,0,0,2,0,1
105,0,27,0,0,2,1,0,0,2,1
900,10,245,0,0,0,0,0,6,0,1
613,7,123,0,0,0,0,0,14,0,1
243,34,35,0,0,0,0,0,3,0,1
137,5,26,1,1,2,0,0,1,3,1
76,20,13,0,0,0,0,0,0,2,1
175,30,39,1,1,1,1,0,0,1,1
212,23,41,1,1,2,0,0,0,3,1
173,18,40,1,1,3,1,0,0,3,1
83,20,16,0,0,0,0,0,0,2,1
137,0,32,2,2,2,0,0,0,0,1
78,1,22,0,0,2,1,0,0,2,1
13928,2201,48,0,0,0,0,0,0,0,1
125,11,27,1,1,4,1,0,1,1,1
116,9,19,0,0,0,0,0,0,1,1
119,22,25,0,0,0,0,0,0,2,1
176,19,39,1,1,3,1,0,0,2,1
24,0,3,0,0,0,0,0,1,0,1
86,10,14,0,0,0,0,0,1,1,1
1256,0,253,0,0,0,0,0,20,0,1
125,1,31,0,0,2,1,0,1,2,1
51,7,13,0,0,0,0,0,0,0,1
88,19,17,0,0,0,0,0,0,2,1
269,0,56,0,0,0,0,0,7,0,1
33,5,4,0,0,0,0,0,1,0,1
179,5,53,1,1,2,1,0,0,2,1
809,4,170,0,0,0,0,0,9,0,1
225,3,45,0,0,0,0,0,5,0,1
526,0,100,0,0,0,0,0,8,0,1
120,12,22,0,0,0,0,0,0,1,1
110,21,23,0,0,0,0,0,0,2,1
187,47,42,1,1,1,1,0,0,1,1
92,22,16,0,0,0,0,0,1,2,1
126,11,23,1,1,2,1,0,0,1,1
2424,3,510,0,0,0,0,0,41,0,1
104,20,19,0,0,0,0,0,0,2,1
36,10,13,2,2,0,0,0,0,1,1
245,14,58,2,2,0,0,0,1,2,1
232,41,33,0,0,0,0,0,2,0,1
171,2,48,1,1,2,1,0,1,1,1
294,40,44,0,0,0,0,0,3,1,1
105,0,28,0,0,2,1,0,0,2,1
263,16,60,2,2,0,0,0,0,3,1
164,12,39,1,1,4,1,0,0,1,1
155,4,37,1,1,3,1,0,1,1,1
105,1,28,0,0,2,1,0,0,2,1
165,2,47,1,1,2,1,0,0,1,1
113,20,22,0,0,0,0,0,1,2,1
58,6,8,0,0,0,0,0,0,0,1
57,6,8,0,0,0,0,0,0,0,1
195,3,53,1,1,1,1,0,0,1,1
120,20,20,0,0,0,0,0,0,2,1
108,20,17,0,0,0,0,0,1,2,1
120,12,22,0,0,0,0,0,0,1,1
1075,9,237,0,0,0,0,0,14,0,1
124,2,33,0,0,2,1,0,0,2,1
189,2,49,1,1,2,1,0,2,2,1
120,0,30,0,0,2,1,0,2,2,1
99,20,21,0,0,0,0,0,1,2,1
2116,5,456,0,0,0,0,0,30,0,1
990,2,203,0,0,0,0,0,11,0,1
307,43,43,0,0,0,0,0,3,1,1
107,20,19,0,0,0,0,0,0,2,1
187,15,41,1,1,0,0,0,0,2,1
296,51,45,0,0,0,0,0,2,1,1
310,44,46,0,0,0,0,0,2,1,1
96,9,19,0,0,2,1,0,3,1,1
114,1,22,1,1,0,0,0,1,2,1
137,0,25,0,0,0,0,0,1,0,1
190,2,51,1,1,2,1,0,1,1,1
160,10,35,1,1,2,1,0,1,1,1
78,0,35,1,1,0,1,0,0,0,1
106,20,17,0,0,0,0,0,1,2,1
38,5,6,0,0,0,0,0,2,0,1
124,16,28,1,1,2,1,0,0,1,1
140,14,32,1,1,2,1,0,0,1,1
84,20,15,0,0,0,0,0,0,2,1
231,0,48,1,1,3,1,0,2,1,1
126,0,33,0,0,2,1,0,1,1,1
230,34,34,0,0,0,0,0,2,0,1
125,8,34,1,1,2,0,0,0,3,1
193,2,52,1,1,1,1,0,1,2,1
174,2,47,1,1,2,1,0,2,2,1
597,5,125,0,0,0,0,0,10,0,1
116,14,22,1,1,1,1,0,1,2,1
84,20,15,0,0,0,0,0,1,2,1
111,6,18,0,0,0,0,0,0,1,1
264,40,31,0,0,0,0,0,2,0,1
112,1,29,0,0,2,1,0,0,1,1
91,10,16,0,0,0,0,0,2,1,1
239,30,48,2,2,0,0,0,0,3,1
80,20,14,0,0,0,0,0,0,2,1
246,0,85,0,0,0,0,0,2,0,1
179,31,38,1,1,1,1,0,0,1,1
123,14,24,0,0,0,0,0,0,1,1
4685,5,1206,0,1,1,0,0,28,0,1
89,20,15,0,0,0,0,0,0,2,1
120,12,22,0,0,0,0,0,0,1,1
111,6,18,0,0,0,0,0,0,1,1
1227,4,269,0,0,0,0,0,20,0,1
116,12,22,0,0,0,0,0,0,1,1
246,45,35,0,0,0,0,0,1,0,1
528,5,112,0,0,0,0,0,4,0,1
146,1,43,1,1,2,1,0,1,3,1
246,4,69,1,1,2,1,0,1,2,1
39,0,12,1,2,0,1,1,1,0,1
85,20,15,0,0,0,0,0,0,2,1
56,1,8,0,0,0,0,0,0,0,1
87,19,15,0,0,0,0,0,0,2,1
287,41,45,0,0,0,0,0,1,1,1
144,17,33,1,1,2,0,0,0,3,1
660,1,137,0,0,0,0,0,4,0,1
284,0,54,0,0,0,0,0,3,0,1
235,83,72,2,2,0,0,0,1,2,1
120,18,26,1,1,2,1,0,0,2,1
134,13,26,1,1,2,1,0,0,1,1
120,12,22,0,0,0,0,0,0,1,1
101,20,18,0,0,0,0,0,2,2,1
954,3,189,0,0,0,0,0,12,0,1
440,0,99,0,0,0,0,0,1,0,1
326,46,49,0,0,0,0,0,2,1,1
82,20,15,0,0,0,0,0,1,2,1
114,6,19,0,0,0,0,0,0,1,1
56,3,8,0,0,0,0,0,0,0,1
79,8,18,0,0,0,0,0,0,0,1
219,0,43,0,0,0,0,0,1,0,1
129,3,34,0,0,2,1,0,2,2,1
112,0,29,0,0,2,1,0,1,1,1
292,45,43,0,0,0,0,0,1,1,1
89,0,18,0,0,1,0,0,0,2,1
3043,0,634,0,0,0,0,0,36,0,1
292,4,55,0,0,0,0,0,0,0,1
597,1,128,0,0,0,0,0,4,0,1
106,20,18,0,0,0,0,0,0,2,1
97,22,17,0,0,0,0,0,0,2,1
109,20,20,0,0,0,0,0,1,2,1
305,47,46,0,0,0,0,0,2,1,1
238,101,77,2,2,0,0,0,1,2,1
123,14,24,0,0,0,0,0,0,1,1
384,184,125,3,3,0,0,0,0,1,1
264,0,58,0,0,0,0,0,4,0,1
107,11,23,1,1,2,1,0,0,2,1
90,20,16,0,0,0,0,0,1,2,1
1792,15,362,0,0,0,0,0,29,0,1
111,19,25,1,1,1,1,0,0,2,1
86,10,14,0,0,0,0,0,1,1,1
334,44,51,0,0,0,0,0,2,1,1
85,23,18,0,0,0,0,0,1,2,1
90,21,17,0,0,0,0,0,0,2,1
63,0,23,2,3,2,0,0,1,1,1
114,0,29,0,0,2,1,0,1,2,1
117,20,22,0,0,0,0,0,2,2,1
121,1,31,0,0,2,1,0,1,2,1
96,18,22,0,0,0,0,0,0,2,1
263,39,42,0,0,0,0,0,3,0,1
85,20,15,0,0,0,0,0,1,2,1
88,19,16,0,0,0,0,0,0,2,1
99,0,28,0,0,0,0,0,1,3,1
94,21,22,0,0,2,1,0,0,1,1
227,4,49,0,0,0,0,0,6,0,1
118,5,31,0,0,2,1,0,1,1,1
257,14,58,2,2,0,0,0,0,1,1
45,8,10,0,0,0,0,0,0,0,1
48,8,10,0,0,0,0,0,1,0,1
178,39,40,1,1,2,1,0,1,2,1
67,0,17,2,2,2,1,0,0,2,1
535,0,102,0,0,0,0,0,10,0,1
110,6,27,0,0,1,1,0,0,2,1
1688,12,349,0,0,0,0,0,23,0,1
332,46,49,0,0,0,0,0,4,1,1
318,52,48,0,0,0,0,0,2,1,1
1064,16,215,0,0,0,0,0,18,0,1
35,1,7,1,1,0,1,0,0,0,1
106,1,29,0,0,2,1,0,1,2,1
802,4,155,0,0,0,0,0,17,0,1
360,0,75,0,0,0,0,0,5,0,1
91,19,15,0,0,0,0,0,0,2,1
644,138,114,5,5,0,0,0,2,4,1
38,5,6,0,0,0,0,0,2,0,1
172,2,48,1,1,2,1,0,1,2,1
360,0,69,0,0,0,0,0,3,0,1
121,13,22,0,0,0,0,0,0,1,1
1647,9,327,0,0,0,0,0,27,0,1
117,13,22,0,0,0,0,0,0,1,1
89,8,18,0,0,0,0,0,0,0,1
109,20,20,0,0,0,0,0,0,2,1
108,4,27,0,0,2,1,0,0,1,1
96,8,20,0,0,2,1,0,0,1,1
370,184,121,3,3,0,0,0,1,1,1
99,20,16,0,0,0,0,0,0,2,1
154,30,35,1,1,2,1,0,0,1,1
50,1,25,1,1,0,0,1,1,0,1
317,38,69,2,2,2,1,0,5,2,1
149,58,55,2,2,2,0,0,0,0,1
197,16,40,1,1,2,1,0,0,2,1
103,20,20,0,0,0,0,0,0,2,1
38,5,6,0,0,0,0,0,2,0,1
335,14,72,0,0,0,0,0,4,0,1
112,10,25,1,1,1,0,0,2,2,1
150,14,29,1,1,0,0,0,0,1,1
1600,13,321,0,0,0,0,0,25,0,1
602,0,124,0,0,0,0,0,13,0,1
68,0,11,0,0,0,0,0,0,0,1
58,5,8,0,0,0,0,0,0,0,1
888,3,179,0,0,0,0,0,19,0,1
38,0,7,0,0,0,0,0,1,0,1
636,2,134,0,0,0,0,0,9,0,1
143,17,29,1,1,1,1,0,2,2,1
958,7,297,0,0,0,0,0,2,2,1
487,0,111,0,0,0,0,0,6,0,1
132,0,30,1,1,3,1,0,1,2,1
143,5,42,1,1,2,1,0,0,2,1
47,8,10,0,0,0,0,0,0,0,1
100,20,19,0,0,0,0,0,0,2,1
115,6,18,0,0,0,0,0,0,1,1
105,20,19,0,0,0,0,0,0,2,1
873,5,181,0,0,0,0,0,8,0,1
99,7,21,0,0,2,1,0,0,1,1
103,0,25,0,0,2,1,0,1,2,1
136,15,28,1,1,2,0,0,0,1,1
57,2,9,0,0,0,0,0,0,0,1
107,19,18,0,0,0,0,0,1,2,1
96,1,25,0,0,2,1,0,1,2,1
3318,26,1273,29,27,0,0,0,15,2,1
105,13,21,1,1,2,1,0,1,2,1
304,44,45,0,0,0,0,0,1,1,1
97,20,16,0,0,0,0,0,2,2,1
157,6,41,1,1,3,1,0,1,2,1
36,3,6,0,0,0,0,0,2,0,1
281,43,43,0,0,0,0,0,2,1,1
230,41,31,0,0,0,0,0,3,0,1
116,0,31,0,0,2,1,0,0,2,1
1526,2,320,0,0,0,0,0,17,0,1
91,20,16,0,0,0,0,0,2,2,1
186,4,49,1,1,2,1,0,0,2,1
91,20,14,0,0,0,0,0,0,2,1
163,31,36,1,1,2,1,0,0,2,1
568,138,106,5,5,8,5,0,1,1,1
79,24,15,0,0,0,0,0,0,2,1
58,1,9,0,0,0,0,0,0,0,1
205,36,43,1,1,3,1,0,0,2,1
255,18,53,2,2,0,0,0,7,1,1
306,44,47,0,0,0,0,0,4,1,1
288,55,73,2,2,4,2,0,0,3,1
302,1,57,0,0,0,0,0,7,0,1
827,0,153,0,0,0,0,0,8,0,1
79,20,14,0,0,0,0,0,0,2,1
3036,23,633,0,0,0,0,0,45,0,1
200,84,53,0,0,2,1,0,0,1,1
266,37,37,0,0,0,0,0,3,0,1
84,18,19,0,0,2,0,0,1,1,1
142,0,26,0,0,0,0,0,4,0,1
115,6,18,0,0,0,0,0,0,1,1
119,9,34,1,1,2,1,0,0,1,1
245,43,34,0,0,0,0,0,2,0,1
299,45,43,0,0,0,0,0,2,1,1
74,20,13,0,0,0,0,0,0,2,1
262,41,36,0,0,0,0,0,1,0,1
85,20,14,0,0,0,0,0,0,2,1
89,20,16,0,0,0,0,0,0,2,1
246,38,34,0,0,0,0,0,3,0,1
91,20,16,0,0,0,0,0,0,2,1
99,20,19,0,0,0,0,0,0,2,1
531,0,102,0,0,0,0,0,9,0,1
318,45,48,0,0,0,0,0,3,1,1
82,20,15,0,0,0,0,0,0,2,1
107,13,25,1,1,2,1,0,0,1,1
95,2,22,0,0,0,0,0,0,3,1
208,3,52,1,1,2,1,0,1,1,1
66,2,17,1,1,1,1,0,0,1,1
226,36,33,0,0,0,0,0,4,0,1
2978,13,632,0,0,0,0,0,40,0,1
907,5,189,0,0,0,0,0,9,0,1
249,41,35,0,0,0,0,0,1,0,1
91,20,17,0,0,0,0,0,1,2,1
1639,10,339,0,0,0,0,0,39,0,1
1292,7,274,0,0,0,0,0,18,0,1
106,10,27,0,0,0,1,0,0,1,1
85,20,16,0,0,0,0,0,0,2,1
715,6,142,0,0,0,0,0,4,0,1
96,20,17,0,0,0,0,0,1,2,1
892,0,168,0,0,0,0,0,8,0,1
252,38,36,0,0,0,0,0,3,0,1
90,7,25,2,3,2,1,0,1,1,1
118,10,27,1,1,0,0,0,0,2,1
130,21,30,1,1,2,1,0,0,2,1
81,20,14,0,0,0,0,0,0,2,1
297,43,41,0,0,0,0,0,1,1,1
88,20,17,0,0,0,0,0,1,2,1
174,23,44,1,1,2,0,0,0,3,1
129,24,25,0,0,0,0,0,2,2,1
104,20,20,0,0,0,0,0,0,2,1
370,34,101,3,3,3,5,0,0,2,1
396,22,98,3,3,2,1,0,1,1,1
38,5,6,0,0,0,0,0,2,0,1
98,0,28,0,0,2,1,0,0,1,1
95,20,16,0,0,0,0,0,0,2,1
116,12,22,0,0,0,0,0,0,1,1
89,12,23,0,0,0,1,0,0,2,1
67,21,26,2,2,0,0,0,0,1,1
128,11,38,0,0,2,1,0,0,1,1
108,3,24,0,0,2,1,0,0,2,1
138,0,36,1,1,1,1,0,0,1,1
33,5,4,0,0,0,0,0,1,0,1
107,7,24,1,1,2,1,0,1,2,1
326,45,52,0,0,0,0,0,2,1,1
301,44,45,0,0,0,0,0,2,1,1
135,28,25,1,1,0,1,0,1,1,1
79,20,16,0,0,0,0,0,0,2,1
38,5,6,0,0,0,0,0,2,0,1
104,19,19,0,0,0,0,0,0,2,1
238,40,35,0,0,0,0,0,3,0,1
124,20,23,0,0,0,0,0,1,2,1
130,17,30,1,1,0,0,0,1,2,1
112,6,18,0,0,0,0,0,0,1,1
574,0,122,0,0,0,0,0,8,0,1
78,20,15,0,0,0,0,0,0,2,1
86,10,14,0,0,0,0,0,1,1,1
23438,108,8214,5,11,2,1,0,301,0,1
417,0,86,0,0,0,0,0,7,0,1
370,36,101,3,3,3,5,0,3,1,1
130,0,30,1,1,1,1,0,2,2,1
94,20,16,0,0,0,0,0,1,2,1
55,1,8,0,0,0,0,0,0,0,1
908,1,195,0,0,0,0,0,18,0,1
180,2,48,1,1,2,1,0,1,1,1
90,20,17,0,0,0,0,0,0,2,1
99,0,27,0,0,2,1,0,0,1,1
169,22,45,1,1,1,1,0,0,2,1
85,20,15,0,0,0,0,0,1,2,1
480,8,100,0,0,0,0,0,4,0,1
142,3,30,1,1,2,0,0,0,2,1
1727,18,490,2,0,1,0,0,25,0,1
34,0,5,0,0,0,0,0,0,0,1
486,0,97,0,0,0,0,0,5,0,1
122,18,33,1,1,2,1,0,1,2,1
85,19,15,0,0,0,0,0,0,2,1
111,20,19,0,0,0,0,0,0,2,1
54,1,8,0,0,0,0,0,0,0,1
116,20,29,1,1,2,1,0,0,2,1
349,46,53,0,0,0,0,0,3,1,1
190,2,43,1,1,2,0,0,1,3,1
73,19,14,0,0,0,0,0,0,2,1
218,24,50,1,1,2,1,0,0,1,1
145,0,31,1,1,3,1,0,1,2,1
86,10,14,0,0,0,0,0,1,1,1
401,185,128,3,3,0,0,0,0,1,1
492,67,73,4,4,0,0,0,5,2,1
1081,6,236,0,0,0,0,0,15,0,1
113,6,19,0,0,0,0,0,1,1,1
609,17,208,14,15,3,0,0,4,0,1
117,13,22,0,0,0,0,0,0,1,1
912,12,183,0,0,0,0,0,17,0,1
274,21,73,2,2,2,3,0,2,2,1
83,20,14,0,0,0,0,0,1,2,1
38,7,10,0,0,0,0,0,1,0,1
92,11,21,0,0,2,1,0,1,2,1
418,0,88,0,0,0,0,0,6,0,1
742,0,154,0,0,0,0,0,9,0,1
360,16,25,3,3,0,0,0,1,1,1
56,9,9,0,0,0,0,0,0,0,1
90,20,16,0,0,0,0,0,1,2,1
184,2,49,1,1,2,1,0,4,1,1
81,6,16,0,0,1,1,0,1,1,1
248,41,38,0,0,0,0,0,2,0,1
111,11,23,1,1,2,1,0,0,1,1
315,42,47,0,0,0,0,0,2,1,1
89,20,15,0,0,0,0,0,1,2,1
84,20,15,0,0,0,0,0,1,2,1
363,58,80,3,3,4,2,0,5,3,1
298,25,57,2,2,2,0,0,1,2,1
641,3,136,0,0,0,0,0,7,0,1
116,8,18,0,0,0,0,0,0,1,1
134,19,29,1,1,0,0,0,1,2,1
69,1,12,0,0,1,1,0,0,2,1
260,42,39,0,0,0,0,0,1,0,1
299,45,45,0,0,0,0,0,1,1,1
33,5,4,0,0,0,0,0,1,0,1
1836,16,402,0,0,0,0,0,12,0,1
166,24,37,1,1,2,1,0,0,1,1
314,13,81,2,2,2,1,0,1,1,1
1348,0,272,0,0,0,0,0,20,0,1
75,20,13,0,0,0,0,0,0,2,1
94,19,16,0,0,0,0,0,0,2,1
59,6,9,0,0,0,0,0,0,0,1
297,46,41,0,0,0,0,0,3,1,1
357,26,89,2,2,2,1,0,1,2,1
88,20,16,0,0,0,0,0,0,2,1
54,8,11,0,0,0,0,0,1,0,1
94,20,16,0,0,0,0,0,0,2,1
694,152,137,6,6,2,1,0,14,1,1
148,20,26,0,0,0,0,0,1,2,1
706,9,144,0,0,0,0,0,10,0,1
3921,15,1533,0,0,0,0,0,22,0,1
617,60,143,5,5,4,2,0,1,2,1
255,40,34,0,0,0,0,0,2,0,1
245,40,34,0,0,0,0,0,3,0,1
327,44,50,0,0,0,0,0,2,1,1
91,20,15,0,0,0,0,0,0,2,1
73,8,50,0,0,0,0,0,0,0,1
95,5,29,0,0,2,1,0,0,1,1
2200,13,636,0,0,1,0,0,14,8,1
660,4,137,0,0,0,0,0,12,0,1
408,0,89,0,0,0,0,0,7,0,1
12,1,6,0,0,0,1,0,0,0,1
42,7,9,0,0,0,0,0,0,0,1
1013,12,200,0,0,0,0,0,10,0,1
180,2,49,1,1,2,1,0,2,2,1
314,0,64,0,0,0,0,0,2,0,1
130,20,25,0,0,0,0,0,0,2,1
3787,12,1227,2,1,1,0,0,38,0,1
107,0,30,0,0,2,1,0,0,2,1
110,10,25,1,1,0,1,1,1,2,1
110,10,18,0,0,0,0,0,0,1,1
176,4,50,1,1,2,1,0,0,2,1
88,0,26,0,0,1,0,0,0,2,1
184,22,39,0,0,1,1,0,0,4,1
158,1,38,1,1,2,1,0,2,2,1
21895,123,6541,31,33,4,0,0,169,7,1
58,6,9,0,0,0,0,0,0,0,1
89,20,16,0,0,0,0,0,0,2,1
1521,4,326,0,0,0,0,0,20,0,1
215,71,51,2,2,1,1,0,0,2,1
422,1,92,0,0,0,0,0,2,0,1
301,35,61,2,2,1,1,0,1,2,1
96,20,17,0,0,0,0,0,0,2,1
1394,10,290,0,0,0,0,0,25,0,1
108,20,18,0,0,0,0,0,0,2,1
85,20,15,0,0,1,0,0,0,2,1
96,20,18,0,0,0,0,0,0,2,1
333,19,73,2,2,2,0,0,0,3,1
5231,32,1165,0,0,0,0,0,65,0,1
108,10,26,1,1,1,1,0,0,2,1
92,13,18,0,0,2,1,0,0,1,1
467,0,94,0,0,0,0,0,8,0,1
100,13,19,0,0,2,1,0,0,2,1
860,0,177,0,0,0,0,0,14,0,1
1663,3,335,0,0,0,0,0,19,0,1
123,5,25,1,1,1,0,0,0,2,1
79,20,14,0,0,0,0,0,0,2,1
880,4,194,0,0,0,0,0,5,0,1
355,46,73,3,3,2,1,0,3,3,1
52,5,16,1,1,1,0,0,0,0,1
239,1,51,0,0,0,0,0,6,0,1
89,20,15,0,0,0,0,0,0,2,1
93,0,24,0,0,2,1,0,0,2,1
95,5,29,0,0,2,1,0,0,1,1
340,30,97,2,2,3,4,0,0,1,1
240,13,61,1,1,2,1,0,4,1,1
155,13,36,1,1,1,0,0,1,2,1
86,12,18,0,0,2,1,0,0,2,1
99,12,18,0,0,2,1,0,0,1,1
109,20,18,0,0,0,0,0,0,2,1
606,0,119,0,0,0,0,0,10,0,1
98,20,17,0,0,0,0,0,3,2,1
120,12,22,0,0,0,0,0,0,1,1
334,42,48,0,0,0,0,0,1,1,1
939,11,204,0,0,0,0,0,12,0,1
66,0,21,0,0,0,0,0,0,3,1
117,6,18,0,0,0,0,0,0,1,1
95,5,29,0,0,2,1,0,0,1,1
770,8,182,0,0,0,0,0,5,0,1
568,3,116,0,0,0,0,0,3,0,1
70,0,34,0,0,1,1,0,0,0,1
90,22,18,0,0,0,0,0,1,2,1
90,20,17,0,0,0,0,0,1,2,1
3346,16,670,0,0,0,0,0,45,0,1
388,118,74,0,0,3,4,0,2,0,1
153,0,35,1,1,2,1,0,1,2,1
86,10,14,0,0,0,0,0,1,1,1
238,17,46,1,1,2,1,0,0,1,1
447,85,94,3,3,0,0,0,8,2,1
158,15,28,1,1,1,1,0,0,2,1
115,20,21,0,0,0,0,0,1,2,1
107,0,29,0,0,2,1,0,0,1,1
1023,4,201,0,0,0,0,0,13,0,1
656,4,135,0,0,0,0,0,10,0,1
36,0,7,0,0,0,0,0,1,0,1
432,3,90,0,0,0,0,0,3,0,1
261,41,38,0,0,0,0,0,1,0,1
121,13,22,0,0,0,0,0,0,1,1
60,2,8,0,0,0,0,0,1,0,1
133,18,33,1,1,3,1,0,1,1,1
328,44,53,0,0,0,0,0,2,1,1
244,43,34,0,0,0,0,0,1,0,1
762,0,165,0,0,0,0,0,8,0,1
112,0,29,0,0,2,1,0,0,2,1
158,49,40,1,1,2,1,0,0,2,1
198,4,50,1,1,1,1,0,0,2,1
325,0,68,0,0,0,0,0,6,0,1
169,28,32,0,0,0,0,0,3,2,1
123,14,24,0,0,0,0,0,0,1,1
26,0,4,0,0,0,0,0,0,0,1
226,7,60,1,1,2,1,0,0,2,1
136,0,33,1,1,1,1,0,2,2,1
153,27,37,1,1,2,0,0,0,4,1
117,14,28,1,1,0,0,0,0,1,1
1588,10,316,0,0,0,0,0,20,0,1
194,35,47,1,1,3,1,0,0,1,1
525,6,118,0,0,0,0,0,9,0,1
253,61,66,2,2,3,2,0,0,2,1
350,0,64,0,0,0,0,0,4,0,1
117,20,22,0,0,0,0,0,0,2,1
102,0,28,0,0,2,1,0,0,1,1
55,1,8,0,0,0,0,0,0,0,1
77,19,15,0,0,0,0,0,0,2,1
151,0,38,0,0,0,0,0,1,0,1
1174,9,250,0,0,0,0,0,17,0,1
95,0,27,0,0,0,0,0,0,3,1
163,0,30,0,0,0,0,0,0,0,1
98,0,28,0,0,2,1,0,0,2,1
44,0,9,0,0,0,0,0,0,0,1
228,39,34,0,0,0,0,0,3,0,1
95,20,15,0,0,0,0,0,0,2,1
38,5,6,0,0,0,0,0,2,0,1
35,1,8,0,0,0,0,0,0,0,1
120,12,22,0,0,0,0,0,0,1,1
177,3,37,0,0,0,0,0,3,0,1
91,19,16,0,0,0,0,0,0,2,1
173,3,48,1,1,2,1,0,1,2,1
81,12,19,0,0,2,1,0,1,2,1
298,48,44,0,0,0,0,0,1,1,1
33,5,4,0,0,0,0,0,1,0,1
115,2,28,0,0,2,1,0,0,2,1
38,5,6,0,0,0,0,0,2,0,1
88,21,17,0,0,0,0,0,0,2,1
48,6,11,0,0,0,0,0,1,0,1
84,21,18,0,0,0,0,0,0,2,1
1003,1,233,0,0,0,0,0,13,0,1
171,18,34,1,1,2,1,0,1,2,1
189,4,38,0,0,0,0,0,0,0,1
404,76,74,3,3,0,1,0,0,4,1
1790,4,383,0,0,0,0,0,25,0,1
115,20,21,0,0,0,0,0,0,2,1
167,2,32,0,0,0,0,0,2,0,1
1768,0,397,0,0,0,0,0,24,0,1
644,4,138,0,0,0,0,0,6,0,1
227,44,31,0,0,0,0,0,1,0,1
100,20,15,0,0,0,0,0,1,2,1
121,13,22,0,0,0,0,0,0,1,1
121,13,31,1,1,2,0,0,0,2,1
282,56,56,2,2,4,2,0,1,2,1
110,7,26,1,1,1,1,0,0,1,1
637,0,127,0,0,0,0,0,10,0,1
233,42,35,0,0,0,0,0,2,0,1
62,0,16,0,0,0,0,0,1,3,1
113,22,20,0,0,0,0,0,0,2,1
234,30,51,2,2,2,1,0,0,3,1
502,0,135,0,0,0,0,0,3,0,1
198,2,54,1,1,1,1,0,0,1,1
33,5,4,0,0,0,0,0,1,0,1
92,20,17,0,0,0,0,0,1,2,1
321,45,85,3,3,3,4,0,0,1,1
163,1,40,1,1,2,1,0,1,2,1
111,7,18,0,0,0,0,0,0,1,1
85,20,15,0,0,0,0,0,0,2,1
449,0,91,0,0,0,0,0,6,0,1
116,0,28,0,0,2,1,0,1,2,1
91,10,16,0,0,0,0,0,2,1,1
430,59,70,4,4,4,2,0,0,2,1
313,65,71,2,2,4,0,0,3,3,1
265,38,37,0,0,0,0,0,2,0,1
115,19,26,1,1,2,1,0,0,2,1
212,36,31,0,0,0,0,0,2,0,1
83,20,16,0,0,0,0,0,0,2,1
91,10,16,0,0,0,0,0,2,1,1
598,195,133,5,5,2,0,0,4,3,1
116,6,18,0,0,0,0,0,1,1,1
119,18,27,1,1,0,0,0,0,1,1
252,37,38,0,0,0,0,0,1,0,1
99,21,18,0,0,0,0,0,0,2,1
115,0,28,0,0,2,1,0,1,1,1
444,0,94,0,0,0,0,0,2,0,1
1320,14,324,0,0,0,0,0,14,0,1
98,20,18,0,0,0,0,0,0,2,1
515,0,110,0,0,0,0,0,6,0,1
96,20,17,0,0,0,0,0,1,2,1
116,10,18,0,0,0,0,0,0,1,1
103,0,25,0,0,2,1,0,1,2,1
400,0,68,0,0,0,0,0,5,0,1
88,20,18,0,0,0,0,0,0,2,1
94,20,18,0,0,0,0,0,1,2,1
89,5,19,0,0,0,0,0,1,3,1
106,0,28,0,0,3,1,0,0,2,1
59,8,8,0,0,0,0,0,0,0,1
3489,451,1312,0,0,0,0,0,16,0,1
113,14,29,1,1,2,0,0,0,3,1
298,43,43,0,0,0,0,0,4,1,1
111,27,31,1,1,0,1,1,1,2,1
96,0,28,0,0,2,1,0,0,2,1
234,0,66,11,11,5,0,0,0,0,1
634,7,126,0,0,0,0,0,8,0,1
176,31,38,1,1,1,1,0,0,2,1
82,20,16,0,0,0,0,0,0,2,1
38,5,6,0,0,0,0,0,2,0,1
1475,7,314,0,0,0,0,0,21,0,1
267,16,61,2,2,0,0,0,0,4,1
953,4,214,0,0,0,0,0,8,0,1
1303,9,273,0,0,0,0,0,24,0,1
106,21,19,0,0,0,0,0,0,2,1
675,2,136,0,0,0,0,0,10,0,1
118,11,19,0,0,0,0,0,0,1,1
117,13,22,0,0,0,0,0,0,1,1
247,0,51,0,0,0,0,0,2,0,1
1386,9,283,0,0,0,0,0,17,0,1
436,2,86,0,0,0,0,0,8,0,1
369,2,73,0,0,0,0,0,3,0,1
124,17,19,0,0,0,0,0,0,1,1
33,5,4,0,0,0,0,0,1,0,1
5789,35,1234,0,0,0,0,0,79,0,1
264,44,36,0,0,0,0,0,5,0,1
111,0,30,0,0,2,1,0,0,2,1
148,12,42,1,1,2,1,0,0,2,1
116,14,21,1,1,2,1,0,1,1,1
56,1,8,0,0,0,0,0,0,0,1
86,20,16,0,0,0,0,0,0,2,1
2147,3,428,0,0,0,0,0,37,0,1
80,7,18,0,0,2,1,0,0,1,1
171,26,40,1,1,0,0,0,0,3,1
255,4,55,0,0,0,0,0,1,0,1
78,19,14,0,0,0,0,0,0,2,1
297,41,43,0,0,0,0,0,1,1,1
58,1,9,0,0,0,0,0,1,0,1
95,20,17,0,0,0,0,0,0,2,1
104,19,19,0,0,0,0,0,1,2,1
117,23,24,1,1,0,0,0,0,1,1
431,0,81,0,0,0,0,0,7,0,1
295,45,44,0,0,0,0,0,2,1,1
6187,26,1944,1,4,2,0,1,44,25,1
55,4,9,0,0,0,0,0,0,0,1
295,40,41,0,0,0,0,0,1,1,1
725,0,152,0,0,0,0,0,10,0,1
330,41,46,0,0,0,0,0,5,1,1
74,20,13,0,0,0,0,0,0,2,1
82,19,14,0,0,0,0,0,0,2,1
247,41,34,0,0,0,0,0,2,0,1
145,19,30,1,1,0,0,0,2,2,1
1773,4,395,0,0,0,0,0,29,0,1
98,23,19,0,0,0,0,0,1,2,1
92,20,15,0,0,0,0,0,0,2,1
109,14,23,1,1,1,1,0,1,1,1
114,8,19,0,0,0,0,0,0,1,1
91,10,16,0,0,0,0,0,2,1,1
94,24,18,0,0,0,0,0,0,2,1
1711,7,384,0,0,0,0,0,26,0,1
93,20,17,0,0,0,0,0,0,2,1
193,6,50,1,1,2,1,0,1,2,1
224,0,43,0,0,0,0,0,1,0,1
169,26,42,0,0,3,1,0,1,1,1
142,5,33,1,1,2,1,0,1,2,1
116,0,30,0,0,2,1,0,2,3,1
38,5,6,0,0,0,0,0,2,0,1
143,8,34,1,1,0,1,0,2,1,1
93,19,17,0,0,0,0,0,1,2,1
114,8,18,0,0,0,0,0,0,1,1
154,19,32,1,1,0,0,0,0,2,1
86,10,14,0,0,0,0,0,1,1,1
302,46,46,0,0,0,0,0,5,1,1
838,8,179,0,0,0,0,0,12,0,1
281,0,57,0,0,0,0,0,5,0,1
155,18,30,1,1,0,1,1,3,1,1
89,20,17,0,0,0,0,0,0,2,1
3818,3,981,8,7,0,0,0,19,0,1
104,24,20,0,0,0,0,0,2,2,1
84,20,16,0,0,0,0,0,0,2,1
120,3,31,0,0,2,1,0,1,1,1
525,8,104,0,0,0,0,0,6,0,1
101,26,21,0,0,0,0,0,0,2,1
86,10,14,0,0,0,0,0,1,1,1
194,0,49,1,1,4,2,0,1,1,1
176,22,34,1,1,0,0,0,2,2,1
111,7,18,0,0,0,0,0,0,1,1
64,0,28,0,0,1,1,0,0,0,1
76,7,19,2,2,3,0,0,0,0,1
83,19,15,0,0,0,0,0,0,2,1
86,20,15,0,0,0,0,0,0,2,1
281,41,43,0,0,0,0,0,2,1,1
253,42,40,0,0,0,0,0,3,0,1
95,6,27,0,0,2,1,0,0,2,1
158,25,30,1,1,0,0,0,1,3,1
420,1,88,0,0,0,0,0,10,0,1
476,0,90,0,0,0,0,0,2,0,1
79,20,14,0,0,0,0,0,0,2,1
91,20,15,0,0,0,0,0,0,2,1
82,20,14,0,0,0,0,0,1,2,1
94,20,17,0,0,0,0,0,0,2,1
124,11,28,1,1,0,0,0,0,3,1
244,36,34,0,0,0,0,0,2,0,1
348,36,78,3,3,2,1,0,1,2,1
5395,75,1697,11,1,0,0,0,14,2,1
86,19,16,0,0,0,0,0,0,2,1
130,0,37,0,0,3,1,0,1,2,1
305,44,43,0,0,0,0,0,2,1,1
60,7,9,0,0,0,0,0,0,0,1
915,8,188,0,0,0,0,0,15,0,1
98,20,17,0,0,0,0,0,0,2,1
1479,4,302,0,0,0,0,0,23,0,1
127,0,30,0,0,2,1,0,1,2,1
100,0,25,0,0,2,1,0,0,1,1
129,0,29,0,0,2,1,0,0,2,1
249,45,35,0,0,0,0,0,2,0,1
103,17,29,0,0,2,1,0,0,1,1
109,14,23,1,1,1,1,0,1,1,1
57,2,8,0,0,0,0,0,0,0,1
60,5,8,0,0,0,0,0,0,0,1
193,21,46,1,1,1,1,0,1,2,1
739,2,159,0,0,0,0,0,9,0,1
80,20,14,0,0,0,0,0,1,2,1
936,0,186,0,0,0,0,0,13,0,1
116,0,30,0,0,2,1,0,0,2,1
897,219,152,8,8,0,0,0,1,10,1
250,0,51,0,0,0,0,0,2,0,1
85,0,24,0,0,2,1,0,0,2,1
465,3,99,0,0,0,0,0,8,0,1
180,39,43,1,1,0,1,0,2,2,1
525,4,106,0,0,0,0,0,6,0,1
143,9,35,1,1,2,0,0,0,2,1
33,5,4,0,0,0,0,0,1,0,1
6028,18,1421,0,0,0,0,0,66,0,1
62,3,9,0,0,0,0,0,0,0,1
131,12,27,1,1,2,1,0,0,1,1
247,46,38,0,0,0,0,0,2,0,1
113,6,18,0,0,0,0,0,0,1,1
329,0,67,0,0,0,0,0,4,0,1
114,6,18,0,0,0,0,0,0,1,1
4513,29,927,0,0,0,0,0,70,0,1
167,25,39,1,1,2,1,0,2,1,1
158,11,41,1,1,1,0,0,2,2,1
42,1,6,0,0,0,0,0,0,0,1
1287,10,283,0,0,0,0,0,18,0,1
138,16,31,1,1,2,1,0,0,1,1
440,12,136,0,3,4,0,0,2,0,1
145,19,30,1,1,0,0,0,1,2,1
90,3,22,0,0,2,1,0,2,1,1
90,19,16,0,0,0,0,0,1,2,1
304,40,46,0,0,0,0,0,1,1,1
20,0,3,0,0,0,0,0,0,0,1
123,14,24,0,0,0,0,0,0,1,1
91,20,16,0,0,0,0,0,1,2,1
640,8,124,0,0,0,0,0,15,0,1
305,46,44,0,0,0,0,0,3,1,1
38,5,6,0,0,0,0,0,2,0,1
102,19,17,0,0,0,0,0,0,2,1
43,2,12,2,3,3,1,0,0,0,1
139,9,33,1,1,3,1,0,0,1,1
818,0,169,0,0,0,0,0,4,0,1
268,14,66,2,2,6,1,0,0,2,1
84,20,16,0,0,0,0,0,1,2,1
195,3,53,1,1,2,1,0,0,1,1
598,256,153,5,5,3,5,0,0,1,1
91,10,16,0,0,0,0,0,2,1,1
319,49,49,0,0,0,0,0,2,1,1
110,15,26,1,1,2,1,0,0,2,1
55,0,10,0,0,0,0,0,0,0,1
749,0,137,0,0,0,0,0,10,0,1
499,107,143,4,4,2,0,0,1,2,1
83,20,15,0,0,0,0,0,0,2,1
107,2,26,0,0,2,1,0,1,2,1
88,20,17,0,0,0,0,0,0,2,1
115,11,23,1,1,0,1,0,1,2,1
98,16,23,0,0,2,1,0,0,2,1
142,16,29,1,1,2,1,0,1,1,1
92,19,16,0,0,0,0,0,0,2,1
43,0,5,0,0,0,0,0,1,0,1
979,5,208,0,0,0,0,0,17,0,1
74,0,11,0,0,0,0,0,2,0,1
310,43,47,0,0,0,0,0,2,1,1
856,0,168,0,0,0,0,0,15,0,1
78,20,14,0,0,0,0,0,0,2,1
140,10,30,0,0,3,0,0,0,3,1
1208,6,237,0,0,0,0,0,21,0,1
290,42,45,0,0,0,0,0,1,1,1
110,20,20,0,0,0,0,0,1,2,1
61,1,11,2,2,1,1,0,0,0,1
202,2,46,1,1,2,1,0,1,2,1
117,15,18,0,0,0,0,0,0,1,1
167,27,37,1,1,0,0,0,1,1,1
83,20,15,0,0,0,0,0,1,2,1
122,11,29,1,1,0,0,0,0,3,1
80,21,15,0,0,0,0,0,0,2,1
1511,2,354,0,0,0,0,0,20,0,1
97,13,19,0,0,2,1,0,0,2,1
79,6,16,0,0,1,1,0,0,1,1
163,32,40,1,1,2,1,0,1,1,1
91,10,16,0,0,0,0,0,2,1,1
93,19,17,0,0,0,0,0,1,2,1
653,172,124,5,5,2,1,0,2,7,1
709,13,149,0,0,0,0,0,8,0,1
156,10,43,1,1,2,1,0,0,2,1
53,7,12,0,0,0,0,0,1,0,1
750,2,148,0,0,0,0,0,16,0,1
113,0,25,0,0,2,1,0,1,2,1
116,12,22,0,0,0,0,0,0,1,1
822,2,171,0,0,0,0,0,9,0,1
90,4,17,0,0,1,1,0,1,1,1
5700,47,1420,2,1,0,0,0,32,2,1
321,43,48,0,0,0,0,0,2,1,1
165,2,32,0,0,0,0,0,1,0,1
9776,1802,2662,25,24,1,0,0,25,2,1
151,0,32,1,1,1,1,0,0,4,1
101,20,17,0,0,0,0,0,0,2,1
803,7,303,7,7,0,0,0,7,0,1
101,19,19,0,0,0,0,0,0,2,1
499,8,154,0,0,0,0,0,1,3,1
95,5,29,0,0,2,1,0,0,1,1
100,20,17,0,0,0,0,0,0,2,1
38,5,6,0,0,0,0,0,2,0,1
3101,150,948,0,0,1,0,0,26,0,1
263,40,38,0,0,0,0,0,1,0,1
114,12,18,0,0,0,0,0,0,1,1
1066,13,386,1,0,0,0,0,9,5,1
97,20,18,0,0,0,0,0,0,2,1
1552,0,313,0,0,0,0,0,17,0,1
166,19,35,1,1,1,1,0,0,1,1
243,36,35,0,0,0,0,0,1,0,1
20,3,4,0,0,0,0,0,0,0,1
119,6,18,0,0,0,0,0,0,1,1
83,20,16,0,0,0,0,0,0,2,1
125,6,31,0,0,2,1,0,0,2,1
117,14,26,1,1,4,1,0,1,1,1
203,1,52,1,1,3,1,0,1,5,1
213,25,47,1,1,0,1,0,0,2,1
181,7,55,1,1,2,1,0,0,1,1
91,10,16,0,0,0,0,0,2,1,1
144,0,34,1,1,2,1,0,0,2,1
98,12,19,0,0,2,1,0,0,2,1
126,11,24,1,1,2,1,0,0,2,1
260,40,39,0,0,0,0,0,2,0,1
89,20,16,0,0,0,0,0,0,2,1
24,0,4,0,0,0,0,0,0,0,1
870,2,247,0,0,0,0,0,3,0,1
242,1,45,0,0,0,0,0,4,0,1
306,40,43,0,0,0,0,0,2,1,1
95,5,29,0,0,2,1,0,0,1,1
533,4,114,0,0,0,0,0,7,0,1
339,10,77,2,2,4,2,0,6,1,1
321,44,47,0,0,0,0,0,2,1,1
662,8,142,0,0,0,0,0,6,0,1
83,20,14,0,0,0,0,0,0,2,1
331,47,51,0,0,0,0,0,1,1,1
324,45,49,0,0,0,0,0,1,1,1
2070,15,437,0,0,0,0,0,30,0,1
923,8,195,0,0,0,0,0,14,0,1
105,7,23,1,1,0,0,0,1,3,1
809,2,258,1,9,0,0,0,4,0,1
348,47,53,0,0,0,0,0,2,1,1
393,71,83,3,3,6,3,0,0,2,1
90,20,15,0,0,0,0,0,1,2,1
94,2,26,0,0,2,1,0,0,1,1
648,0,135,0,0,0,0,0,12,0,1
98,23,17,0,0,0,0,0,0,2,1
191,4,49,1,1,2,1,0,0,2,1
80,19,15,0,0,0,0,0,0,2,1
163,18,34,1,1,0,0,0,0,2,1
506,59,117,4,4,3,5,0,0,2,1
101,0,25,0,0,2,1,0,0,2,1
249,44,34,0,0,0,0,0,5,0,1
91,20,16,0,0,0,0,0,0,2,1
76,8,15,0,0,0,0,0,1,2,1
96,20,17,0,0,0,0,0,0,2,1
88,20,15,0,0,0,0,0,0,2,1
841,3,175,0,0,0,0,0,13,0,1
132,1,30,1,1,1,1,0,1,2,1
266,40,37,0,0,0,0,0,3,0,1
86,20,14,0,0,0,0,0,0,2,1
252,0,49,0,0,0,0,0,3,0,1
87,20,16,0,0,0,0,0,0,2,1
89,20,15,0,0,0,0,0,0,2,1
84,6,20,2,3,2,1,0,0,2,1
91,10,16,0,0,0,0,0,2,1,1
245,43,35,0,0,0,0,0,3,0,1
189,18,42,1,1,4,1,0,1,3,1
156,12,11,1,1,0,0,0,2,1,1
92,7,18,0,0,2,1,0,1,1,1
61,1,9,0,0,0,0,0,0,0,1
86,10,14,0,0,0,0,0,1,1,1
422,8,83,0,0,0,0,0,9,0,1
1029,9,228,0,0,0,0,0,7,0,1
97,19,16,0,0,0,0,0,1,2,1
78,0,17,0,0,0,0,0,1,2,1
691,2,177,0,0,0,0,0,6,0,1
79,2,24,0,0,2,1,0,0,2,1
13119,114,4076,25,21,0,0,0,107,6,1
33,5,4,0,0,0,0,0,1,0,1
2146,4,455,0,0,0,0,0,25,0,1
4207,27,1317,4,1,0,0,0,73,2,1
275,0,57,0,0,0,0,0,9,0,1
115,0,29,0,0,2,1,0,1,1,1
112,8,18,0,0,0,0,0,0,1,1
106,8,28,0,0,2,0,0,0,3,1
86,20,15,0,0,0,0,0,0,2,1
239,36,30,0,0,0,0,0,2,0,1
177,2,46,1,1,2,1,0,2,1,1
70,16,15,0,0,0,0,0,1,2,1
315,46,45,0,0,0,0,0,1,1,1
113,11,23,1,1,2,1,0,0,2,1
90,12,20,0,0,2,1,0,0,1,1
90,5,26,0,0,2,1,0,0,2,1
99,10,21,0,0,1,0,0,0,4,1
1237,4,268,0,0,0,0,0,12,0,1
260,44,38,0,0,0,0,0,1,0,1
87,20,15,0,0,0,0,0,0,2,1
257,38,34,0,0,0,0,0,2,0,1
92,20,17,0,0,0,0,0,0,2,1
37,0,10,0,0,0,0,0,0,0,1
464,64,81,3,3,2,1,0,8,2,1
90,7,18,0,0,2,1,0,1,1,1
116,6,25,1,1,1,0,0,1,1,1
1576,9,332,0,0,0,0,0,21,0,1
1149,9,262,0,0,0,0,0,8,0,1
82,19,16,0,0,0,0,0,0,2,1
109,0,30,0,0,2,1,0,0,2,1
90,19,15,0,0,0,0,0,0,2,1
469,5,103,0,0,0,0,0,7,0,1
247,20,52,2,2,2,1,0,1,2,1
104,0,28,0,0,2,1,0,0,2,1
321,51,49,0,0,0,0,0,1,1,1
127,22,23,0,0,0,0,0,0,2,1
194,1,36,0,0,0,0,0,3,0,1
98,20,18,0,0,0,0,0,1,2,1
100,20,17,0,0,0,0,0,2,2,1
126,16,25,1,1,2,1,0,0,2,1
38,5,6,0,0,0,0,0,2,0,1
1055,2,226,0,0,0,0,0,14,0,1
183,8,50,1,1,1,1,0,3,2,1
123,15,31,0,0,2,1,0,0,1,1
611,0,120,0,0,0,0,0,9,0,1
51,1,8,0,0,0,0,0,1,0,1
121,6,24,1,1,2,1,0,2,1,1
101,0,29,0,0,2,1,0,2,2,1
116,21,19,0,0,0,0,0,0,2,1
38,5,6,0,0,0,0,0,2,0,1
96,20,18,0,0,0,0,0,0,2,1
91,12,20,0,0,2,1,0,1,1,1
2192,2,465,0,0,0,0,0,27,0,1
85,20,15,0,0,0,0,0,0,2,1
172,1,34,0,0,0,0,0,3,0,1
91,10,16,0,0,0,0,0,2,1,1
85,7,20,0,0,2,1,0,0,2,1
1284,8,282,0,0,0,0,0,13,0,1
257,3,47,0,0,0,0,0,3,0,1
58,1,14,3,1,3,1,0,1,0,1
32,0,12,2,3,2,1,0,0,0,1
616,0,129,0,0,0,0,0,8,0,1
253,14,60,2,2,0,0,0,0,3,1
95,5,29,0,0,2,1,0,0,1,1
101,2,26,0,0,2,1,0,0,2,1
169,12,34,1,1,1,1,0,0,2,1
125,0,30,0,0,2,1,0,0,2,1
132,0,28,0,0,0,0,0,3,0,1
120,12,22,0,0,0,0,0,0,1,1
156,11,33,1,1,2,1,0,1,1,1
135,2,43,1,1,0,1,0,0,2,1
117,18,26,1,1,2,1,0,0,2,1
66,11,38,0,0,0,0,0,0,0,1
245,40,34,0,0,0,0,0,1,0,1
102,6,24,0,0,2,1,0,1,2,1
70,6,14,0,0,0,0,0,0,0,1
83,20,15,0,0,0,0,0,0,2,1
40,8,8,0,0,0,0,0,0,0,1
251,38,36,0,0,0,0,0,2,0,1
40,0,6,0,0,0,0,0,0,0,1
106,22,20,0,0,0,0,0,0,2,1
497,0,94,0,0,0,0,0,7,0,1
107,22,18,0,0,0,0,0,0,2,1
305,47,46,0,0,0,0,0,2,1,1
259,39,34,0,0,0,0,0,1,0,1
194,2,49,1,1,2,1,0,0,2,1
82,20,15,0,0,0,0,0,0,2,1
85,19,15,0,0,0,0,0,0,2,1
101,20,18,0,0,0,0,0,1,2,1
268,0,54,0,0,0,0,0,2,0,1
95,20,17,0,0,0,0,0,0,2,1
918,5,188,0,0,0,0,0,14,0,1
317,53,48,0,0,0,0,0,3,1,1
117,5,28,1,1,1,1,0,0,1,1
557,3,116,0,0,0,0,0,6,0,1
144,6,38,1,1,2,1,0,1,1,1
85,20,16,0,0,0,0,0,0,2,1
321,48,46,0,0,0,0,0,1,1,1
617,5,119,0,0,0,0,0,4,0,1
191,2,48,1,1,1,1,0,2,1,1
660,14,136,0,0,0,0,0,5,0,1
86,20,17,0,0,0,0,0,1,2,1
243,35,32,0,0,0,0,0,1,0,1
112,8,31,1,1,2,0,0,0,2,1
993,6,203,0,0,0,0,0,20,0,1
281,45,41,0,0,0,0,0,2,1,1
212,0,41,0,0,0,0,0,7,0,1
80,0,14,0,0,0,0,0,0,0,1
97,19,16,0,0,0,0,0,0,2,1
100,21,18,0,0,0,0,0,1,2,1
94,19,17,0,0,0,0,0,1,2,1
88,20,14,0,0,0,0,0,0,2,1
122,13,24,0,0,0,0,0,0,1,1
84,11,18,0,0,2,1,0,0,2,1
98,14,20,0,0,2,1,0,1,2,1
87,1,20,0,0,2,1,0,0,1,1
123,6,31,0,0,2,1,0,0,1,1
125,21,30,1,1,0,0,1,2,1,1
197,17,40,1,1,2,1,0,2,2,1
72,20,13,0,0,0,0,0,0,2,1
54,7,14,0,0,0,0,0,0,0,1
85,19,16,0,0,0,0,0,0,2,1
112,1,30,0,0,2,1,0,1,2,1
103,20,18,0,0,0,0,0,1,2,1
99,6,23,0,0,1,0,0,0,3,1
253,40,35,0,0,0,0,0,2,0,1
64,12,9,0,0,0,0,0,0,0,1
77,12,17,0,0,0,1,0,0,2,1
2862,6,615,0,0,0,0,0,39,0,1
106,24,18,0,0,0,0,0,1,2,1
33,5,4,0,0,0,0,0,1,0,1
51,2,8,0,0,0,0,0,0,0,1
50,5,8,0,0,0,0,0,0,0,1
67,1,13,0,0,1,1,0,0,1,1
128,22,23,0,0,0,0,0,0,2,1
118,0,29,0,0,2,1,0,2,2,1
106,0,31,0,0,2,1,0,1,1,1
152,21,32,1,1,2,1,0,1,2,1
253,0,53,0,0,0,0,0,3,0,1
96,20,19,0,0,0,0,0,0,2,1
81,0,23,1,1,1,0,0,0,0,1
238,37,34,0,0,0,0,0,2,0,1
99,20,18,0,0,0,0,0,1,2,1
306,45,48,0,0,0,0,0,2,1,1
468,0,105,0,0,0,0,0,6,0,1
3398,22,724,0,0,0,0,0,51,0,1
1183,5,251,0,0,0,0,0,17,0,1
116,0,29,0,0,2,1,0,0,2,1
389,0,71,0,0,0,0,0,4,0,1
482,0,93,0,0,0,0,0,5,0,1
1128,0,235,0,0,0,0,0,11,0,1
86,10,14,0,0,0,0,0,1,1,1
92,20,16,0,0,0,0,0,0,2,1
221,0,43,0,0,0,0,0,8,0,1
695,0,164,0,0,0,0,0,6,0,1
159,11,29,1,1,2,1,0,0,1,1
102,20,17,0,0,0,0,0,0,2,1
85,20,15,0,0,0,0,0,0,2,1
96,20,17,0,0,0,0,0,0,2,1
18,0,4,0,0,0,0,0,0,0,1
89,20,16,0,0,0,0,0,0,2,1
93,20,16,0,0,0,0,0,0,2,1
151,10,40,1,1,2,1,0,0,1,1
77,19,13,0,0,0,0,0,0,2,1
145,0,38,1,1,1,1,0,1,2,1
86,10,14,0,0,0,0,0,1,1,1
181,3,49,1,1,2,1,0,4,2,1
470,6,99,0,0,0,0,0,3,0,1
810,1,170,0,0,0,0,0,17,0,1
38,5,6,0,0,0,0,0,2,0,1
306,41,46,0,0,0,0,0,1,1,1
175,0,33,0,0,0,0,0,2,0,1
97,20,17,0,0,0,0,0,0,2,1
97,20,17,0,0,0,0,0,0,2,1
97,20,18,0,0,0,0,0,0,2,1
133,3,33,0,0,2,1,0,2,2,1
86,20,15,0,0,0,0,0,0,2,1
127,3,29,0,0,0,0,0,2,0,1
670,0,145,0,0,0,0,0,10,0,1
123,0,23,0,0,0,0,0,4,0,1
98,0,25,0,0,2,1,0,1,1,1
94,20,17,0,0,0,0,0,1,2,1
114,12,18,0,0,0,0,0,0,1,1
107,7,22,0,0,1,1,0,0,2,1
140,2,34,1,1,4,1,0,1,2,1
255,44,35,0,0,0,0,0,2,0,1
315,43,45,0,0,0,0,0,1,1,1
110,20,21,0,0,0,0,0,1,2,1
89,20,15,0,0,0,0,0,0,2,1
84,21,16,0,0,0,0,0,0,2,1
109,2,29,0,0,2,1,0,0,2,1
32,4,4,0,0,0,0,0,1,0,1
112,0,25,0,0,2,1,0,1,2,1
185,2,48,1,1,2,1,0,1,1,1
113,14,24,1,1,2,1,0,0,1,1
5529,20,1126,0,0,0,0,0,92,0,1
90,21,18,0,0,0,0,0,1,2,1
85,0,16,0,0,0,0,0,0,0,1
1429,18,291,0,0,0,0,0,17,0,1
106,1,29,0,0,2,1,0,1,1,1
244,37,34,0,0,0,0,0,2,0,1
597,1,120,0,0,0,0,0,4,0,1
115,14,29,1,1,2,1,0,1,2,1
111,7,26,1,1,1,1,0,0,1,1
107,20,19,0,0,0,0,0,0,2,1
60,2,20,2,2,0,1,0,0,0,1
104,7,25,0,0,3,1,0,0,2,1
217,1,41,0,0,0,0,0,4,0,1
1134,4,231,0,0,0,0,0,13,0,1
957,5,209,0,0,0,0,0,9,0,1
44,2,13,2,3,3,1,0,0,0,1
110,1,27,0,0,2,1,0,1,1,1
284,4,57,0,0,0,0,0,2,0,1
85,20,17,0,0,0,0,0,0,2,1
261,39,36,0,0,0,0,0,3,0,1
110,0,27,0,0,2,1,0,0,2,1
64,7,8,0,0,0,0,0,1,0,1
232,38,33,0,0,0,0,0,2,0,1
410,6,93,0,0,0,0,0,5,0,1
116,12,22,0,0,0,0,0,0,1,1
221,20,42,2,2,0,0,0,4,1,1
77,0,17,0,0,0,0,0,0,3,1
148,2,38,1,1,0,0,0,1,3,1
38,5,6,0,0,0,0,0,2,0,1
91,0,23,0,0,2,1,0,0,1,1
254,37,35,0,0,0,0,0,3,0,1
116,6,19,0,0,0,0,0,1,1,1
95,20,18,0,0,0,0,0,1,2,1
93,4,19,0,0,2,1,0,0,2,1
105,1,18,1,1,0,0,0,1,2,1
42,0,8,0,0,0,0,0,2,0,1
190,4,49,1,1,2,1,0,1,2,1
95,20,17,0,0,0,0,0,0,2,1
101,20,19,0,0,0,0,0,1,2,1
121,13,28,1,1,2,1,0,1,2,1
132,22,12,1,1,0,0,0,0,1,1
85,19,14,0,0,0,0,0,0,2,1
87,19,16,0,0,0,0,0,0,2,1
83,20,15,0,0,0,0,0,0,2,1
261,38,37,0,0,0,0,0,3,0,1
155,11,33,1,1,3,0,0,0,3,1
116,0,26,1,1,1,0,0,2,3,1
1455,8,289,0,0,0,0,0,21,0,1
235,37,31,0,0,0,0,0,1,0,1
5881,21,1968,17,13,1,3,0,41,1,1
86,19,16,0,0,0,0,0,0,2,1
221,0,47,0,0,0,0,0,2,0,1
293,42,44,0,0,0,0,0,1,1,1
758,5,163,0,0,0,0,0,9,0,1
123,14,24,0,0,0,0,0,0,1,1
85,20,15,0,0,0,0,0,1,2,1
85,20,16,0,0,0,0,0,1,2,1
33,5,4,0,0,0,0,0,1,0,1
89,15,20,0,0,2,1,0,0,1,1
99,0,25,0,0,2,1,0,0,2,1
198,47,45,1,1,0,1,0,3,2,1
304,42,45,0,0,0,0,0,3,1,1
1205,8,262,0,0,0,0,0,20,0,1
993,4,199,0,0,0,0,0,11,0,1
227,24,50,2,2,0,0,0,1,2,1
2096,14,428,0,0,0,0,0,37,0,1
159,11,34,1,1,3,0,0,0,2,1
1234,5,292,0,0,0,0,0,12,0,1
1002,8,215,0,0,0,0,0,15,0,1
1187,0,247,0,0,0,0,0,6,0,1
120,12,22,0,0,0,0,0,0,1,1
1876,17,385,0,0,0,0,0,27,0,1
134,3,35,0,0,2,1,0,2,2,1
102,20,17,0,0,0,0,0,0,2,1
314,44,46,0,0,0,0,0,2,1,1
77,8,18,0,0,2,1,0,0,2,1
36,3,6,0,0,0,0,0,2,0,1
86,10,14,0,0,0,0,0,1,1,1
117,13,22,0,0,0,0,0,0,1,1
197,9,99,1,1,3,1,0,1,1,1
106,22,18,0,0,0,0,0,0,2,1
54,3,8,0,0,0,0,0,0,0,1
112,0,29,0,0,2,1,0,1,2,1
92,20,17,0,0,0,0,0,0,2,1
61,0,8,0,0,0,0,0,1,0,1
90,20,16,0,0,0,0,0,0,2,1
103,20,18,0,0,0,0,0,0,2,1
253,37,34,0,0,0,0,0,1,0,1
99,20,16,0,0,0,0,0,0,2,1
83,20,15,0,0,0,0,0,0,2,1
85,20,15,0,0,0,0,0,0,2,1
93,20,18,0,0,0,0,0,1,2,1
70,2,21,0,0,0,0,0,1,2,1
88,20,16,0,0,0,0,0,0,2,1
100,0,29,0,0,2,1,0,0,2,1
88,20,16,0,0,0,0,0,0,2,1
294,44,46,0,0,0,0,0,2,1,1
175,25,33,1,1,2,1,0,1,1,1
123,14,24,0,0,0,0,0,0,1,1
128,14,25,0,0,2,1,0,0,1,1
929,4,201,0,0,0,0,0,12,0,1
934,2,184,0,0,0,0,0,15,0,1
118,5,25,1,1,2,0,0,1,2,1
38,5,6,0,0,0,0,0,2,0,1
114,0,29,0,0,2,1,0,1,2,1
164,21,42,1,1,2,1,0,0,1,1
116,7,27,1,1,2,1,0,0,1,1
77,7,14,0,0,0,0,0,0,0,1
87,20,17,0,0,0,0,0,0,2,1
175,2,48,1,1,2,1,0,0,2,1
95,20,15,0,0,0,0,0,0,2,1
127,12,28,1,1,2,1,0,2,1,1
84,20,16,0,0,0,0,0,0,2,1
1071,0,223,0,0,0,0,0,17,0,1
629,4,129,0,0,0,0,0,11,0,1
113,6,18,0,0,0,0,0,0,1,1
77,19,14,0,0,0,0,0,0,2,1
87,20,15,0,0,0,0,0,0,2,1
185,4,50,1,1,2,1,0,0,2,1
79,20,14,0,0,0,0,0,0,2,1
726,133,157,6,6,8,4,0,3,1,1
240,42,36,0,0,0,0,0,4,0,1
256,38,36,0,0,0,0,0,2,0,1
164,0,31,0,0,0,0,0,3,0,1
123,14,24,0,0,0,0,0,0,1,1
124,0,30,0,0,2,1,0,2,2,1
256,39,34,0,0,0,0,0,2,0,1
98,1,26,0,0,2,1,0,0,2,1
42,0,6,0,0,0,0,0,1,0,1
271,36,56,2,2,2,1,0,2,2,1
143,20,30,0,0,0,0,0,1,2,1
82,20,15,0,0,0,0,0,0,2,1
121,13,22,0,0,0,0,0,0,1,1
736,3,160,0,0,0,0,0,7,0,1
108,0,24,0,0,2,1,0,1,1,1
325,74,49,0,0,2,1,0,3,0,1
79,20,14,0,0,0,0,0,0,2,1
392,0,74,0,0,0,0,0,8,0,1
37,0,6,0,0,0,0,0,0,0,1
146,3,36,1,1,1,1,0,2,2,1
84,20,14,0,0,0,0,0,1,2,1
130,13,28,1,1,3,0,0,0,2,1
189,22,45,1,1,1,0,0,1,3,1
122,0,30,0,0,2,1,0,0,1,1
112,11,18,0,0,0,0,0,0,1,1
1003,8,217,0,0,0,0,0,9,0,1
61,7,8,0,0,0,0,0,1,0,1
307,48,49,0,0,0,0,0,2,1,1
83,10,16,0,0,2,1,0,1,1,1
115,6,20,0,0,0,0,0,0,1,1
301,48,45,0,0,0,0,0,1,1,1
95,5,29,0,0,2,1,0,0,1,1
120,0,29,0,0,2,1,0,1,1,1
146,16,32,1,1,0,0,0,0,2,1
531,7,133,0,0,0,0,0,10,0,1
277,61,60,2,2,6,3,0,1,1,1
96,20,19,0,0,0,0,0,0,2,1
99,24,19,0,0,0,0,0,1,2,1
86,10,14,0,0,0,0,0,1,1,1
824,7,182,0,0,0,0,0,10,0,1
33,5,4,0,0,0,0,0,1,0,1
543,3,116,0,0,0,0,0,7,0,1
92,20,17,0,0,0,0,0,0,2,1
259,38,37,0,0,0,0,0,2,0,1
268,41,39,0,0,0,0,0,1,0,1
138,19,28,0,0,3,1,0,0,2,1
91,20,16,0,0,0,0,0,0,2,1
130,5,43,1,1,0,1,0,0,2,1
243,38,33,0,0,0,0,0,3,0,1
456,2,105,0,0,0,0,0,6,0,1
3565,30,1179,8,10,0,1,0,31,1,1
88,21,17,0,0,0,0,0,0,2,1
115,20,20,0,0,0,0,0,1,2,1
117,28,26,0,0,0,0,0,0,2,1
82,20,14,0,0,0,0,0,0,2,1
38,5,6,0,0,0,0,0,2,0,1
256,41,35,0,0,0,0,0,3,0,1
1035,0,212,0,0,0,0,0,16,0,1
145,22,35,1,1,2,1,0,2,1,1
77,20,13,0,0,0,0,0,0,2,1
63,3,27,2,4,1,1,1,1,0,1
1369,19,494,1,0,0,0,0,6,5,1
123,14,24,0,0,0,0,0,0,1,1
953,2,204,0,0,0,0,0,12,0,1
88,6,25,0,0,2,2,0,0,2,1
119,0,28,0,0,0,0,0,2,0,1
170,2,47,1,1,2,1,0,1,2,1
955,8,216,0,0,0,0,0,15,0,1
115,20,20,0,0,0,0,0,2,2,1
261,42,38,0,0,0,0,0,3,0,1
5068,27,1080,0,0,0,0,0,66,0,1
96,20,17,0,0,0,0,0,0,2,1
35,1,9,1,1,1,1,0,0,0,1
93,20,16,0,0,0,0,0,0,2,1
3737,20,1148,3,1,0,0,3,28,10,1
238,39,33,0,0,0,0,0,1,0,1
90,20,17,0,0,0,0,0,0,2,1
267,39,35,0,0,0,0,0,1,0,1
81,20,15,0,0,0,0,0,0,2,1
124,0,30,0,0,2,1,0,1,2,1
285,45,43,0,0,0,0,0,1,1,1
80,20,15,0,0,0,0,0,0,2,1
98,0,26,0,0,2,1,0,0,2,1
110,20,20,0,0,0,0,0,0,2,1
675,2,152,0,0,0,0,0,11,0,1
189,13,34,1,1,2,1,0,2,3,1
481,6,133,13,13,7,0,0,2,2,1
124,15,24,0,0,0,0,0,0,1,1
3872,5,1361,11,11,0,0,0,7,0,1
252,0,49,0,0,0,0,0,5,0,1
164,0,37,1,1,2,1,0,0,3,1
119,11,30,1,1,2,0,0,1,2,1
152,20,26,0,0,0,0,0,2,2,1
38,5,6,0,0,0,0,0,2,0,1
102,20,19,0,0,0,0,0,1,2,1
88,20,16,0,0,0,0,0,0,2,1
305,50,46,0,0,0,0,0,1,1,1
91,10,16,0,0,0,0,0,2,1,1
4411,13,914,0,0,0,0,0,62,0,1
84,20,15,0,0,0,0,0,0,2,1
79,12,19,0,0,0,1,0,0,2,1
81,20,16,0,0,0,0,0,0,2,1
169,0,32,0,0,0,0,0,3,0,1
1115,4,234,0,0,0,0,0,16,0,1
86,20,14,0,0,0,0,0,1,2,1
182,27,44,4,6,2,1,0,0,1,1
184,2,50,1,1,2,1,0,0,2,1
105,20,20,0,0,0,0,0,0,2,1
153,35,31,0,0,1,1,0,0,1,1
221,2,46,0,0,0,0,0,1,0,1
533,0,112,0,0,0,0,0,8,0,1
163,56,51,1,1,0,0,0,0,2,1
1492,666,345,2,0,0,0,0,2,0,1
115,21,20,0,0,0,0,0,0,2,1
123,14,24,0,0,0,0,0,0,1,1
325,47,50,0,0,0,0,0,1,1,1
66,0,11,0,0,0,0,0,3,2,1
114,0,27,0,0,3,1,0,1,2,1
175,55,42,1,1,2,1,0,0,2,1
33,5,4,0,0,0,0,0,1,0,1
645,1,143,0,0,0,0,0,10,0,1
38,5,6,0,0,0,0,0,2,0,1
2073,18,444,0,0,0,0,0,29,0,1
185,0,40,1,1,2,1,0,2,2,1
122,20,20,0,0,0,0,0,0,2,1
88,20,16,0,0,0,0,0,1,2,1
116,20,21,0,0,0,0,0,1,2,1
2519,20,527,0,0,0,0,0,42,0,1
85,20,16,0,0,0,0,0,0,2,1
302,43,45,0,0,0,0,0,3,1,1
1034,3,217,0,0,0,0,0,15,0,1
303,50,45,0,0,0,0,0,3,1,1
93,20,16,0,0,0,0,0,0,2,1
126,3,36,0,0,2,1,0,0,1,1
371,0,74,0,0,0,0,0,1,0,1
4432,1,1575,10,10,0,1,0,70,0,1
86,19,16,0,0,0,0,0,0,2,1
234,22,51,2,2,2,0,0,2,4,1
81,20,15,0,0,0,0,0,1,2,1
307,0,61,0,0,0,0,0,4,0,1
102,20,17,0,0,0,0,0,0,2,1
89,2,20,0,0,1,1,0,0,1,1
110,21,22,0,0,0,0,0,0,2,1
39,4,9,2,1,0,1,0,0,0,1
132,0,32,2,2,2,0,0,0,0,1
115,21,27,1,1,2,1,0,0,2,1
924,0,184,0,0,0,0,0,10,0,1
241,44,36,0,0,0,0,0,1,0,1
183,2,48,1,1,2,1,0,1,1,1
191,4,49,1,1,2,1,0,0,1,1
107,19,19,0,0,0,0,0,0,2,1
92,20,17,0,0,0,0,0,1,2,1
109,0,29,0,0,2,1,0,0,2,1
1506,11,319,0,0,0,0,0,20,0,1
1514,4,328,0,0,0,0,0,27,0,1
182,28,39,1,1,2,1,0,0,1,1
124,15,24,0,0,0,0,0,0,1,1
84,19,15,0,0,0,0,0,1,2,1
1268,2,247,0,0,0,0,0,20,0,1
102,20,19,0,0,0,0,0,0,2,1
21,0,2,0,0,0,0,0,0,0,1
104,20,19,0,0,0,0,0,1,2,1
110,19,24,1,1,1,1,0,0,1,1
106,22,19,0,0,0,0,0,0,2,1
94,20,18,0,0,0,0,0,0,2,1
107,13,20,0,0,2,1,0,0,2,1
101,20,17,0,0,0,0,0,2,2,1
197,4,49,1,1,1,1,0,1,2,1
83,19,16,0,0,0,0,0,0,2,1
82,20,14,0,0,0,0,0,0,2,1
115,7,19,0,0,0,0,0,0,1,1
138,0,35,1,1,1,1,0,1,1,1
38,5,6,0,0,0,0,0,2,0,1
130,20,22,0,0,0,0,0,1,2,1
117,26,22,0,0,0,0,0,1,2,1
67,8,25,4,2,2,0,0,0,0,1
105,10,23,0,0,0,0,0,0,4,1
90,0,21,2,3,2,1,0,0,2,1
112,6,18,0,0,0,0,0,0,1,1
114,10,18,0,0,0,0,0,1,1,1
517,0,112,0,0,0,0,0,5,0,1
308,49,67,3,3,2,1,0,5,2,1
85,20,17,0,0,0,0,0,0,2,1
240,22,50,2,2,2,1,0,1,2,1
161,25,35,1,1,2,1,0,1,1,1
308,43,45,0,0,0,0,0,1,1,1
90,19,18,0,0,0,0,0,0,2,1
117,21,22,0,0,0,0,0,2,2,1
945,6,179,0,0,0,0,0,18,0,1
79,20,14,0,0,0,0,0,0,2,1
124,15,24,0,0,0,0,0,0,1,1
308,24,78,2,2,4,0,0,2,4,1
127,21,22,0,0,0,0,0,2,2,1
101,20,17,0,0,0,0,0,0,2,1
133,15,34,1,1,1,1,0,1,2,1
37,4,6,0,0,0,0,0,2,0,1
189,2,48,1,1,2,1,0,1,2,1
1290,0,279,0,0,0,0,0,13,0,1
258,39,37,0,0,0,0,0,5,0,1
1193,10,227,0,0,0,0,0,19,0,1
124,15,24,0,0,0,0,0,0,1,1
88,20,16,0,0,0,0,0,0,2,1
425,7,92,0,0,0,0,0,6,0,1
96,3,22,0,0,0,0,0,0,2,1
286,1,65,2,2,3,1,0,2,2,1
177,39,30,1,1,2,0,0,0,2,1
271,0,48,0,0,0,0,0,2,0,1
240,40,34,0,0,0,0,0,1,0,1
148,16,29,1,1,0,1,0,0,2,1
74,20,14,0,0,0,0,0,0,2,1
101,1,26,0,0,2,1,0,0,1,1
105,3,30,0,0,2,1,0,0,1,1
53,0,9,0,0,0,0,0,1,0,1
82,20,14,0,0,0,0,0,0,2,1
187,0,35,0,0,0,0,0,2,0,1
68,19,13,0,0,0,0,0,0,2,1
109,1,27,0,0,2,1,0,2,2,1
92,20,15,0,0,0,0,0,0,2,1
1248,0,247,0,0,0,0,0,13,0,1
98,20,17,0,0,0,0,0,0,2,1
292,38,45,0,0,0,0,0,3,0,1
67,0,10,0,0,0,0,0,0,2,1
91,20,17,0,0,0,0,0,0,2,1
306,46,48,0,0,0,0,0,2,1,1
149,1,39,1,1,2,1,0,1,1,1
118,0,32,0,0,2,1,0,0,2,1
2141,57,627,0,0,0,0,0,7,0,1
174,10,37,1,1,1,1,0,0,4,1
121,20,24,0,0,0,0,0,0,2,1
38,5,6,0,0,0,0,0,2,0,1
134,0,34,1,1,1,1,0,0,2,1
827,8,223,0,0,0,0,0,6,0,1
600,2,123,0,0,0,0,0,9,0,1
929,3,198,0,0,0,0,0,17,0,1
700,72,152,6,6,2,1,0,3,3,1
513,75,102,4,4,3,1,0,2,4,1
376,182,122,3,3,0,0,0,1,1,1
244,39,37,0,0,0,0,0,3,0,1
113,20,20,0,0,0,0,0,3,2,1
3923,20,844,0,0,0,0,0,60,0,1
103,20,19,0,0,0,0,0,0,2,1
274,0,55,0,0,0,0,0,4,0,1
422,75,103,3,3,3,5,0,0,2,1
4076,17,865,0,0,0,0,0,48,0,1
90,22,17,0,0,0,0,0,0,2,1
90,19,17,0,0,0,0,0,1,2,1
167,19,40,1,1,1,1,0,0,1,1
207,9,44,1,1,2,1,0,6,2,1
115,0,27,0,0,2,1,0,0,2,1
120,12,22,0,0,0,0,0,0,1,1
110,10,18,0,0,0,0,0,0,1,1
90,1,25,0,0,2,1,0,1,2,1
102,2,28,0,0,2,1,0,0,2,1
90,19,16,0,0,0,0,0,0,2,1
100,17,25,0,0,2,1,0,0,1,1
301,45,45,0,0,0,0,0,1,1,1
52,2,8,0,0,0,0,0,0,0,1
88,20,15,0,0,0,0,0,0,2,1
112,8,19,0,0,0,0,0,0,1,1
180,22,33,1,1,3,1,0,1,2,1
87,19,16,0,0,0,0,0,0,2,1
119,1,30,0,0,2,1,0,1,1,1
120,1,34,0,0,3,1,0,0,2,1
101,0,26,0,0,2,1,0,1,2,1
1195,12,247,0,0,0,0,0,19,0,1
354,44,51,0,0,0,0,0,6,1,1
33,5,4,0,0,0,0,0,1,0,1
100,13,23,0,0,2,1,0,0,2,1
95,19,17,0,0,0,0,0,1,2,1
152,20,31,1,1,2,0,0,0,2,1
138,18,34,1,1,2,1,0,0,2,1
106,20,21,0,0,0,0,0,1,2,1
109,8,21,1,1,1,1,0,1,1,1
114,11,18,0,0,0,0,0,0,1,1
116,19,27,1,1,0,1,0,0,1,1
1708,3,362,0,0,0,0,0,19,0,1
188,2,49,1,1,2,1,0,0,1,1
432,7,100,3,3,8,3,0,1,2,1
363,46,57,0,0,0,0,0,2,1,1
85,20,15,0,0,0,0,0,0,2,1
86,19,16,0,0,0,0,0,0,2,1
174,2,48,1,1,2,1,0,1,2,1
127,3,37,3,3,2,1,0,0,1,1
1402,10,278,0,0,0,0,0,19,0,1
88,20,16,0,0,0,0,0,0,2,1
920,0,182,0,0,0,0,0,14,0,1
88,20,15,0,0,0,0,0,0,2,1
93,20,18,0,0,0,0,0,0,2,1
98,3,25,0,0,0,1,0,1,2,1
79,0,17,0,0,0,0,0,0,4,1
732,5,153,0,0,0,0,0,7,0,1
82,20,14,0,0,0,0,0,0,2,1
3748,10,962,3,3,0,0,0,45,2,1
123,14,24,0,0,0,0,0,0,1,1
88,20,16,0,0,0,0,0,0,2,1
124,14,24,1,1,3,1,0,0,2,1
113,0,28,0,0,2,1,0,1,2,1
139,14,33,1,1,2,1,0,0,2,1
77,20,14,0,0,0,0,0,0,2,1
239,40,33,0,0,0,0,0,1,0,1
86,19,16,0,0,0,0,0,0,2,1
38,5,6,0,0,0,0,0,2,0,1
183,2,48,1,1,2,1,0,2,2,1
100,14,19,0,0,2,1,0,0,2,1
1009,6,211,0,0,0,0,0,16,0,1
1066,10,221,0,0,0,0,0,15,0,1
80,20,15,0,0,0,0,0,0,2,1
224,14,38,2,2,1,0,0,0,2,1
132,16,28,1,1,2,1,0,0,1,1
86,10,14,0,0,0,0,0,1,1,1
1464,2,305,0,0,0,0,0,25,0,1
87,0,14,0,0,0,0,0,2,0,1
95,20,16,0,0,0,0,0,1,2,1
248,37,34,0,0,0,0,0,1,0,1
162,4,44,1,1,0,0,0,1,3,1
142,3,33,2,3,2,1,0,1,2,1
275,39,38,0,0,0,0,0,3,0,1
114,6,18,0,0,0,0,0,0,1,1
125,23,23,0,0,0,0,0,1,2,1
84,20,15,0,0,0,0,0,0,2,1
82,20,15,0,0,0,0,0,0,2,1
88,20,15,0,0,0,0,0,1,2,1
319,44,48,0,0,0,0,0,1,1,1
114,2,31,0,0,2,1,0,1,2,1
150,0,35,1,1,3,1,0,1,2,1
52,0,9,0,0,0,0,0,1,0,1
163,62,48,1,1,0,0,0,0,2,1
91,19,16,0,0,0,0,0,0,2,1
133,1,33,1,1,1,1,0,1,2,1
111,0,26,0,0,2,1,0,0,2,1
7243,27,2568,3,1,1,0,0,35,2,1
485,0,106,0,0,0,0,0,4,0,1
134,7,30,1,1,2,1,0,1,1,1
534,2,109,0,0,0,0,0,9,0,1
85,20,16,0,0,0,0,0,0,2,1
92,20,17,0,0,0,0,0,0,2,1
95,20,18,0,0,0,0,0,0,2,1
113,0,29,0,0,2,1,0,2,1,1
112,0,28,0,0,2,1,0,0,1,1
92,20,16,0,0,0,0,0,0,2,1
239,3,48,0,0,0,0,0,2,0,1
106,19,18,0,0,0,0,0,0,2,1
38,5,6,0,0,0,0,0,2,0,1
1124,3,224,0,0,0,0,0,19,0,1
88,1,26,0,0,2,1,0,1,2,1
87,20,14,0,0,0,0,0,0,2,1
101,20,16,0,0,0,0,0,1,2,1
89,20,14,0,0,0,0,0,0,2,1
301,44,45,0,0,0,0,0,1,1,1
168,2,46,1,1,2,1,0,1,1,1
91,10,16,0,0,0,0,0,2,1,1
1246,4,265,0,0,0,0,0,12,0,1
905,12,363,0,0,0,0,0,0,0,1
57,5,9,0,0,0,0,0,0,0,1
242,41,37,0,0,0,0,0,2,0,1
264,47,60,0,0,2,1,0,1,1,1
116,12,22,0,0,0,0,0,0,1,1
105,0,25,0,0,3,1,0,0,2,1
207,2,57,1,1,1,1,0,1,1,1
133,10,29,1,1,2,1,0,3,2,1
342,30,97,2,2,3,5,0,0,1,1
111,1,26,0,0,2,1,0,1,1,1
83,20,15,0,0,0,0,0,0,2,1
84,20,16,0,0,0,0,0,1,2,1
107,22,21,0,0,0,0,0,0,2,1
88,20,15,0,0,0,0,0,0,2,1
121,20,22,0,0,0,0,0,0,2,1
1544,18,343,0,0,0,0,0,26,0,1
227,43,34,0,0,0,0,0,2,0,1
104,0,27,0,0,2,1,0,1,1,1
114,1,29,0,0,2,1,0,1,2,1
115,14,28,1,1,0,1,1,1,2,1
260,42,39,0,0,0,0,0,1,0,1
227,35,31,0,0,0,0,0,1,0,1
134,21,29,2,2,3,0,0,1,0,1
760,0,151,0,0,0,0,0,11,0,1
48,0,10,0,0,0,0,0,2,0,1
177,24,36,1,1,0,0,0,0,2,1
120,0,30,0,0,2,1,0,0,2,1
206,36,46,1,1,2,1,0,0,2,1
133,2,35,1,1,1,1,0,1,2,1
447,6,134,0,1,0,0,0,4,0,1
101,22,19,0,0,0,0,0,2,2,1
86,10,14,0,0,0,0,0,1,1,1
867,0,244,0,0,0,0,6,10,0,1
103,20,18,0,0,0,0,0,0,2,1
80,19,14,0,0,0,0,0,0,2,1
7894,122,3255,0,0,0,0,0,11,0,1
142,0,34,1,1,2,1,0,2,2,1
606,4,129,0,0,0,0,0,5,0,1
471,4,97,0,0,0,0,0,9,0,1
1503,1,299,0,0,0,0,0,21,0,1
79,20,13,0,0,0,0,0,0,2,1
105,0,25,0,0,2,1,0,0,2,1
85,9,14,0,0,0,0,0,1,1,1
98,10,23,0,0,0,0,0,0,3,1
32,0,12,2,2,0,0,0,1,0,1
150,22,24,0,0,0,0,0,0,2,1
81,19,14,0,0,0,0,0,0,2,1
137,12,28,1,1,2,1,0,1,1,1
940,4,201,0,0,0,0,0,7,0,1
57,5,8,0,0,0,0,0,0,0,1
134,2,40,1,1,3,2,0,1,1,1
915,4,179,0,0,0,0,0,9,0,1
691,4,150,0,0,0,0,0,8,0,1
1038,3,215,0,0,0,0,0,10,0,1
116,8,18,0,0,0,0,0,1,1,1
39,8,11,0,0,0,0,0,0,0,1
38,5,6,0,0,0,0,0,2,0,1
164,14,40,1,1,1,1,0,0,3,1
91,20,16,0,0,0,0,0,0,2,1
519,0,112,0,0,0,0,0,7,0,1
103,0,28,0,0,2,1,0,0,1,1
232,41,33,0,0,0,0,0,1,0,1
105,19,18,0,0,0,0,0,0,2,1
282,44,43,0,0,0,0,0,1,1,1
86,10,14,0,0,0,0,0,1,1,1
91,10,16,0,0,0,0,0,2,1,1
115,16,25,1,1,2,1,0,1,2,1
91,10,16,0,0,0,0,0,2,1,1
126,11,25,1,1,0,0,0,0,3,1
1102,3,239,0,0,0,0,0,13,0,1
154,8,30,1,1,2,1,0,0,2,1
248,14,59,2,2,0,0,0,0,3,1
269,38,38,0,0,0,0,0,3,0,1
307,40,44,0,0,0,0,0,3,1,1
66,0,8,0,0,0,0,0,3,1,1
118,22,20,0,0,0,0,0,0,2,1
38,5,6,0,0,0,0,0,2,0,1
92,20,16,0,0,0,0,0,0,2,1
127,20,23,0,0,0,0,0,0,2,1
419,191,129,3,3,0,0,0,0,1,1
1010,5,214,0,0,0,0,0,16,0,1
80,20,14,0,0,0,0,0,0,2,1
98,21,18,0,0,0,0,0,1,2,1
249,41,34,0,0,0,0,0,1,0,1
291,45,44,0,0,0,0,0,1,1,1
193,34,41,1,1,2,1,0,1,2,1
99,0,29,2,2,2,0,0,0,0,1
87,19,15,0,0,0,0,0,0,2,1
90,20,16,0,0,0,0,0,0,2,1
170,4,50,1,1,2,1,0,0,1,1
38,5,6,0,0,0,0,0,2,0,1
97,14,21,0,0,2,1,0,1,1,1
178,21,48,1,1,4,0,0,0,3,1
695,9,140,0,0,0,0,0,6,0,1
86,5,18,0,0,2,1,0,3,2,1
95,8,24,0,0,2,1,0,0,2,1
94,20,16,0,0,0,0,0,0,2,1
188,4,50,1,1,2,1,0,1,2,1
307,45,48,0,0,0,0,0,3,1,1
91,10,16,0,0,0,0,0,2,1,1
609,10,129,0,0,0,0,0,11,0,1
104,1,30,0,0,2,1,0,0,2,1
119,11,22,0,0,0,0,0,0,1,1
297,46,44,0,0,0,0,0,2,1,1
426,74,98,3,3,0,3,4,8,1,1
38,5,6,0,0,0,0,0,2,0,1
95,4,22,0,0,2,1,0,0,2,1
418,20,91,0,0,0,0,0,4,0,1
142,22,33,1,1,0,0,0,0,1,1
1100,4,228,0,0,0,0,0,14,0,1
142,18,27,1,1,2,1,0,2,2,1
86,10,14,0,0,0,0,0,1,1,1
83,7,14,0,0,0,0,0,1,1,1
91,10,16,0,0,0,0,0,2,1,1
118,6,18,0,0,0,0,0,0,1,1
108,24,24,1,1,1,1,0,0,1,1
90,9,16,0,0,0,0,0,2,1,1
2849,19,617,0,0,0,0,0,26,0,1
118,17,19,0,0,0,0,0,0,1,1
100,0,25,0,0,2,1,0,0,2,1
208,3,55,1,1,3,0,0,5,4,1
1794,22,387,0,0,0,0,0,24,0,1
33,5,4,0,0,0,0,0,1,0,1
3516,20,788,0,0,0,0,0,53,0,1
114,6,18,0,0,0,0,0,0,1,1
112,7,23,1,1,2,1,0,0,1,1
322,48,49,0,0,0,0,0,3,1,1
181,8,40,1,1,4,2,0,1,1,1
89,20,16,0,0,0,0,0,0,2,1
87,19,18,0,0,0,0,0,0,2,1
1457,14,308,0,0,0,0,0,15,0,1
1209,3,242,0,0,0,0,0,16,0,1
581,0,127,0,0,0,0,0,7,0,1
113,15,23,1,1,2,1,0,1,2,1
298,43,41,0,0,0,0,0,1,1,1
137,2,61,0,1,1,0,0,0,0,1
198,19,36,1,1,2,0,0,0,3,1
86,2,21,0,0,0,0,0,0,2,1
447,1,95,0,0,0,0,0,5,0,1
59,7,24,1,1,0,1,0,0,0,1
1295,11,266,0,0,0,0,0,22,0,1
542,0,207,0,0,0,0,0,1,0,1
256,36,41,0,0,0,0,0,1,0,1
107,15,28,1,1,2,1,0,0,2,1
185,24,43,1,1,0,0,0,0,4,1
120,1,32,0,0,2,1,0,1,2,1
593,4,123,0,0,0,0,0,8,0,1
116,14,19,0,0,0,0,0,0,1,1
91,20,16,0,0,0,0,0,1,2,1
168,6,45,1,1,0,0,0,0,3,1
154,16,29,1,1,2,1,0,1,2,1
234,0,48,0,0,0,0,0,5,0,1
81,20,14,0,0,0,0,0,1,2,1
318,47,49,0,0,0,0,0,4,1,1
86,10,14,0,0,0,0,0,1,1,1
523,5,110,0,0,0,0,0,3,0,1
618,0,120,0,0,0,0,0,7,0,1
2246,6,475,0,0,0,0,0,26,0,1
97,0,25,0,0,2,1,0,0,2,1
501,2,96,0,0,0,0,0,10,0,1
117,6,18,0,0,0,0,0,1,1,1
231,35,34,0,0,0,0,0,2,0,1
596,4,112,0,0,0,0,0,9,0,1
136,3,34,0,0,2,1,0,2,2,1
57,4,8,0,0,0,0,0,0,0,1
244,46,35,0,0,0,0,0,2,0,1
112,0,29,0,0,2,1,0,2,1,1
1102,3,232,0,0,0,0,0,15,0,1
113,10,18,0,0,0,0,0,0,1,1
98,5,18,0,0,2,1,0,1,1,1
321,48,47,0,0,0,0,0,3,1,1
91,10,16,0,0,0,0,0,2,1,1
4001,166,1443,1,2,0,0,0,12,0,1
60,3,9,0,0,0,0,0,0,0,1
137,0,27,0,0,0,0,0,1,0,1
125,4,33,0,0,2,1,0,0,1,1
113,6,19,0,0,0,0,0,0,1,1
108,7,25,1,1,1,1,0,1,2,1
328,55,47,0,0,0,0,0,1,1,1
298,45,44,0,0,0,0,0,4,1,1
121,13,22,0,0,0,0,0,0,1,1
102,25,19,0,0,0,0,0,0,2,1
110,8,19,0,0,0,0,0,0,1,1
88,20,17,0,0,0,0,0,1,2,1
153,13,32,1,1,2,1,0,2,2,1
83,19,15,0,0,0,0,0,1,2,1
324,50,48,0,0,0,0,0,4,1,1
51,0,17,1,2,0,1,0,0,0,1
107,3,26,0,0,2,1,0,0,1,1
108,20,19,0,0,0,0,0,1,2,1
80,20,15,0,0,0,0,0,0,2,1
1390,2,338,0,1,0,0,0,2,0,1
618,3,135,0,0,0,0,0,6,0,1
123,14,24,0,0,0,0,0,0,1,1
117,0,30,0,0,2,1,0,0,2,1
231,2,49,0,0,0,0,0,1,0,1
58,8,12,0,0,0,0,0,0,0,1
86,5,18,0,0,0,0,0,0,2,1
113,19,21,0,0,0,0,0,0,2,1
771,32,290,7,5,4,0,0,2,0,1
318,45,46,0,0,0,0,0,1,1,1
89,20,17,0,0,0,0,0,0,2,1
50,1,8,0,0,0,0,0,0,0,1
248,40,34,0,0,0,0,0,2,0,1
122,17,28,1,1,2,1,0,1,2,1
103,4,26,0,0,2,1,0,0,1,1
218,36,32,0,0,0,0,0,1,0,1
96,13,22,0,0,2,1,0,0,2,1
315,49,65,2,2,2,1,0,0,3,1
131,17,25,1,1,2,1,0,2,2,1
85,19,15,0,0,0,0,0,0,2,1
90,11,19,0,0,0,0,0,0,2,1
99,10,24,0,0,2,1,0,1,2,1
89,20,15,0,0,0,0,0,0,2,1
93,1,24,0,0,2,1,0,0,1,1
1695,1,365,0,0,0,0,0,28,0,1
115,11,18,0,0,0,0,0,0,1,1
146,26,17,1,1,0,0,0,2,2,1
792,9,172,0,0,0,0,0,17,0,1
228,34,31,0,0,0,0,0,1,0,1
109,14,26,1,1,2,1,0,0,2,1
86,20,16,0,0,0,0,0,0,2,1
127,0,29,1,1,1,1,0,0,2,1
252,42,35,0,0,0,0,0,1,0,1
90,9,16,0,0,0,0,0,2,1,1
184,2,47,1,1,2,1,0,2,2,1
85,19,15,0,0,0,0,0,1,2,1
421,4,93,0,0,0,0,0,4,0,1
5186,11,1106,0,0,0,0,0,72,0,1
87,20,15,0,0,0,0,0,0,2,1
116,9,19,0,0,0,0,0,0,1,1
885,0,191,0,0,0,0,0,11,0,1
81,19,15,0,0,0,0,0,0,2,1
112,6,18,0,0,0,0,0,0,1,1
225,46,34,0,0,0,0,0,1,0,1
84,20,15,0,0,0,0,0,0,2,1
369,39,75,3,3,2,1,0,0,2,1
187,2,50,1,1,2,1,0,1,2,1
308,3,87,0,0,0,0,0,2,2,1
78,19,14,0,0,0,0,0,0,2,1
120,20,21,0,0,0,0,0,1,2,1
115,5,25,1,1,2,0,0,0,3,1
766,4,162,0,0,0,0,0,17,0,1
849,6,171,0,0,0,0,0,15,0,1
85,20,16,0,0,0,0,0,0,2,1
110,20,18,0,0,0,0,0,0,2,1
123,15,28,1,1,2,1,0,0,1,1
33,5,4,0,0,0,0,0,1,0,1
158,0,31,0,0,0,0,0,4,0,1
186,19,38,1,1,0,0,0,1,1,1
63,0,12,0,0,0,0,0,0,0,1
85,20,14,0,0,0,0,0,0,2,1
111,9,18,0,0,0,0,0,1,1,1
108,0,29,0,0,2,1,0,0,3,1
101,20,19,0,0,0,0,0,0,2,1
116,11,23,1,1,2,1,0,1,2,1
99,20,17,0,0,0,0,0,0,2,1
306,60,66,2,2,4,2,0,0,2,1
86,10,19,0,0,2,1,0,0,2,1
430,42,106,3,3,2,1,0,1,1,1
154,1,41,1,1,2,1,0,2,2,1
147,6,32,2,2,0,0,0,1,0,1
323,0,64,0,0,0,0,0,4,0,1
136,6,35,1,1,2,1,0,5,1,1
33,5,4,0,0,0,0,0,1,0,1
85,21,16,0,0,0,0,0,0,2,1
110,6,19,0,0,0,0,0,0,1,1
132,24,25,0,0,0,0,0,1,2,1
67,2,15,0,0,0,0,0,1,0,1
702,7,159,0,0,0,0,0,10,0,1
135,0,32,2,2,2,0,0,0,0,1
314,0,62,0,0,0,0,0,2,0,1
38,5,6,0,0,0,0,0,2,0,1
108,10,26,1,1,1,1,0,0,2,1
117,13,22,0,0,0,0,0,0,1,1
1101,3,230,0,0,0,0,0,15,0,1
167,3,48,1,1,2,1,0,0,2,1
26971,234,7244,8,8,0,0,0,151,6,1
739,2,158,0,0,0,0,0,9,0,1
38,5,6,0,0,0,0,0,2,0,1
115,8,19,0,0,0,0,0,0,1,1
56,4,8,0,0,0,0,0,0,0,1
278,41,41,0,0,0,0,0,1,1,1
82,20,15,0,0,0,0,0,0,2,1
265,37,35,0,0,0,0,0,1,0,1
93,23,18,0,0,0,0,0,0,2,1
98,20,17,0,0,0,0,0,1,2,1
132,0,30,1,1,3,1,0,1,1,1
613,4,127,0,0,0,0,0,15,0,1
235,40,56,5,5,1,1,0,2,0,1
928,3,181,0,0,0,0,0,23,0,1
340,0,59,0,0,0,0,0,4,0,1
189,4,53,1,1,2,1,0,1,2,1
80,20,14,0,0,0,0,0,0,2,1
33,5,4,0,0,0,0,0,1,0,1
93,7,21,0,0,2,1,0,0,2,1
266,41,38,0,0,0,0,0,1,0,1
93,20,16,0,0,0,0,0,1,2,1
54,7,12,0,0,0,0,0,0,0,1
72,2,17,0,0,0,0,0,0,2,1
274,38,38,0,0,0,0,0,4,0,1
102,20,21,0,0,0,0,0,1,2,1
97,20,16,0,0,0,0,0,0,2,1
371,3,85,0,0,0,0,0,8,0,1
100,10,19,0,0,0,1,0,0,2,1
53,5,9,0,0,0,0,0,0,0,1
181,24,42,1,1,0,0,0,0,4,1
91,20,16,0,0,0,0,0,0,2,1
171,30,35,1,1,2,1,0,0,1,1
78,20,14,0,0,0,0,0,0,2,1
196,10,48,1,1,1,1,0,0,1,1
627,16,127,0,0,0,0,0,4,0,1
90,20,17,0,0,0,0,0,0,2,1
288,42,43,0,0,0,0,0,4,1,1
143,13,28,1,1,2,1,0,1,1,1
77,19,14,0,0,0,0,0,0,2,1
1332,297,331,12,12,24,5,0,4,2,1
91,20,16,0,0,0,0,0,0,2,1
117,13,22,0,0,0,0,0,0,1,1
2141,1,745,0,0,0,0,0,10,0,1
108,7,18,0,0,0,0,0,0,1,1
116,7,28,1,1,0,0,0,1,3,1
306,47,45,0,0,0,0,0,2,1,1
112,10,18,0,0,0,0,0,0,1,1
213,39,48,2,2,0,1,0,2,2,1
308,46,46,0,0,0,0,0,1,1,1
61,3,9,0,0,0,0,0,1,0,1
95,20,16,0,0,0,0,0,1,2,1
37,0,8,0,0,0,0,0,0,0,1
84,20,16,0,0,0,0,0,0,2,1
166,12,15,1,1,4,1,0,2,2,1
633,0,138,0,0,0,0,0,9,0,1
117,13,22,0,0,0,0,0,0,1,1
92,19,16,0,0,0,0,0,0,2,1
196,28,37,1,1,0,0,0,0,3,1
571,0,128,0,0,0,0,0,5,0,1
82,20,16,0,0,0,0,0,0,2,1
102,20,17,0,0,0,0,0,1,2,1
141,2,38,1,1,2,1,0,0,1,1
99,20,17,0,0,0,0,0,1,2,1
251,3,70,6,9,6,3,0,1,2,1
159,2,49,1,1,2,1,0,0,2,1
664,3,136,0,0,0,0,0,10,0,1
103,19,18,0,0,0,0,0,1,2,1
40,7,9,0,0,0,0,0,0,0,1
93,20,18,0,0,0,0,0,0,2,1
417,191,129,3,3,0,0,0,0,1,1
177,2,49,1,1,2,1,0,1,2,1
1364,9,288,0,0,0,0,0,21,0,1
255,14,59,2,2,0,0,0,1,3,1
189,13,34,1,1,2,1,0,2,3,1
86,20,15,0,0,0,0,0,0,2,1
101,0,26,0,0,2,1,0,0,1,1
120,12,22,0,0,0,0,0,0,1,1
312,42,46,0,0,0,0,0,1,1,1
240,43,38,0,0,0,0,0,2,0,1
113,0,29,0,0,2,1,0,1,1,1
792,0,173,0,0,0,0,0,16,0,1
86,20,14,0,0,0,0,0,1,2,1
161,31,37,1,1,2,1,0,0,1,1
109,7,26,1,1,1,1,0,0,1,1
88,20,16,0,0,0,0,0,0,2,1
46,2,10,0,0,0,0,0,0,0,1
246,50,50,2,2,2,1,0,0,1,1
59,8,14,0,0,0,0,0,0,0,1
85,9,14,0,0,0,0,0,1,1,1
44,8,9,0,0,0,0,0,0,0,1
1697,4,356,0,0,0,0,0,19,0,1
38,5,6,0,0,0,0,0,2,0,1
814,1,170,0,0,0,0,0,11,0,1
258,37,40,0,0,0,0,0,2,0,1
170,13,37,1,1,2,1,0,1,2,1
679,8,140,0,0,0,0,0,9,0,1
676,3,139,0,0,0,0,0,9,0,1
599,164,115,5,5,8,2,0,1,2,1
145,3,35,1,1,2,1,0,0,2,1
257,14,59,2,2,0,0,0,0,2,1
516,2,100,0,0,0,0,0,9,0,1
91,10,16,0,0,0,0,0,2,1,1
91,20,16,0,0,0,0,0,0,2,1
91,10,16,0,0,0,0,0,2,1,1
129,8,30,1,1,2,0,0,0,3,1
33,5,4,0,0,0,0,0,1,0,1
37,0,7,0,0,0,0,0,0,0,1
158,20,36,1,1,2,1,0,0,2,1
153,4,37,1,1,3,1,0,0,1,1
46,8,11,0,0,0,0,0,0,0,1
315,53,47,0,0,0,0,0,2,1,1
87,0,16,0,0,1,1,0,0,2,1
126,21,25,0,0,0,0,0,0,2,1
117,11,19,0,0,0,0,0,0,1,1
237,42,32,0,0,0,0,0,1,0,1
98,20,18,0,0,0,0,0,1,2,1
240,41,34,0,0,0,0,0,4,0,1
134,15,26,1,1,2,1,0,1,1,1
224,161,52,1,1,0,0,0,0,0,1
267,27,64,2,2,2,0,0,0,2,1
1030,73,302,12,12,0,0,0,2,0,1
306,42,45,0,0,0,0,0,3,1,1
561,74,116,5,5,1,1,0,7,4,1
316,43,47,0,0,0,0,0,1,1,1
100,5,19,0,0,0,1,0,1,1,1
150,4,39,1,1,3,1,0,0,2,1
106,0,28,0,0,2,1,0,1,2,1
104,20,18,0,0,0,0,0,0,2,1
82,19,15,0,0,0,0,0,0,2,1
298,48,44,0,0,0,0,0,3,1,1
120,8,19,0,0,0,0,0,0,1,1
52,3,8,0,0,0,0,0,0,0,1
85,20,14,0,0,0,0,0,0,2,1
111,13,26,1,1,0,1,0,0,2,1
117,0,30,0,0,2,1,0,0,2,1
141,16,34,1,1,2,0,0,0,1,1
91,10,16,0,0,0,0,0,2,1,1
83,20,14,0,0,0,0,0,0,2,1
138,0,26,0,0,0,0,0,3,0,1
675,14,137,0,0,0,0,0,12,0,1
113,11,20,1,1,0,0,0,1,1,1
79,8,20,0,0,0,0,0,0,3,1
7044,73,1985,5,3,0,0,0,138,0,1
932,4,187,0,0,0,0,0,15,0,1
98,5,26,0,0,0,0,0,0,3,1
509,3,108,0,0,0,0,0,7,0,1
246,36,34,0,0,0,0,0,4,0,1
33,5,4,0,0,0,0,0,1,0,1
116,20,20,0,0,0,0,0,0,2,1
241,27,55,2,2,0,1,0,2,1,1
109,13,31,1,1,1,1,0,2,1,1
518,6,111,0,0,0,0,0,11,0,1
113,7,19,0,0,0,0,0,0,1,1
258,14,59,2,2,0,0,0,0,2,1
712,152,154,6,6,6,3,0,1,4,1
184,2,50,1,1,2,1,0,0,1,1
285,24,52,2,2,0,0,0,4,2,1
88,7,19,0,0,2,1,0,0,1,1
298,33,67,2,2,0,1,1,4,2,1
82,20,14,0,0,0,0,0,0,2,1
175,2,49,1,1,2,1,0,2,2,1
1626,46,491,13,13,3,0,0,2,0,1
78,1,15,0,0,0,0,0,3,0,1
106,20,17,0,0,0,0,0,1,2,1
1139,4,251,0,0,0,0,0,19,0,1
98,20,17,0,0,0,0,0,1,2,1
90,19,16,0,0,0,0,0,1,2,1
98,20,18,0,0,0,0,0,0,2,1
66,0,16,0,0,0,0,0,0,0,1
1335,6,289,0,0,0,0,0,12,0,1
118,0,30,0,0,2,1,0,0,2,1
89,20,17,0,0,0,0,0,0,2,1
295,36,65,2,2,3,1,0,3,2,1
120,12,22,0,0,0,0,0,0,1,1
338,45,51,0,0,0,0,0,2,1,1
97,20,17,0,0,0,0,0,0,2,1
422,182,129,3,3,0,0,0,1,1,1
83,6,19,0,0,0,0,0,0,3,1
90,22,17,0,0,0,0,0,1,2,1
92,20,17,0,0,0,0,0,1,2,1
106,0,26,0,0,2,1,0,0,2,1
58,5,9,0,0,0,0,0,0,0,1
102,1,25,0,0,0,1,0,1,1,1
125,1,30,0,0,2,1,0,2,2,1
121,12,28,1,1,2,1,0,0,2,1
93,20,19,0,0,0,0,0,0,2,1
375,5,78,0,0,0,0,0,6,0,1
145,0,27,0,0,0,0,0,1,0,1
927,4,216,0,0,0,0,0,6,0,1
605,2,131,0,0,0,0,0,9,0,1
221,2,46,0,0,0,0,0,6,0,1
615,2,127,0,0,0,0,0,7,0,1
725,0,142,0,0,0,0,0,17,0,1
1169,2,247,0,0,0,0,0,19,0,1
116,12,22,0,0,0,0,0,0,1,1
120,9,33,0,0,2,1,0,0,1,1
304,40,44,0,0,0,0,0,1,1,1
94,2,28,0,0,0,0,0,0,1,1
75,7,19,0,0,2,1,0,0,1,1
129,0,30,1,1,1,1,0,1,2,1
221,30,45,2,2,2,1,0,0,1,1
124,4,32,0,0,2,1,0,1,2,1
97,0,19,0,0,0,0,0,0,2,1
88,20,15,0,0,0,0,0,0,2,1
129,5,33,1,1,2,1,0,1,1,1
2509,101,489,0,0,0,0,0,5,0,1
80,20,15,0,0,0,0,0,0,2,1
90,20,15,0,0,0,0,0,0,2,1
104,20,17,0,0,0,0,0,1,2,1
262,84,79,2,2,0,0,0,4,1,1
38,5,6,0,0,0,0,0,2,0,1
62,7,14,0,0,0,0,0,0,0,1
1257,6,257,0,0,1,0,0,9,0,1
90,9,16,0,0,0,0,0,2,1,1
218,36,47,2,2,2,1,0,1,1,1
115,7,19,0,0,0,0,0,0,1,1
769,3,166,0,0,0,0,0,10,0,1
119,11,22,0,0,0,0,0,0,1,1
195,1,42,0,0,0,0,0,3,0,1
104,4,21,0,0,0,0,0,0,2,1
97,20,16,0,0,0,0,0,1,2,1
141,12,29,1,1,2,1,0,0,1,1
298,43,43,0,0,0,0,0,1,1,1
1222,3,232,0,0,0,0,0,14,0,1
90,20,16,0,0,0,0,0,1,2,1
92,20,17,0,0,0,0,0,1,2,1
110,20,21,0,0,0,0,0,1,2,1
187,23,36,1,1,2,1,0,0,2,1
83,20,14,0,0,0,0,0,0,2,1
360,16,85,3,3,0,1,0,0,2,1
138,3,34,0,0,2,1,0,2,2,1
22,0,4,0,0,0,0,0,0,0,1
81,20,14,0,0,0,0,0,0,2,1
260,39,39,0,0,0,0,0,2,0,1
270,100,73,2,2,2,1,0,0,1,1
174,40,41,1,1,0,0,0,0,2,1
84,20,15,0,0,0,0,0,0,2,1
377,183,122,3,3,0,0,0,1,2,1
38,7,9,0,0,0,0,0,0,0,1
137,3,34,0,0,2,1,0,2,2,1
361,1,72,0,0,0,0,0,2,0,1
2268,9,485,0,0,0,0,0,29,0,1
306,46,46,0,0,0,0,0,1,1,1
240,39,34,0,0,0,0,0,1,0,1
233,38,35,0,0,0,0,0,1,0,1
193,9,101,1,1,3,1,0,0,2,1
109,0,31,0,0,2,1,0,0,2,1
84,19,15,0,0,0,0,0,0,2,1
256,37,36,0,0,0,0,0,3,0,1
85,24,17,0,0,0,0,0,0,2,1
98,4,29,0,0,2,1,0,0,1,1
114,8,19,0,0,0,0,0,0,1,1
101,21,18,0,0,0,0,0,0,2,1
893,0,185,0,0,0,0,0,10,0,1
109,6,18,0,0,0,0,0,0,1,1
111,2,35,0,0,2,1,0,1,2,1
113,9,18,0,0,0,0,0,0,1,1
185,2,50,1,1,2,1,0,0,2,1
114,6,18,0,0,0,0,0,0,1,1
90,20,15,0,0,0,0,0,0,2,1
13004,40,3868,1,1,0,0,0,53,0,1
91,20,17,0,0,0,0,0,0,2,1
40,7,9,0,0,0,0,0,0,0,1
747,5,174,0,0,0,0,0,14,0,1
636,2,139,0,0,0,0,0,4,0,1
60,2,9,0,0,0,0,0,0,0,1
118,21,23,0,0,0,0,0,1,2,1
106,21,19,0,0,0,0,0,0,2,1
879,0,172,0,0,0,0,0,10,0,1
97,0,25,0,0,2,1,0,0,1,1
243,39,32,0,0,0,0,0,1,0,1
110,26,22,0,0,0,0,0,0,2,1
87,20,15,0,0,0,0,0,0,2,1
93,20,16,0,0,0,0,0,1,2,1
215,37,39,0,0,3,1,0,1,2,1
298,43,46,0,0,0,0,0,2,1,1
116,12,22,0,0,0,0,0,0,1,1
236,36,34,0,0,0,0,0,3,0,1
32,4,4,0,0,0,0,0,1,0,1
240,40,36,0,0,0,0,0,1,0,1
802,12,175,0,0,0,0,0,18,0,1
414,36,82,3,3,3,1,0,1,1,1
864,4,186,0,0,0,0,0,11,0,1
106,7,21,1,1,2,1,0,1,2,1
249,38,35,0,0,0,0,0,2,0,1
262,14,62,2,2,0,0,0,0,3,1
120,12,22,0,0,0,0,0,0,1,1
141,15,30,1,1,2,1,0,0,2,1
110,10,26,1,1,1,1,0,0,2,1
86,20,15,0,0,0,0,0,0,2,1
258,45,39,0,0,0,0,0,1,0,1
1072,27,233,0,0,0,0,0,22,0,1
87,20,16,0,0,0,0,0,1,2,1
85,20,17,0,0,0,0,0,0,2,1
1009,8,199,0,0,0,0,0,14,0,1
1333,8,261,0,0,0,0,0,18,0,1
92,20,18,0,0,0,0,0,0,2,1
116,12,22,0,0,0,0,0,0,1,1
56,1,8,0,0,0,0,0,0,0,1
111,24,21,0,0,0,0,0,0,2,1
510,139,145,4,4,3,6,0,1,2,1
123,11,28,1,1,2,1,0,1,2,1
8121,31,2724,9,8,0,0,0,71,1,1
460,0,80,0,0,0,0,0,6,0,1
87,20,16,0,0,0,0,0,0,2,1
309,43,48,0,0,0,0,0,1,1,1
87,20,15,0,0,0,0,0,0,2,1
124,0,30,0,0,2,1,0,2,2,1
135,0,35,1,1,2,1,0,1,1,1
37,7,9,0,0,0,0,0,0,0,1
400,0,85,0,0,0,0,0,4,0,1
446,0,87,0,0,0,0,0,4,0,1
95,20,17,0,0,0,0,0,0,2,1
85,12,18,0,0,2,1,0,0,2,1
82,24,15,0,0,0,0,0,0,2,1
165,16,41,1,1,1,0,0,0,3,1
139,3,32,1,1,2,1,0,2,3,1
86,10,14,0,0,0,0,0,1,1,1
112,21,18,0,0,0,0,0,0,2,1
87,20,16,0,0,0,0,0,0,2,1
86,10,14,0,0,0,0,0,1,1,1
594,4,127,0,0,0,0,0,10,0,1
33,5,4,0,0,0,0,0,1,0,1
95,19,18,0,0,0,0,0,1,2,1
123,22,31,1,1,2,1,0,0,1,1
1822,2,670,1,0,0,0,0,20,0,1
91,10,16,0,0,0,0,0,2,1,1
293,42,42,0,0,0,0,0,2,1,1
99,0,24,0,0,0,0,0,2,3,1
107,19,25,1,1,2,1,0,0,2,1
155,10,38,1,1,2,0,0,0,3,1
118,16,26,1,1,2,1,0,1,1,1
240,49,32,0,0,0,0,0,3,0,1
75,0,19,0,0,0,0,0,1,0,1
264,43,36,0,0,0,0,0,3,0,1
84,19,16,0,0,0,0,0,1,2,1
81,20,15,0,0,0,0,0,0,2,1
311,45,47,0,0,0,0,0,2,1,1
105,20,19,0,0,0,0,0,1,2,1
38,5,6,0,0,0,0,0,2,0,1
21,4,4,0,0,0,0,0,0,0,1
300,44,45,0,0,0,0,0,1,1,1
99,20,17,0,0,0,0,0,2,2,1
95,20,17,0,0,0,0,0,0,2,1
176,2,51,1,1,2,1,0,1,2,1
942,1,188,0,0,0,0,0,17,0,1
457,4,90,0,0,0,0,0,7,0,1
105,9,27,0,0,2,1,0,0,2,1
3709,12,774,0,0,0,0,0,57,0,1
102,0,30,0,0,2,1,0,0,2,1
92,20,16,0,0,0,0,0,0,2,1
260,0,78,0,0,0,0,0,1,0,1
300,49,46,0,0,0,0,0,1,1,1
120,15,27,1,1,2,1,0,0,2,1
229,37,30,0,0,0,0,0,2,0,1
238,43,55,2,2,2,1,0,1,2,1
1069,2,207,0,0,0,0,0,12,0,1
396,36,93,3,3,1,1,0,6,2,1
605,2,108,0,0,0,0,0,7,0,1
242,35,33,0,0,0,0,0,1,0,1
117,17,26,1,1,2,1,0,0,1,1
242,37,31,0,0,0,0,0,2,0,1
132,2,31,1,1,1,1,0,0,2,1
149,18,33,3,3,5,0,0,1,0,1
235,49,35,0,0,0,0,0,1,0,1
1641,3,309,0,0,0,0,0,37,0,1
310,44,43,0,0,0,0,0,2,1,1
180,39,44,1,1,0,1,0,2,2,1
53,3,8,0,0,0,0,0,0,0,1
7822,39,1658,0,0,0,0,0,86,0,1
718,0,137,0,0,0,0,0,10,0,1
38,5,6,0,0,0,0,0,2,0,1
318,1,66,0,0,0,0,0,7,0,1
91,10,16,0,0,0,0,0,2,1,1
102,20,18,0,0,0,0,0,1,2,1
82,8,18,0,0,2,1,0,1,2,1
103,20,17,0,0,0,0,0,1,2,1
137,3,35,0,0,2,1,0,2,2,1
144,10,34,1,1,2,1,0,2,2,1
122,9,25,0,0,3,0,0,0,3,1
441,135,131,4,4,3,5,0,0,2,1
178,2,48,1,1,2,1,0,2,1,1
99,19,17,0,0,0,0,0,1,2,1
1842,13,399,0,0,0,0,0,15,0,1
2221,9,464,0,0,0,0,0,34,0,1
109,0,31,0,0,2,1,0,0,2,1
290,41,42,0,0,0,0,0,3,1,1
84,20,14,0,0,0,0,0,0,2,1
9910,53,3018,42,42,0,0,0,101,1,1
316,45,47,0,0,0,0,0,3,1,1
124,0,24,0,0,0,0,0,0,0,1
246,37,49,2,2,2,1,0,6,1,1
173,2,50,1,1,2,1,0,1,2,1
160,4,37,1,1,1,1,0,3,1,1
68,0,15,1,1,1,0,0,1,0,1
427,0,81,0,0,0,0,0,8,0,1
257,41,35,0,0,0,0,0,3,0,1
80,20,16,0,0,0,0,0,0,2,1
1180,13,255,0,0,0,0,0,15,0,1
262,36,40,0,0,0,0,0,2,0,1
418,0,86,0,0,0,0,0,4,0,1
171,2,48,1,1,2,1,0,1,2,1
228,6,56,1,1,2,0,0,4,2,1
133,14,27,1,1,2,1,0,1,2,1
253,40,36,0,0,0,0,0,1,0,1
56,3,16,2,2,1,1,1,1,0,1
93,20,16,0,0,0,0,0,1,2,1
82,20,15,0,0,0,0,0,1,2,1
103,20,20,0,0,0,0,0,1,2,1
119,6,19,0,0,0,0,0,0,1,1
551,3,122,0,0,0,0,0,9,0,1
184,2,50,1,1,2,1,0,1,2,1
305,41,45,0,0,0,0,0,1,1,1
2401,5,481,0,0,0,0,0,19,0,1
1262,8,384,1,0,0,0,0,4,0,1
95,20,17,0,0,0,0,0,0,2,1
310,45,46,0,0,0,0,0,3,1,1
91,10,16,0,0,0,0,0,2,1,1
4066,19,1137,4,4,2,0,0,44,0,1
137,20,40,1,1,0,1,0,1,2,1
108,14,23,1,1,0,0,0,1,1,1
290,47,46,0,0,0,0,0,1,1,1
98,11,20,0,0,2,1,0,0,2,1
2124,30,478,0,0,0,0,0,29,0,1
806,129,142,7,7,2,1,0,5,2,1
91,10,16,0,0,0,0,0,2,1,1
32,4,4,0,0,0,0,0,1,0,1
126,2,30,1,1,2,1,0,0,2,1
114,21,20,0,0,0,0,0,1,2,1
1378,14,310,0,0,0,0,0,16,0,1
90,20,15,0,0,0,0,0,0,2,1
299,47,47,0,0,0,0,0,2,1,1
133,0,31,1,1,1,1,0,0,2,1
328,45,48,0,0,0,0,0,2,1,1
58,1,8,0,0,0,0,0,0,0,1
300,106,80,2,2,2,0,0,0,1,1
318,45,46,0,0,0,0,0,3,1,1
183,4,100,1,1,1,0,0,0,3,1
89,24,18,0,0,0,0,0,0,2,1
86,10,14,0,0,0,0,0,1,1,1
91,10,16,0,0,0,0,0,2,1,1
255,14,60,2,2,0,0,0,1,2,1
224,6,84,3,3,2,0,0,0,0,1
38,5,6,0,0,0,0,0,2,0,1
94,13,20,0,0,2,1,0,0,2,1
126,6,32,1,1,2,1,0,2,2,1
147,6,29,1,1,2,1,0,0,2,1
146,2,37,1,1,1,1,0,1,1,1
80,20,14,0,0,0,0,0,0,2,1
56,5,9,0,0,0,0,0,0,0,1
114,12,18,0,0,0,0,0,0,1,1
70,0,11,0,0,0,0,0,2,0,1
257,26,59,2,2,0,0,0,0,2,1
1990,4,412,0,0,0,0,0,31,0,1
90,20,16,0,0,0,0,0,0,2,1
517,1,93,0,0,0,0,0,6,0,1
280,46,41,0,0,0,0,0,1,1,1
55,8,9,0,0,0,0,0,0,0,1
1625,18,326,0,0,0,0,0,25,0,1
128,21,30,1,1,1,1,0,1,2,1
91,10,16,0,0,0,0,0,2,1,1
126,0,31,0,0,2,1,0,0,2,1
117,12,22,0,0,2,1,0,2,0,1
114,8,19,0,0,0,0,0,0,1,1
38,5,6,0,0,0,0,0,2,0,1
174,43,35,1,1,2,1,0,2,2,1
116,10,30,1,1,2,1,0,0,2,1
191,8,45,1,1,2,1,0,1,2,1
536,0,151,0,0,0,0,0,0,0,1
88,7,19,0,0,0,0,0,0,0,1
62,5,8,0,0,0,0,0,0,0,1
157,26,37,1,1,1,1,0,0,3,1
100,20,19,0,0,0,0,0,0,2,1
1832,7,684,4,2,0,5,0,25,0,1
1402,4,293,0,0,0,0,0,27,0,1
141,17,30,1,1,2,1,0,0,2,1
148,16,32,1,1,0,0,0,0,2,1
5044,48,1055,0,0,0,0,0,92,0,1
97,0,25,0,0,2,1,0,1,2,1
116,12,22,0,0,0,0,0,0,1,1
86,19,17,0,0,0,0,0,0,2,1
85,20,16,0,0,0,0,0,0,2,1
340,30,97,2,2,3,4,0,0,1,1
88,20,15,0,0,0,0,0,0,2,1
286,46,43,0,0,0,0,0,1,1,1
80,20,15,0,0,0,0,0,0,2,1
59,2,9,0,0,0,0,0,0,0,1
123,14,24,0,0,0,0,0,0,1,1
81,20,14,0,0,0,0,0,0,2,1
32758,5726,4544,1,1,1,1,0,68,131,1
88,20,22,0,0,2,1,0,1,1,1
599,11,228,6,4,3,0,0,2,0,1
113,12,22,1,1,2,1,0,0,1,1
137,12,33,1,1,0,0,0,0,3,1
119,0,31,0,0,2,1,0,2,2,1
108,4,22,1,1,1,1,0,2,2,1
110,16,25,1,1,1,1,0,0,2,1
44,8,10,0,0,0,0,0,0,0,1
2563,9,527,0,0,0,0,0,36,0,1
142,9,35,1,1,2,0,0,1,3,1
107,0,28,0,0,2,1,0,0,2,1
120,12,22,0,0,0,0,0,0,1,1
208,13,57,1,1,3,0,0,0,1,1
1296,0,340,0,0,0,0,0,17,0,1
195,4,51,1,1,2,1,0,0,2,1
181,16,37,0,0,2,0,0,1,3,1
57,3,8,0,0,0,0,0,1,0,1
38,5,6,0,0,0,0,0,2,0,1
108,4,27,0,0,2,1,0,0,1,1
1022,2,190,0,0,0,0,0,19,0,1
1745,4,343,0,0,0,0,0,26,0,1
174,2,48,1,1,2,1,0,1,2,1
525,0,103,0,0,0,0,0,4,0,1
98,20,16,0,0,0,0,0,2,2,1
137,17,29,1,1,2,1,0,1,2,1
113,6,18,0,0,0,0,0,0,1,1
205,21,46,1,1,2,1,0,0,2,1
652,3,125,0,0,0,0,0,8,0,1
114,7,24,1,1,0,0,0,2,3,1
139,0,35,1,1,1,1,0,1,1,1
281,2,57,0,0,0,0,0,2,0,1
116,7,18,0,0,0,0,0,0,1,1
480,0,103,0,0,0,0,0,10,0,1
1383,4,308,0,0,0,0,0,13,0,1
7892,233,2615,2,2,0,0,0,95,3,1
111,9,18,0,0,0,0,0,0,1,1
252,14,60,2,2,0,0,0,0,2,1
1480,8,302,0,0,0,0,0,17,0,1
301,50,45,0,0,0,0,0,2,1,1
197,31,43,1,1,2,1,0,0,2,1
86,10,14,0,0,0,0,0,1,1,1
124,0,26,0,0,2,1,0,0,1,1
120,13,25,1,1,2,1,0,0,1,1
181,20,35,0,0,1,1,0,0,3,1
676,1,149,0,0,0,0,0,12,0,1
95,2,21,0,0,0,0,0,0,3,1
958,11,216,0,0,0,0,0,20,0,1
712,1,139,0,0,0,0,0,9,0,1
105,20,18,0,0,0,0,0,0,2,1
251,41,35,0,0,0,0,0,3,0,1
85,9,14,0,0,0,0,0,1,1,1
83,20,15,0,0,0,0,0,0,2,1
310,44,45,0,0,0,0,0,2,1,1
87,6,20,0,0,0,1,0,0,2,1
253,14,60,2,2,0,0,0,0,3,1
288,153,59,2,2,0,0,0,0,1,1
558,0,116,0,0,0,0,0,6,0,1
105,7,23,1,1,0,0,0,1,3,1
112,0,29,0,0,2,1,0,0,2,1
822,0,155,0,0,0,0,0,14,0,1
598,4,125,0,0,0,0,0,7,0,1
181,2,49,1,1,2,1,0,1,2,1
109,20,19,0,0,0,0,0,0,2,1
199,51,32,1,1,2,1,0,0,4,1
93,19,17,0,0,0,0,0,0,2,1
1459,0,282,0,0,0,0,0,19,0,1
90,20,16,0,0,0,0,0,0,2,1
141,37,32,1,1,0,0,0,0,2,1
102,20,17,0,0,0,0,0,0,2,1
80,10,18,0,0,2,1,0,0,2,1
115,11,22,1,1,2,1,0,0,2,1
120,12,22,0,0,0,0,0,0,1,1
160,24,35,1,1,2,0,0,1,2,1
38,5,6,0,0,0,0,0,2,0,1
91,10,16,0,0,0,0,0,2,1,1
917,2,193,0,0,0,0,0,15,0,1
95,0,25,0,0,2,1,0,0,2,1
108,20,20,0,0,0,0,0,0,2,1
113,21,22,0,0,0,0,0,0,2,1
563,4,107,0,0,0,0,0,13,0,1
173,22,48,1,1,1,1,0,1,1,1
773,0,148,0,0,0,0,0,15,0,1
509,5,106,0,0,0,0,0,9,0,1
10699,274,2769,6,10,1,0,0,113,1,1
88,24,11,0,0,0,0,0,2,1,1
321,47,48,0,0,0,0,0,4,1,1
294,44,46,0,0,0,0,0,3,1,1
133,11,32,1,1,2,0,0,0,2,1
73,22,14,0,0,0,0,0,0,2,1
110,19,20,0,0,0,0,0,1,2,1
298,44,43,0,0,0,0,0,2,1,1
298,45,44,0,0,0,0,0,4,1,1
109,5,26,0,0,2,1,0,0,1,1
277,5,55,0,0,0,0,0,3,0,1
315,45,46,0,0,0,0,0,2,1,1
86,10,14,0,0,0,0,0,1,1,1
115,13,18,0,0,0,0,0,0,1,1
76,7,17,0,0,2,1,0,0,2,1
359,0,77,0,0,0,0,0,5,0,1
178,24,40,1,1,0,0,0,1,2,1
1490,12,330,0,0,0,0,0,20,0,1
93,20,16,0,0,0,0,0,1,2,1
213,88,58,2,2,2,1,0,0,2,1
23937,858,8486,13,7,8,0,0,136,13,1
141,16,34,1,1,2,0,0,0,1,1
155,11,38,1,1,2,0,0,0,3,1
71,11,41,0,0,0,0,0,0,0,1
119,0,29,0,0,4,2,0,0,1,1
62,1,13,0,0,1,1,0,0,1,1
308,45,43,0,0,0,0,0,3,1,1
144,16,27,1,1,2,1,0,0,1,1
555,7,120,0,0,0,0,0,10,0,1
1289,7,275,0,0,0,0,0,20,0,1
244,42,36,0,0,0,0,0,2,0,1
64,3,20,2,2,2,0,0,0,0,1
100,1,19,0,0,0,0,0,0,2,1
264,44,39,0,0,0,0,0,1,0,1
232,75,42,2,2,2,1,0,0,2,1
85,20,15,0,0,0,0,0,0,2,1
742,1,149,0,0,0,0,0,10,0,1
94,0,29,0,0,2,1,0,0,2,1
137,16,25,1,1,2,1,0,0,2,1
104,8,22,0,0,2,1,0,0,2,1
91,2,20,0,1,0,2,0,0,0,1
79,20,15,0,0,0,0,0,0,2,1
99,19,18,0,0,0,0,0,1,2,1
89,0,25,0,0,2,1,0,0,2,1
2942,16,641,0,0,0,0,0,45,0,1
175,0,42,1,1,1,1,0,0,2,1
302,50,44,0,0,0,0,0,2,1,1
190,4,50,1,1,2,1,0,1,2,1
310,48,48,0,0,0,0,0,3,1,1
66,1,14,0,0,0,0,0,0,1,1
113,10,18,0,0,0,0,0,0,1,1
95,20,17,0,0,0,0,0,0,2,1
107,20,19,0,0,0,0,0,4,2,1
100,20,17,0,0,0,0,0,0,2,1
102,20,17,0,0,0,0,0,1,2,1
1349,18,305,0,0,0,0,0,22,0,1
124,15,24,0,0,0,0,0,0,1,1
128,14,30,1,1,1,1,0,0,1,1
929,3,185,0,0,0,0,0,14,0,1
95,20,16,0,0,0,0,0,0,2,1
87,20,16,0,0,0,0,0,0,2,1
114,6,18,0,0,0,0,0,0,1,1
1669,12,373,0,0,0,0,0,26,0,1
53,1,8,0,0,0,0,0,0,0,1
322,47,47,0,0,0,0,0,2,1,1
2929,12,628,0,0,0,0,0,43,0,1
885,4,176,0,0,0,0,0,15,0,1
38,5,6,0,0,0,0,0,2,0,1
163,6,32,2,2,4,0,0,1,1,1
593,4,119,0,0,0,0,0,7,0,1
433,2,86,0,0,0,0,0,6,0,1
100,0,28,0,0,2,1,0,0,2,1
227,47,31,0,0,0,0,0,2,0,1
664,189,148,0,0,6,10,0,1,1,1
129,15,29,1,1,2,1,0,1,2,1
144,12,30,1,1,2,1,0,1,2,1
95,20,18,0,0,0,0,0,0,2,1
28801,264,10399,13,21,2,6,0,214,2,1
177,16,35,1,1,0,0,0,1,1,1
111,6,26,0,0,2,0,0,1,3,1
131,8,26,1,1,2,1,0,1,2,1
415,1,84,0,0,0,0,0,7,0,1
99,11,22,0,0,2,1,0,0,2,1
35,2,16,2,2,2,1,0,0,0,1
121,13,22,0,0,0,0,0,0,1,1
57,5,8,0,0,0,0,0,1,0,1
2039,7,426,0,0,0,0,0,38,0,1
190,18,41,1,1,4,1,0,1,3,1
83,20,16,0,0,0,0,0,2,2,1
269,37,41,0,0,0,0,0,2,0,1
82,19,15,0,0,0,0,0,0,2,1
114,0,31,0,0,2,1,0,0,1,1
156,18,34,1,1,2,1,0,0,2,1
127,5,26,1,1,1,0,0,1,2,1
86,10,14,0,0,0,0,0,1,1,1
188,2,48,1,1,2,1,0,3,2,1
228,34,52,2,2,2,1,0,0,1,1
137,3,35,0,0,2,1,0,2,2,1
106,20,19,0,0,0,0,0,0,2,1
135,13,27,1,1,2,1,0,1,2,1
62,7,13,0,0,0,0,0,0,0,1
181,7,55,1,1,2,1,0,0,1,1
33,5,4,0,0,0,0,0,1,0,1
124,0,31,0,0,2,1,0,1,2,1
301,46,47,0,0,0,0,0,1,1,1
286,0,63,0,0,0,0,0,5,0,1
107,20,19,0,0,0,0,0,0,2,1
209,32,49,2,2,0,1,1,3,2,1
52,2,8,0,0,0,0,0,0,0,1
96,20,17,0,0,0,0,0,0,2,1
252,41,34,0,0,0,0,0,2,0,1
86,20,14,0,0,0,0,0,0,2,1
110,19,20,0,0,0,0,0,0,2,1
110,20,19,0,0,0,0,0,1,2,1
102,20,19,0,0,0,0,0,2,2,1
93,19,16,0,0,0,0,0,0,2,1
1793,6,374,0,0,0,0,0,18,0,1
179,2,48,1,1,2,1,0,1,2,1
245,41,33,0,0,0,0,0,2,0,1
81,19,15,0,0,0,0,0,0,2,1
758,7,156,0,0,0,0,0,7,0,1
71,2,14,0,0,0,0,0,2,2,1
1029,5,213,0,0,0,0,0,21,0,1
80,19,14,0,0,0,0,0,0,2,1
2993,1,744,0,1,0,0,0,2,0,1
366,0,80,0,0,0,0,0,3,0,1
98,8,22,0,0,1,0,0,0,3,1
59,2,9,0,0,0,0,0,0,0,1
1119,5,230,0,0,0,0,0,16,0,1
498,0,94,0,0,0,0,0,12,0,1
1920,6,420,0,0,0,0,0,23,0,1
1649,1018,499,15,15,3,0,0,0,2,1
551,0,119,0,0,0,0,0,6,0,1
239,26,52,2,2,2,1,0,0,2,1
38,6,9,0,0,0,0,0,0,0,1
1045,0,217,0,0,0,0,0,13,0,1
230,0,48,0,0,0,0,0,1,0,1
165,2,47,1,1,2,1,0,2,2,1
88,19,16,0,0,0,0,0,0,2,1
210,21,47,1,1,0,1,0,0,1,1
481,2,131,0,0,0,0,0,8,2,1
184,11,39,1,1,3,0,0,0,3,1
98,20,16,0,0,0,0,0,1,2,1
525,0,108,0,0,0,0,0,8,0,1
182,85,34,1,1,0,0,0,2,2,1
1315,10,379,12,12,3,2,0,1,0,1
190,3,51,1,1,2,1,0,4,2,1
813,0,166,0,0,0,0,0,17,0,1
102,20,17,0,0,0,0,0,2,2,1
360,0,68,0,0,0,0,0,9,0,1
116,22,22,0,0,0,0,0,0,2,1
146,0,35,1,1,2,1,0,1,2,1
883,2,195,0,0,0,0,0,9,0,1
178,2,49,1,1,2,1,0,0,2,1
1520,11,310,0,0,0,0,0,13,0,1
823,3,161,0,0,0,0,0,9,0,1
739,12,158,0,0,0,0,0,3,0,1
56,8,12,0,0,0,0,0,0,0,1
125,13,29,1,1,2,1,0,0,2,1
865,2,183,0,0,0,0,0,14,0,1
17164,22,4288,2,1,1,0,0,94,4,1
325,0,71,0,0,0,0,0,6,0,1
96,11,20,0,0,2,1,0,0,2,1
285,43,44,0,0,0,0,0,1,1,1
106,0,28,0,0,2,1,0,0,2,1
122,22,28,0,1,1,0,0,0,0,1
99,20,19,0,0,0,0,0,0,2,1
82,20,14,0,0,0,0,0,0,2,1
55,8,12,0,0,0,0,0,0,0,1
242,38,35,0,0,0,0,0,2,0,1
109,14,25,1,1,2,1,0,1,2,1
69,4,14,0,0,0,0,0,1,2,1
1882,9,391,0,0,0,0,0,21,0,1
307,50,48,0,0,0,0,0,1,1,1
110,20,20,0,0,0,0,0,1,2,1
108,7,27,1,1,1,1,0,1,2,1
1685,9,340,0,0,0,0,0,26,0,1
716,4,155,0,0,0,0,0,9,0,1
92,17,23,0,0,2,1,0,0,1,1
38,5,6,0,0,0,0,0,2,0,1
754,1,157,0,0,0,0,0,7,0,1
493,95,109,4,4,2,1,0,0,3,1
102,7,29,0,1,1,0,0,0,0,1
3419,8,710,0,0,1,0,0,56,0,1
85,9,14,0,0,0,0,0,1,1,1
93,0,27,0,0,2,1,0,0,1,1
92,7,21,0,0,2,1,0,0,2,1
318,0,60,0,0,0,0,0,2,0,1
103,11,20,0,0,0,1,0,1,2,1
323,4,86,2,2,8,0,0,0,1,1
927,5,197,0,0,0,0,0,6,0,1
682,4,137,0,0,0,0,0,10,0,1
99,20,17,0,0,0,0,0,1,2,1
96,20,16,0,0,0,0,0,1,2,1
383,0,79,0,0,0,0,0,3,0,1
261,45,39,0,0,0,0,0,1,0,1
367,184,120,3,3,0,0,0,0,2,1
98,14,19,0,0,2,1,0,0,2,1
49,8,11,0,0,0,0,0,1,0,1
154,16,33,1,1,2,1,0,0,1,1
250,45,35,0,0,0,0,0,1,0,1
300,47,43,0,0,0,0,0,1,1,1
813,34,266,16,14,3,0,0,3,0,1
320,45,49,0,0,0,0,0,2,1,1
183,4,55,0,0,2,0,0,2,0,1
130,0,25,0,0,0,0,0,2,0,1
198,2,51,1,1,1,1,0,0,2,1
253,40,39,0,0,0,0,0,1,0,1
144,0,35,1,1,2,1,0,1,2,1
126,6,29,1,1,1,1,0,0,1,1
135,0,32,2,2,2,0,0,0,0,1
138,17,32,1,1,2,1,0,2,1,1
584,1,127,0,0,0,0,0,9,0,1
379,1,93,0,0,0,0,0,4,0,1
380,0,79,0,0,0,0,0,10,0,1
192,3,50,1,1,1,1,0,2,2,1
1954,31,687,0,0,1,0,0,16,0,1
297,43,43,0,0,0,0,0,1,1,1
635,0,131,0,0,0,0,0,8,0,1
110,0,29,0,0,2,1,0,0,1,1
372,0,84,0,0,0,0,0,2,0,1
62,5,18,1,2,0,1,1,3,0,1
1477,1,387,1,0,0,0,0,8,0,1
173,11,31,1,1,2,1,0,0,1,1
1516,24,319,0,0,0,0,0,20,0,1
238,39,34,0,0,0,0,0,2,0,1
1123,7,235,0,0,0,0,0,18,0,1
2500,8,887,4,0,0,0,0,20,0,1
1619,9,338,0,0,0,0,0,23,0,1
1148,2,250,0,0,0,0,0,13,0,1
2753,26,577,0,0,0,0,0,38,0,1
110,24,19,0,0,0,0,0,0,2,1
313,38,43,0,0,0,0,0,3,1,1
1617,16,346,0,0,0,0,0,17,0,1
1544,8,316,0,0,0,0,0,22,0,1
120,13,24,1,1,2,1,0,2,2,1
82,0,28,4,4,1,1,0,0,0,1
117,17,26,1,1,0,0,0,1,2,1
145,16,33,1,1,0,2,0,1,2,1
109,14,23,1,1,1,1,0,1,1,1
264,41,36,0,0,0,0,0,2,0,1
473,10,124,14,14,5,0,0,3,2,1
99,8,22,0,0,2,1,0,1,1,1
1043,5,407,1,0,0,0,0,9,2,1
1497,7,306,0,0,0,0,0,21,0,1
132,2,32,1,1,2,0,0,0,3,1
86,19,15,0,0,0,0,0,1,2,1
238,0,52,0,0,0,0,0,4,0,1
93,20,18,0,0,0,0,0,0,2,1
125,6,30,1,1,2,1,0,1,1,1
915,0,196,0,0,0,0,0,10,0,1
178,2,53,1,1,2,1,0,0,2,1
116,12,22,0,0,0,0,0,0,1,1
103,0,25,0,0,2,1,0,1,2,1
114,0,26,0,0,2,1,0,2,2,1
999,296,247,9,9,0,5,5,6,12,1
425,0,92,0,0,0,0,0,4,0,1
96,20,16,0,0,0,0,0,0,2,1
1693,4,509,0,1,0,0,0,21,0,1
127,20,21,0,0,0,0,0,1,2,1
770,3,167,0,0,0,0,0,10,0,1
85,20,15,0,0,0,0,0,0,2,1
664,0,150,0,0,0,0,0,11,0,1
238,37,32,0,0,0,0,0,1,0,1
93,20,16,0,0,0,0,0,0,2,1
85,20,16,0,0,0,0,0,0,2,1
345,3,64,0,0,0,0,0,6,0,1
168,2,47,1,1,2,1,0,2,2,1
110,7,27,1,1,0,1,0,1,1,1
32,4,4,0,0,0,0,0,1,0,1
1060,5,232,0,0,0,0,0,13,0,1
8719,26,2389,2,1,0,0,0,101,0,1
151,19,30,1,1,0,0,0,1,2,1
112,0,31,0,0,2,1,0,0,2,1
98,19,17,0,0,0,0,0,2,2,1
105,21,19,0,0,0,0,0,3,2,1
159,1,36,1,1,2,1,0,2,2,1
56,3,8,0,0,0,0,0,0,0,1
250,53,49,2,2,2,1,0,3,2,1
130,0,33,1,1,1,1,0,0,2,1
681,2,143,0,0,0,0,0,5,0,1
232,38,34,0,0,0,0,0,2,0,1
284,25,71,2,2,5,3,0,1,1,1
38,5,6,0,0,0,0,0,2,0,1
139,0,32,1,1,2,1,0,0,2,1
995,2,189,0,0,0,0,0,14,0,1
253,41,35,0,0,0,0,0,3,0,1
78,20,15,0,0,0,0,0,0,2,1
180,2,49,1,1,2,1,0,1,2,1
190,3,43,1,1,2,1,0,0,2,1
851,8,186,0,0,0,0,0,12,0,1
125,21,26,1,1,2,1,0,0,2,1
111,0,26,0,0,2,1,0,0,2,1
116,19,21,0,0,0,0,0,0,2,1
292,41,43,0,0,0,0,0,1,1,1
244,40,36,0,0,0,0,0,2,0,1
172,2,41,1,1,2,1,0,1,2,1
262,5,58,0,0,0,0,0,4,0,1
55,2,8,0,0,0,0,0,0,0,1
93,20,16,0,0,0,0,0,1,2,1
91,10,16,0,0,0,0,0,2,1,1
182,2,49,1,1,2,1,0,2,1,1
93,16,15,0,0,0,0,0,0,2,1
1229,1,255,0,0,0,0,0,19,0,1
211,25,54,1,1,2,1,0,1,2,1
85,10,18,0,0,0,1,0,1,2,1
100,0,28,0,0,2,1,0,0,1,1
337,52,50,0,0,0,0,0,4,1,1
183,2,48,1,1,2,1,0,1,2,1
1253,3,249,0,0,0,0,0,12,0,1
242,39,37,0,0,0,0,0,2,0,1
100,20,19,0,0,0,0,0,0,2,1
97,0,25,0,0,2,1,0,1,1,1
91,10,16,0,0,0,0,0,2,1,1
95,20,19,0,0,0,0,0,0,2,1
102,0,26,0,0,2,1,0,0,2,1
90,19,15,0,0,0,0,0,0,2,1
102,0,28,0,0,2,1,0,1,2,1
99,3,25,0,0,0,1,0,2,2,1
184,33,44,1,1,0,1,1,2,2,1
98,9,18,0,0,2,1,0,3,2,1
33,5,4,0,0,0,0,0,1,0,1
82,20,15,0,0,0,0,0,0,2,1
83,19,16,0,0,0,0,0,1,2,1
805,1,168,0,0,0,0,0,11,0,1
69,0,13,0,0,0,0,0,0,0,1
92,20,15,0,0,0,0,0,0,2,1
243,1,66,7,7,2,1,0,1,0,1
361,57,76,3,3,0,0,0,3,1,1
101,18,21,0,1,1,0,0,1,0,1
2324,5,495,0,0,0,0,0,52,0,1
191,29,47,5,7,2,1,0,2,2,1
88,20,16,0,0,0,0,0,1,2,1
256,40,35,0,0,0,0,0,1,0,1
76,20,14,0,0,0,0,0,0,2,1
112,7,18,0,0,0,0,0,0,1,1
281,42,40,0,0,0,0,0,3,1,1
111,20,19,0,0,0,0,0,1,2,1
546,74,114,5,5,2,1,0,6,4,1
1372,9,437,1,0,1,0,0,6,3,1
101,20,17,0,0,0,0,0,0,2,1
111,1,27,2,4,2,1,0,0,1,1
192,9,100,1,1,3,1,0,1,1,1
33,5,4,0,0,0,0,0,1,0,1
645,1,123,0,0,0,0,0,7,0,1
128,2,32,1,1,1,1,0,0,1,1
890,310,145,8,8,5,3,0,3,4,1
116,6,19,0,0,0,0,0,0,1,1
96,20,17,0,0,0,0,0,0,2,1
1124,2,232,0,0,0,0,0,9,0,1
316,45,47,0,0,0,0,0,2,1,1
110,3,30,0,0,2,1,0,0,1,1
245,36,34,0,0,0,0,0,2,0,1
349,55,77,3,3,3,2,0,4,3,1
406,0,84,0,0,0,0,0,6,0,1
226,38,34,0,0,0,0,0,1,0,1
100,19,16,0,0,0,0,0,0,2,1
218,21,59,1,1,2,1,0,0,2,1
919,4,184,0,0,0,0,0,13,0,1
389,8,114,3,4,3,0,0,3,0,1
122,15,34,1,1,2,1,0,0,2,1
267,40,35,0,0,0,0,0,4,0,1
96,3,25,0,0,2,1,0,0,2,1
128,0,30,0,0,2,1,0,0,2,1
38,8,9,0,0,0,0,0,0,0,1
186,2,49,1,1,2,1,0,0,2,1
10707,275,2770,6,10,1,0,0,113,1,1
62,1,15,1,1,2,1,0,0,0,1
38,5,6,0,0,0,0,0,2,0,1
137,0,28,0,0,0,0,0,2,0,1
109,2,30,0,0,2,1,0,0,2,1
90,20,16,0,0,0,0,0,0,2,1
512,1,102,0,0,0,0,0,9,0,1
101,20,18,0,0,0,0,0,0,2,1
92,2,25,2,3,2,1,0,0,2,1
285,42,41,0,0,0,0,0,2,1,1
1327,7,282,0,0,0,0,0,17,0,1
81,20,16,0,0,0,0,0,1,2,1
112,0,29,0,0,2,1,0,2,2,1
242,45,40,2,2,2,1,0,0,2,1
106,20,19,0,0,0,0,0,1,2,1
183,2,48,1,1,2,1,0,1,2,1
97,0,25,0,0,2,1,0,0,2,1
57,8,8,0,0,0,0,0,0,0,1
55,3,8,0,0,0,0,0,0,0,1
114,20,19,0,0,0,0,0,2,2,1
870,2,173,0,0,0,0,0,5,0,1
72,2,21,2,3,2,1,0,1,2,1
97,19,19,0,0,0,0,0,0,2,1
103,20,17,0,0,0,0,0,1,2,1
86,10,14,0,0,0,0,0,1,1,1
85,20,15,0,0,0,0,0,0,2,1
259,2,90,0,0,0,0,0,5,0,1
114,19,20,0,0,0,0,0,1,2,1
624,4,128,0,0,0,0,0,13,0,1
85,20,14,0,0,0,0,0,1,2,1
235,0,42,0,0,0,0,0,4,0,1
115,8,29,0,0,2,1,0,0,1,1
1305,5,263,0,0,0,0,0,18,0,1
109,22,21,0,0,0,0,0,1,2,1
179,1,60,2,2,2,0,0,0,0,1
246,32,44,2,2,4,2,0,2,1,1
81,20,14,0,0,0,0,0,1,2,1
138,2,40,1,1,3,2,0,1,1,1
146,23,32,1,1,2,1,0,0,2,1
60,3,8,0,0,0,0,0,0,0,1
1311,11,271,0,0,0,0,0,12,0,1
88,20,15,0,0,0,0,0,0,2,1
89,15,19,0,0,2,1,0,1,1,1
104,20,20,0,0,0,0,0,0,2,1
295,43,45,0,0,0,0,0,1,1,1
128,22,23,0,0,0,0,0,0,2,1
115,20,21,0,0,0,0,0,0,2,1
126,11,24,1,1,2,1,0,0,1,1
148,14,33,0,0,1,1,0,0,4,1
586,4,130,0,0,0,0,0,6,0,1
210,20,40,1,1,0,0,0,2,2,1
161,18,31,1,1,2,1,0,0,2,1
822,0,163,0,0,0,0,0,11,0,1
969,4,214,0,0,0,0,0,9,0,1
159,21,36,1,1,3,1,0,0,1,1
1401,8,310,0,0,0,0,0,27,0,1
235,36,32,0,0,0,0,0,2,0,1
38,5,6,0,0,0,0,0,2,0,1
81,20,13,0,0,0,0,0,0,2,1
135,22,25,0,0,0,0,0,1,2,1
103,19,18,0,0,0,0,0,1,2,1
86,10,14,0,0,0,0,0,1,1,1
269,12,55,2,2,1,0,0,2,2,1
112,23,19,0,0,0,0,0,1,2,1
238,42,32,0,0,0,0,0,2,0,1
531,62,119,4,4,1,1,0,7,5,1
150,29,36,1,1,3,0,0,0,1,1
100,21,24,0,1,1,0,0,0,0,1
676,2,136,0,0,0,0,0,8,0,1
85,20,16,0,0,0,0,0,1,2,1
561,1,117,0,0,0,0,0,4,0,1
38,5,6,0,0,0,0,0,2,0,1
36,0,5,0,0,0,0,0,0,0,1
136,12,33,1,1,0,0,0,0,3,1
229,0,46,0,0,0,0,0,3,0,1
95,20,17,0,0,0,0,0,0,2,1
112,8,21,1,1,1,1,0,2,1,1
310,42,46,0,0,0,0,0,1,1,1
190,11,49,1,1,2,1,0,2,1,1
4649,28,1624,16,12,1,0,0,10,0,1
734,1,160,0,0,0,0,0,7,0,1
112,0,26,0,0,2,1,0,0,2,1
86,20,16,0,0,0,0,0,0,2,1
115,1,26,0,0,2,1,0,0,2,1
290,53,51,2,2,2,1,0,6,2,1
87,20,16,0,0,0,0,0,1,2,1
90,20,16,0,0,0,0,0,0,2,1
549,74,115,5,5,2,1,0,7,5,1
251,38,35,0,0,0,0,0,4,0,1
115,0,29,0,0,2,1,0,2,2,1
82,1,18,0,0,0,0,0,0,3,1
87,20,16,0,0,0,0,0,0,2,1
91,10,16,0,0,0,0,0,2,1,1
33,5,4,0,0,0,0,0,1,0,1
134,8,26,0,0,2,1,0,2,2,1
10735,98,2776,1,0,0,0,0,25,0,1
844,4,171,0,0,0,0,0,18,0,1
104,20,18,0,0,0,0,0,0,2,1
2243,11,640,0,0,0,0,0,19,1,1
298,47,44,0,0,0,0,0,1,1,1
120,12,22,0,0,0,0,0,0,1,1
57,4,10,0,0,0,0,0,1,0,1
839,3,176,0,0,0,0,0,19,0,1
273,40,46,0,0,0,0,0,1,0,1
270,37,60,2,2,1,1,0,1,1,1
113,4,27,0,0,2,1,0,0,1,1
254,40,35,0,0,0,0,0,1,0,1
108,1,26,0,0,2,1,0,0,2,1
33,1,9,1,1,1,1,0,0,0,1
292,42,47,0,0,0,0,0,1,1,1
634,5,132,0,0,0,0,0,8,0,1
95,5,29,0,0,2,1,0,0,1,1
1249,0,258,0,0,0,0,0,13,0,1
71,3,14,1,1,1,0,0,0,0,1
80,20,14,0,0,0,0,0,0,2,1
118,20,21,0,0,0,0,0,1,2,1
909,0,222,0,0,0,0,0,7,0,1
83,20,16,0,0,0,0,0,0,2,1
942,9,206,0,0,0,0,0,11,0,1
86,10,14,0,0,0,0,0,1,1,1
173,23,36,1,1,0,0,0,0,1,1
33,5,4,0,0,0,0,0,1,0,1
260,40,37,0,0,0,0,0,2,0,1
55,1,8,0,0,0,0,0,0,0,1
113,20,18,0,0,0,0,0,1,2,1
54,7,10,0,0,0,0,0,0,0,1
95,5,29,0,0,2,1,0,0,1,1
102,20,17,0,0,0,0,0,1,2,1
411,1,85,0,0,0,0,0,4,0,1
357,9,72,0,0,0,0,0,1,0,1
103,0,28,0,0,2,1,0,1,2,1
305,42,46,0,0,0,0,0,3,1,1
341,49,47,0,0,0,0,0,3,1,1
96,20,18,0,0,0,0,0,0,2,1
289,2,62,3,2,2,0,0,1,0,1
88,20,16,0,0,0,0,0,0,2,1
164,1,40,1,1,2,1,0,0,2,1
230,43,32,0,0,0,0,0,1,0,1
176,6,39,1,1,3,1,0,3,1,1
3635,15,788,0,0,0,0,0,67,0,1
53,5,8,0,0,0,0,0,0,0,1
216,1,46,1,1,2,1,0,3,2,1
106,0,28,0,0,2,1,0,0,1,1
101,20,17,0,0,0,0,0,1,2,1
666,3,142,0,0,0,0,0,12,0,1
53,5,17,1,1,1,1,0,0,0,1
90,8,19,0,0,2,1,0,0,2,1
368,8,74,0,0,0,0,0,6,0,1
1218,6,253,0,0,0,0,0,14,0,1
99,8,25,0,0,2,0,0,1,3,1
113,20,22,0,0,0,0,0,1,2,1
49,1,14,2,2,0,0,0,0,0,1
90,27,18,0,0,0,0,0,1,2,1
65,7,14,0,0,0,0,0,1,0,1
88,20,15,0,0,0,0,0,1,2,1
91,10,16,0,0,0,0,0,2,1,1
370,182,121,3,3,0,0,0,1,2,1
795,5,160,0,0,0,0,0,13,0,1
117,12,19,0,0,0,0,0,0,1,1
220,34,32,0,0,0,0,0,3,0,1
782,4,147,0,0,0,0,0,11,0,1
950,11,184,0,0,0,0,0,15,0,1
95,22,20,0,0,0,0,0,0,2,1
85,20,16,0,0,0,0,0,0,2,1
1664,1,483,0,0,0,0,0,5,0,1
266,4,70,2,2,2,1,0,1,4,1
737,0,147,0,0,0,0,0,14,0,1
137,12,33,1,1,0,0,0,0,3,1
52,7,9,0,0,0,0,0,0,0,1
268,38,39,0,0,0,0,0,1,0,1
305,38,70,2,2,4,2,0,3,2,1
229,17,42,2,2,4,2,0,0,1,1
109,14,23,1,1,1,1,0,1,1,1
111,0,27,2,2,2,0,0,0,0,1
108,0,25,0,0,0,0,0,1,3,1
134,15,27,0,0,2,1,0,0,2,1
189,7,57,1,1,2,1,0,0,2,1
105,10,24,1,1,2,1,0,1,2,1
303,49,44,0,0,0,0,0,1,1,1
81,19,17,0,0,0,0,0,0,2,1
52,0,13,2,2,0,1,0,0,0,1
527,0,116,0,0,0,0,0,8,0,1
88,5,28,2,2,3,0,0,0,0,1
93,15,15,0,0,2,1,0,1,0,1
97,20,20,0,0,0,0,0,0,2,1
41,7,10,0,0,0,0,0,0,0,1
277,40,42,0,0,0,0,0,2,1,1
108,4,27,0,0,2,1,0,0,1,1
109,20,20,0,0,0,0,0,0,2,1
91,7,18,0,0,2,1,0,2,1,1
406,6,91,0,0,0,0,0,4,0,1
414,1,81,0,0,0,0,0,4,0,1
1150,15,244,0,0,0,0,0,16,0,1
314,5,67,0,0,0,0,0,5,0,1
111,0,26,0,0,2,1,0,0,1,1
175,11,41,1,1,2,1,0,2,2,1
113,20,20,0,0,0,0,0,1,2,1
211,38,47,2,2,1,1,0,1,3,1
124,15,24,0,0,0,0,0,0,1,1
97,3,18,0,0,0,0,0,1,3,1
90,20,15,0,0,0,0,0,0,2,1
1474,2,290,0,0,0,0,0,21,0,1
105,22,19,0,0,0,0,0,0,2,1
115,13,27,1,1,1,1,0,1,2,1
330,0,67,0,0,0,0,0,6,0,1
173,17,37,1,1,2,0,0,1,2,1
99,7,23,0,0,2,1,0,0,2,1
236,39,34,0,0,0,0,0,2,0,1
134,0,34,1,1,1,1,0,0,2,1
52,2,9,0,0,0,0,0,0,0,1
201,1,40,0,0,0,0,0,2,0,1
3083,17,972,0,0,0,0,0,22,0,1
90,19,16,0,0,0,0,0,0,2,1
90,19,16,0,0,0,0,0,1,2,1
200,3,45,0,0,0,0,0,4,0,1
323,45,49,0,0,0,0,0,5,1,1
153,34,36,1,1,1,0,0,1,3,1
970,4,310,0,0,0,0,0,5,1,1
92,19,15,0,0,0,0,0,1,2,1
99,19,20,0,0,0,0,0,1,2,1
85,20,15,0,0,0,0,0,0,2,1
102,1,30,0,0,2,1,0,0,2,1
313,0,62,0,0,0,0,0,5,0,1
520,2,106,0,0,0,0,0,8,0,1
115,9,18,0,0,0,0,0,0,1,1
38,5,6,0,0,0,0,0,2,0,1
172,19,34,1,1,0,0,0,1,1,1
118,0,28,0,0,2,1,0,0,1,1
285,41,42,0,0,0,0,0,2,1,1
308,42,46,0,0,0,0,0,1,1,1
162,29,36,0,0,3,1,0,2,1,1
876,9,198,0,0,0,0,0,6,0,1
561,0,125,0,0,0,0,0,6,0,1
93,3,28,0,0,2,1,0,1,2,1
563,0,115,0,0,0,0,0,5,0,1
149,0,27,0,0,0,0,0,2,0,1
161,18,34,1,1,2,1,0,0,2,1
94,20,16,0,0,0,0,0,0,2,1
145,21,30,1,1,2,1,0,0,2,1
2017,11,429,0,0,0,0,0,28,0,1
1315,9,427,0,0,0,0,0,15,0,1
124,20,22,0,0,0,0,0,2,2,1
2623,33,791,4,4,4,0,0,10,0,1
120,12,22,0,0,0,0,0,0,1,1
140,1,33,1,1,1,1,0,0,1,1
131,15,28,1,1,2,1,0,0,2,1
1424,8,472,3,3,0,0,0,7,4,1
82,19,15,0,0,0,0,0,0,2,1
307,50,45,0,0,0,0,0,1,1,1
96,9,20,0,0,2,1,0,0,2,1
116,25,26,1,1,2,1,0,0,1,1
198,2,42,0,0,0,0,0,1,0,1
21,0,2,0,0,0,0,0,0,0,1
115,13,28,1,1,2,1,0,0,1,1
192,2,51,1,1,2,1,0,0,2,1
47,1,14,1,1,0,1,1,1,0,1
183,3,49,1,1,2,1,0,5,2,1
130,0,30,1,1,1,1,0,0,1,1
86,20,16,0,0,0,0,0,0,2,1
111,6,18,0,0,0,0,0,0,1,1
105,0,25,0,0,2,1,0,0,2,1
105,20,19,0,0,0,0,0,0,2,1
95,2,22,0,0,0,3,0,0,1,1
99,20,19,0,0,0,0,0,0,2,1
199,26,47,1,1,2,1,0,0,1,1
259,40,35,0,0,0,0,0,3,0,1
100,20,17,0,0,0,0,0,0,2,1
148,21,34,1,1,3,1,0,0,1,1
121,10,19,0,0,0,0,0,0,1,1
170,4,41,1,1,2,0,0,0,2,1
2135,2,430,0,0,0,0,0,32,0,1
87,0,23,0,0,1,1,0,0,1,1
99,20,18,0,0,0,0,0,2,2,1
228,3,52,1,1,2,1,0,0,2,1
115,12,18,0,0,0,0,0,0,1,1
295,71,61,2,2,2,2,0,1,1,1
314,43,44,0,0,0,0,0,3,1,1
2971,22,663,0,0,0,0,0,38,0,1
127,0,29,1,1,1,1,0,0,2,1
249,38,33,0,0,0,0,0,1,0,1
2038,16,442,0,0,0,0,0,38,0,1
141,21,29,1,1,2,1,0,0,2,1
521,1,102,0,0,0,0,0,10,0,1
226,17,42,2,2,4,2,0,0,1,1
120,12,22,0,0,0,0,0,0,1,1
244,0,45,0,0,0,0,0,1,0,1
79,2,13,0,0,1,1,0,0,1,1
1940,1,609,0,0,4,0,0,9,0,1
296,40,45,0,0,0,0,0,1,1,1
297,44,44,0,0,0,0,0,2,1,1
105,9,23,1,1,2,1,0,1,2,1
274,47,41,0,0,0,0,0,1,1,1
267,38,36,0,0,0,0,0,3,0,1
138,2,38,1,1,1,1,0,0,1,1
69,0,12,0,0,0,0,0,0,2,1
109,20,18,0,0,0,0,0,0,2,1
115,7,28,1,1,2,0,0,1,3,1
135,0,32,2,2,2,0,0,0,0,1
100,4,17,0,0,0,0,0,0,3,1
763,1,149,0,0,0,0,0,16,0,1
114,8,23,1,1,2,1,0,1,2,1
39,0,10,0,0,0,0,0,0,0,1
33,5,4,0,0,0,0,0,1,0,1
33,5,4,0,0,0,0,0,1,0,1
113,0,31,0,0,2,1,0,0,2,1
716,5,165,0,0,0,0,0,9,0,1
190,30,40,1,1,2,0,0,1,1,1
71,19,13,0,0,0,0,0,0,2,1
1030,6,209,0,0,0,0,0,25,0,1
2108,15,448,0,0,0,0,0,27,0,1
115,20,26,2,2,3,0,0,0,0,1
291,3,62,0,0,0,0,0,1,0,1
148,7,61,1,1,2,1,0,0,2,1
292,42,43,0,0,0,0,0,2,1,1
102,2,29,0,0,0,0,0,1,1,1
115,13,18,0,0,0,0,0,0,1,1
120,12,22,0,0,0,0,0,0,1,1
106,0,18,0,0,0,0,0,3,0,1
162,5,42,1,1,2,1,0,0,2,1
56,6,9,0,0,0,0,0,0,0,1
106,0,28,0,0,2,1,0,2,2,1
100,2,29,0,0,2,1,0,0,2,1
782,5,189,0,0,0,0,0,14,0,1
657,1,135,0,0,0,0,0,8,0,1
185,4,49,1,1,2,1,0,0,2,1
813,2,184,0,0,0,0,0,13,0,1
97,19,17,0,0,0,0,0,1,2,1
120,12,25,1,1,2,1,0,0,1,1
112,8,19,0,0,0,0,0,0,1,1
9504,8,2482,0,1,1,0,0,174,0,1
61,0,15,0,0,0,0,0,0,0,1
296,48,43,0,0,0,0,0,1,1,1
1227,15,243,0,0,0,0,0,26,0,1
100,15,22,0,0,1,0,0,0,3,1
934,3,203,0,0,0,0,0,13,0,1
189,7,57,1,1,2,1,0,0,2,1
234,0,48,0,0,0,0,0,6,0,1
200,4,50,1,1,1,1,0,1,2,1
117,7,18,0,0,0,0,0,1,1,1
402,35,108,3,3,2,1,0,2,2,1
198,18,48,1,1,2,1,0,0,1,1
295,0,62,0,0,0,0,0,2,0,1
105,0,27,0,0,0,0,0,1,2,1
97,0,25,0,0,2,1,0,0,1,1
98,20,17,0,0,0,0,0,0,2,1
143,2,39,1,1,2,1,0,0,2,1
84,20,15,0,0,0,0,0,0,2,1
53,1,8,0,0,0,0,0,1,0,1
44,7,10,0,0,0,0,0,0,0,1
111,15,27,1,1,2,1,0,0,2,1
90,3,23,0,0,2,1,0,4,1,1
116,10,18,0,0,0,0,0,0,1,1
91,20,17,0,0,0,0,0,0,2,1
233,38,34,0,0,0,0,0,1,0,1
253,14,59,2,2,0,0,0,1,3,1
113,22,23,0,0,0,0,0,2,1,1
107,0,19,1,1,0,0,0,2,2,1
49,8,12,0,0,0,0,0,0,0,1
136,8,31,1,1,2,0,0,1,3,1
2869,0,867,0,0,0,0,0,27,0,1
134,0,32,1,1,2,1,0,0,1,1
1169,1,254,0,0,0,0,0,20,0,1
499,2,94,0,0,0,0,0,8,0,1
193,2,52,1,1,2,1,0,1,2,1
81,20,14,0,0,0,0,0,0,2,1
92,20,16,0,0,0,0,0,0,2,1
307,44,46,0,0,0,0,0,1,1,1
97,20,17,0,0,0,0,0,0,2,1
33,5,4,0,0,0,0,0,1,0,1
4775,50,1068,0,0,0,0,0,53,0,1
92,12,19,0,0,2,1,0,1,1,1
1263,1,272,0,0,0,0,0,21,0,1
257,38,37,0,0,0,0,0,1,0,1
112,22,21,0,0,0,0,0,1,2,1
2039,4,416,0,0,1,0,0,25,0,1
311,45,47,0,0,0,0,0,2,1,1
269,50,58,2,2,0,0,0,2,3,1
131,20,24,0,0,0,0,0,2,2,1
782,0,154,0,0,0,0,0,12,0,1
107,0,29,0,0,2,1,0,0,1,1
88,19,16,0,0,0,0,0,0,2,1
97,20,17,0,0,0,0,0,0,2,1
1293,11,412,0,0,0,0,0,1,0,1
97,20,17,0,0,0,0,0,1,2,1
181,4,49,1,1,2,1,0,0,2,1
309,1,61,0,0,0,0,0,5,0,1
91,5,18,0,0,2,1,0,1,2,1
82,19,15,0,0,0,0,0,2,2,1
97,21,19,0,0,0,0,0,0,2,1
70,3,14,1,1,1,0,0,1,0,1
126,15,27,1,1,2,1,0,1,1,1
2424,10,522,0,0,0,0,0,31,0,1
100,20,17,0,0,0,0,0,0,2,1
116,12,26,1,1,2,1,0,0,2,1
33,5,4,0,0,0,0,0,1,0,1
120,7,20,0,0,0,0,0,0,1,1
123,21,27,1,1,2,1,0,0,2,1
86,20,16,0,0,0,0,0,0,2,1
460,0,86,0,0,0,0,0,8,0,1
101,20,18,0,0,0,0,0,0,2,1
232,40,32,0,0,0,0,0,3,0,1
97,10,26,0,0,2,0,0,0,2,1
53,1,8,0,0,0,0,0,0,0,1
98,12,21,0,0,2,1,0,0,2,1
101,19,19,0,0,0,0,0,1,2,1
80,19,14,0,0,0,0,0,0,2,1
434,0,82,0,0,0,0,0,7,0,1
391,0,76,0,0,0,0,0,4,0,1
114,20,21,0,0,0,0,0,1,2,1
1585,19,346,0,0,0,0,0,16,0,1
68,0,21,2,3,2,1,0,0,2,1
345,0,64,0,0,0,0,0,4,0,1
14214,119,4855,29,40,7,0,0,47,16,1
33,5,4,0,0,0,0,0,1,0,1
52,5,8,0,0,0,0,0,0,0,1
90,20,17,0,0,0,0,0,0,2,1
97,20,18,0,0,0,0,0,0,2,1
97,9,24,0,0,0,0,0,1,1,1
125,1,32,0,0,2,1,0,0,2,1
1055,1,222,0,0,0,0,0,13,0,1
139,0,21,0,0,0,0,0,1,0,1
221,41,53,2,2,1,1,0,1,1,1
86,10,14,0,0,0,0,0,1,1,1
254,35,58,2,2,2,1,0,0,2,1
1399,21,285,0,0,0,0,0,20,0,1
270,37,36,0,0,0,0,0,3,0,1
941,3,183,0,0,0,0,0,16,0,1
82,20,16,0,0,0,0,0,0,2,1
56,0,22,4,4,0,0,0,0,0,1
91,20,18,0,0,0,0,0,0,2,1
86,20,15,0,0,0,0,0,1,2,1
90,20,15,0,0,0,0,0,0,2,1
109,20,18,0,0,0,0,0,2,2,1
117,17,23,1,1,2,1,0,2,1,1
805,6,170,0,0,0,0,0,13,0,1
190,2,49,1,1,2,1,0,0,2,1
91,0,22,0,0,0,0,0,0,3,1
85,20,16,0,0,0,0,0,0,2,1
185,16,43,1,1,2,1,0,0,2,1
234,37,32,0,0,0,0,0,2,0,1
291,47,46,0,0,0,0,0,1,1,1
468,4,95,0,0,0,0,0,4,0,1
57,3,8,0,0,0,0,0,3,0,1
571,2,113,0,0,0,0,0,7,0,1
119,1,29,0,0,2,1,0,0,1,1
430,8,135,1,1,0,0,0,4,4,1
2418,3,502,0,0,0,0,0,35,0,1
99,15,21,0,0,2,1,0,0,1,1
627,2,126,0,0,0,0,0,5,0,1
75,8,17,0,0,0,1,0,0,1,1
1235,2,237,0,0,0,0,0,19,0,1
91,20,15,0,0,0,0,0,0,2,1
100,18,23,0,0,2,1,0,0,2,1
86,10,14,0,0,0,0,0,1,1,1
959,2,198,0,0,0,0,0,18,0,1
385,0,80,0,0,0,0,0,3,0,1
103,9,24,0,0,2,1,0,0,1,1
209,31,42,1,1,2,1,0,0,1,1
557,1,116,0,0,0,0,0,10,0,1
110,13,30,1,1,1,1,0,2,1,1
95,3,29,2,2,3,0,0,0,1,1
38,5,6,0,0,0,0,0,2,0,1
87,20,16,0,0,0,0,0,0,2,1
100,21,22,0,0,2,1,0,0,1,1
1050,2,217,0,0,0,0,0,8,0,1
3474,3,738,0,0,0,0,0,37,0,1
89,7,18,0,0,2,1,0,1,1,1
116,12,22,0,0,0,0,0,0,1,1
33,5,4,0,0,0,0,0,1,0,1
93,20,18,0,0,0,0,0,1,2,1
110,15,19,0,0,2,1,0,0,1,1
125,11,23,1,1,2,1,0,1,1,1
114,23,20,1,1,1,1,0,0,2,1
112,6,18,0,0,0,0,0,0,1,1
33,5,4,0,0,0,0,0,1,0,1
80,20,15,0,0,0,0,0,0,2,1
110,20,20,0,0,0,0,0,2,2,1
214,26,46,1,1,0,0,0,2,2,1
177,2,48,1,1,2,1,0,2,2,1
125,1,31,0,0,2,1,0,1,2,1
107,0,27,0,0,2,1,0,0,2,1
94,20,17,0,0,0,0,0,0,2,1
63,11,9,0,0,0,0,0,0,0,1
239,39,37,0,0,0,0,0,1,0,1
82,20,16,0,0,0,0,0,0,2,1
323,43,46,0,0,0,0,0,3,1,1
180,4,48,1,1,2,1,0,1,2,1
106,19,25,1,1,2,1,0,0,2,1
5939,54,2487,18,19,6,0,3,19,2,1
110,24,20,0,0,0,0,0,1,2,1
117,15,27,1,1,2,1,0,0,1,1
109,14,23,1,1,1,1,0,1,1,1
122,8,21,1,1,1,1,0,0,2,1
142,16,28,1,1,2,1,0,0,1,1
258,36,35,0,0,0,0,0,3,0,1
95,20,17,0,0,0,0,0,0,2,1
849,8,174,0,0,0,0,0,10,0,1
114,6,18,0,0,0,0,0,0,1,1
299,44,48,0,0,0,0,0,2,1,1
293,42,46,0,0,0,0,0,1,1,1
116,20,19,0,0,0,0,0,1,2,1
37,0,4,0,0,0,0,0,2,0,1
165,21,40,1,1,2,0,0,0,3,1
8232,66,2360,8,2,1,0,0,40,3,1
245,41,33,0,0,0,0,0,2,0,1
117,5,32,0,0,2,1,0,1,2,1
98,19,17,0,0,0,0,0,1,2,1
97,21,16,0,0,0,0,0,0,2,1
157,1,32,0,0,0,0,0,0,0,1
91,20,17,0,0,0,0,0,0,2,1
92,20,17,0,0,0,0,0,0,2,1
91,10,16,0,0,0,0,0,2,1,1
217,0,44,0,0,0,0,0,5,0,1
352,2,74,0,0,0,0,0,4,0,1
257,41,35,0,0,0,0,0,3,0,1
655,3,134,0,0,0,0,0,10,0,1
47,8,9,0,0,0,0,0,0,0,1
115,6,19,0,0,0,0,0,0,1,1
258,44,36,0,0,0,0,0,1,0,1
24,0,4,0,0,0,0,0,0,0,1
90,20,16,0,0,0,0,0,0,2,1
92,20,17,0,0,0,0,0,0,2,1
483,223,119,4,4,2,1,0,0,1,1
109,0,29,0,0,2,1,0,0,2,1
201,41,49,1,1,0,1,0,3,1,1
1260,12,390,0,0,0,0,0,6,3,1
1114,16,260,0,0,0,0,0,16,0,1
291,44,43,0,0,0,0,0,2,1,1
128,23,29,1,1,2,1,0,1,2,1
294,42,43,0,0,0,0,0,1,1,1
51,0,8,0,0,0,0,0,0,0,1
77,19,14,0,0,0,0,0,0,2,1
92,20,16,0,0,0,0,0,0,2,1
471,1,84,0,0,0,0,0,5,0,1
96,24,16,0,0,0,0,0,0,2,1
307,0,64,0,0,0,0,0,6,0,1
84,20,15,0,0,0,0,0,0,2,1
1755,29,605,0,0,0,0,0,26,0,1
261,36,36,0,0,0,0,0,1,0,1
88,11,19,0,0,0,0,0,0,2,1
124,15,24,0,0,0,0,0,0,1,1
476,3,91,0,0,0,0,0,10,0,1
85,11,20,0,0,2,1,0,0,1,1
90,5,23,0,0,2,1,0,1,2,1
1597,15,327,0,0,0,0,0,14,0,1
97,20,17,0,0,0,0,0,2,2,1
107,7,26,1,1,2,1,0,0,1,1
112,9,28,1,1,2,1,0,0,2,1
119,11,22,0,0,0,0,0,0,1,1
126,0,35,0,0,2,1,0,0,1,1
115,22,23,0,0,0,0,0,2,2,1
49,0,8,0,0,0,0,0,3,0,1
106,0,29,0,0,2,1,0,0,2,1
125,13,27,1,1,2,1,0,0,2,1
124,14,30,1,1,2,1,0,0,4,1
55,5,8,0,0,0,0,0,0,0,1
149,0,28,2,2,2,1,0,0,2,1
164,17,37,0,0,2,1,0,0,2,1
411,5,88,0,0,0,0,0,5,0,1
865,0,281,0,0,0,0,0,1,9,1
120,2,29,0,0,2,1,0,1,2,1
123,8,27,1,1,2,1,0,1,1,1
318,48,45,0,0,0,0,0,2,1,1
240,37,35,0,0,0,0,0,3,0,1
117,9,25,1,1,2,1,0,1,2,1
243,46,36,0,0,0,0,0,2,0,1
97,20,17,0,0,0,0,0,0,2,1
91,20,16,0,0,0,0,0,0,2,1
55,4,8,0,0,0,0,0,0,0,1
233,39,31,0,0,0,0,0,2,0,1
114,12,18,0,0,0,0,0,0,1,1
53,0,15,2,2,2,0,0,0,0,1
80,20,14,0,0,0,0,0,0,2,1
540,2,110,0,0,0,0,0,5,0,1
322,48,47,0,0,0,0,0,1,1,1
93,20,18,0,0,0,0,0,0,2,1
105,13,26,1,1,3,1,0,0,1,1
305,41,43,0,0,0,0,0,1,1,1
91,20,16,0,0,0,0,0,1,2,1
93,19,16,0,0,0,0,0,0,2,1
521,0,89,0,0,0,0,0,13,0,1
101,0,28,0,0,2,1,0,0,2,1
254,46,35,0,0,0,0,0,1,0,1
227,36,53,2,2,2,0,0,2,1,1
191,28,42,1,1,2,1,0,0,2,1
124,15,24,0,0,0,0,0,0,1,1
205,1,51,1,1,3,1,0,1,5,1
243,43,31,0,0,0,0,0,1,0,1
103,20,17,0,0,0,0,0,0,2,1
86,10,14,0,0,0,0,0,1,1,1
228,18,53,2,2,2,1,0,0,2,1
375,69,45,3,3,2,1,0,0,1,1
110,20,19,0,0,0,0,0,0,2,1
900,20,380,0,0,0,0,0,0,1,1
79,20,15,0,0,0,0,0,0,2,1
1889,7,392,0,0,0,0,0,26,0,1
82,20,15,0,0,0,0,0,0,2,1
233,21,49,2,2,2,1,0,2,4,1
78,14,17,0,0,0,1,1,1,2,1
86,20,16,0,0,0,0,0,0,2,1
138,0,35,1,1,1,1,0,0,2,1
13154,29,9416,4,4,10,0,0,39,0,1
94,9,23,1,1,0,0,0,0,0,1
185,3,42,1,1,2,1,0,1,1,1
303,0,51,0,0,0,0,0,6,0,1
130,10,28,1,1,0,0,0,1,1,1
85,2,25,0,0,2,1,0,1,2,1
58,1,8,0,0,0,0,0,0,0,1
92,20,16,0,0,0,0,0,2,2,1
74,19,13,0,0,0,0,0,0,2,1
295,46,43,0,0,0,0,0,2,1,1
99,0,26,0,0,2,1,0,0,2,1
270,42,40,0,0,0,0,0,2,0,1
143,2,34,1,1,2,1,0,0,1,1
116,0,30,0,0,2,1,0,0,2,1
38,5,6,0,0,0,0,0,2,0,1
251,36,34,0,0,0,0,0,2,0,1
235,40,32,0,0,0,0,0,1,0,1
104,0,28,0,0,2,1,0,0,1,1
88,20,15,0,0,0,0,0,0,2,1
91,10,16,0,0,0,0,0,2,1,1
84,9,23,3,4,2,1,0,0,2,1
298,41,44,0,0,0,0,0,4,1,1
191,39,46,1,1,1,1,0,0,1,1
113,20,17,0,0,0,0,0,0,2,1
236,50,39,2,2,2,1,0,1,2,1
122,3,30,0,0,2,1,0,0,1,1
178,4,38,1,1,2,1,0,3,2,1
103,20,18,0,0,0,0,0,1,2,1
86,10,14,0,0,0,0,0,1,1,1
90,19,16,0,0,0,0,0,0,2,1
38,5,6,0,0,0,0,0,2,0,1
1532,20,320,0,0,0,0,0,24,0,1
121,13,22,0,0,0,0,0,0,1,1
97,20,17,0,0,0,0,0,0,2,1
82,20,14,0,0,0,0,0,1,2,1
75,20,14,0,0,0,0,0,0,2,1
107,20,18,0,0,0,0,0,0,2,1
116,20,21,0,0,0,0,0,1,2,1
443,7,94,0,0,0,0,0,11,0,1
524,123,115,0,0,9,4,0,1,2,1
142,17,33,1,1,3,1,0,0,2,1
169,23,44,1,1,2,0,0,0,3,1
187,9,100,1,1,3,1,0,0,2,1
302,51,45,0,0,0,0,0,1,1,1
278,100,76,2,2,2,1,0,0,2,1
79,19,16,0,0,0,0,0,0,2,1
101,20,17,0,0,0,0,0,0,2,1
227,38,30,0,0,0,0,0,2,0,1
138,0,32,1,1,2,1,0,0,2,1
33,5,4,0,0,0,0,0,1,0,1
174,2,49,1,1,2,1,0,1,2,1
572,10,105,0,0,0,0,0,10,0,1
335,8,77,2,2,2,1,0,0,2,1
134,15,28,0,0,2,1,0,1,1,1
500,0,95,0,0,0,0,0,6,0,1
293,45,46,0,0,0,0,0,4,1,1
188,31,41,1,1,2,1,0,0,2,1
100,8,26,0,0,2,0,0,0,2,1
173,12,34,1,1,0,0,0,2,4,1
790,8,166,0,0,0,0,0,8,0,1
94,20,16,0,0,0,0,0,1,2,1
970,4,239,0,0,0,0,0,6,0,1
106,22,21,0,0,0,0,0,0,2,1
436,204,128,4,4,0,0,0,1,1,1
262,59,65,2,2,1,1,0,0,2,1
112,20,19,0,0,0,0,0,0,2,1
46,7,9,0,0,0,0,0,0,0,1
87,19,15,0,0,0,0,0,0,2,1
126,9,30,1,1,2,1,0,1,2,1
124,15,24,0,0,0,0,0,0,1,1
58,4,8,0,0,0,0,0,0,0,1
432,0,88,0,0,0,0,0,8,0,1
170,2,41,1,1,2,1,0,1,3,1
83,20,16,0,0,0,0,0,0,2,1
161,20,31,1,1,1,1,0,0,1,1
99,1,19,0,0,0,0,0,1,3,1
52,3,8,0,0,0,0,0,0,0,1
113,6,18,0,0,0,0,0,0,1,1
124,15,24,0,0,0,0,0,0,1,1
205,28,53,1,1,0,0,0,0,2,1
509,0,150,0,0,0,0,0,13,0,1
110,7,26,1,1,1,1,0,0,1,1
87,20,17,0,0,0,0,0,0,2,1
174,34,37,1,1,2,1,0,1,2,1
131,1,31,1,1,1,1,0,0,1,1
1794,11,536,4,4,0,0,0,8,1,1
95,19,17,0,0,0,0,0,1,2,1
963,5,200,0,0,0,0,0,20,0,1
116,9,30,1,1,2,1,0,0,1,1
392,2,87,0,0,0,0,0,9,0,1
91,10,16,0,0,0,0,0,2,1,1
255,37,37,0,0,0,0,0,1,0,1
122,18,28,1,1,2,1,0,0,2,1
33,5,4,0,0,0,0,0,1,0,1
102,20,18,0,0,0,0,0,0,2,1
85,12,17,0,0,2,1,0,0,1,1
101,22,19,0,0,0,0,0,1,2,1
181,7,55,1,1,2,1,0,0,1,1
325,46,47,0,0,0,0,0,3,1,1
82,0,17,1,1,1,0,0,0,1,1
103,19,20,0,0,0,0,0,1,2,1
9011,55,2418,0,0,0,0,0,24,0,1
121,13,22,0,0,0,0,0,0,1,1
116,12,22,0,0,0,0,0,0,1,1
97,23,17,0,0,0,0,0,0,2,1
65,8,16,0,0,0,0,0,1,0,1
249,26,57,2,2,0,0,0,0,2,1
58,5,8,0,0,0,0,0,0,0,1
86,10,14,0,0,0,0,0,1,1,1
239,42,35,0,0,0,0,0,3,0,1
42,8,11,0,0,0,0,0,0,0,1
184,34,38,1,1,2,1,0,0,2,1
168,10,36,1,1,2,1,0,1,2,1
255,36,36,0,0,0,0,0,4,0,1
197,3,52,1,1,2,1,0,0,2,1
312,44,46,0,0,0,0,0,2,1,1
109,19,21,0,0,0,0,0,0,2,1
127,22,25,0,0,3,1,0,0,1,1
124,0,30,0,0,2,1,0,2,2,1
54,1,9,0,0,0,0,0,0,0,1
559,4,123,0,0,0,0,0,4,0,1
123,21,30,1,1,2,1,0,1,1,1
254,37,34,0,0,0,0,0,2,0,1
266,16,61,2,2,0,0,0,0,4,1
109,20,18,0,0,0,0,0,1,2,1
176,2,48,1,1,2,1,0,0,2,1
109,7,26,1,1,1,1,0,0,1,1
2307,45,1062,2,1,0,0,0,3,0,1
112,3,26,0,0,2,1,0,0,2,1
2373,18,756,0,0,0,0,0,13,0,1
315,46,47,0,0,0,0,0,2,1,1
83,0,15,0,0,0,0,0,0,0,1
85,20,15,0,0,0,0,0,0,2,1
82,20,14,0,0,0,0,0,0,2,1
44,7,10,0,0,0,0,0,0,0,1
312,46,50,0,0,0,0,0,4,1,1
257,40,35,0,0,0,0,0,1,0,1
59,8,35,0,0,0,0,0,0,0,1
89,8,19,0,0,2,1,0,2,2,1
123,9,22,1,1,1,1,0,0,2,1
56,1,8,0,0,0,0,0,2,0,1
125,5,33,0,0,2,1,0,0,1,1
826,2,168,0,0,0,0,0,13,0,1
90,9,16,0,0,0,0,0,2,1,1
133,20,23,0,0,0,0,0,2,2,1
83,20,14,0,0,0,0,0,1,2,1
97,20,17,0,0,0,0,0,0,2,1
83,23,17,0,0,0,0,0,0,2,1
2947,31,617,0,0,0,0,0,45,0,1
105,9,25,1,1,3,1,0,0,2,1
101,20,17,0,0,0,0,0,0,2,1
103,3,20,0,0,0,0,0,0,4,1
445,26,159,1,2,1,0,0,1,0,1
107,0,28,0,0,2,1,0,0,2,1
83,20,18,0,0,0,0,0,1,2,1
242,43,36,0,0,0,0,0,3,0,1
149,11,31,1,1,2,1,0,0,2,1
91,10,16,0,0,0,0,0,2,1,1
199,17,44,1,1,1,1,0,1,2,1
86,20,16,0,0,0,0,0,0,2,1
118,20,20,0,0,0,0,0,1,2,1
292,44,43,0,0,0,0,0,3,1,1
86,10,14,0,0,0,0,0,1,1,1
83,20,15,0,0,0,0,0,0,2,1
129,0,35,0,0,2,1,0,0,2,1
118,12,23,1,1,2,1,0,0,1,1
105,2,28,0,0,2,1,0,1,2,1
90,20,16,0,0,0,0,0,0,2,1
1151,0,237,0,0,0,0,0,14,0,1
88,20,14,0,0,0,0,0,0,2,1
153,4,39,1,1,2,1,0,0,1,1
90,20,16,0,0,0,0,0,0,2,1
123,14,24,0,0,0,0,0,0,1,1
88,20,17,0,0,0,0,0,2,2,1
285,40,63,2,2,1,1,0,1,2,1
38,5,6,0,0,0,0,0,2,0,1
9453,40,3541,22,23,1,2,0,28,6,1
94,14,18,0,0,0,1,0,0,1,1
83,4,15,0,0,0,1,0,0,1,1
94,5,19,0,0,2,2,0,1,1,1
294,43,41,0,0,0,0,0,1,1,1
60,7,8,0,0,0,0,0,0,0,1
162,12,39,1,1,4,1,0,1,1,1
249,37,32,0,0,0,0,0,1,0,1
113,1,29,0,0,2,1,0,2,2,1
86,20,17,0,0,0,0,0,0,2,1
121,22,21,0,0,0,0,0,1,2,1
109,14,23,1,1,1,1,0,1,1,1
102,20,18,0,0,0,0,0,0,2,1
247,40,54,2,2,1,1,0,2,2,1
5135,18,1244,0,3,0,0,0,78,2,1
2749,27,573,0,0,0,0,0,30,0,1
533,6,119,0,0,0,0,0,10,0,1
127,2,37,0,0,2,1,0,0,2,1
1529,19,312,0,0,0,0,0,20,0,1
513,2,110,0,0,0,0,0,4,0,1
109,20,20,0,0,0,0,0,0,2,1
138,21,32,1,1,2,0,0,0,2,1
2164,4,453,0,0,0,0,0,31,0,1
572,1,127,0,0,0,0,0,8,0,1
78,6,16,0,0,1,1,0,0,1,1
82,1,15,0,0,0,1,0,1,2,1
91,20,17,0,0,0,0,0,0,2,1
189,0,39,0,0,0,0,0,1,0,1
296,45,45,0,0,0,0,0,3,1,1
78,20,15,0,0,0,0,0,0,2,1
307,44,44,0,0,0,0,0,2,1,1
112,7,18,0,0,0,0,0,1,1,1
84,1,25,0,0,2,1,0,0,2,1
54,1,8,0,0,0,0,0,0,0,1
177,4,51,1,1,2,1,0,0,2,1
88,20,17,0,0,0,0,0,0,2,1
101,20,18,0,0,0,0,0,0,2,1
166,17,36,1,1,3,0,0,1,3,1
144,0,28,0,0,0,0,0,3,0,1
91,20,17,0,0,0,0,0,0,2,1
38,5,6,0,0,0,0,0,2,0,1
90,20,17,0,0,0,0,0,0,2,1
117,0,30,0,0,2,1,0,1,2,1
473,0,90,0,0,0,0,0,10,0,1
84,22,17,0,0,0,0,0,0,2,1
295,50,43,0,0,0,0,0,2,1,1
112,6,18,0,0,0,0,0,0,1,1
85,19,16,0,0,0,0,0,0,2,1
91,20,17,0,0,0,0,0,0,2,1
156,0,30,0,0,0,0,0,0,0,1
1776,8,374,0,0,0,0,0,21,0,1
55,7,8,0,0,0,0,0,0,0,1
120,12,22,0,0,0,0,0,0,1,1
5694,97,1318,0,0,0,0,0,74,0,1
82,20,14,0,0,1,0,0,0,2,1
56,5,10,0,0,0,0,0,0,0,1
771,10,168,0,0,0,0,0,11,0,1
119,0,31,0,0,2,1,0,1,2,1
99,8,17,0,0,2,1,0,1,1,1
235,35,49,2,2,2,0,0,1,2,1
83,20,15,0,0,0,0,0,0,2,1
306,47,44,0,0,0,0,0,1,1,1
250,41,35,0,0,0,0,0,1,0,1
132,1,34,1,1,2,1,0,1,2,1
253,38,36,0,0,0,0,0,1,0,1
98,7,21,0,0,2,1,0,0,1,1
105,14,23,1,1,0,1,0,0,2,1
193,3,49,1,1,2,1,0,4,2,1
271,3,56,0,0,0,0,0,3,0,1
153,9,32,1,1,2,1,0,0,2,1
109,24,23,0,0,0,0,0,1,2,1
119,20,21,0,0,0,0,0,3,2,1
97,20,17,0,0,0,0,0,1,2,1
418,87,71,3,3,1,1,0,6,2,1
149,0,35,1,1,2,1,0,2,2,1
121,11,34,1,1,2,0,0,0,2,1
595,0,116,0,0,0,0,0,6,0,1
1984,23,440,0,0,0,0,0,30,0,1
247,35,32,0,0,0,0,0,4,0,1
319,46,47,0,0,0,0,0,1,1,1
38,5,6,0,0,0,0,0,2,0,1
122,7,19,0,0,0,0,0,2,1,1
119,13,37,1,1,0,0,0,0,2,1
261,14,59,2,2,0,0,0,0,2,1
86,10,14,0,0,0,0,0,1,1,1
85,5,18,0,0,2,1,0,1,2,1
296,39,43,0,0,0,0,0,3,0,1
326,48,48,0,0,0,0,0,1,1,1
272,16,61,2,2,0,0,0,0,4,1
89,19,15,0,0,0,0,0,0,2,1
298,43,45,0,0,0,0,0,4,1,1
1623,2,329,0,0,0,0,0,19,0,1
122,0,32,0,0,2,1,0,0,2,1
56,4,8,0,0,0,0,0,0,0,1
20,1,5,1,0,0,1,0,0,0,1
809,6,158,0,0,0,0,0,15,0,1
3449,551,638,32,32,2,0,0,32,2,1
91,10,16,0,0,0,0,0,2,1,1
653,4,137,0,0,0,0,0,12,0,1
604,4,116,0,0,0,0,0,10,0,1
269,50,58,2,2,0,0,0,2,3,1
121,7,19,0,0,0,0,0,0,1,1
227,36,32,0,0,0,0,0,1,0,1
717,0,157,0,0,0,0,0,6,0,1
78,20,14,0,0,0,0,0,1,2,1
212,5,46,0,0,0,0,0,2,0,1
183,26,41,1,1,2,1,0,0,2,1
38,0,7,0,0,0,0,0,0,0,1
85,20,15,0,0,0,0,0,0,2,1
134,0,34,1,1,1,1,0,2,1,1
112,11,19,0,0,0,0,0,0,1,1
570,4,104,0,0,0,0,0,7,0,1
84,20,15,0,0,0,0,0,0,2,1
300,48,43,0,0,0,0,0,1,1,1
89,20,15,0,0,0,0,0,1,2,1
49,7,9,0,0,0,0,0,0,0,1
60,8,13,0,0,0,0,0,0,0,1
451,4,102,0,0,0,0,0,6,0,1
3555,10,767,0,0,0,0,0,50,0,1
62,9,8,0,0,0,0,0,0,0,1
236,38,31,0,0,0,0,0,1,0,1
112,20,18,0,0,0,0,0,0,2,1
827,135,159,7,7,4,5,0,5,1,1
1123,12,236,0,0,0,0,0,14,0,1
80,1,21,0,0,0,1,0,0,2,1
137,14,33,1,1,3,2,0,0,1,1
137,2,39,1,1,2,1,0,1,1,1
71,4,18,2,2,1,1,0,0,0,1
125,15,33,0,0,2,1,0,0,1,1
295,7,63,0,0,0,0,0,6,0,1
137,9,32,1,1,2,1,0,0,1,1
101,0,26,0,0,2,1,0,0,1,1
298,2,62,0,0,0,0,0,2,0,1
186,7,56,1,1,2,1,0,0,2,1
128,3,33,1,1,0,1,0,4,1,1
89,20,16,0,0,0,0,0,0,2,1
304,42,45,0,0,0,0,0,1,1,1
485,135,137,4,4,4,5,0,0,2,1
457,28,86,3,3,2,1,0,4,1,1
298,41,44,0,0,0,0,0,3,1,1
642,4,139,0,0,0,0,0,8,0,1
54,2,8,0,0,0,0,0,0,0,1
114,0,28,0,0,2,1,0,1,2,1
96,11,21,0,0,2,1,0,1,1,1
124,15,24,0,0,0,0,0,0,1,1
84,20,14,0,0,0,0,0,0,2,1
87,20,16,0,0,0,0,0,1,2,1
492,225,192,4,4,0,0,0,0,2,1
4350,23,1437,0,0,0,0,0,6,0,1
121,2,32,0,0,2,1,0,0,2,1
91,20,16,0,0,0,0,0,1,2,1
45,12,16,1,1,0,0,0,0,0,1
84,20,16,0,0,0,0,0,0,2,1
450,0,79,0,0,0,0,0,7,0,1
182,2,49,1,1,2,1,0,0,2,1
125,14,29,1,1,2,1,0,0,2,1
57,8,9,0,0,0,0,0,0,0,1
285,47,40,0,0,0,0,0,2,1,1
75,19,13,0,0,0,0,0,0,2,1
81,20,15,0,0,0,0,0,0,2,1
203,6,53,1,1,1,1,0,0,1,1
85,9,14,0,0,0,0,0,1,1,1
113,7,18,0,0,0,0,0,0,1,1
76,0,14,0,0,0,0,0,1,0,1
341,0,68,0,0,0,0,0,5,0,1
116,12,22,0,0,0,0,0,0,1,1
104,21,20,0,0,0,0,0,0,2,1
54,3,8,0,0,0,0,0,0,0,1
97,0,27,0,0,2,1,0,0,1,1
82,20,15,0,0,0,0,0,0,2,1
86,20,15,0,0,0,0,0,1,2,1
58,7,13,0,0,0,0,0,1,0,1
99,12,18,0,0,2,1,0,0,1,1
158,3,39,1,1,1,1,0,1,2,1
248,38,33,0,0,0,0,0,1,0,1
36,0,4,0,0,0,0,0,0,0,1
148,31,40,1,1,2,1,0,2,2,1
3153,41,674,0,0,0,0,0,42,0,1
79,0,16,2,2,1,1,0,0,0,1
1177,0,237,0,0,0,0,0,21,0,1
227,32,52,1,1,2,1,0,5,2,1
673,2,134,0,0,0,0,0,14,0,1
2994,1,611,0,0,0,0,0,38,0,1
81,20,15,0,0,0,0,0,1,2,1
290,0,60,0,0,0,0,0,7,0,1
304,46,47,0,0,0,0,0,2,1,1
89,20,15,0,0,0,0,0,1,2,1
46,0,6,0,0,0,0,0,0,0,1
110,0,27,0,0,2,1,0,1,1,1
111,0,30,0,0,2,1,0,0,2,1
94,16,22,0,0,2,1,0,0,1,1
106,21,20,0,0,0,0,0,1,2,1
239,37,34,0,0,0,0,0,1,0,1
105,20,19,0,0,0,0,0,1,2,1
230,39,57,2,2,3,2,0,0,1,1
123,14,24,0,0,0,0,0,0,1,1
44,0,6,0,0,0,0,0,0,0,1
1099,8,238,0,0,0,0,0,16,0,1
26,0,5,0,0,0,0,0,0,0,1
108,0,27,0,0,2,1,0,0,1,1
523,2,111,0,0,0,0,0,8,0,1
131,3,34,0,0,2,1,0,2,2,1
38,5,6,0,0,0,0,0,2,0,1
119,20,17,0,0,0,0,0,0,2,1
80,20,14,0,0,0,0,0,0,2,1
110,8,33,1,1,0,0,0,0,2,1
635,3,131,0,0,0,0,0,8,0,1
243,38,36,0,0,0,0,0,1,0,1
111,7,18,0,0,0,0,0,0,1,1
381,186,123,3,3,0,0,0,1,1,1
43,2,12,2,3,3,1,0,0,0,1
98,12,19,0,0,2,1,0,1,2,1
2026,20,445,0,0,0,0,0,19,0,1
109,0,24,2,3,2,1,0,1,0,1
113,6,18,0,0,0,0,0,0,1,1
335,30,94,2,2,3,4,0,0,2,1
80,19,14,0,0,0,0,0,0,2,1
1456,9,304,0,0,0,0,0,16,0,1
286,44,42,0,0,0,0,0,1,1,1
766,2,157,0,0,0,0,0,10,0,1
16203,80,4628,22,12,1,0,0,95,10,1
301,47,44,0,0,0,0,0,4,1,1
267,67,51,2,2,4,1,0,0,2,1
3808,11,781,0,0,0,0,0,51,0,1
73,0,15,0,0,0,0,0,1,0,1
1597,2,318,0,0,0,0,0,27,0,1
300,41,43,0,0,0,0,0,2,1,1
173,14,33,0,0,1,1,0,0,4,1
539,3,133,0,0,0,0,0,9,0,1
158,24,35,1,1,2,0,0,0,3,1
118,0,30,0,0,2,1,0,0,2,1
454,8,95,0,0,0,0,0,9,0,1
305,45,80,2,2,3,5,0,0,1,1
86,22,15,0,0,0,0,0,0,2,1
110,32,34,1,1,0,0,0,0,2,1
66,7,13,0,0,0,0,0,0,0,1
242,37,35,0,0,0,0,0,2,0,1
582,0,163,0,0,0,1,0,18,0,1
99,13,27,0,0,2,1,0,2,1,1
306,43,47,0,0,0,0,0,3,1,1
119,0,28,0,0,2,1,0,1,1,1
160,0,32,0,0,0,0,0,5,0,1
135,11,34,1,1,2,1,0,1,2,1
89,20,17,0,0,0,0,0,0,2,1
87,20,15,0,0,0,0,0,0,2,1
111,0,28,0,0,2,1,0,0,2,1
90,20,17,0,0,0,0,0,0,2,1
101,0,26,0,0,2,1,0,0,1,1
86,23,12,0,0,0,0,0,0,1,1
89,0,20,0,0,0,0,0,0,0,1
181,3,49,1,1,2,1,0,4,2,1
2139,22,475,0,0,0,0,0,28,0,1
125,7,26,1,1,2,1,0,0,1,1
127,15,27,1,1,2,1,0,0,1,1
255,38,35,0,0,0,0,0,2,0,1
174,13,42,1,1,3,2,0,0,2,1
169,29,39,1,1,2,1,0,0,1,1
89,20,16,0,0,0,0,0,0,2,1
104,20,19,0,0,0,0,0,0,2,1
120,20,20,0,0,0,0,0,0,2,1
71,19,13,0,0,0,0,0,0,2,1
104,0,26,0,0,3,1,0,0,2,1
1562,5,317,0,0,0,0,0,20,0,1
75,20,13,0,0,0,0,0,0,2,1
118,20,22,0,0,0,0,0,1,2,1
87,1,22,1,1,1,1,0,2,1,1
59,9,8,0,0,0,0,0,0,0,1
31,0,4,0,0,0,0,0,0,0,1
305,51,47,0,0,0,0,0,2,1,1
110,7,18,0,0,0,0,0,1,1,1
485,1,98,0,0,0,0,0,5,0,1
117,11,25,1,1,2,1,0,0,2,1
316,52,45,0,0,0,0,0,1,1,1
318,50,49,0,0,0,0,0,1,1,1
247,41,34,0,0,0,0,0,1,0,1
2070,14,461,0,0,0,0,0,28,0,1
90,20,17,0,0,0,0,0,1,2,1
91,20,16,0,0,0,0,0,0,2,1
175,2,47,1,1,2,1,0,2,2,1
233,43,36,0,0,0,0,0,3,0,1
1692,47,544,8,8,4,0,0,22,2,1
115,11,18,0,0,0,0,0,0,1,1
101,20,16,0,0,0,0,0,0,2,1
1463,18,301,0,0,0,0,0,21,0,1
254,38,37,0,0,0,0,0,2,0,1
167,12,39,1,1,4,1,0,0,1,1
169,51,23,0,0,1,1,0,0,0,1
395,8,125,2,2,1,1,0,2,2,1
99,7,19,0,0,2,1,0,0,2,1
91,10,16,0,0,0,0,0,2,1,1
138,12,31,1,1,0,0,0,0,3,1
49,7,11,0,0,0,0,0,0,0,1
91,10,16,0,0,0,0,0,2,1,1
1331,10,263,0,0,0,0,0,15,0,1
233,39,35,0,0,0,0,0,2,0,1
172,4,50,1,1,3,1,0,1,1,1
72,20,14,0,0,0,0,0,0,2,1
146,13,28,1,1,1,1,0,0,2,1
178,0,36,0,0,0,0,0,3,0,1
241,34,32,0,0,0,0,0,2,0,1
130,15,29,1,1,2,1,0,0,2,1
120,20,24,0,0,0,0,0,0,2,1
61,0,10,0,0,0,0,0,0,0,1
261,43,34,0,0,0,0,0,2,0,1
91,10,16,0,0,0,0,0,2,1,1
305,46,47,0,0,0,0,0,3,1,1
154,21,28,0,0,0,0,0,1,1,1
152,0,37,1,1,2,1,0,1,2,1
251,0,54,0,0,0,0,0,4,0,1
98,20,17,0,0,0,0,0,0,2,1
312,44,49,0,0,0,0,0,2,1,1
344,61,69,2,2,2,0,0,1,2,1
98,20,17,0,0,0,0,0,0,2,1
103,0,28,0,0,2,1,0,0,1,1
33,5,4,0,0,0,0,0,1,0,1
85,24,16,0,0,0,0,0,0,2,1
31,0,3,0,0,0,0,0,0,0,1
165,2,49,1,1,2,1,0,1,2,1
113,6,18,0,0,0,0,0,0,1,1
83,20,15,0,0,0,0,0,0,2,1
112,21,18,0,0,0,0,0,0,2,1
105,19,17,0,0,0,0,0,1,2,1
10040,15,2981,1,1,1,0,0,99,0,1
388,233,48,3,2,1,0,0,1,0,1
1795,5,385,0,0,0,0,0,28,0,1
347,0,81,0,0,0,0,0,8,0,1
86,10,14,0,0,0,0,0,1,1,1
98,22,18,0,0,0,0,0,0,2,1
246,42,35,0,0,0,0,0,2,0,1
751,2,213,0,0,0,0,0,1,2,1
114,1,16,2,2,2,1,0,0,0,1
180,43,42,2,2,4,0,0,1,0,1
97,20,20,0,0,0,0,0,0,2,1
86,10,14,0,0,0,0,0,1,1,1
97,20,17,0,0,0,0,0,0,2,1
129,0,24,0,0,0,0,0,3,0,1
1354,10,451,0,0,0,0,0,3,0,1
222,17,42,2,2,3,2,0,0,1,1
153,20,39,1,1,0,1,0,2,1,1
1154,288,222,10,10,15,9,0,2,2,1
94,21,17,0,0,0,0,0,0,2,1
75,2,18,1,1,2,1,0,0,1,1
89,25,17,0,0,0,0,0,2,2,1
33,5,4,0,0,0,0,0,1,0,1
86,10,14,0,0,0,0,0,1,1,1
313,43,47,0,0,0,0,0,1,1,1
86,19,17,0,0,0,0,0,1,2,1
82,20,16,0,0,0,0,0,0,2,1
224,41,49,2,2,2,1,0,1,2,1
875,2,187,0,0,0,0,0,17,0,1
243,40,37,0,0,0,0,0,1,0,1
90,9,16,0,0,0,0,0,2,1,1
83,20,14,0,0,0,0,0,1,2,1
82,19,15,0,0,0,0,0,0,2,1
251,0,48,0,0,0,0,0,5,0,1
188,1,40,0,0,0,0,0,3,0,1
2638,10,602,0,0,0,0,0,44,0,1
84,2,23,0,0,2,1,0,0,1,1
89,20,15,0,0,0,0,0,0,2,1
97,0,25,0,0,2,1,0,0,2,1
102,20,17,0,0,0,0,0,0,2,1
125,20,20,0,0,0,0,0,0,2,1
707,0,137,0,0,0,0,0,14,0,1
115,9,18,0,0,0,0,0,0,1,1
348,30,98,2,2,3,5,0,0,1,1
1798,15,526,0,0,1,0,0,17,4,1
102,11,20,0,0,2,1,0,0,2,1
114,0,30,0,0,2,1,0,1,2,1
1029,0,217,0,0,0,0,0,12,0,1
160,23,33,1,1,0,0,0,1,2,1
118,3,29,0,0,2,1,0,0,2,1
419,193,130,3,3,0,0,0,0,1,1
309,33,66,2,2,2,1,0,0,1,1
95,19,18,0,0,0,0,0,1,2,1
157,11,32,1,1,2,1,0,0,1,1
115,20,19,0,0,0,0,0,0,2,1
321,40,46,0,0,0,0,0,2,1,1
233,40,31,0,0,0,0,0,1,0,1
294,42,42,0,0,0,0,0,3,1,1
271,42,38,0,0,0,0,0,3,0,1
42,1,11,1,1,2,0,0,0,0,1
97,8,26,0,0,2,0,0,0,2,1
91,10,16,0,0,0,0,0,2,1,1
80,20,14,0,0,0,0,0,0,2,1
62,2,15,2,2,3,1,0,0,0,1
379,0,76,0,0,0,0,0,2,0,1
133,13,34,1,1,2,0,0,0,3,1
114,0,29,0,0,2,1,0,0,1,1
321,46,48,0,0,0,0,0,3,1,1
153,14,34,1,1,2,1,0,0,1,1
91,19,16,0,0,0,0,0,0,2,1
174,15,22,1,1,0,0,0,0,2,1
81,19,15,0,0,0,0,0,0,2,1
88,20,15,0,0,0,0,0,0,2,1
100,20,18,0,0,0,0,0,0,2,1
109,19,21,0,0,0,0,0,0,2,1
166,19,43,1,1,2,1,0,1,2,1
114,20,20,0,0,0,0,0,0,2,1
677,2,138,0,0,0,0,0,5,0,1
254,37,34,0,0,0,0,0,2,0,1
213,2,44,0,0,0,0,0,5,0,1
142,20,29,1,1,0,0,0,1,1,1
260,38,36,0,0,0,0,0,3,0,1
64,2,14,1,1,1,0,0,0,0,1
203,4,53,1,1,1,1,0,0,2,1
149,12,32,1,1,2,1,0,0,2,1
251,4,56,2,2,2,1,0,1,1,1
96,0,23,0,0,2,1,0,0,2,1
3450,30,722,0,0,0,0,0,53,0,1
51,5,8,0,0,0,0,0,0,1,1
1078,11,234,0,0,0,0,0,8,0,1
116,12,22,0,0,0,0,0,0,1,1
86,19,14,0,0,0,0,0,0,2,1
38,5,6,0,0,0,0,0,2,0,1
186,4,50,1,1,2,1,0,0,2,1
881,4,187,0,0,0,0,0,17,0,1
82,19,15,0,0,0,0,0,0,2,1
123,11,29,1,1,0,0,0,0,3,1
90,20,16,0,0,0,0,0,0,2,1
195,79,57,1,1,0,0,0,3,2,1
192,34,42,1,1,0,0,0,1,1,1
274,44,43,0,0,0,0,0,1,1,1
103,0,29,0,0,2,1,0,1,2,1
92,1,22,0,0,2,1,0,0,1,1
124,15,24,0,0,0,0,0,0,1,1
684,3,148,0,0,0,0,0,9,0,1
470,4,88,0,0,0,0,0,11,0,1
107,20,18,0,0,0,0,0,1,2,1
244,63,47,2,2,3,3,0,0,1,1
786,5,172,0,0,0,0,0,11,0,1
162,13,34,1,1,1,1,0,0,1,1
60,16,13,0,0,1,1,0,0,1,1
305,46,45,0,0,0,0,0,1,1,1
234,42,35,0,0,0,0,0,2,0,1
227,44,52,2,2,2,1,0,2,1,1
162,13,41,1,1,2,0,0,1,3,1
124,8,32,1,1,2,0,0,0,3,1
84,20,14,0,0,0,0,0,0,2,1
127,0,28,1,1,1,1,0,0,2,1
86,20,17,0,0,0,0,0,0,2,1
123,0,42,3,3,3,0,0,0,2,1
99,20,18,0,0,0,0,0,1,2,1
449,0,94,0,0,0,0,0,9,0,1
116,12,22,0,0,0,0,0,0,1,1
523,3,115,0,0,0,0,0,5,0,1
89,19,15,0,0,0,0,0,1,2,1
133,1,34,1,1,2,1,0,1,2,1
123,0,29,0,0,2,1,0,1,2,1
172,30,38,1,1,2,1,0,1,2,1
108,20,19,0,0,0,0,0,0,2,1
320,51,48,0,0,0,0,0,1,1,1
128,20,24,0,0,0,0,0,2,2,1
158,22,33,1,1,2,1,0,2,2,1
174,0,38,0,0,0,0,0,1,0,1
274,1,58,0,0,0,0,0,5,0,1
303,48,47,0,0,0,0,0,2,1,1
97,0,25,0,0,2,1,0,1,2,1
104,0,29,0,0,2,1,0,1,1,1
475,31,82,4,4,3,1,0,6,2,1
81,20,15,0,0,0,0,0,0,2,1
77,19,15,0,0,0,0,0,0,2,1
315,0,60,0,0,0,0,0,4,0,1
1199,8,253,0,0,0,0,0,21,0,1
150,21,32,1,1,2,1,0,2,1,1
55,1,8,0,0,0,0,0,0,0,1
169,5,40,1,1,2,1,0,0,2,1
111,9,18,0,0,0,0,0,0,1,1
49,7,12,0,0,0,0,0,1,0,1
109,0,29,0,0,2,1,0,1,1,1
38,7,9,0,0,0,0,0,0,0,1
102,20,18,0,0,0,0,0,0,2,1
187,2,53,1,1,2,1,0,0,2,1
91,20,17,0,0,0,0,0,2,2,1
119,11,22,0,0,0,0,0,0,1,1
2359,21,495,0,0,0,0,0,36,0,1
129,11,26,1,1,2,1,0,1,2,1
114,20,23,0,0,0,0,0,0,2,1
898,6,178,0,0,0,0,0,17,0,1
1015,7,203,0,0,0,0,0,8,0,1
912,0,186,0,0,0,0,0,10,0,1
20,0,5,0,1,0,1,0,0,0,1
109,14,23,1,1,1,1,0,1,1,1
428,0,81,0,0,0,0,0,5,0,1
86,10,14,0,0,0,0,0,1,1,1
102,20,19,0,0,0,0,0,1,2,1
252,42,35,0,0,0,0,0,3,0,1
276,7,87,1,1,0,1,0,1,2,1
104,22,18,0,0,0,0,0,0,2,1
261,38,36,0,0,0,0,0,3,0,1
88,20,16,0,0,0,0,0,2,2,1
321,44,46,0,0,0,0,0,2,1,1
186,2,49,1,1,2,1,0,1,2,1
302,45,45,0,0,0,0,0,2,1,1
85,2,17,0,0,0,1,0,0,1,1
612,1,133,0,0,0,0,0,8,0,1
251,26,57,2,2,0,0,0,0,1,1
111,0,24,0,0,2,1,0,1,1,1
104,0,25,0,0,2,1,0,0,2,1
56,0,10,0,0,0,0,0,0,0,1
105,1,16,2,2,2,1,0,0,0,1
117,15,27,1,1,2,1,0,1,2,1
90,17,22,0,0,2,1,0,0,2,1
89,20,16,0,0,0,0,0,0,2,1
94,1,25,0,0,2,1,0,0,2,1
2072,3,448,0,0,0,0,0,30,0,1
97,17,21,0,0,2,1,0,0,1,1
107,20,18,0,0,0,0,0,2,2,1
104,20,17,0,0,0,0,0,0,2,1
480,0,93,0,0,0,0,0,3,0,1
791,0,158,0,0,0,0,0,12,0,1
424,191,130,3,3,0,0,0,2,2,1
170,0,34,0,0,0,0,0,3,0,1
590,7,213,0,0,2,0,0,6,1,1
130,11,30,1,1,2,0,0,1,1,1
400,3,80,0,0,0,0,0,1,0,1
1233,11,259,4,2,3,0,0,38,0,1
313,43,50,0,0,0,0,0,2,1,1
115,0,32,0,0,2,1,0,1,1,1
101,20,17,0,0,0,0,0,1,2,1
328,0,71,0,0,0,0,0,2,0,1
35,0,6,0,0,0,0,0,0,0,1
115,7,18,0,0,0,0,0,0,1,1
80,20,14,0,0,0,0,0,0,2,1
230,35,31,0,0,0,0,0,2,0,1
65,0,14,0,0,0,0,0,1,0,1
132,10,34,1,1,2,1,0,1,1,1
95,5,29,0,0,2,1,0,0,1,1
368,184,120,3,3,0,0,0,0,2,1
82,19,15,0,0,0,0,0,0,2,1
97,20,17,0,0,0,0,0,1,2,1
263,38,37,0,0,0,0,0,1,0,1
382,2,75,0,0,0,0,0,4,0,1
6774,55,1410,0,0,0,0,0,114,0,1
135,11,30,1,1,2,1,0,1,1,1
87,1,24,0,0,2,1,0,0,2,1
116,0,30,0,0,3,1,0,0,1,1
635,10,145,0,0,0,0,0,8,0,1
86,20,16,0,0,0,0,0,0,2,1
653,0,133,0,0,0,0,0,10,0,1
6269,55,1979,5,0,5,0,1,24,4,1
106,21,22,0,0,0,0,0,0,2,1
38,5,6,0,0,0,0,0,2,0,1
52,4,8,0,0,0,0,0,0,0,1
170,6,35,1,1,1,0,0,2,2,1
323,3,69,0,0,0,0,0,5,0,1
50,7,12,0,0,0,0,0,0,0,1
92,5,21,0,0,2,1,0,0,1,1
118,0,28,1,1,1,1,0,0,2,1
87,8,19,0,0,2,1,0,1,1,1
304,16,63,2,2,2,0,0,2,2,1
61,5,17,2,2,3,1,0,0,0,1
1119,4,216,0,0,0,0,0,15,0,1
87,7,24,0,0,2,1,0,0,2,1
2162,2,454,0,0,0,0,0,25,0,1
408,186,127,3,3,0,0,0,1,1,1
98,20,18,0,0,0,0,0,0,2,1
323,43,48,0,0,0,0,0,3,1,1
713,3,136,0,0,0,0,0,11,0,1
96,3,26,2,3,2,1,0,0,2,1
111,10,18,0,0,0,0,0,0,1,1
296,43,42,0,0,0,0,0,1,1,1
98,19,16,0,0,0,0,0,0,2,1
248,10,46,2,2,2,1,0,4,2,1
116,12,22,0,0,0,0,0,0,1,1
112,21,23,0,0,0,0,0,0,2,1
126,10,29,1,1,2,1,0,0,2,1
105,0,28,0,0,2,1,0,0,1,1
241,37,34,0,0,0,0,0,2,0,1
534,2,108,0,0,0,0,0,4,0,1
90,9,16,0,0,0,0,0,2,1,1
1804,30,479,2,3,3,0,0,9,8,1
188,4,49,1,1,2,1,0,1,2,1
97,20,19,0,0,0,0,0,0,2,1
923,8,189,0,0,0,0,0,14,0,1
90,7,18,0,0,2,1,0,2,1,1
385,7,76,0,0,0,0,0,8,0,1
38,5,6,0,0,0,0,0,2,0,1
307,47,42,0,0,0,0,0,2,1,1
1092,3,209,0,0,0,0,0,20,0,1
209,0,45,0,0,0,0,0,1,0,1
91,10,16,0,0,0,0,0,2,1,1
63,6,15,0,0,0,0,0,0,2,1
154,3,37,1,1,2,1,0,1,2,1
858,0,164,0,0,0,0,0,12,0,1
104,20,18,0,0,0,0,0,1,2,1
327,44,48,0,0,0,0,0,2,1,1
161,0,36,0,0,0,0,0,2,0,1
100,19,19,0,0,0,0,0,0,2,1
263,35,35,0,0,0,0,0,2,0,1
113,20,20,0,0,0,0,0,1,2,1
125,12,27,0,0,2,1,0,1,1,1
55,3,8,0,0,0,0,0,0,0,1
324,42,46,0,0,0,0,0,1,1,1
394,0,84,0,0,0,0,0,12,0,1
68,6,14,0,0,0,0,0,0,1,1
7032,2,2219,12,12,8,0,0,52,0,1
783,0,167,0,0,0,0,0,6,0,1
1202,6,261,0,0,0,0,0,11,0,1
130,3,34,0,0,2,1,0,2,2,1
236,41,33,0,0,0,0,0,2,0,1
86,20,15,0,0,0,0,0,0,2,1
57,3,9,0,0,0,0,0,0,0,1
87,20,16,0,0,0,0,0,1,2,1
91,10,16,0,0,0,0,0,2,1,1
307,0,65,0,0,0,0,0,3,0,1
98,7,26,0,0,2,1,0,0,2,1
766,4,165,0,0,0,0,0,17,0,1
654,17,151,0,0,0,0,0,15,0,1
240,44,34,0,0,0,0,0,3,0,1
188,2,48,1,1,2,1,0,0,1,1
47,2,18,1,1,0,1,1,1,0,1
151,0,27,0,0,0,0,0,1,0,1
71,4,21,0,0,2,1,0,0,2,1
97,20,19,0,0,0,0,0,0,2,1
95,20,18,0,0,0,0,0,0,2,1
109,1,26,0,0,2,1,0,1,2,1
112,7,19,0,0,0,0,0,1,1,1
93,20,18,0,0,0,0,0,0,2,1
81,20,15,0,0,0,0,0,0,2,1
117,7,19,0,0,0,0,0,1,1,1
118,8,26,1,1,0,0,0,0,2,1
196,18,35,1,1,2,1,0,1,1,1
117,9,18,0,0,0,0,0,0,1,1
94,20,18,0,0,0,0,0,0,2,1
83,0,25,0,0,2,1,0,1,2,1
790,10,172,0,0,0,0,0,13,0,1
326,10,73,0,0,0,0,0,4,0,1
104,20,17,0,0,0,0,0,0,2,1
243,14,66,1,1,2,1,0,2,2,1
91,10,16,0,0,0,0,0,2,1,1
35,1,14,1,1,0,1,1,1,0,1
175,2,48,1,1,2,1,0,1,2,1
88,20,16,0,0,0,0,0,0,2,1
327,45,86,3,3,3,4,0,0,1,1
967,4,315,0,3,0,0,0,3,0,1
313,49,47,0,0,0,0,0,1,1,1
76,5,17,0,0,2,1,0,0,2,1
322,49,46,0,0,0,0,0,4,1,1
776,7,159,0,0,0,0,0,11,0,1
113,0,30,0,0,2,1,0,0,1,1
84,20,15,0,0,0,0,0,0,2,1
1709,13,369,0,0,0,0,0,17,0,1
193,5,48,0,0,0,0,0,3,0,1
2764,7,591,0,0,0,0,0,42,0,1
219,22,58,1,1,2,1,0,0,2,1
130,14,27,1,1,0,1,0,0,1,1
73,19,13,0,0,0,0,0,0,2,1
1167,4,257,0,0,0,0,0,17,0,1
240,0,50,0,0,0,0,0,1,0,1
3765,29,805,0,0,0,0,0,46,0,1
741,1,135,0,0,0,0,0,7,0,1
75,19,15,0,0,0,0,0,0,2,1
85,20,14,0,0,0,0,0,0,2,1
446,1,91,0,0,0,0,0,8,0,1
117,13,18,0,0,0,0,0,0,1,1
86,10,14,0,0,0,0,0,1,1,1
112,3,32,0,0,2,1,0,1,1,1
175,5,47,1,1,0,1,0,0,1,1
113,20,21,0,0,0,0,0,0,2,1
614,5,118,0,0,0,0,0,12,0,1
2384,14,533,0,0,0,0,0,28,0,1
1116,2,227,0,0,0,0,0,10,0,1
123,14,24,0,0,0,0,0,0,1,1
226,42,34,0,0,0,0,0,1,0,1
381,0,90,0,0,0,0,0,6,0,1
261,2,59,0,0,0,0,0,2,0,1
112,0,28,0,0,2,1,0,0,2,1
234,45,33,0,0,0,0,0,2,0,1
303,49,47,0,0,0,0,0,1,1,1
870,10,179,0,0,0,0,0,12,0,1
11472,130,2728,6,8,1,0,0,72,0,1
662,1,139,0,0,0,0,0,4,0,1
33,5,4,0,0,0,0,0,1,0,1
526,2,103,0,0,0,0,0,9,0,1
181,20,39,1,1,2,1,0,0,2,1
95,10,18,0,0,1,1,0,0,2,1
133,3,34,0,0,2,1,0,2,2,1
169,2,49,1,1,2,1,0,1,2,1
964,20,205,0,0,0,0,0,13,0,1
209,33,39,2,2,0,0,0,1,2,1
270,0,57,0,0,0,0,0,5,0,1
11578,207,3633,3,8,0,0,0,157,17,1
38,5,6,0,0,0,0,0,2,0,1
80,20,14,0,0,0,0,0,0,2,1
116,8,19,0,0,0,0,0,0,1,1
290,43,44,0,0,0,0,0,1,1,1
98,20,17,0,0,0,0,0,1,2,1
737,3,144,0,0,0,0,0,12,0,1
106,16,21,1,1,0,0,0,1,1,1
476,5,96,0,0,0,0,0,6,0,1
83,19,15,0,0,0,0,0,0,2,1
124,3,33,0,0,2,1,0,2,3,1
190,0,38,0,0,0,0,0,5,0,1
90,20,17,0,0,0,0,0,0,2,1
119,33,28,1,1,1,0,0,0,0,1
92,20,16,0,0,0,0,0,0,2,1
1077,5,214,0,0,0,0,0,14,0,1
155,8,28,2,3,2,1,0,1,1,1
262,14,62,2,2,0,0,0,0,3,1
303,52,48,0,0,0,0,0,3,1,1
144,15,31,1,1,0,0,0,1,2,1
302,45,45,0,0,0,0,0,3,1,1
151,22,35,1,1,2,1,0,2,1,1
795,136,153,7,7,3,1,0,3,2,1
424,191,130,3,3,0,0,0,0,1,1
565,0,124,0,0,0,0,0,12,0,1
93,20,17,0,0,0,0,0,1,2,1
229,37,33,0,0,0,0,0,3,0,1
608,0,133,0,0,0,0,0,8,0,1
119,11,20,0,0,0,0,0,0,1,1
124,8,31,1,1,2,0,0,1,2,1
95,5,29,0,0,2,1,0,0,1,1
83,20,14,0,0,0,0,0,0,2,1
150,23,34,1,1,2,1,0,0,2,1
33,5,4,0,0,0,0,0,1,0,1
79,2,17,0,0,0,0,0,2,3,1
957,0,200,0,0,0,0,0,13,0,1
738,1,154,0,0,0,0,0,11,0,1
87,3,19,2,3,2,1,0,0,2,1
187,21,46,1,1,2,1,0,0,1,1
188,6,49,1,1,2,1,0,0,2,1
110,6,18,0,0,0,0,0,1,1,1
83,20,15,0,0,0,0,0,0,2,1
149,8,36,1,1,4,2,0,0,1,1
87,20,18,0,0,0,0,0,0,2,1
95,19,18,0,0,0,0,0,1,2,1
80,19,13,0,0,0,0,0,0,2,1
1088,4,224,0,0,0,0,0,20,0,1
118,0,26,0,0,2,1,0,1,2,1
108,20,20,0,0,0,0,0,1,2,1
617,0,181,0,0,0,0,0,4,0,1
120,13,26,1,1,2,1,0,1,2,1
264,40,34,0,0,0,0,0,5,0,1
247,44,35,0,0,0,0,0,2,0,1
95,20,19,0,0,0,0,0,1,2,1
352,1,75,0,0,0,0,0,4,0,1
91,20,16,0,0,0,0,0,1,2,1
319,152,104,2,2,0,0,0,0,2,1
213,28,46,1,1,3,1,0,0,2,1
85,0,26,0,0,2,1,0,0,1,1
32,0,5,0,0,0,0,0,1,0,1
3820,86,1110,0,0,1,0,0,41,2,1
86,10,14,0,0,0,0,0,1,1,1
99,0,20,0,0,0,0,0,1,0,1
86,10,14,0,0,0,0,0,1,1,1
1291,4,259,0,0,0,0,0,18,0,1
810,260,208,5,5,3,2,0,2,0,1
99,19,18,0,0,0,0,0,0,2,1
118,7,24,1,1,2,1,0,1,1,1
83,20,15,0,0,0,0,0,0,2,1
33,5,4,0,0,0,0,0,1,0,1
104,20,17,0,0,0,0,0,0,2,1
65,0,14,0,0,0,0,0,2,0,1
301,44,48,0,0,0,0,0,1,1,1
101,19,17,0,0,0,0,0,1,2,1
94,1,26,0,0,2,1,0,0,2,1
1474,0,325,0,0,0,0,0,26,0,1
93,5,23,0,0,1,0,0,2,3,1
324,46,84,3,3,3,5,0,0,2,1
24,0,4,0,0,0,0,0,0,0,1
90,20,15,0,0,0,0,0,0,2,1
287,25,74,2,2,2,1,0,1,1,1
77,6,16,0,0,1,1,0,0,1,1
105,14,26,1,1,2,1,0,0,2,1
98,20,16,0,0,0,0,0,1,2,1
84,20,16,0,0,0,0,0,0,2,1
2758,9,599,0,0,0,0,0,35,0,1
185,2,50,1,1,2,1,0,0,2,1
237,35,33,0,0,0,0,0,4,0,1
33,1,16,0,0,0,1,0,0,0,1
81,9,19,0,0,2,1,0,0,2,1
864,8,179,0,0,0,0,0,9,0,1
410,184,127,3,3,0,0,0,1,1,1
85,19,16,0,0,0,0,0,0,2,1
186,0,50,1,1,2,1,0,0,2,1
91,20,17,0,0,0,0,0,1,2,1
289,0,58,0,0,0,0,0,5,0,1
293,42,44,0,0,0,0,0,3,1,1
91,20,16,0,0,0,0,0,0,2,1
92,7,18,0,0,2,1,0,2,1,1
133,20,30,1,1,2,0,0,0,2,1
94,7,19,0,0,0,0,0,2,0,1
302,48,45,0,0,0,0,0,2,1,1
75,1,23,0,0,2,1,0,0,1,1
99,19,20,0,0,0,0,0,0,2,1
79,20,15,0,0,0,0,0,0,2,1
46,0,9,0,0,0,0,0,2,0,1
103,20,18,0,0,0,0,0,0,2,1
57,9,8,0,0,0,0,0,0,0,1
55,1,8,0,0,0,0,0,0,0,1
788,6,189,0,0,0,0,0,11,0,1
993,0,207,0,0,0,0,0,17,0,1
95,20,18,0,0,0,0,0,1,2,1
86,20,15,0,0,0,0,0,1,2,1
83,20,16,0,0,0,0,0,0,2,1
33,5,4,0,0,0,0,0,1,0,1
109,14,23,1,1,1,1,0,1,1,1
116,2,32,0,0,2,1,0,0,1,1
129,0,29,1,1,2,1,0,1,2,1
86,20,15,0,0,0,0,0,0,2,1
156,3,46,1,1,1,1,0,2,2,1
38,5,6,0,0,0,0,0,2,0,1
85,20,16,0,0,0,0,0,0,2,1
1866,5,384,0,0,0,0,0,20,0,1
164,0,34,0,0,0,0,0,0,0,1
242,40,39,0,0,0,0,0,1,0,1
221,3,51,0,0,0,0,0,2,0,1
95,5,29,0,0,2,1,0,0,1,1
423,0,89,0,0,0,0,0,7,0,1
54,1,8,0,0,0,0,0,0,0,1
235,42,41,0,0,4,1,0,4,2,1
38,5,6,0,0,0,0,0,2,0,1
300,43,72,2,2,2,1,0,2,2,1
1220,14,278,0,0,0,0,0,19,0,1
404,67,86,3,3,4,1,0,2,2,1
1656,1,431,0,0,0,0,0,21,0,1
96,20,18,0,0,0,0,0,0,2,1
3955,19,837,0,0,0,0,0,58,0,1
159,51,44,1,1,0,0,0,1,1,1
244,41,36,0,0,0,0,0,1,0,1
193,4,49,1,1,2,1,0,0,2,1
263,40,34,0,0,0,0,0,1,0,1
119,2,30,0,0,2,1,0,1,1,1
408,6,82,0,0,0,0,0,8,0,1
287,45,42,0,0,0,0,0,2,1,1
1926,9,396,0,0,0,0,0,30,0,1
78,6,16,0,0,1,1,0,0,1,1
372,0,77,0,0,0,0,0,7,0,1
299,21,65,2,2,2,1,0,1,1,1
185,19,36,1,1,3,0,0,2,3,1
191,39,44,1,1,0,1,0,5,2,1
1387,7,286,0,0,0,0,0,18,0,1
86,10,14,0,0,0,0,0,1,1,1
219,33,57,1,1,2,0,0,0,2,1
115,6,18,0,0,0,0,0,0,1,1
91,20,17,0,0,0,0,0,0,2,1
65,7,14,0,0,0,0,0,2,0,1
314,45,44,0,0,0,0,0,3,1,1
236,41,32,0,0,0,0,0,4,0,1
812,2,153,0,0,0,0,0,14,0,1
83,19,14,0,0,0,0,0,0,2,1
155,5,36,1,1,3,1,0,2,2,1
257,38,53,2,2,0,0,0,3,2,1
347,11,100,0,1,4,0,0,2,0,1
259,34,57,5,7,2,1,0,0,2,1
1095,6,236,0,0,0,0,0,15,0,1
102,8,20,0,0,0,1,0,1,1,1
83,20,15,0,0,0,0,0,0,2,1
267,46,53,2,2,4,1,0,1,1,1
91,10,16,0,0,0,0,0,2,1,1
261,43,37,0,0,0,0,0,2,0,1
92,20,17,0,0,0,0,0,1,2,1
1118,7,240,0,0,0,0,0,14,0,1
180,28,40,1,1,1,1,0,2,2,1
1725,15,357,0,0,0,0,0,32,0,1
93,19,17,0,0,0,0,0,0,2,1
98,20,18,0,0,0,0,0,0,2,1
54,1,8,0,0,0,0,0,0,0,1
109,7,19,0,0,0,0,0,0,1,1
249,45,32,0,0,0,0,0,3,0,1
112,0,28,0,0,2,1,0,1,2,1
149,19,31,1,1,0,0,0,2,2,1
144,21,28,1,1,0,1,0,0,2,1
193,27,41,1,1,2,1,0,0,2,1
108,10,26,1,1,1,1,0,0,2,1
105,16,24,1,1,2,1,0,1,2,1
118,10,18,0,0,0,0,0,0,1,1
82,8,23,0,0,2,1,0,0,2,1
148,3,36,1,1,2,1,0,1,1,1
55,3,8,0,0,0,0,0,0,0,1
85,21,16,0,0,0,0,0,0,2,1
447,2,93,0,0,0,0,0,6,0,1
313,47,46,0,0,0,0,0,3,1,1
117,0,31,0,0,2,1,0,0,2,1
124,10,35,1,1,2,0,0,0,3,1
1816,14,402,0,0,0,0,0,18,0,1
53,1,8,0,0,0,0,0,0,0,1
87,20,16,0,0,0,0,0,1,2,1
234,13,50,2,2,2,1,0,1,2,1
119,10,27,0,0,2,1,0,4,3,1
100,0,26,0,0,2,1,0,0,2,1
117,10,26,1,1,2,1,0,0,2,1
114,20,22,0,0,0,0,0,2,2,1
91,10,16,0,0,0,0,0,2,1,1
86,10,14,0,0,0,0,0,1,1,1
521,4,117,0,0,0,0,0,5,0,1
134,18,29,1,1,2,1,0,0,1,1
33,5,4,0,0,0,0,0,1,0,1
110,0,26,0,0,2,1,0,0,1,1
86,10,14,0,0,0,0,0,1,1,1
1780,3,592,1,0,0,0,0,21,0,1
86,10,14,0,0,0,0,0,1,1,1
1338,9,444,0,0,0,0,0,17,1,1
11934,45,3944,9,8,0,0,0,59,2,1
5653,15,1183,0,0,0,0,0,79,0,1
163,0,35,0,0,0,0,0,3,0,1
94,21,16,0,0,0,0,0,0,2,1
151,13,33,1,1,2,1,0,1,2,1
134,0,29,1,1,2,1,0,2,2,1
188,7,57,1,1,2,1,0,0,2,1
116,7,30,1,1,0,0,0,0,3,1
80,20,14,0,0,0,0,0,0,2,1
76,0,12,0,0,0,0,0,2,0,1
287,0,59,0,0,0,0,0,4,0,1
87,20,16,0,0,0,0,0,1,2,1
1526,5,307,0,0,0,0,0,19,0,1
84,20,16,0,0,0,0,0,0,2,1
49,2,8,0,0,0,0,0,0,0,1
86,10,14,0,0,0,0,0,1,1,1
7872,16,2265,0,0,0,0,0,68,13,1
156,20,40,1,1,2,1,0,1,1,1
224,40,49,2,2,2,1,0,1,1,1
107,0,21,1,1,0,0,0,0,3,1
90,20,15,0,0,0,0,0,0,2,1
63,0,18,2,2,1,0,0,1,1,1
183,4,49,1,1,2,1,0,1,2,1
296,43,46,0,0,0,0,0,2,1,1
101,22,20,0,0,0,0,0,0,2,1
932,3,205,0,0,0,0,0,8,0,1
628,6,151,0,0,0,0,0,7,0,1
94,20,16,0,0,0,0,0,1,2,1
239,41,33,0,0,0,0,0,2,0,1
94,13,19,0,0,2,1,0,0,2,1
191,8,54,0,0,0,0,0,4,0,1
84,20,16,0,0,0,0,0,0,2,1
137,19,30,1,1,0,0,0,1,2,1
93,19,17,0,0,0,0,0,2,2,1
1325,14,281,0,0,0,0,0,23,0,1
200,1,42,0,0,0,0,0,5,0,1
296,39,42,0,0,0,0,0,5,1,1
174,2,48,1,1,2,1,0,1,1,1
259,39,34,0,0,0,0,0,2,0,1
87,20,17,0,0,0,0,0,0,2,1
1275,3,258,0,0,0,0,0,17,0,1
1022,5,224,0,0,0,0,0,7,0,1
127,14,29,1,1,2,1,0,0,2,1
206,8,54,1,1,1,1,0,0,2,1
3250,23,737,0,0,0,0,0,46,0,1
3672,19,1103,1,0,0,0,0,14,0,1
300,46,45,0,0,0,0,0,1,1,1
6223,29,1729,0,0,0,0,0,24,0,1
69,8,12,0,0,0,0,0,0,0,1
1138,14,330,0,0,0,0,0,11,1,1
89,8,66,0,0,0,0,0,0,0,1
183,2,48,1,1,2,1,0,2,2,1
47,7,11,0,0,0,0,0,0,0,1
519,0,113,0,0,0,0,0,1,0,1
122,13,31,1,1,2,0,0,1,2,1
253,42,37,0,0,0,0,0,1,0,1
424,0,89,0,0,0,0,0,3,0,1
259,40,36,0,0,0,0,0,3,0,1
308,41,47,0,0,0,0,0,2,1,1
97,20,18,0,0,0,0,0,0,2,1
302,44,43,0,0,0,0,0,4,1,1
103,20,19,0,0,0,0,0,0,2,1
96,20,17,0,0,0,0,0,0,2,1
226,1,53,1,1,3,1,0,1,5,1
269,29,57,2,2,2,1,0,1,2,1
18953,173,5009,6,6,5,25,0,74,1,1
102,20,18,0,0,0,0,0,0,2,1
113,20,20,0,0,0,0,0,0,2,1
2113,10,453,0,0,0,0,0,26,0,1
81,20,15,0,0,0,0,0,0,2,1
164,0,37,1,1,1,1,0,5,2,1
113,12,18,0,0,0,0,0,0,1,1
121,1,30,0,0,2,1,0,2,3,1
180,2,47,1,1,2,1,0,1,1,1
81,7,16,0,0,0,0,0,1,0,1
2,0,0,0,0,0,0,0,0,0,1
829,3,248,0,0,0,0,0,4,0,1
297,46,44,0,0,0,0,0,1,1,1
1719,5,350,0,0,0,0,0,22,0,1
61,7,13,0,0,0,0,0,1,0,1
59,6,9,0,0,0,0,0,0,0,1
308,47,47,0,0,0,0,0,2,1,1
79,20,14,0,0,0,0,0,0,2,1
120,12,22,0,0,0,0,0,0,1,1
112,7,25,1,1,1,1,0,1,2,1
91,20,18,0,0,0,0,0,0,2,1
285,46,44,0,0,0,0,0,2,1,1
414,1,82,0,0,0,0,0,5,0,1
109,14,23,1,1,1,1,0,1,1,1
109,0,30,0,0,2,1,0,0,2,1
532,1,113,0,0,0,0,0,12,0,1
266,40,34,0,0,0,0,0,1,0,1
95,5,29,0,0,2,1,0,0,1,1
90,9,16,0,0,0,0,0,2,1,1
56,7,10,0,0,0,0,0,0,0,1
86,0,27,4,4,3,0,0,1,1,1
179,2,48,1,1,2,1,0,2,2,1
86,20,16,0,0,0,0,0,1,2,1
282,44,40,0,0,0,0,0,3,1,1
164,5,38,0,0,0,0,0,2,0,1
679,256,144,6,6,2,5,0,0,2,1
193,27,40,1,1,3,2,0,0,1,1
106,22,21,0,0,0,0,0,1,2,1
123,14,24,0,0,0,0,0,0,1,1
113,19,20,0,0,0,0,0,0,2,1
95,20,16,0,0,0,0,0,0,2,1
1246,2,271,0,0,0,0,0,6,0,1
83,20,15,0,0,0,0,0,1,2,1
495,3,99,0,0,0,0,0,10,0,1
3036,18,677,0,0,0,0,0,48,0,1
832,3,181,0,0,0,0,0,11,0,1
114,9,21,0,0,0,0,0,1,3,1
84,20,15,0,0,0,0,0,0,2,1
124,20,20,0,0,0,0,0,1,2,1
33,5,4,0,0,0,0,0,1,0,1
39,7,10,0,0,0,0,0,0,0,1
108,0,25,0,0,2,1,0,0,2,1
131,13,29,1,1,2,1,0,0,2,1
240,43,34,0,0,0,0,0,1,0,1
178,2,50,1,1,2,1,0,1,2,1
65,11,14,0,0,0,1,0,0,1,1
300,3,56,0,0,0,0,0,6,0,1
4153,17,832,0,0,0,0,0,40,0,1
187,0,32,0,0,0,0,0,3,0,1
406,95,94,3,3,5,3,0,0,2,1
110,11,18,0,0,0,0,0,0,1,1
251,14,59,2,2,0,0,0,1,3,1
1074,1,210,0,0,0,0,0,16,0,1
983,5,212,0,0,0,0,0,11,0,1
117,12,18,0,0,0,0,0,0,1,1
88,20,15,0,0,0,0,0,0,2,1
523,0,115,0,0,0,0,0,6,0,1
40,0,20,0,0,0,0,0,0,0,1
52,7,12,0,0,0,0,0,2,0,1
914,4,206,0,0,0,0,0,17,0,1
18264,361,6576,2,26,0,0,0,124,0,1
589,7,120,0,0,0,0,0,11,0,1
87,20,17,0,0,0,0,0,0,2,1
148,19,37,1,1,2,1,0,0,2,1
201,25,34,1,1,3,1,0,4,2,1
139,21,37,1,1,2,1,0,0,2,1
95,20,18,0,0,0,0,0,0,2,1
250,40,34,0,0,0,0,0,2,0,1
552,2,128,0,0,0,0,0,5,0,1
167,17,37,1,1,1,1,0,1,2,1
1990,14,433,0,0,0,0,0,23,0,1
145,5,36,1,1,2,1,0,1,2,1
6309,40,1864,2,2,0,0,0,49,0,1
247,5,55,0,0,0,0,0,0,0,1
308,41,45,0,0,0,0,0,3,1,1
114,10,18,0,0,0,0,0,0,1,1
123,14,24,0,0,0,0,0,0,1,1
96,20,16,0,0,0,0,0,1,2,1
117,13,22,0,0,0,0,0,0,1,1
502,3,100,0,0,0,0,0,3,0,1
123,14,24,0,0,0,0,0,0,1,1
1218,22,228,0,0,0,0,0,18,0,1
120,12,22,0,0,0,0,0,0,1,1
86,10,14,0,0,0,0,0,1,1,1
249,40,36,0,0,0,0,0,2,0,1
310,44,48,0,0,0,0,0,2,1,1
84,20,16,0,0,0,0,0,0,2,1
655,8,141,0,0,0,0,0,15,0,1
120,12,22,0,0,0,0,0,0,1,1
248,42,38,0,0,0,0,0,2,0,1
121,6,28,0,0,2,1,0,2,2,1
90,19,16,0,0,0,0,0,0,2,1
101,19,20,0,0,0,0,0,1,2,1
247,61,49,2,2,2,1,0,1,2,1
123,13,29,0,0,0,1,0,0,1,1
157,0,38,1,1,2,0,0,0,1,1
245,38,33,0,0,0,0,0,4,0,1
86,10,14,0,0,0,0,0,1,1,1
119,21,23,0,0,0,0,0,1,2,1
125,43,50,1,1,0,0,0,0,0,1
762,8,167,0,0,0,0,0,9,0,1
249,42,39,0,0,0,0,0,1,0,1
183,3,51,1,1,2,1,0,0,2,1
301,46,44,0,0,0,0,0,2,1,1
262,38,37,0,0,0,0,0,4,0,1
97,20,16,0,0,0,0,0,1,2,1
150,9,31,1,1,3,0,0,4,3,1
107,20,19,0,0,0,0,0,1,2,1
88,10,22,0,0,3,1,0,0,1,1
120,1,29,0,0,2,1,0,0,1,1
284,49,42,0,0,0,0,0,1,1,1
120,12,22,0,0,0,0,0,0,1,1
107,22,20,0,0,0,0,0,0,2,1
949,1,308,0,0,0,0,0,1,0,1
96,9,25,0,0,2,1,0,0,1,1
678,9,142,0,0,0,0,0,11,0,1
33,5,4,0,0,0,0,0,1,0,1
85,9,14,0,0,0,0,0,1,1,1
127,0,31,0,0,0,0,0,2,0,1
165,2,56,13,13,0,0,0,0,0,1
84,3,22,0,0,0,0,0,0,3,1
91,10,16,0,0,0,0,0,2,1,1
79,6,17,0,0,2,1,0,2,2,1
167,23,32,1,1,2,1,0,2,2,1
181,7,55,1,1,2,1,0,0,1,1
1915,5,389,0,0,0,0,0,24,0,1
91,10,16,0,0,0,0,0,2,1,1
245,41,36,0,0,0,0,0,2,0,1
623,2,128,0,0,0,0,0,3,0,1
64,2,18,0,0,0,1,0,0,2,1
125,20,22,0,0,0,0,0,1,2,1
299,40,44,0,0,0,0,0,3,1,1
143,0,38,1,1,1,1,0,1,2,1
851,1,174,0,0,0,0,0,8,0,1
76,3,20,1,2,0,1,1,1,2,1
122,13,28,0,0,0,1,1,2,2,1
142,16,35,1,1,2,1,0,0,2,1
136,12,33,1,1,0,0,0,0,3,1
781,4,176,0,0,0,0,0,14,0,1
438,35,90,3,3,8,4,0,3,2,1
84,21,16,0,0,0,0,0,0,2,1
260,29,74,2,2,2,1,0,0,1,1
156,4,37,1,1,3,1,0,1,1,1
110,11,23,1,1,1,1,0,0,2,1
350,12,78,0,0,0,0,0,6,0,1
86,20,15,0,0,0,0,0,0,2,1
388,182,125,3,3,0,0,0,1,2,1
59,1,8,0,0,0,0,0,0,0,1
1291,3,289,0,0,0,0,0,17,0,1
116,0,27,0,0,2,1,0,1,2,1
167,2,48,1,1,2,1,0,0,2,1
125,20,21,0,0,0,0,0,1,2,1
81,20,13,0,0,0,0,0,0,2,1
76,11,19,0,0,2,1,0,0,2,1
183,4,51,1,1,2,1,0,0,2,1
105,20,19,0,0,0,0,0,0,2,1
1203,2,240,0,0,0,0,0,22,0,1
79,20,15,0,0,0,0,0,0,2,1
119,11,22,0,0,0,0,0,0,1,1
95,19,18,0,0,0,0,0,0,2,1
115,22,19,0,0,0,0,0,1,2,1
95,5,29,0,0,2,1,0,0,1,1
2204,10,442,0,0,0,0,0,27,0,1
98,0,25,0,0,2,1,0,0,2,1
711,0,149,0,0,0,0,0,10,0,1
94,20,17,0,0,0,0,0,0,2,1
52,1,8,0,0,0,0,0,0,0,1
109,23,22,0,1,1,0,0,0,0,1
93,20,16,0,0,0,0,0,1,2,1
185,18,42,1,1,0,1,0,3,2,1
96,0,27,0,0,0,0,0,1,3,1
57,7,8,0,0,0,0,0,0,0,1
109,14,23,1,1,1,1,0,1,1,1
58,1,8,0,0,0,0,0,1,0,1
103,2,26,0,0,2,1,0,0,1,1
109,11,20,1,1,1,1,0,0,2,1
48,4,13,1,1,0,0,0,0,0,1
883,0,176,0,0,0,0,0,9,0,1
356,51,58,3,3,4,4,0,0,4,1
58,5,19,1,1,0,0,0,0,0,1
2760,17,581,0,0,0,0,0,40,0,1
661,1,149,0,0,0,0,0,8,0,1
86,19,16,0,0,0,0,0,0,2,1
90,20,15,0,0,0,0,0,1,2,1
109,20,20,0,0,0,0,0,1,2,1
89,20,18,0,0,0,0,0,0,2,1
100,20,17,0,0,0,0,0,0,2,1
115,12,18,0,0,0,0,0,0,1,1
308,47,44,0,0,0,0,0,4,1,1
1383,3,282,0,0,0,0,0,22,0,1
590,3,122,0,0,0,0,0,8,0,1
229,27,45,2,2,1,0,0,0,3,1
133,4,32,1,1,1,1,0,0,4,1
276,49,53,2,2,1,1,1,4,1,1
1128,2,237,0,0,0,0,0,20,0,1
364,2,66,0,0,0,0,0,6,0,1
94,20,16,0,0,0,0,0,0,2,1
190,6,48,1,1,3,1,0,0,2,1
79,19,15,0,0,0,0,0,1,2,1
100,20,18,0,0,0,0,0,0,2,1
109,1,29,0,0,2,1,0,0,1,1
113,0,26,0,0,2,1,0,0,1,1
78,1,24,0,0,2,1,0,0,1,1
194,35,47,1,1,3,1,0,0,1,1
249,36,35,0,0,0,0,0,4,0,1
1087,1,217,0,0,0,0,0,17,0,1
575,1,118,0,0,0,0,0,11,0,1
320,46,48,0,0,0,0,0,1,1,1
97,20,18,0,0,0,0,0,0,2,1
85,20,15,0,0,0,0,0,1,2,1
1287,1,263,0,0,0,0,0,9,0,1
144,3,33,1,1,2,1,0,0,3,1
84,21,15,0,0,0,0,0,0,2,1
85,20,16,0,0,0,0,0,0,2,1
99,2,25,0,0,2,1,0,1,2,1
82,20,15,0,0,0,0,0,1,2,1
144,0,34,1,1,3,1,0,1,2,1
101,19,17,0,0,0,0,0,0,2,1
201,18,44,1,1,2,1,0,1,2,1
113,0,27,0,0,2,1,0,2,1,1
114,8,19,0,0,0,0,0,0,1,1
113,20,18,0,0,0,0,0,2,2,1
252,35,31,0,0,0,0,0,2,0,1
530,0,114,0,0,0,0,0,4,0,1
379,50,93,3,3,4,2,0,0,1,1
1570,25,431,8,8,6,1,0,12,7,1
29,0,9,1,1,1,0,0,0,0,1
194,0,37,0,0,0,0,0,2,0,1
148,9,37,1,1,2,1,0,1,2,1
158,21,36,1,1,0,0,0,1,1,1
181,16,40,1,1,4,1,0,0,3,1
550,0,139,0,0,0,0,0,8,2,1
101,1,25,2,2,3,1,0,1,0,1
264,109,79,2,2,0,0,0,0,2,1
138,37,30,1,1,2,1,0,0,1,1
666,2,139,0,0,0,0,0,6,0,1
52,2,8,0,0,0,0,0,0,0,1
46,1,12,1,0,0,1,1,2,0,1
86,10,14,0,0,0,0,0,1,1,1
345,0,60,0,0,0,0,0,4,0,1
38,5,6,0,0,0,0,0,2,0,1
678,96,138,5,5,0,0,0,0,4,1
84,1,24,0,0,2,1,0,0,1,1
453,82,86,4,4,12,6,0,2,2,1
91,19,16,0,0,0,0,0,0,2,1
460,6,117,0,0,0,0,0,4,0,1
81,7,18,0,0,2,1,0,1,1,1
124,15,24,0,0,0,0,0,0,1,1
75,1,28,4,5,3,1,0,0,0,1
263,43,51,2,2,0,1,0,0,2,1
1705,21,526,0,0,0,0,0,31,0,1
96,0,23,2,3,2,1,0,0,2,1
52,7,11,0,0,0,0,0,0,0,1
182,30,38,1,1,2,1,0,0,2,1
57,5,9,0,0,0,0,0,0,1,1
98,15,26,0,0,2,1,0,0,2,1
144,6,26,1,1,2,0,0,0,3,1
833,4,179,0,0,0,0,0,15,0,1
40,0,12,2,2,0,0,0,0,0,1
122,20,22,0,0,0,0,0,0,2,1
885,6,198,0,0,0,0,0,12,0,1
87,20,17,0,0,0,0,0,0,2,1
117,17,31,0,0,2,1,0,0,2,1
1145,17,244,0,0,0,0,0,16,0,1
426,0,93,0,0,0,0,0,6,0,1
190,6,74,6,5,3,0,0,2,0,1
290,43,42,0,0,0,0,0,2,1,1
85,20,16,0,0,0,0,0,0,2,1
118,2,29,2,2,4,0,0,0,1,1
4075,6,772,0,0,0,0,0,55,0,1
84,20,16,0,0,0,0,0,0,2,1
86,10,14,0,0,0,0,0,1,1,1
100,1,19,0,0,0,0,0,0,2,1
1162,0,235,0,0,0,0,0,8,0,1
100,9,21,0,0,0,0,0,3,1,1
33,5,4,0,0,0,0,0,1,0,1
87,21,16,0,0,0,0,0,0,2,1
1226,0,248,0,0,0,0,0,15,0,1
118,16,24,1,1,2,1,0,0,2,1
538,5,108,0,0,0,0,0,8,0,1
127,20,23,0,0,0,0,0,6,2,1
3314,5,723,0,0,0,0,0,63,0,1
93,20,17,0,0,0,0,0,0,2,1
158,21,32,1,1,2,1,0,0,1,1
243,40,36,0,0,0,0,0,2,0,1
77,20,14,0,0,0,0,0,1,2,1
182,3,45,1,1,2,1,0,0,1,1
38,5,6,0,0,0,0,0,2,0,1
116,12,22,0,0,0,0,0,0,1,1
290,48,42,0,0,0,0,0,2,1,1
250,32,48,2,2,2,1,0,0,2,1
98,19,17,0,0,0,0,0,0,2,1
99,1,25,0,0,2,1,0,0,2,1
90,20,16,0,0,0,0,0,0,2,1
97,18,22,0,0,2,1,0,0,1,1
38,7,9,0,0,0,0,0,0,0,1
139,26,32,1,1,0,1,1,1,2,1
9496,51,3153,4,4,1,1,0,45,0,1
88,2,21,2,3,2,1,0,1,1,1
85,19,14,0,0,0,0,0,1,2,1
316,2,67,0,0,0,0,0,2,0,1
828,2,160,0,0,0,0,0,13,0,1
1642,10,355,0,0,0,0,0,20,0,1
119,10,23,1,1,1,1,0,1,2,1
86,10,14,0,0,0,0,0,1,1,1
91,19,18,0,0,0,0,0,1,2,1
56,1,8,0,0,0,0,0,1,0,1
141,11,32,1,1,1,1,0,0,1,1
253,41,32,0,0,0,0,0,3,0,1
130,0,36,0,0,2,1,0,1,2,1
76,20,14,0,0,0,0,0,0,2,1
300,47,42,0,0,0,0,0,3,1,1
192,9,41,1,1,3,1,0,0,2,1
80,0,23,2,2,0,0,0,1,2,1
80,19,14,0,0,0,0,0,0,2,1
81,19,16,0,0,0,0,0,0,2,1
5588,6,1197,0,0,0,0,0,87,0,1
135,1,33,1,1,2,1,0,0,2,1
137,14,29,1,1,2,1,0,1,1,1
80,19,14,0,0,0,0,0,0,2,1
565,0,118,0,0,0,0,0,12,0,1
2981,13,611,0,0,0,0,0,44,0,1
311,1,67,0,0,0,0,0,2,0,1
468,1,101,0,0,0,0,0,5,0,1
308,48,49,0,0,0,0,0,1,1,1
83,20,16,0,0,0,0,0,0,2,1
2028,12,447,0,0,0,0,0,29,0,1
99,20,20,0,0,0,0,0,0,2,1
112,7,18,0,0,0,0,0,1,1,1
88,20,17,0,0,0,0,0,0,2,1
309,48,49,0,0,0,0,0,1,1,1
144,0,35,1,1,2,1,0,0,1,1
167,4,34,0,0,0,0,0,2,0,1
185,0,34,0,0,0,0,0,4,0,1
260,49,35,0,0,0,0,0,4,0,1
1175,9,248,0,0,0,0,0,18,0,1
30,0,10,2,2,2,1,0,0,0,1
1812,11,398,0,0,0,0,0,24,0,1
78,20,15,0,0,0,0,0,0,2,1
875,6,202,0,0,0,0,0,7,0,1
92,19,18,0,0,0,0,0,0,2,1
418,3,76,0,0,0,0,0,2,0,1
109,0,25,0,0,2,1,0,0,1,1
102,20,19,0,0,0,0,0,1,2,1
195,55,44,1,1,2,1,0,1,1,1
107,5,28,0,0,0,0,0,1,3,1
787,4,149,0,0,0,0,0,9,0,1
98,20,19,0,0,0,0,0,1,2,1
113,0,25,0,0,0,0,0,1,0,1
564,5,174,0,0,0,0,0,4,1,1
421,0,94,0,0,0,0,0,7,0,1
1048,5,226,0,0,0,0,0,13,0,1
237,40,35,0,0,0,0,0,1,0,1
95,19,15,0,0,0,0,0,0,2,1
93,20,17,0,0,0,0,0,1,2,1
775,395,255,7,7,0,0,0,1,2,1
300,46,44,0,0,0,0,0,1,1,1
125,19,31,1,1,2,1,0,0,2,1
90,20,16,0,0,0,0,0,1,2,1
188,4,50,1,1,2,1,0,0,2,1
258,26,58,2,2,0,0,0,1,1,1
204,24,34,1,1,2,0,0,0,2,1
287,45,39,0,0,0,0,0,1,1,1
120,6,18,0,0,0,0,0,0,1,1
171,2,47,1,1,2,1,0,2,2,1
66,0,11,0,0,0,0,0,0,0,1
37,4,6,0,0,0,0,0,2,0,1
1711,0,344,0,0,0,0,0,23,0,1
719,1,153,0,0,0,0,0,9,0,1
312,45,48,0,0,0,0,0,4,1,1
179,70,54,1,1,0,0,0,1,2,1
100,20,19,0,0,0,0,0,1,2,1
306,44,49,0,0,0,0,0,2,1,1
88,0,17,0,0,0,0,0,0,0,1
74,1,18,0,0,0,0,0,0,3,1
283,42,42,0,0,0,0,0,2,1,1
242,40,34,0,0,0,0,0,2,0,1
157,17,36,0,0,2,1,0,0,2,1
115,8,18,0,0,0,0,0,0,1,1
396,188,123,3,3,0,0,0,1,1,1
799,10,168,0,0,0,0,0,10,0,1
103,2,27,0,0,2,1,0,3,1,1
93,20,17,0,0,0,0,0,0,2,1
213,11,50,2,2,2,1,0,1,2,1
124,20,24,0,0,0,0,0,3,2,1
107,20,21,0,0,0,0,0,0,2,1
1135,4,236,0,0,0,0,0,11,0,1
278,36,38,0,0,0,0,0,2,0,1
91,20,15,0,0,0,0,0,0,2,1
406,1,83,0,0,0,0,0,5,0,1
264,16,61,2,2,0,0,0,0,4,1
1348,3,290,0,0,0,0,0,17,0,1
185,2,50,1,1,2,1,0,0,2,1
112,20,20,0,0,0,0,0,0,2,1
1359,8,279,0,0,0,0,0,13,0,1
140,3,34,1,1,1,1,0,0,2,1
91,10,16,0,0,0,0,0,2,1,1
82,21,16,0,0,0,0,0,0,2,1
124,0,31,0,0,2,1,0,0,2,1
7328,69,2417,2,2,0,0,0,102,4,1
60,7,9,0,0,0,0,0,0,0,1
177,30,40,1,1,3,1,0,1,1,1
78,20,15,0,0,0,0,0,0,2,1
120,12,22,0,0,0,0,0,0,1,1
86,10,14,0,0,0,0,0,1,1,1
275,42,37,0,0,0,0,0,1,0,1
78,1,22,0,0,0,1,0,2,1,1
91,20,16,0,0,0,0,0,1,2,1
119,12,18,0,0,0,0,0,0,1,1
171,2,52,1,1,2,1,0,0,3,1
1229,3,237,0,0,0,0,0,16,0,1
8129,23,3453,11,8,0,0,0,41,0,1
96,20,19,0,0,0,0,0,0,2,1
82,20,15,0,0,0,0,0,0,2,1
95,5,29,0,0,2,1,0,0,1,1
112,6,19,0,0,0,0,0,0,1,1
90,20,16,0,0,0,0,0,0,2,1
110,20,21,0,0,0,0,0,1,2,1
242,43,36,0,0,0,0,0,1,0,1
773,5,150,0,0,0,0,0,12,0,1
148,17,36,1,1,2,1,0,0,1,1
1446,2,314,0,0,0,0,0,18,0,1
87,5,19,0,0,0,0,0,0,3,1
111,6,18,0,0,0,0,0,0,1,1
99,22,16,0,0,0,0,0,2,2,1
110,11,22,1,1,1,1,0,0,1,1
140,3,36,1,1,2,1,0,0,1,1
38,5,6,0,0,0,0,0,2,0,1
261,41,36,0,0,0,0,0,3,0,1
107,5,26,0,0,2,1,0,1,1,1
607,1,120,0,0,0,0,0,9,0,1
85,20,16,0,0,0,0,0,0,2,1
74,20,14,0,0,0,0,0,0,2,1
663,4,122,0,0,0,0,0,8,0,1
107,0,25,0,0,2,1,0,2,2,1
86,10,14,0,0,0,0,0,1,1,1
741,7,147,0,0,0,0,0,10,0,1
75,20,14,0,0,0,0,0,1,2,1
106,0,33,1,1,0,0,0,0,0,1
111,0,28,0,0,2,1,0,0,2,1
277,41,41,0,0,0,0,0,2,0,1
79,0,22,0,0,2,1,0,0,2,1
94,22,18,0,0,0,0,0,0,2,1
142,22,33,1,1,0,0,0,0,1,1
1510,7,322,0,0,0,0,0,14,0,1
364,3,75,0,0,0,0,0,4,0,1
1083,14,342,3,3,0,0,0,16,0,1
100,13,23,0,0,2,1,0,0,2,1
131,0,36,1,1,2,1,0,0,2,1
107,21,22,0,0,0,0,0,0,2,1
124,2,32,1,1,2,1,0,0,2,1
256,37,38,0,0,0,0,0,1,0,1
61,1,12,0,0,0,0,0,1,1,1
110,23,20,0,0,0,0,0,1,2,1
352,15,76,2,2,2,1,0,0,2,1
292,40,43,0,0,0,0,0,3,1,1
107,20,19,0,0,0,0,0,1,2,1
1196,1,244,0,0,0,0,0,17,0,1
136,4,35,1,1,2,1,0,1,2,1
172,2,47,1,1,2,1,0,2,2,1
33,5,4,0,0,0,0,0,1,0,1
315,44,47,0,0,0,0,0,1,1,1
107,0,26,0,0,2,1,0,0,1,1
1741,10,355,0,0,0,0,0,18,0,1
535,1,109,0,0,0,0,0,6,0,1
96,20,18,0,0,0,0,0,0,2,1
127,1,32,0,0,2,1,0,1,2,1
88,20,17,0,0,0,0,0,0,2,1
34,0,5,0,0,0,0,0,1,0,1
38,5,6,0,0,0,0,0,2,0,1
132,20,25,0,0,0,0,0,1,2,1
86,10,14,0,0,0,0,0,1,1,1
84,0,17,0,0,0,0,0,0,3,1
107,7,23,1,1,0,0,0,1,3,1
405,8,79,0,0,0,0,0,6,0,1
1268,6,256,0,0,0,0,0,16,0,1
207,7,54,1,1,3,0,0,0,2,1
116,12,22,0,0,0,0,0,0,1,1
80,20,15,0,0,0,0,0,0,2,1
112,7,23,1,1,1,1,0,0,2,1
33,0,13,2,3,2,1,0,0,0,1
592,3,121,0,0,0,0,0,7,0,1
186,2,48,1,1,2,1,0,2,2,1
114,20,21,0,0,0,0,0,1,2,1
126,29,26,1,1,0,0,0,3,1,1
401,1,84,0,0,0,0,0,4,0,1
240,36,32,0,0,0,0,0,4,0,1
140,22,29,0,0,0,0,0,1,2,1
113,7,19,0,0,0,0,0,0,1,1
244,37,32,0,0,0,0,0,2,0,1
2303,42,583,0,0,2,0,0,27,12,1
166,2,47,1,1,2,1,0,1,2,1
33,5,4,0,0,0,0,0,1,0,1
114,0,19,0,0,0,0,0,1,0,1
247,37,33,0,0,0,0,0,2,0,1
95,8,22,0,0,2,1,0,0,2,1
107,5,29,0,0,0,1,0,1,1,1
89,20,16,0,0,0,0,0,0,2,1
237,39,32,0,0,0,0,0,2,0,1
122,21,23,0,0,0,0,0,0,2,1
100,0,28,0,0,2,1,0,0,2,1
169,21,38,0,0,1,1,0,0,3,1
290,40,42,0,0,0,0,0,4,1,1
88,19,15,0,0,0,0,0,0,2,1
251,34,33,0,0,0,0,0,3,0,1
124,10,25,1,1,1,1,0,1,2,1
379,0,76,0,0,0,0,0,4,0,1
96,0,26,0,0,2,1,0,0,2,1
87,20,14,0,0,0,0,0,1,2,1
116,8,21,1,1,2,1,0,2,1,1
106,20,19,0,0,0,0,0,0,2,1
56,0,21,2,3,2,0,0,1,1,1
86,10,14,0,0,0,0,0,1,1,1
725,5,170,0,0,0,0,0,10,0,1
976,13,204,0,0,0,0,0,16,0,1
710,2,135,0,0,0,0,0,8,0,1
80,20,14,0,0,0,0,0,0,2,1
92,13,19,0,0,2,1,0,0,2,1
83,20,14,0,0,0,0,0,0,2,1
110,0,27,0,0,1,0,0,1,3,1
33,5,4,0,0,0,0,0,1,0,1
312,45,50,0,0,0,0,0,1,1,1
243,0,46,0,0,0,0,0,3,0,1
37,4,6,0,0,0,0,0,2,0,1
95,24,16,0,0,0,0,0,0,2,1
142,0,26,0,0,0,0,0,0,0,1
225,41,33,0,0,0,0,0,1,0,1
426,3,92,0,0,0,0,0,5,0,1
101,0,24,0,0,2,1,0,1,2,1
101,3,22,2,3,2,1,0,0,2,1
44,8,12,0,0,0,0,0,0,0,1
205,4,53,1,1,2,1,0,1,2,1
98,20,18,0,0,0,0,0,0,2,1
38,5,6,0,0,0,0,0,2,0,1
122,13,26,1,1,2,1,0,2,2,1
184,2,49,1,1,2,1,0,2,2,1
670,3,144,0,0,0,0,0,8,0,1
899,2,187,0,0,0,0,0,3,0,1
128,3,34,0,0,2,1,0,0,2,1
302,45,45,0,0,0,0,0,1,1,1
957,1,204,0,0,0,0,0,13,0,1
1440,5,308,0,0,0,0,0,26,0,1
2636,89,927,0,0,0,0,0,6,0,1
111,7,24,1,1,1,1,0,0,2,1
38,5,6,0,0,0,0,0,2,0,1
981,10,209,0,0,0,0,0,14,0,1
125,0,33,0,0,2,1,0,0,2,1
101,19,19,0,0,0,0,0,0,2,1
133,10,31,1,1,2,1,0,1,1,1
1003,3,221,0,0,0,0,0,8,0,1
1218,12,256,0,0,0,0,0,11,0,1
152,13,31,1,1,2,1,0,1,2,1
59,3,9,0,0,0,0,0,1,0,1
77,20,14,0,0,0,0,0,0,2,1
237,40,34,0,0,0,0,0,1,0,1
375,182,122,3,3,0,0,0,0,1,1
118,20,20,0,0,0,0,0,0,2,1
92,10,22,0,0,2,1,0,0,2,1
106,3,27,2,3,2,1,0,0,2,1
95,0,22,0,0,2,1,0,0,2,1
83,20,16,0,0,0,0,0,0,2,1
194,4,45,1,1,2,1,0,1,2,1
442,12,166,0,0,0,0,0,1,2,1
696,2,145,0,0,0,0,0,2,0,1
38,5,6,0,0,0,0,0,2,0,1
88,20,15,0,0,0,0,0,0,2,1
233,1,50,0,0,0,0,0,3,0,1
274,37,40,0,0,0,0,0,2,0,1
3696,23,845,0,0,0,0,0,58,0,1
1,0,0,0,0,0,0,0,0,0,1
307,47,46,0,0,0,0,0,4,1,1
125,23,29,1,1,2,1,0,0,1,1
91,10,16,0,0,0,0,0,2,1,1
638,2,139,0,0,0,0,0,5,0,1
1732,32,379,0,0,0,0,0,28,0,1
94,11,30,2,2,2,0,0,0,0,1
116,7,31,1,1,2,1,0,1,1,1
513,0,104,0,0,0,0,0,6,0,1
821,6,167,0,0,0,0,0,12,0,1
127,7,25,1,1,2,1,0,0,1,1
111,16,27,1,1,1,1,0,1,1,1
258,47,39,0,0,0,0,0,1,0,1
223,36,31,0,0,0,0,0,1,0,1
4911,12,1111,2,2,0,0,0,48,2,1
80,20,14,0,0,0,0,0,0,2,1
95,20,17,0,0,0,0,0,0,2,1
154,2,40,1,1,2,1,0,1,1,1
5460,16,1125,0,0,1,0,0,103,0,1
116,12,22,0,0,0,0,0,0,1,1
244,39,35,0,0,0,0,0,1,0,1
61,6,8,0,0,0,0,0,0,0,1
163,2,46,1,1,2,1,0,1,1,1
248,43,66,2,2,2,1,0,0,2,1
90,20,16,0,0,0,0,0,0,2,1
117,0,30,0,0,2,1,0,0,2,1
156,34,37,1,1,2,1,0,0,1,1
75,20,13,0,0,0,0,0,0,2,1
120,12,22,0,0,0,0,0,0,1,1
34,0,4,0,0,0,0,0,0,0,1
93,20,18,0,0,0,0,0,0,2,1
91,20,17,0,0,0,0,0,1,2,1
139,0,24,0,0,0,0,0,2,0,1
259,111,79,2,2,0,0,0,0,2,1
138,0,46,0,0,0,0,0,1,0,1
96,20,16,0,0,0,0,0,0,2,1
156,3,38,1,1,2,1,0,2,2,1
63,8,12,0,0,0,0,0,0,0,1
230,9,54,0,0,0,0,0,3,0,1
115,12,18,0,0,0,0,0,0,1,1
233,7,69,1,1,6,3,0,0,2,1
96,20,17,0,0,0,0,0,0,2,1
1060,8,230,0,0,0,0,0,17,0,1
102,0,26,0,0,2,1,0,0,2,1
101,0,21,0,0,0,0,0,3,0,1
113,7,18,0,0,0,0,0,0,1,1
37,4,6,0,0,0,0,0,2,0,1
72,20,14,0,0,0,0,0,0,2,1
106,20,18,0,0,0,0,0,0,2,1
59,8,9,0,0,0,0,0,0,0,1
134,0,32,2,2,2,0,0,1,0,1
112,5,24,1,1,1,1,0,1,2,1
314,43,46,0,0,0,0,0,3,1,1
38,5,6,0,0,0,0,0,2,0,1
113,6,19,0,0,0,0,0,0,1,1
245,36,31,0,0,0,0,0,2,0,1
184,21,35,1,1,2,1,0,0,2,1
415,0,125,2,2,3,0,0,8,0,1
81,7,21,0,0,0,0,0,0,2,1
143,38,31,1,1,2,1,0,1,1,1
143,0,24,0,0,0,0,0,2,0,1
98,12,23,0,0,2,1,0,0,1,1
324,54,67,3,3,2,1,0,1,3,1
160,38,34,1,1,1,1,0,0,3,1
116,12,22,0,0,0,0,0,0,1,1
241,39,36,0,0,0,0,0,3,0,1
115,7,18,0,0,0,0,0,1,1,1
122,10,28,1,1,2,1,0,0,2,1
132,7,38,0,0,2,1,0,1,2,1
255,0,49,0,0,0,0,0,5,0,1
98,15,20,0,0,2,1,0,0,1,1
118,13,25,1,1,2,1,0,0,1,1
822,351,217,0,0,3,5,0,1,2,1
1684,2,356,0,0,0,0,0,21,0,1
88,20,15,0,0,0,0,0,0,2,1
174,2,48,1,1,2,1,0,0,1,1
104,20,20,0,0,0,0,0,0,2,1
120,22,24,0,0,0,0,0,2,2,1
636,1,142,0,0,0,0,0,8,0,1
172,2,48,1,1,2,1,0,0,2,1
127,0,29,1,1,1,1,0,0,1,1
1195,0,247,0,0,0,0,0,11,0,1
357,53,79,3,3,4,2,0,2,2,1
1344,7,285,0,0,0,0,0,28,0,1
93,20,17,0,0,0,0,0,0,2,1
104,1,25,0,0,2,1,0,1,2,1
252,14,59,2,2,0,0,0,0,3,1
132,5,28,1,1,2,0,0,0,3,1
94,21,18,0,0,0,0,0,0,2,1
114,2,29,2,2,3,0,0,0,1,1
100,0,28,0,0,2,1,0,0,1,1
785,1,168,0,0,0,0,0,9,0,1
90,20,17,0,0,0,0,0,1,2,1
230,37,34,0,0,0,0,0,2,0,1
94,19,16,0,0,0,0,0,1,2,1
1119,3,229,0,0,0,0,0,15,0,1
30,0,4,0,0,0,0,0,0,0,1
306,42,46,0,0,0,0,0,2,1,1
148,8,37,1,1,2,0,0,1,1,1
99,4,24,0,0,2,0,0,0,3,1
282,0,53,0,0,0,0,0,5,0,1
300,41,47,0,0,0,0,0,1,1,1
84,20,15,0,0,0,0,0,0,2,1
78,20,13,0,0,0,0,0,0,2,1
146,4,36,1,1,2,1,0,1,2,1
194,35,47,1,1,3,1,0,0,1,1
197,11,42,1,1,0,1,0,0,1,1
96,20,17,0,0,0,0,0,0,2,1
455,1,92,0,0,0,0,0,8,0,1
239,31,43,2,2,0,0,0,4,3,1
117,0,29,0,0,2,1,0,0,2,1
131,0,24,0,0,0,0,0,2,0,1
744,10,182,0,0,0,0,0,7,0,1
82,15,16,0,0,2,1,0,1,2,1
129,0,30,1,1,3,1,0,1,2,1
221,22,49,1,1,2,1,0,2,2,1
248,15,60,2,2,0,0,0,0,3,1
124,7,58,1,1,2,1,0,0,2,1
122,1,31,0,0,2,1,0,1,2,1
92,20,16,0,0,0,0,0,0,2,1
119,22,20,0,0,0,0,0,1,2,1
401,3,83,0,0,0,0,0,5,0,1
116,20,19,0,0,0,0,0,0,2,1
97,20,19,0,0,0,0,0,0,2,1
3091,28,648,0,0,0,0,0,42,0,1
350,10,74,0,0,0,0,0,7,0,1
96,21,18,0,0,0,0,0,0,2,1
1569,7,323,0,0,0,0,0,21,0,1
98,20,17,0,0,0,0,0,0,2,1
98,2,32,2,2,3,1,0,1,0,1
126,4,28,2,2,2,1,0,0,0,1
413,109,73,0,0,8,0,0,1,4,1
96,14,28,0,0,2,1,0,1,1,1
122,17,27,1,1,2,1,0,1,2,1
134,11,31,1,1,1,1,0,1,1,1
791,13,165,0,0,0,0,0,13,0,1
352,7,74,0,0,0,0,0,3,0,1
108,0,25,0,0,2,1,0,2,2,1
91,10,16,0,0,0,0,0,2,1,1
16,8,2,0,0,0,0,0,0,0,1
174,1,45,1,1,2,1,0,0,2,1
79,20,14,0,0,0,0,0,0,2,1
711,11,154,0,0,0,0,0,5,0,1
500,4,104,0,0,0,0,0,11,0,1
101,5,26,0,0,0,0,0,0,3,1
113,8,18,0,0,0,0,0,0,1,1
86,10,14,0,0,0,0,0,1,1,1
260,49,35,0,0,0,0,0,1,0,1
297,49,48,0,0,0,0,0,2,1,1
100,2,26,0,0,2,1,0,0,1,1
183,18,37,1,1,2,1,0,1,2,1
35,9,0,0,0,0,0,0,0,0,1
120,0,29,0,0,2,1,0,0,2,1
95,20,17,0,0,0,0,0,1,2,1
5449,747,2332,0,0,0,0,0,34,1,1
115,22,24,1,1,1,1,0,1,1,1
25,0,3,0,0,0,0,0,0,0,1
91,20,16,0,0,0,0,0,0,2,1
91,10,16,0,0,0,0,0,2,1,1
230,36,32,0,0,0,0,0,3,0,1
84,9,18,0,0,0,0,0,0,2,1
297,43,45,0,0,0,0,0,1,1,1
124,15,24,0,0,0,0,0,0,1,1
241,36,32,0,0,0,0,0,2,0,1
52,7,13,0,0,0,0,0,0,0,1
91,20,16,0,0,0,0,0,0,2,1
120,20,21,0,0,0,0,0,2,2,1
281,41,40,0,0,0,0,0,1,1,1
189,4,49,1,1,2,1,0,0,2,1
112,1,31,0,0,2,1,0,1,3,1
1142,12,247,0,0,0,0,0,11,0,1
54,4,9,0,0,0,0,0,0,0,1
292,42,44,0,0,0,0,0,1,1,1
325,14,68,2,2,2,1,0,4,3,1
207,4,52,1,1,2,1,0,0,2,1
304,48,47,0,0,0,0,0,2,1,1
231,40,31,0,0,0,0,0,2,0,1
93,9,19,0,0,2,1,0,2,2,1
96,8,23,0,0,2,1,0,0,1,1
97,20,18,0,0,0,0,0,0,2,1
114,21,19,0,0,0,0,0,0,2,1
1235,18,257,0,0,0,0,0,21,0,1
80,0,16,0,0,0,0,0,0,2,1
108,6,18,0,0,0,0,0,0,1,1
297,51,43,0,0,0,0,0,1,1,1
368,4,77,0,0,0,0,0,7,0,1
116,12,22,0,0,0,0,0,0,1,1
124,21,26,0,0,2,1,0,1,1,1
50,1,8,0,0,0,0,0,0,0,1
456,1,94,0,0,0,0,0,5,0,1
105,0,28,0,0,2,1,0,0,2,1
242,36,33,0,0,0,0,0,4,0,1
5,0,0,0,0,0,0,0,0,0,1
494,0,162,0,0,0,0,0,3,0,1
79,20,15,0,0,0,0,0,0,2,1
648,3,138,0,0,0,0,0,11,0,1
265,39,37,0,0,0,0,0,1,0,1
107,4,26,0,0,2,1,0,0,2,1
33,5,4,0,0,0,0,0,1,0,1
42,1,10,1,1,2,1,0,0,0,1
267,14,61,2,2,0,0,0,0,4,1
109,11,24,1,1,2,1,0,1,1,1
260,29,59,2,2,0,0,0,0,2,1
1396,11,295,0,0,0,0,0,21,0,1
137,11,27,1,1,2,1,0,0,2,1
306,48,46,0,0,0,0,0,2,1,1
142,12,28,1,1,2,1,0,1,2,1
182,29,48,1,1,4,0,0,0,2,1
85,19,15,0,0,0,0,0,0,2,1
87,20,15,0,0,0,0,0,0,2,1
951,1,189,0,0,0,0,0,11,0,1
1503,0,296,0,0,0,0,0,17,0,1
123,12,23,1,1,3,1,0,0,1,1
189,30,41,1,1,2,1,0,0,2,1
39,0,6,0,0,0,0,0,1,0,1
320,0,69,0,0,0,0,0,3,0,1
296,44,44,0,0,0,0,0,3,1,1
329,44,51,0,0,0,0,0,2,1,1
2164,27,666,1,0,0,0,0,29,3,1
984,9,199,0,0,0,0,0,8,0,1
107,5,25,1,1,1,0,0,0,2,1
120,12,19,0,0,0,0,0,0,1,1
124,3,32,0,0,2,1,0,1,2,1
99,9,22,0,0,2,1,0,2,1,1
142,22,33,1,1,0,0,0,0,1,1
287,41,41,0,0,0,0,0,1,1,1
107,20,18,0,0,0,0,0,1,2,1
98,19,19,0,0,0,0,0,0,2,1
102,0,21,0,0,0,0,0,1,0,1
1273,2,260,0,0,0,0,0,17,0,1
306,44,44,0,0,0,0,0,2,1,1
194,35,47,1,1,3,1,0,0,1,1
82,19,14,0,0,0,0,0,0,2,1
4597,19,1086,22,23,0,0,0,67,0,1
223,43,31,0,0,0,0,0,1,0,1
84,20,15,0,0,0,0,0,0,2,1
191,30,43,1,1,2,1,0,0,2,1
95,19,18,0,0,0,0,0,0,2,1
113,6,24,1,1,1,1,0,1,2,1
94,19,18,0,0,0,0,0,1,2,1
47,3,13,2,3,3,1,0,0,0,1
114,1,32,0,0,2,1,0,0,2,1
96,15,18,0,0,2,1,0,0,1,1
102,12,26,0,0,0,0,0,0,2,1
113,12,26,1,1,2,1,0,1,1,1
81,0,20,0,0,0,1,0,0,1,1
59,2,8,0,0,0,0,0,0,0,1
282,46,43,0,0,0,0,0,2,1,1
9302,10,2543,0,0,2,0,0,85,0,1
101,20,18,0,0,0,0,0,0,2,1
489,1,92,0,0,0,0,0,8,0,1
113,20,23,0,0,0,0,0,0,2,1
59,1,17,1,1,1,1,0,0,0,1
119,21,22,0,0,0,0,0,1,2,1
109,14,23,1,1,1,1,0,1,1,1
58,7,9,0,0,0,0,0,0,0,1
1457,2,289,0,0,0,0,0,14,0,1
92,1,17,0,0,0,0,0,1,2,1
161,0,49,2,2,3,0,0,0,0,1
171,42,41,0,0,0,1,1,1,2,1
83,19,15,0,0,0,0,0,0,2,1
96,8,20,0,0,2,1,0,0,1,1
309,17,77,2,2,0,0,0,4,3,1
119,21,21,0,0,0,0,0,0,2,1
148,9,34,1,1,2,1,0,0,3,1
130,0,31,1,1,1,1,0,0,2,1
108,20,20,0,0,0,0,0,0,2,1
87,5,21,0,0,2,1,0,0,2,1
74,8,20,0,0,2,1,0,1,2,1
93,7,20,0,0,2,1,0,0,2,1
82,19,15,0,0,0,0,0,0,2,1
1632,0,419,0,0,0,0,0,21,0,1
270,0,50,0,0,0,0,0,6,0,1
121,16,19,0,0,0,0,0,0,1,1
317,6,63,0,0,0,0,0,3,0,1
239,38,34,0,0,0,0,0,3,0,1
86,19,15,0,0,0,0,0,1,2,1
228,45,32,0,0,0,0,0,2,0,1
1491,7,309,0,0,0,0,0,14,0,1
102,20,16,0,0,0,0,0,2,2,1
320,43,46,0,0,0,0,0,2,1,1
86,20,16,0,0,0,0,0,0,2,1
406,195,130,3,3,0,0,0,2,1,1
100,20,17,0,0,0,0,0,0,2,1
105,0,26,0,0,2,1,0,1,2,1
84,8,20,0,0,0,0,0,0,0,1
2075,8,432,0,0,0,0,0,33,0,1
152,2,34,0,0,0,0,0,2,0,1
97,20,18,0,0,0,0,0,0,2,1
96,20,16,0,0,0,0,0,0,2,1
14,0,2,0,0,0,0,0,0,0,1
494,3,98,0,0,0,0,0,8,0,1
1729,11,349,0,0,0,0,0,31,0,1
57,1,9,0,0,0,0,0,0,0,1
310,0,62,0,0,0,0,0,3,0,1
77,20,15,0,0,0,0,0,0,2,1
380,2,85,0,0,0,0,0,9,0,1
301,51,50,0,0,0,0,0,1,1,1
87,20,16,0,0,0,0,0,0,2,1
1215,9,263,0,0,0,0,0,19,0,1
33,5,4,0,0,0,0,0,1,0,1
87,20,15,0,0,0,0,0,1,2,1
33,5,4,0,0,0,0,0,1,0,1
129,0,35,1,1,2,1,0,0,1,1
90,8,18,0,0,2,1,0,0,2,1
86,10,14,0,0,0,0,0,1,1,1
724,3,157,0,0,0,0,0,12,0,1
183,2,53,1,1,2,1,0,0,1,1
271,37,67,2,2,2,1,0,0,2,1
114,20,22,0,0,0,0,0,1,2,1
101,0,28,0,0,2,1,0,0,1,1
109,14,25,1,1,2,1,0,0,2,1
689,2,158,0,0,0,0,0,5,0,1
78,1,24,0,0,2,1,0,0,2,1
264,38,36,0,0,0,0,0,2,0,1
628,14,140,0,0,0,0,0,13,0,1
216,1,41,0,0,0,0,0,5,0,1
186,0,38,0,0,0,0,0,3,0,1
53,1,8,0,0,0,0,0,0,0,1
175,31,39,1,1,1,1,0,0,2,1
77,0,13,0,0,0,0,0,1,0,1
117,11,28,1,1,0,0,0,0,3,1
93,20,16,0,0,0,0,0,1,2,1
85,9,14,0,0,0,0,0,1,1,1
1067,1,221,0,0,0,0,0,13,0,1
197,26,48,1,1,2,1,0,0,1,1
90,20,17,0,0,0,0,0,0,2,1
422,2,83,0,0,0,0,0,6,0,1
2160,55,710,7,3,3,0,0,1,0,1
807,0,168,0,0,0,0,0,12,0,1
163,2,47,1,1,2,1,0,1,2,1
132,22,26,0,0,0,0,0,0,2,1
262,14,60,2,2,0,0,0,0,2,1
358,6,77,0,0,0,0,0,5,0,1
248,44,37,0,0,0,0,0,5,0,1
75,20,14,0,0,0,0,0,0,2,1
105,15,24,1,1,0,0,0,1,2,1
85,20,16,0,0,0,0,0,0,2,1
290,41,41,0,0,0,0,0,4,1,1
95,20,16,0,0,0,0,0,0,2,1
100,1,26,0,0,2,1,0,0,2,1
788,11,160,0,0,0,0,0,10,0,1
210,31,45,2,2,2,1,0,0,2,1
56,6,8,0,0,0,0,0,0,0,1
91,10,16,0,0,0,0,0,2,1,1
135,18,31,1,1,1,1,0,0,1,1
124,11,30,1,1,2,1,0,1,2,1
746,3,158,0,0,0,0,0,14,0,1
1077,6,232,0,0,0,0,0,15,0,1
540,0,111,0,0,0,0,0,8,0,1
115,9,20,0,0,0,0,0,0,1,1
243,41,37,0,0,0,0,0,3,0,1
325,6,79,2,2,8,2,0,1,2,1
123,14,24,0,0,0,0,0,0,1,1
82,20,17,0,0,0,0,0,0,2,1
303,41,44,0,0,0,0,0,4,1,1
103,20,18,0,0,0,0,0,0,2,1
2923,73,997,0,0,3,0,0,33,8,1
243,38,33,0,0,0,0,0,1,0,1
743,0,158,0,0,0,0,0,11,0,1
249,43,35,0,0,0,0,0,1,0,1
1020,0,208,0,0,0,0,0,11,0,1
240,26,46,2,2,3,0,0,1,3,1
91,10,16,0,0,0,0,0,2,1,1
257,14,61,2,2,0,0,0,1,4,1
98,3,22,0,0,2,1,0,2,1,1
440,4,88,0,0,0,0,0,5,0,1
65,0,11,0,0,0,0,0,0,0,1
98,20,17,0,0,0,0,0,0,2,1
133,2,34,1,1,2,1,0,0,2,1
81,19,15,0,0,0,0,0,0,2,1
121,11,26,1,1,3,1,0,0,2,1
92,0,26,0,0,2,1,0,0,1,1
118,20,22,0,0,0,0,0,1,2,1
755,4,159,0,0,0,0,0,13,0,1
8801,65,2386,2,1,0,0,0,102,0,1
45,0,7,0,0,0,0,0,1,0,1
131,10,29,1,1,2,1,0,1,2,1
65,2,15,1,1,1,0,0,0,0,1
122,17,30,1,1,2,0,0,1,2,1
86,10,14,0,0,0,0,0,1,1,1
91,20,17,0,0,0,0,0,0,2,1
729,35,226,1,0,0,0,0,7,0,1
114,10,18,0,0,0,0,0,0,1,1
153,1,36,0,0,0,0,0,0,0,1
86,20,14,0,0,0,0,0,0,2,1
116,6,19,0,0,0,0,0,0,1,1
196,15,43,1,1,0,1,1,1,2,1
795,6,255,0,0,0,0,0,6,3,1
314,8,68,0,0,0,0,0,3,0,1
86,10,14,0,0,0,0,0,1,1,1
128,16,27,1,1,2,1,0,0,2,1
91,20,17,0,0,0,0,0,1,2,1
194,35,47,1,1,3,1,0,0,1,1
1816,13,388,0,0,0,0,0,33,0,1
166,11,39,1,1,0,1,0,1,2,1
85,20,14,0,0,0,0,0,0,2,1
1623,28,603,7,10,4,0,0,0,0,1
94,1,27,0,0,2,1,0,0,2,1
110,0,28,0,0,2,1,0,2,2,1
99,1,18,0,0,1,0,0,1,2,1
97,20,17,0,0,0,0,0,2,2,1
242,37,33,0,0,0,0,0,2,0,1
313,43,47,0,0,0,0,0,2,1,1
497,0,104,0,0,0,0,0,8,0,1
116,25,27,0,0,2,1,0,0,1,1
298,44,31,0,0,2,0,0,0,0,1
274,44,40,0,0,0,0,0,3,0,1
170,7,42,1,1,2,1,0,1,2,1
97,20,17,0,0,0,0,0,0,2,1
121,13,22,0,0,0,0,0,0,1,1
181,7,55,1,1,2,1,0,0,1,1
52,3,8,0,0,0,0,0,0,0,1
107,13,24,1,1,0,0,0,2,2,1
168,28,34,0,0,0,0,0,3,2,1
121,13,22,0,0,0,0,0,0,1,1
78,19,14,0,0,0,0,0,0,2,1
257,41,36,0,0,0,0,0,2,0,1
98,0,26,0,0,2,1,0,0,1,1
91,10,16,0,0,0,0,0,2,1,1
83,20,15,0,0,0,0,0,0,2,1
632,6,134,0,0,0,0,0,7,0,1
7817,61,5184,2,2,0,0,0,54,4,1
94,2,27,0,0,2,1,0,1,2,1
118,7,19,0,0,0,0,0,0,1,1
105,20,22,0,0,0,0,0,0,2,1
181,5,46,1,1,2,1,0,1,2,1
83,19,16,0,0,0,0,0,0,2,1
231,43,34,0,0,0,0,0,2,0,1
86,10,14,0,0,0,0,0,1,1,1
66,0,15,0,0,0,1,0,0,2,1
91,10,16,0,0,0,0,0,2,1,1
101,20,18,0,0,0,0,0,2,2,1
84,20,14,0,0,0,0,0,0,2,1
78,0,22,2,2,1,1,0,0,0,1
772,8,168,0,0,0,0,0,13,0,1
1863,9,397,0,0,0,0,0,35,0,1
23,0,8,1,1,0,1,0,0,0,1
133,8,39,5,5,3,1,0,1,2,1
107,0,28,3,3,3,0,0,2,1,1
309,43,71,2,2,0,0,0,2,3,1
105,20,18,0,0,0,0,0,3,2,1
110,20,20,0,0,0,0,0,0,2,1
390,3,110,0,0,0,0,0,2,2,1
80,20,15,0,0,0,0,0,0,2,1
59,13,12,0,0,0,0,0,0,1,1
244,38,37,0,0,0,0,0,1,0,1
108,6,18,0,0,0,0,0,0,1,1
314,42,47,0,0,0,0,0,1,1,1
57,1,8,0,0,0,0,0,1,0,1
197,18,45,1,1,3,2,0,0,2,1
1334,14,286,0,0,0,0,0,19,0,1
91,20,15,0,0,0,0,0,0,2,1
292,43,43,0,0,0,0,0,2,1,1
264,41,38,0,0,0,0,0,2,0,1
111,6,26,1,1,1,0,0,1,3,1
113,11,23,1,1,2,1,0,0,2,1
239,38,34,0,0,0,0,0,2,0,1
65,8,18,1,1,1,0,1,1,0,1
124,15,24,0,0,0,0,0,0,1,1
80,20,15,0,0,0,0,0,0,2,1
135,8,36,1,1,2,1,0,0,2,1
239,38,34,0,0,0,0,0,1,0,1
4466,33,1421,2,2,1,0,0,47,3,1
86,19,17,0,0,0,0,0,0,2,1
85,20,15,0,0,0,0,0,0,2,1
76,20,13,0,0,0,0,0,0,2,1
127,2,32,1,1,2,1,0,0,2,1
114,6,18,0,0,0,0,0,0,1,1
91,0,18,0,0,0,0,0,0,0,1
1284,5,275,0,0,0,0,0,19,0,1
769,8,163,0,0,0,0,0,9,0,1
417,0,84,0,0,0,0,0,5,0,1
1338,5,378,0,0,0,0,0,8,7,1
247,40,33,0,0,0,0,0,2,0,1
120,0,32,0,0,2,1,0,0,2,1
1357,7,287,0,0,0,0,0,17,0,1
83,20,17,0,0,0,0,0,0,2,1
128,21,27,0,0,2,1,0,0,2,1
91,20,18,0,0,0,0,0,1,2,1
1225,0,252,0,0,0,0,0,10,0,1
937,10,206,0,0,0,0,0,15,0,1
103,0,25,0,0,2,1,0,1,2,1
112,0,29,0,0,2,1,0,0,2,1
101,20,18,0,0,0,0,0,0,2,1
831,0,284,0,0,0,0,0,9,0,1
533,2,107,0,0,0,0,0,4,0,1
106,5,26,0,0,2,1,0,0,1,1
95,20,17,0,0,0,0,0,0,2,1
289,43,43,0,0,0,0,0,2,1,1
91,10,16,0,0,0,0,0,2,1,1
118,15,19,0,0,0,0,0,0,1,1
962,2,191,0,0,0,0,0,17,0,1
74,1,12,2,2,3,1,0,1,0,1
552,0,124,0,0,0,0,0,5,0,1
1900,3,419,0,0,0,0,0,33,0,1
1166,6,267,0,0,0,0,0,17,0,1
134,7,31,1,1,3,1,0,0,2,1
496,1,100,0,0,0,0,0,9,0,1
179,2,50,1,1,2,1,0,2,2,1
150,32,25,0,0,1,1,0,0,0,1
124,0,32,0,0,2,1,0,1,1,1
525,5,103,0,0,0,0,0,7,0,1
242,0,77,0,0,0,0,0,1,0,1
114,20,22,0,0,0,0,0,1,2,1
514,236,154,4,4,2,0,0,1,3,1
211,3,52,1,1,2,1,0,4,2,1
110,0,30,0,0,2,1,0,1,2,1
6048,7,1373,0,0,0,0,0,95,0,1
38,5,6,0,0,0,0,0,2,0,1
282,41,41,0,0,0,0,0,2,1,1
755,1,155,0,0,0,0,0,9,0,1
123,14,24,0,0,0,0,0,0,1,1
441,1,98,0,0,0,0,0,8,0,1
90,22,17,0,0,0,0,0,0,2,1
174,30,39,1,1,2,1,0,0,1,1
312,43,47,0,0,0,0,0,2,1,1
135,5,29,1,1,2,1,0,3,1,1
98,20,18,0,0,0,0,0,0,2,1
87,5,22,0,0,0,1,0,0,2,1
18678,170,4917,6,6,5,25,0,74,1,1
93,19,17,0,0,0,0,0,1,2,1
120,12,22,0,0,0,0,0,0,1,1
84,13,20,0,0,2,1,0,0,2,1
132,3,35,0,0,2,1,0,2,2,1
98,20,16,0,0,0,0,0,0,2,1
300,41,46,0,0,0,0,0,2,1,1
64,0,11,0,0,0,0,0,1,0,1
3026,0,928,0,0,0,0,0,26,0,1
91,10,16,0,0,0,0,0,2,1,1
136,9,30,1,1,0,0,0,0,3,1
103,2,28,0,0,2,1,0,0,2,1
264,47,60,0,0,2,1,0,1,1,1
293,45,44,0,0,0,0,0,1,1,1
84,4,19,0,0,2,1,0,0,1,1
100,20,18,0,0,0,0,0,1,2,1
114,30,26,1,1,2,0,0,0,1,1
153,20,39,1,1,2,1,0,1,1,1
315,44,48,0,0,0,0,0,4,1,1
76,20,14,0,0,0,0,0,0,2,1
1078,4,348,0,0,0,0,0,14,0,1
123,20,23,0,0,0,0,0,0,2,1
2677,21,751,1,1,0,0,0,15,1,1
295,43,44,0,0,0,0,0,1,1,1
1090,2,246,0,0,0,0,0,16,0,1
110,0,27,0,0,2,1,0,0,2,1
1218,4,253,0,0,0,0,0,11,0,1
95,21,18,0,0,0,0,0,0,2,1
2132,14,631,1,0,0,0,0,23,0,1
33,5,4,0,0,0,0,0,1,0,1
895,3,188,0,0,0,0,0,14,0,1
121,13,22,0,0,0,0,0,0,1,1
82,19,15,0,0,0,0,0,0,2,1
117,4,23,1,1,2,1,0,0,2,1
118,20,21,0,0,0,0,0,0,2,1
580,2,116,0,0,0,0,0,6,0,1
120,12,22,0,0,0,0,0,0,1,1
509,0,97,0,0,0,0,0,4,0,1
251,44,32,0,0,0,0,0,1,0,1
94,7,23,0,0,2,1,0,0,2,1
348,41,47,0,0,0,0,0,2,1,1
4427,22,1676,10,10,0,0,0,30,0,1
566,2,119,0,0,0,0,0,11,0,1
93,20,16,0,0,0,0,0,0,2,1
380,57,85,3,3,2,1,0,4,5,1
192,32,49,1,1,2,1,0,0,3,1
206,0,44,0,0,0,0,0,1,0,1
81,20,13,0,0,0,0,0,1,2,1
122,12,27,1,1,2,1,0,4,1,1
101,0,27,0,0,2,1,0,0,1,1
110,20,18,0,0,0,0,0,0,2,1
88,20,17,0,0,0,0,0,1,2,1
77,20,14,0,0,0,0,0,0,2,1
97,20,19,0,0,0,0,0,0,2,1
329,41,46,0,0,0,0,0,2,1,1
477,5,100,0,0,0,0,0,2,0,1
122,0,31,0,0,2,1,0,1,1,1
306,43,46,0,0,0,0,0,1,1,1
107,13,22,1,1,2,1,0,2,1,1
278,56,42,0,0,2,1,0,1,0,1
113,2,28,0,0,2,1,0,0,2,1
246,41,35,0,0,0,0,0,2,0,1
302,47,47,0,0,0,0,0,1,1,1
109,20,19,0,0,0,0,0,0,2,1
714,1,156,0,0,0,0,0,4,0,1
37,1,10,0,0,0,0,0,2,0,1
325,6,80,2,2,8,2,0,1,3,1
104,9,27,0,0,2,0,0,1,3,1
306,42,45,0,0,0,0,0,2,1,1
164,17,34,1,1,0,1,0,2,2,1
114,9,18,0,0,0,0,0,0,1,1
91,20,16,0,0,0,0,0,0,2,1
143,2,42,1,1,2,1,0,0,4,1
89,20,16,0,0,0,0,0,0,2,1
1173,2,235,0,0,0,0,0,14,0,1
122,13,24,0,0,0,0,0,0,1,1
166,11,31,1,1,0,0,0,2,4,1
97,20,16,0,0,0,0,0,0,2,1
77,6,22,0,0,2,1,0,0,1,1
115,6,18,0,0,0,0,0,2,1,1
123,1,31,0,0,2,1,0,1,2,1
90,20,17,0,0,0,0,0,0,2,1
90,10,21,0,0,2,1,0,0,2,1
61,3,8,0,0,0,0,0,0,0,1
58,1,8,0,0,0,0,0,0,0,1
241,36,33,0,0,0,0,0,2,0,1
87,19,17,0,0,0,0,0,0,2,1
393,6,84,0,0,0,0,0,7,0,1
89,19,18,0,0,0,0,0,0,2,1
117,13,22,0,0,0,0,0,0,1,1
770,0,171,0,0,0,0,0,12,0,1
1383,12,295,0,0,0,0,0,25,0,1
184,2,34,0,0,0,0,0,5,0,1
40,0,7,0,0,0,0,0,0,0,1
93,0,29,0,0,0,0,0,0,0,1
309,45,48,0,0,0,0,0,2,1,1
76,19,15,0,0,0,0,0,0,2,1
874,2,183,0,0,0,0,0,15,0,1
176,25,34,1,1,2,1,0,0,1,1
789,2,165,0,0,0,0,0,15,0,1
226,32,51,2,2,2,1,0,0,2,1
33,5,4,0,0,0,0,0,1,0,1
101,20,19,0,0,0,0,0,1,2,1
1641,3,346,0,0,0,0,0,21,0,1
191,23,44,1,1,0,1,1,3,2,1
392,3,97,0,0,0,0,0,1,0,1
1407,6,288,0,0,0,0,0,15,0,1
108,0,25,0,0,2,1,0,0,1,1
301,44,42,0,0,0,0,0,2,1,1
80,20,14,0,0,0,0,0,0,2,1
182,3,49,1,1,2,1,0,2,2,1
96,17,24,0,0,0,1,1,1,1,1
117,13,22,0,0,0,0,0,0,1,1
33,5,4,0,0,0,0,0,1,0,1
53,0,17,1,1,0,1,0,0,0,1
284,9,62,0,0,0,0,0,4,0,1
1459,22,329,0,0,0,0,0,21,0,1
163,16,40,1,1,2,0,0,0,3,1
433,5,171,0,0,0,0,0,1,1,1
143,8,31,1,1,2,1,0,0,1,1
509,5,96,0,0,0,0,0,11,0,1
38,5,6,0,0,0,0,0,2,0,1
476,4,97,0,0,0,0,0,13,0,1
5909,19,1375,2,0,0,0,0,30,2,1
72,0,15,0,0,1,1,0,0,1,1
107,0,28,0,0,2,1,0,0,2,1
636,7,130,0,0,0,0,0,10,0,1
99,20,19,0,0,0,0,0,0,2,1
32,4,4,0,0,0,0,0,1,0,1
124,15,24,0,0,0,0,0,0,1,1
89,20,16,0,0,0,0,0,1,2,1
109,19,19,0,0,0,0,0,2,2,1
117,12,24,1,1,2,1,0,1,1,1
4761,29,993,0,0,0,0,0,79,2,1
35,0,7,0,0,0,0,0,1,0,1
185,3,37,0,0,0,0,0,1,0,1
98,20,19,0,0,0,0,0,1,2,1
3909,9,768,0,0,0,0,0,51,0,1
92,20,15,0,0,0,0,0,1,2,1
104,5,25,0,0,2,1,0,0,2,1
128,0,28,1,1,0,0,0,1,2,1
115,9,24,1,1,2,1,0,0,2,1
95,20,17,0,0,0,0,0,0,2,1
65,0,25,2,3,2,0,0,1,1,1
263,40,38,0,0,0,0,0,1,0,1
111,2,30,0,0,2,1,0,0,2,1
106,20,18,0,0,0,0,0,2,2,1
100,20,18,0,0,0,0,0,0,2,1
125,7,24,1,1,2,1,0,0,2,1
91,7,18,0,0,2,1,0,1,1,1
93,20,17,0,0,0,0,0,0,2,1
54,3,15,1,2,1,1,1,1,0,1
242,36,32,0,0,0,0,0,1,0,1
89,20,16,0,0,0,0,0,0,2,1
317,1,68,0,0,0,0,0,2,0,1
482,0,101,0,0,0,0,0,10,0,1
1471,3,306,0,0,0,0,0,25,0,1
89,20,16,0,0,0,0,0,0,2,1
134,8,30,1,1,2,0,0,1,2,1
167,23,32,1,1,0,0,0,1,1,1
222,38,30,0,0,0,0,0,3,0,1
616,2,122,0,0,0,0,0,7,0,1
2220,18,459,0,0,0,0,0,32,0,1
94,0,28,0,0,2,1,0,0,2,1
581,2,105,0,0,0,0,0,12,0,1
95,19,16,0,0,0,0,0,0,2,1
147,22,32,1,1,0,0,0,2,2,1
401,0,84,0,0,0,0,0,6,0,1
82,20,15,0,0,0,0,0,0,2,1
186,2,49,1,1,2,1,0,1,2,1
175,39,43,1,1,0,1,0,2,2,1
70,3,15,1,1,1,0,0,1,0,1
126,2,35,1,1,1,1,0,0,3,1
1096,2,249,0,0,0,0,0,11,0,1
33,5,4,0,0,0,0,0,1,0,1
81,19,14,0,0,0,0,0,0,2,1
50,7,10,0,0,0,0,0,0,0,1
257,41,37,0,0,0,0,0,3,0,1
95,5,29,0,0,2,1,0,0,1,1
117,13,22,0,0,0,0,0,0,1,1
117,2,27,1,1,2,1,0,0,2,1
92,7,22,0,0,2,2,0,1,1,1
716,4,215,0,0,0,0,0,3,1,1
45,3,12,1,1,1,1,1,1,0,1
79,19,14,0,0,0,0,0,0,2,1
309,47,49,0,0,0,0,0,3,1,1
881,4,151,0,0,0,0,0,15,0,1
90,20,16,0,0,0,0,0,0,2,1
20,0,2,0,0,0,0,0,0,0,1
97,7,19,0,0,2,1,0,0,2,1
86,20,16,0,0,0,0,0,0,2,1
21042,538,7282,24,11,1,0,0,189,13,1
99,7,19,0,0,2,1,0,0,2,1
143,11,35,1,1,1,0,0,1,2,1
312,4,68,0,0,0,0,0,4,0,1
311,43,47,0,0,0,0,0,5,1,1
38,5,6,0,0,0,0,0,2,0,1
129,0,31,1,1,1,1,0,0,2,1
76,4,19,0,0,2,1,0,1,2,1
127,2,28,1,1,1,1,0,0,2,1
168,0,41,1,1,2,1,0,0,2,1
187,0,32,0,0,0,0,0,1,0,1
1315,10,407,2,0,0,0,0,15,3,1
89,7,19,0,0,0,1,0,0,1,1
91,11,22,0,0,0,0,0,0,3,1
123,7,19,0,0,0,0,0,0,1,1
125,9,26,1,1,2,0,0,0,1,1
1436,3,313,0,0,0,0,0,17,0,1
202,7,45,4,5,0,1,0,1,2,1
42,0,9,0,0,0,0,0,0,0,1
314,44,45,0,0,0,0,0,3,1,1
118,10,27,1,1,0,0,0,0,2,1
117,4,28,0,0,2,1,0,2,2,1
110,6,19,0,0,0,0,0,0,1,1
683,3,136,0,0,0,0,0,9,0,1
2488,5,536,0,0,0,0,0,39,0,1
85,20,15,0,0,0,0,0,0,2,1
1431,14,327,0,0,0,0,0,22,0,1
108,20,20,0,0,0,0,0,0,2,1
100,22,19,0,0,0,0,0,1,2,1
341,12,68,2,2,2,0,0,0,2,1
338,24,36,3,3,1,0,0,0,2,1
246,14,58,2,2,0,0,0,0,2,1
120,12,22,0,0,0,0,0,0,1,1
106,7,17,1,1,0,0,0,0,1,1
105,20,19,0,0,0,0,0,0,2,1
114,5,28,1,1,2,1,0,0,1,1
250,38,36,0,0,0,0,0,2,0,1
110,11,23,1,1,1,1,0,0,2,1
1152,7,248,0,0,0,0,0,17,0,1
256,43,39,0,0,0,0,0,1,0,1
116,12,22,0,0,0,0,0,0,1,1
82,4,21,0,0,2,1,0,0,1,1
175,0,44,5,5,3,1,0,2,3,1
91,10,16,0,0,0,0,0,2,1,1
198,4,50,1,1,1,1,0,0,2,1
1108,9,240,0,0,0,0,0,11,0,1
181,79,56,1,1,0,0,0,0,1,1
70,15,16,0,0,0,0,0,1,1,1
97,20,18,0,0,0,0,0,0,2,1
54,4,8,0,0,0,0,0,0,0,1
100,4,19,0,0,2,1,0,1,1,1
228,38,32,0,0,0,0,0,2,0,1
91,10,16,0,0,0,0,0,2,1,1
98,12,19,0,0,2,1,0,0,2,1
299,46,47,0,0,0,0,0,1,1,1
112,7,25,1,1,2,1,0,1,1,1
158,14,31,1,1,4,2,0,2,2,1
84,21,15,0,0,0,0,0,0,2,1
3122,24,859,0,2,0,0,0,16,2,1
922,2,181,0,0,0,0,0,14,0,1
1960,16,412,0,0,0,0,0,30,0,1
146,5,40,1,1,0,2,1,1,1,1
98,9,26,0,0,2,0,0,1,2,1
194,9,101,1,1,3,1,0,0,1,1
372,8,85,2,2,2,1,0,3,1,1
81,20,15,0,0,0,0,0,0,2,1
98,20,18,0,0,0,0,0,1,2,1
152,19,34,1,1,2,0,0,0,3,1
273,0,54,0,0,0,0,0,4,0,1
83,19,14,0,0,0,0,0,0,2,1
640,22,167,4,4,12,7,0,4,2,1
196,6,49,1,1,2,1,0,0,2,1
829,2,253,0,0,0,0,0,8,1,1
2274,16,479,0,0,0,0,0,32,0,1
141,1,39,1,1,2,1,0,2,1,1
893,9,177,0,0,0,0,0,13,0,1
455,5,94,0,0,0,0,0,6,0,1
95,20,16,0,0,0,0,0,0,2,1
1427,2,294,0,0,0,0,0,19,0,1
111,9,18,0,0,0,0,0,1,1,1
77,19,15,0,0,0,0,0,0,2,1
149,0,34,1,1,2,1,0,3,2,1
100,20,18,0,0,0,0,0,1,2,1
98,20,17,0,0,0,0,0,1,2,1
187,2,48,1,1,2,1,0,2,2,1
83,0,19,0,0,0,0,0,0,4,1
316,45,45,0,0,0,0,0,3,1,1
115,12,19,0,0,0,0,0,0,1,1
277,54,64,2,2,4,2,0,1,4,1
269,43,59,2,2,2,1,0,1,2,1
1713,16,369,0,0,0,0,0,27,0,1
318,42,46,0,0,0,0,0,3,1,1
143,11,38,1,1,2,1,0,0,2,1
170,2,38,1,1,2,1,0,0,2,1
556,1,105,0,0,0,0,0,9,0,1
91,10,16,0,0,0,0,0,2,1,1
148,18,33,1,1,3,1,0,0,1,1
1469,5,299,0,0,0,0,0,22,0,1
1209,4,256,0,0,0,0,0,16,0,1
38,0,6,0,0,0,0,0,1,0,1
246,36,32,0,0,0,0,0,3,0,1
130,10,29,1,1,2,1,0,0,2,1
269,39,42,0,0,0,0,0,2,0,1
77,4,21,0,0,2,1,0,0,2,1
95,20,17,0,0,0,0,0,0,2,1
124,15,24,0,0,0,0,0,0,1,1
94,20,17,0,0,0,0,0,0,2,1
233,42,36,0,0,0,0,0,1,0,1
88,20,17,0,0,0,0,0,1,2,1
107,20,18,0,0,0,0,0,0,2,1
86,10,14,0,0,0,0,0,1,1,1
291,44,46,0,0,0,0,0,4,1,1
195,1,40,0,0,0,0,0,2,0,1
85,20,14,0,0,0,0,0,1,2,1
979,3,201,0,0,0,0,0,13,0,1
54,3,9,0,0,0,0,0,0,0,1
33,5,4,0,0,0,0,0,1,0,1
95,20,18,0,0,0,0,0,0,2,1
98,0,25,0,0,2,1,0,0,1,1
93,20,16,0,0,0,0,0,1,2,1
382,4,123,0,0,0,0,0,2,0,1
343,0,66,0,0,0,0,0,4,0,1
173,2,48,1,1,2,1,0,1,1,1
3290,719,1132,0,0,0,0,0,2,10,1
1062,1,220,0,0,0,0,0,10,0,1
575,14,173,2,2,0,0,0,2,0,1
93,7,19,0,0,2,1,0,1,1,1
931,4,196,0,0,0,0,0,16,0,1
179,20,41,1,1,2,1,0,0,3,1
130,7,28,1,1,0,0,0,0,3,1
57,1,8,0,0,0,0,0,0,0,1
1296,6,277,0,0,0,0,0,16,0,1
100,19,17,0,0,0,0,0,1,2,1
576,80,111,5,5,1,1,0,9,4,1
981,4,211,0,0,0,0,0,15,0,1
82,11,25,2,2,2,0,0,0,0,1
6064,16,1204,0,0,0,0,0,83,0,1
104,20,18,0,0,0,0,0,0,2,1
129,4,23,1,1,2,1,0,0,2,1
254,6,47,2,2,2,0,0,0,2,1
99,20,16,0,0,0,0,0,0,2,1
140,9,24,0,0,0,0,0,0,3,1
122,13,24,0,0,0,0,0,0,1,1
130,22,29,1,1,2,1,0,0,1,1
231,0,52,0,0,0,0,0,5,0,1
47,7,10,0,0,0,0,0,1,0,1
397,0,78,0,0,0,0,0,4,0,1
635,4,130,0,0,0,0,0,10,0,1
296,42,44,0,0,0,0,0,4,1,1
123,13,25,1,1,2,1,0,0,1,1
81,20,15,0,0,0,0,0,0,2,1
70,3,16,0,0,0,1,0,0,1,1
73,0,14,0,0,0,0,0,0,2,1
252,40,59,2,2,1,1,0,1,2,1
997,17,254,2,2,6,0,0,9,14,1
97,20,16,0,0,0,0,0,0,2,1
169,2,47,1,1,2,1,0,1,2,1
112,20,20,0,0,0,0,0,1,2,1
527,0,118,0,0,0,0,0,5,0,1
117,13,22,0,0,0,0,0,0,1,1
859,45,308,4,4,2,0,0,3,0,1
1254,8,267,0,0,0,0,0,13,0,1
120,0,33,0,0,2,1,0,1,2,1
331,44,50,0,0,0,0,0,4,1,1
246,42,33,0,0,0,0,0,1,0,1
95,20,17,0,0,0,0,0,2,2,1
100,21,19,0,0,0,0,0,0,2,1
190,2,49,1,1,2,1,0,0,2,1
55,3,8,0,0,0,0,0,0,0,1
159,7,39,1,1,0,1,0,0,2,1
751,1,147,0,0,0,0,0,5,0,1
88,7,18,0,0,2,1,0,1,1,1
303,45,47,0,0,0,0,0,3,1,1
115,9,18,0,0,0,0,0,0,1,1
42,7,9,0,0,0,0,0,1,0,1
107,14,24,0,0,2,1,0,0,2,1
602,0,117,0,0,0,0,0,11,0,1
1358,25,296,0,0,0,0,0,16,0,1
91,10,16,0,0,0,0,0,2,1,1
92,0,25,0,0,2,1,0,0,2,1
1553,4,326,0,0,0,0,0,21,0,1
106,7,27,1,1,2,1,0,0,2,1
2100,5,436,0,0,0,0,0,40,0,1
86,10,14,0,0,0,0,0,1,1,1
545,2,114,0,0,0,0,0,12,0,1
116,21,19,0,0,0,0,0,0,2,1
643,2,130,0,0,0,0,0,6,0,1
250,14,60,2,2,0,0,0,1,2,1
76,1,20,1,1,2,1,0,0,0,1
91,10,16,0,0,0,0,0,2,1,1
107,8,26,0,0,0,0,0,0,3,1
205,36,47,1,1,0,1,1,2,2,1
275,90,58,2,2,1,1,0,0,1,1
681,0,145,0,0,0,0,0,10,0,1
61,7,13,0,0,0,0,0,0,0,1
84,22,16,0,0,0,0,0,0,2,1
91,20,19,0,0,0,0,0,1,2,1
114,0,30,0,0,2,1,0,0,1,1
147,25,29,0,0,0,0,0,0,2,1
105,12,29,1,1,0,0,0,0,2,1
89,19,16,0,0,0,0,0,1,2,1
38,7,10,0,0,0,0,0,0,0,1
85,19,15,0,0,0,0,0,0,2,1
634,8,131,0,0,0,0,0,6,0,1
122,11,27,1,1,2,1,0,1,2,1
13063,14,5233,41,42,10,0,0,128,0,1
80,20,15,0,0,0,0,0,0,2,1
290,1,65,0,0,0,0,0,3,0,1
421,2,99,2,2,3,0,0,0,0,1
386,233,46,3,2,1,0,0,1,0,1
245,38,35,0,0,0,0,0,2,0,1
89,20,15,0,0,0,0,0,0,2,1
531,4,104,0,0,0,0,0,4,0,1
63,8,12,0,0,0,0,0,0,0,1
398,57,88,3,3,2,1,0,5,5,1
350,41,72,3,3,10,5,0,0,1,1
96,22,17,0,0,0,0,0,0,2,1
123,11,30,1,1,2,1,0,0,2,1
90,2,21,2,3,2,1,0,0,1,1
1577,16,340,0,0,1,0,0,18,0,1
143,20,36,1,1,2,1,0,0,2,1
319,8,87,2,2,8,3,0,2,1,1
182,2,49,1,1,2,1,0,1,2,1
36,7,9,0,0,0,0,0,0,0,1
13376,58,4337,49,49,0,6,0,149,2,1
97,8,21,0,0,2,1,0,0,1,1
57,0,12,0,0,0,0,0,1,2,1
202,6,41,1,1,2,1,0,2,2,1
81,7,17,0,0,2,1,0,0,1,1
194,30,30,0,0,2,0,0,0,1,1
54,3,9,0,0,0,0,0,1,0,1
181,7,55,1,1,2,1,0,0,1,1
247,40,35,0,0,0,0,0,1,0,1
139,0,35,1,1,1,1,0,3,2,1
106,20,19,0,0,0,0,0,0,2,1
122,20,20,0,0,0,0,0,0,2,1
84,19,14,0,0,0,0,0,0,2,1
75,13,26,3,2,0,0,0,0,0,1
38,5,6,0,0,0,0,0,2,0,1
121,0,29,0,0,2,1,0,1,2,1
149,15,31,1,1,2,1,0,0,2,1
164,25,37,1,1,0,0,0,2,1,1
51,2,8,0,0,0,0,0,0,0,1
113,21,28,1,1,2,1,0,0,2,1
110,21,20,0,0,0,0,0,1,2,1
58,2,8,0,0,0,0,0,0,0,1
319,6,70,0,0,0,0,0,1,0,1
1177,10,249,0,0,0,0,0,21,0,1
306,48,42,0,0,0,0,0,2,1,1
102,20,18,0,0,0,0,0,1,2,1
117,1,33,0,0,2,1,0,2,1,1
88,1,24,0,0,2,1,0,0,2,1
169,2,47,1,1,2,1,0,2,2,1
120,12,22,0,0,0,0,0,0,1,1
33,5,4,0,0,0,0,0,1,0,1
307,41,46,0,0,0,0,0,3,1,1
231,39,35,0,0,0,0,0,1,0,1
310,42,45,0,0,0,0,0,4,1,1
1297,0,248,0,0,0,0,0,18,0,1
60,7,12,0,0,0,0,0,0,0,1
90,20,15,0,0,0,0,0,0,2,1
105,19,22,0,1,1,0,0,0,0,1
258,41,38,0,0,0,0,0,3,0,1
101,14,23,0,0,2,1,0,0,2,1
87,20,17,0,0,0,0,0,0,2,1
108,20,20,0,0,0,0,0,0,2,1
118,6,18,0,0,0,0,0,0,1,1
91,10,16,0,0,0,0,0,2,1,1
264,40,35,0,0,0,0,0,2,0,1
81,20,15,0,0,0,0,0,0,2,1
98,0,28,0,0,2,1,0,0,2,1
86,10,14,0,0,0,0,0,1,1,1
594,7,129,0,0,0,0,0,8,0,1
112,9,18,0,0,0,0,0,0,1,1
91,20,15,0,0,0,0,0,0,2,1
91,11,22,0,0,2,1,0,0,2,1
743,0,158,0,0,0,0,0,7,0,1
166,6,37,1,1,2,1,0,0,2,1
448,0,83,0,0,0,0,0,6,0,1
247,39,36,0,0,0,0,0,3,0,1
304,139,98,2,2,0,0,0,0,1,1
185,7,56,1,1,2,1,0,0,2,1
188,2,51,1,1,2,1,0,0,2,1
128,12,29,1,1,1,1,0,1,1,1
93,7,26,2,3,2,1,0,0,1,1
211,2,53,1,1,2,1,0,0,1,1
194,8,43,1,1,2,0,0,0,2,1
239,39,38,0,0,0,0,0,2,0,1
112,7,24,1,1,1,1,0,0,2,1
147,4,32,1,1,2,1,0,1,2,1
1114,1,220,0,0,0,0,0,14,0,1
98,22,18,0,0,0,0,0,0,2,1
104,4,28,0,0,2,1,0,0,1,1
251,14,59,2,2,0,0,0,0,3,1
90,4,18,0,0,2,1,0,1,2,1
121,13,22,0,0,0,0,0,0,1,1
57,6,8,0,0,0,0,0,1,0,1
95,20,16,0,0,0,0,0,1,2,1
90,0,17,0,0,0,0,0,0,0,1
62,4,9,0,0,0,0,0,0,0,1
315,44,49,0,0,0,0,0,2,1,1
92,20,17,0,0,0,0,0,0,2,1
54,1,8,0,0,0,0,0,0,0,1
105,0,25,0,0,2,1,0,1,2,1
90,20,18,0,0,0,0,0,0,2,1
105,20,20,0,0,0,0,0,1,2,1
101,19,17,0,0,0,0,0,1,2,1
1563,7,333,0,0,0,0,0,25,0,1
297,39,42,0,0,0,0,0,2,1,1
260,14,59,2,2,0,0,0,0,3,1
85,0,22,0,0,0,0,0,0,0,1
90,7,20,0,0,2,1,0,0,2,1
73,20,13,0,0,0,0,0,0,2,1
234,45,49,2,2,2,1,0,0,2,1
89,20,16,0,0,0,0,0,1,2,1
118,10,26,1,1,0,0,0,0,2,1
192,3,54,1,1,2,1,0,0,2,1
246,40,51,2,2,2,1,0,0,2,1
645,8,136,0,0,0,0,0,10,0,1
72,8,50,0,0,0,0,0,0,0,1
85,10,19,0,0,2,1,0,0,1,1
113,6,18,0,0,0,0,0,0,1,1
54,1,8,0,0,0,0,0,0,0,1
327,42,46,0,0,0,0,0,2,1,1
165,1,40,1,1,2,1,0,0,2,1
176,18,41,1,1,2,1,0,1,2,1
247,36,36,0,0,0,0,0,2,0,1
291,43,43,0,0,0,0,0,3,1,1
150,16,30,1,1,2,1,0,1,2,1
91,10,16,0,0,0,0,0,2,1,1
79,20,14,0,0,0,0,0,0,2,1
76,20,13,0,0,0,0,0,0,2,1
135,0,35,0,0,0,0,0,2,0,1
91,10,16,0,0,0,0,0,2,1,1
118,11,18,0,0,0,0,0,0,1,1
2194,14,470,0,0,0,0,0,39,0,1
88,20,16,0,0,0,0,0,0,2,1
446,27,88,3,3,1,0,0,2,3,1
95,2,30,0,0,3,1,0,0,2,1
91,19,17,0,0,0,0,0,0,2,1
295,47,43,0,0,0,0,0,1,1,1
257,4,49,0,0,0,0,0,3,0,1
202,4,51,1,1,2,1,0,0,2,1
56,1,9,0,0,0,0,0,0,0,1
187,28,39,1,1,2,1,0,0,2,1
95,20,17,0,0,0,0,0,0,2,1
84,20,15,0,0,0,0,0,0,2,1
112,22,20,0,0,0,0,0,0,2,1
116,12,22,0,0,0,0,0,0,1,1
88,3,26,0,0,2,1,0,0,1,1
299,45,44,0,0,0,0,0,2,1,1
128,14,27,1,1,2,1,0,0,1,1
140,20,25,0,0,0,0,0,0,2,1
309,42,46,0,0,0,0,0,2,1,1
105,0,26,0,0,2,1,0,0,2,1
118,9,21,0,0,0,0,0,0,1,1
280,44,42,0,0,0,0,0,1,1,1
157,16,33,1,1,2,1,0,2,2,1
108,0,32,0,0,2,1,0,0,2,1
83,20,15,0,0,0,0,0,0,2,1
128,21,28,1,1,2,1,0,1,1,1
141,0,35,1,1,3,1,0,0,1,1
312,48,45,0,0,0,0,0,3,1,1
125,0,30,0,0,0,0,0,1,0,1
91,14,22,0,0,2,1,0,0,2,1
128,0,25,0,0,0,0,0,0,0,1
265,36,36,0,0,0,0,0,3,0,1
165,17,37,0,0,2,1,0,0,2,1
251,14,60,2,2,0,0,0,0,3,1
42,0,9,0,0,0,0,0,0,0,1
110,2,27,0,0,2,1,0,0,2,1
563,1,123,0,0,0,0,0,7,0,1
179,30,39,1,1,2,1,0,2,3,1
92,20,16,0,0,0,0,0,0,2,1
306,46,46,0,0,0,0,0,2,1,1
100,10,26,0,0,0,1,0,0,1,1
103,20,18,0,0,0,0,0,0,2,1
75,20,14,0,0,0,0,0,1,2,1
1095,0,218,0,0,0,0,0,26,0,1
81,19,14,0,0,0,0,0,0,2,1
117,9,18,0,0,0,0,0,0,1,1
65,0,11,0,0,0,0,0,0,2,1
115,6,19,0,0,0,0,0,0,1,1
23,0,5,0,0,0,0,0,0,0,1
86,10,14,0,0,0,0,0,1,1,1
106,0,29,0,0,2,1,0,0,2,1
297,56,66,2,2,3,1,0,0,1,1
290,42,43,0,0,0,0,0,1,1,1
100,20,20,0,0,0,0,0,0,2,1
70,3,17,0,0,0,0,0,0,3,1
631,2,132,0,0,0,0,0,14,0,1
97,19,17,0,0,0,0,0,1,2,1
95,20,17,0,0,0,0,0,0,2,1
120,0,30,0,0,2,1,0,0,2,1
112,6,18,0,0,0,0,0,0,1,1
1008,4,202,0,0,0,0,0,18,0,1
130,11,29,1,1,2,2,0,0,2,1
84,20,16,0,0,0,0,0,0,2,1
141,23,34,1,1,2,0,0,1,1,1
83,19,16,0,0,0,0,0,0,2,1
112,19,20,0,0,0,0,0,0,2,1
287,0,59,0,0,0,0,0,6,0,1
104,20,17,0,0,0,0,0,1,2,1
90,20,16,0,0,0,0,0,0,2,1
94,19,16,0,0,0,0,0,0,2,1
283,42,42,0,0,0,0,0,2,1,1
922,8,283,0,0,0,0,0,8,1,1
91,10,16,0,0,0,0,0,2,1,1
106,0,28,0,0,2,1,0,0,1,1
644,4,145,0,0,0,0,0,14,0,1
260,43,38,0,0,0,0,0,1,0,1
301,48,43,0,0,0,0,0,2,1,1
2877,168,926,10,4,3,0,0,3,0,1
117,13,22,0,0,0,0,0,0,1,1
1090,6,230,0,0,0,0,0,23,0,1
1366,13,326,0,0,0,0,0,16,0,1
590,0,124,0,0,0,0,0,10,0,1
50,8,11,0,0,0,0,0,0,0,1
58,1,8,0,0,0,0,0,2,0,1
117,7,18,0,0,0,0,0,1,1,1
248,41,38,0,0,0,0,0,1,0,1
1018,4,333,0,0,0,0,0,7,4,1
282,44,41,0,0,0,0,0,3,0,1
97,20,17,0,0,0,0,0,1,2,1
107,0,28,0,0,2,1,0,2,2,1
1121,0,231,0,0,0,0,0,11,0,1
135,13,30,1,1,2,1,0,1,2,1
123,19,28,1,1,1,1,0,0,2,1
1039,2,346,1,1,0,1,0,7,0,1
81,20,14,0,0,0,0,0,0,2,1
98,13,20,0,0,2,1,0,0,1,1
81,19,14,0,0,0,0,0,0,2,1
497,2,104,0,0,0,0,0,5,0,1
40,0,6,0,0,0,0,0,1,0,1
101,20,18,0,0,0,0,0,0,2,1
248,41,34,0,0,0,0,0,1,0,1
545,2,110,0,0,0,0,0,8,0,1
236,43,34,0,0,0,0,0,3,0,1
116,12,22,0,0,0,0,0,0,1,1
168,29,43,1,1,2,1,0,1,1,1
90,20,15,0,0,0,0,0,0,2,1
304,6,69,0,0,0,0,0,4,0,1
118,11,18,0,0,0,0,0,0,1,1
38,3,7,1,0,0,0,0,0,0,1
97,20,17,0,0,0,0,0,0,2,1
82,1,16,0,0,0,0,0,2,2,1
119,12,28,1,1,1,1,0,1,1,1
153,20,31,1,1,0,0,0,1,1,1
80,19,15,0,0,0,0,0,0,2,1
639,3,135,0,0,0,0,0,9,0,1
33,5,4,0,0,0,0,0,1,0,1
111,16,24,1,1,1,1,0,0,2,1
117,6,18,0,0,0,0,0,0,1,1
83,10,16,0,0,2,1,0,1,1,1
60,3,9,0,0,0,0,0,0,0,1
310,39,44,0,0,0,0,0,4,1,1
283,8,68,2,2,2,1,0,0,2,1
94,20,16,0,0,0,0,0,0,2,1
259,35,34,0,0,0,0,0,1,0,1
94,20,17,0,0,0,0,0,0,2,1
175,2,50,1,1,2,1,0,0,2,1
99,24,16,0,0,0,0,0,0,2,1
89,20,15,0,0,0,0,0,0,2,1
98,0,27,0,0,1,0,0,0,3,1
94,6,18,0,0,1,1,0,0,2,1
42,0,8,0,0,0,0,0,0,0,1
298,45,44,0,0,0,0,0,2,1,1
170,2,47,1,1,2,1,0,1,2,1
70,19,13,0,0,0,0,0,0,2,1
199,2,55,1,1,1,1,0,0,2,1
1215,17,252,0,0,0,0,0,16,0,1
52,1,8,0,0,0,0,0,0,0,1
872,5,178,0,0,0,0,0,10,0,1
114,6,18,0,0,0,0,0,0,1,1
116,12,22,0,0,0,0,0,0,1,1
336,0,72,0,0,0,0,0,3,0,1
87,21,16,0,0,0,0,0,1,2,1
320,7,79,2,2,8,2,0,1,2,1
80,20,16,0,0,0,0,0,0,2,1
190,2,51,1,1,2,1,0,0,2,1
306,45,45,0,0,0,0,0,1,1,1
107,5,26,0,0,2,1,0,0,1,1
151,14,33,1,1,2,1,0,0,2,1
128,25,24,0,0,0,0,0,1,2,1
130,14,29,1,1,2,1,0,0,2,1
149,9,32,1,1,2,1,0,1,2,1
227,44,34,0,0,0,0,0,2,0,1
182,2,49,1,1,2,1,0,0,1,1
85,3,24,0,0,2,1,0,1,1,1
124,20,20,0,0,0,0,0,2,2,1
119,11,22,0,0,0,0,0,0,1,1
88,20,17,0,0,0,0,0,0,2,1
101,0,30,0,0,2,1,0,0,2,1
113,15,26,1,1,1,1,0,0,2,1
239,42,38,0,0,0,0,0,2,0,1
100,21,20,0,0,0,0,0,1,2,1
733,9,155,0,0,0,0,0,14,0,1
170,9,33,1,1,2,1,0,1,2,1
124,15,24,0,0,0,0,0,0,1,1
745,8,149,0,0,0,0,0,13,0,1
72,0,13,0,0,0,0,0,1,0,1
106,14,23,1,1,2,1,0,0,2,1
156,8,31,1,1,1,1,0,0,1,1
338,0,66,0,0,0,0,0,4,0,1
631,0,123,0,0,0,0,0,10,0,1
94,21,16,0,0,0,0,0,1,2,1
61,5,8,0,0,0,0,0,0,0,1
240,36,32,0,0,0,0,0,1,0,1
241,5,46,2,2,2,0,0,1,2,1
196,41,43,1,1,2,1,0,0,1,1
259,41,38,0,0,0,0,0,3,0,1
38,5,6,0,0,0,0,0,2,0,1
255,42,39,0,0,0,0,0,3,0,1
83,12,17,0,0,2,1,0,1,2,1
120,24,23,0,0,0,0,0,0,2,1
85,20,15,0,0,0,0,0,2,2,1
107,26,27,0,0,0,1,0,0,2,1
7818,25,1846,3,4,0,0,0,47,4,1
92,20,19,0,0,0,0,0,0,2,1
121,13,22,0,0,0,0,0,0,1,1
3050,34,681,0,0,0,0,0,35,0,1
193,22,47,1,1,2,1,0,0,1,1
198,2,55,1,1,1,1,0,0,2,1
47,6,10,0,0,0,0,0,0,0,1
166,6,32,2,2,4,0,0,1,1,1
65,3,15,1,1,1,0,0,0,0,1
86,19,16,0,0,0,0,0,0,2,1
91,19,17,0,0,0,0,0,0,2,1
241,40,35,0,0,0,0,0,1,0,1
204,1,51,1,1,3,1,0,1,5,1
130,6,27,1,1,2,1,0,1,1,1
949,1,189,0,0,0,0,0,11,0,1
93,20,16,0,0,0,0,0,0,2,1
824,2,245,0,0,1,0,0,2,0,1
124,35,24,1,1,2,1,0,1,1,1
98,1,28,0,0,2,1,0,0,2,1
80,19,14,0,0,0,0,0,0,2,1
870,2,187,0,0,0,0,0,13,0,1
159,24,35,0,0,1,1,0,0,3,1
307,48,48,0,0,0,0,0,1,1,1
54,2,9,0,0,0,0,0,0,0,1
129,10,27,1,1,2,1,0,1,2,1
12,0,1,0,0,0,0,0,0,0,1
253,61,67,2,2,3,2,0,0,2,1
159,10,34,1,1,2,0,0,0,2,1
109,19,19,0,0,0,0,0,1,2,1
103,20,18,0,0,0,0,0,0,2,1
118,20,23,0,0,0,0,0,0,2,1
163,8,32,1,1,2,1,0,1,2,1
90,20,18,0,0,0,0,0,0,2,1
211,10,40,1,1,2,1,0,3,1,1
151,2,39,1,1,2,1,0,1,2,1
2059,9,435,0,0,0,0,0,32,0,1
106,3,26,0,0,2,1,0,0,2,1
319,40,48,0,0,0,0,0,2,1,1
100,19,17,0,0,0,0,0,0,2,1
1409,2,293,0,0,0,0,0,27,0,1
108,20,19,0,0,0,0,0,0,2,1
689,18,160,0,0,0,0,0,11,0,1
202,41,46,1,1,2,0,0,1,3,1
225,1,49,4,4,6,0,0,1,1,1
307,44,46,0,0,0,0,0,4,1,1
92,19,17,0,0,0,0,0,1,2,1
252,2,56,0,0,0,0,0,4,0,1
818,199,201,7,7,1,1,0,1,3,1
55,4,8,0,0,0,0,0,0,0,1
88,20,17,0,0,0,0,0,0,2,1
12573,45,2662,0,0,0,0,0,180,0,1
86,19,16,0,0,0,0,0,1,2,1
331,44,50,0,0,0,0,0,4,1,1
286,1,63,0,0,0,0,0,3,0,1
105,20,19,0,0,0,0,0,0,2,1
93,2,27,0,0,2,1,0,0,2,1
115,17,26,1,1,0,0,0,2,2,1
65,2,22,3,3,0,1,0,0,0,1
98,9,22,0,0,2,1,0,0,1,1
328,7,80,2,2,8,2,0,1,3,1
243,41,34,0,0,0,0,0,1,0,1
456,1,93,0,0,0,0,0,10,0,1
536,68,122,4,4,4,1,0,1,2,1
107,0,16,0,0,0,0,0,1,0,1
163,5,34,1,1,3,1,0,2,2,1
281,1,66,0,0,0,0,0,2,0,1
124,1,32,0,0,2,1,0,1,1,1
327,56,49,0,0,2,1,0,1,0,1
81,20,15,0,0,0,0,0,0,2,1
80,20,14,0,0,0,0,0,0,2,1
128,2,52,0,1,1,0,0,0,0,1
95,0,27,0,0,2,1,0,0,2,1
190,2,49,1,1,2,1,0,0,2,1
294,43,43,0,0,0,0,0,1,1,1
192,4,49,1,1,2,1,0,0,1,1
120,0,29,0,0,2,1,0,0,1,1
431,56,113,3,3,0,0,0,1,3,1
121,14,19,0,0,0,0,0,0,1,1
419,57,98,3,3,4,2,0,0,2,1
291,40,41,0,0,0,0,0,2,1,1
54,5,8,0,0,0,0,0,0,0,1
81,20,15,0,0,0,0,0,0,2,1
99,16,21,0,0,2,1,0,0,1,1
1026,0,207,0,0,0,0,0,9,0,1
94,19,16,0,0,0,0,0,1,2,1
115,11,18,0,0,0,0,0,0,1,1
129,10,31,1,1,2,1,0,1,2,1
115,12,25,1,1,2,1,0,1,2,1
436,65,94,4,4,2,1,0,6,5,1
163,21,38,1,1,2,1,0,0,2,1
107,20,19,0,0,0,0,0,1,2,1
384,2,77,0,0,0,0,0,3,0,1
99,20,19,0,0,0,0,0,0,2,1
152,20,35,1,1,3,0,0,0,2,1
250,39,35,0,0,0,0,0,1,0,1
1014,7,226,0,0,0,0,0,19,0,1
219,5,40,1,1,2,0,0,1,3,1
150,0,41,1,1,0,0,0,0,2,1
113,20,20,0,0,0,0,0,2,2,1
116,12,22,0,0,0,0,0,0,1,1
105,0,29,0,0,2,1,0,0,2,1
1287,4,265,0,0,0,0,0,14,0,1
93,20,16,0,0,0,0,0,0,2,1
94,13,20,0,0,2,1,0,1,2,1
76,7,19,2,2,3,0,0,0,0,1
110,6,18,0,0,0,0,0,0,1,1
232,35,48,2,2,0,0,0,2,2,1
88,20,15,0,0,0,0,0,0,2,1
109,0,29,0,0,2,1,0,1,2,1
239,37,37,0,0,0,0,0,4,0,1
87,20,15,0,0,0,0,0,1,2,1
199,1,52,1,1,3,2,0,0,2,1
86,10,14,0,0,0,0,0,1,1,1
332,2,76,0,0,0,0,0,7,0,1
109,17,27,1,1,0,1,0,0,2,1
88,20,15,0,0,0,0,0,0,2,1
150,4,35,1,1,3,1,0,1,2,1
111,2,30,0,0,2,1,0,0,2,1
838,0,165,0,0,0,0,0,13,0,1
821,1,166,0,0,0,0,0,16,0,1
91,0,16,0,0,0,0,0,1,0,1
156,3,40,1,1,2,1,0,0,2,1
675,2,137,0,0,0,0,0,7,0,1
33,5,4,0,0,0,0,0,1,0,1
1456,3,311,0,0,0,0,0,26,0,1
132,0,31,1,1,2,1,0,0,1,1
110,9,18,0,0,0,0,0,0,1,1
102,24,20,0,0,0,0,0,1,2,1
90,20,16,0,0,0,0,0,0,2,1
178,4,49,1,1,2,1,0,0,2,1
116,0,31,0,0,2,1,0,1,2,1
95,13,22,0,0,1,0,0,0,3,1
237,39,34,0,0,0,0,0,4,0,1
105,0,27,0,0,0,0,0,2,0,1
117,15,31,1,1,2,1,0,3,1,1
436,5,95,0,0,0,0,0,7,0,1
112,21,18,0,0,0,0,0,0,2,1
90,9,16,0,0,0,0,0,2,1,1
2148,74,677,4,1,0,0,0,10,0,1
98,20,19,0,0,0,0,0,0,2,1
111,7,26,1,1,1,1,0,0,1,1
1092,3,223,0,0,0,0,0,10,0,1
133,19,32,1,1,2,1,0,0,2,1
166,17,37,1,1,2,1,0,1,1,1
98,14,19,0,0,2,1,0,0,2,1
85,0,16,0,0,1,0,0,0,1,1
90,20,16,0,0,0,0,0,0,2,1
97,20,16,0,0,0,0,0,0,2,1
139,0,26,0,0,0,0,0,3,0,1
838,124,155,7,7,5,3,0,2,5,1
188,6,50,1,1,2,1,0,0,2,1
254,14,59,2,2,0,0,0,0,3,1
1572,5,319,0,0,0,0,0,31,0,1
86,10,14,0,0,0,0,0,1,1,1
85,20,15,0,0,0,0,0,0,2,1
91,10,16,0,0,0,0,0,2,1,1
88,0,20,0,0,0,0,0,0,3,1
201,11,42,1,1,0,0,0,0,4,1
327,45,50,0,0,0,0,0,1,1,1
96,9,22,0,0,2,1,0,0,2,1
427,0,91,0,0,0,0,0,7,0,1
109,1,25,0,0,2,1,0,0,1,1
304,50,45,0,0,0,0,0,2,1,1
118,6,19,0,0,0,0,0,0,1,1
168,2,43,1,1,2,1,0,1,2,1
99,20,18,0,0,0,0,0,0,2,1
904,2,192,0,0,0,0,0,11,0,1
194,35,47,1,1,3,1,0,0,1,1
79,19,14,0,0,0,0,0,0,2,1
79,19,15,0,0,0,0,0,0,2,1
142,20,32,1,1,2,1,0,0,2,1
79,1,24,0,0,2,1,0,0,2,1
641,0,136,0,0,0,0,0,9,0,1
83,20,18,0,0,0,0,0,0,2,1
131,0,34,1,1,2,1,0,0,2,1
137,0,35,1,1,1,1,0,0,1,1
247,35,31,0,0,0,0,0,2,0,1
88,6,20,0,0,2,1,0,0,1,1
107,20,18,0,0,0,0,0,2,2,1
459,4,92,0,0,0,0,0,5,0,1
221,1,53,1,1,2,1,0,2,5,1
131,7,32,1,1,2,1,0,1,2,1
235,39,32,0,0,0,0,0,4,0,1
192,26,43,1,1,2,1,0,1,2,1
287,41,44,0,0,0,0,0,1,1,1
60,1,8,0,0,0,0,0,1,0,1
97,0,25,0,0,2,1,0,0,1,1
723,0,150,0,0,0,0,0,15,0,1
165,23,41,1,1,4,2,0,0,2,1
2231,1,429,0,0,0,0,0,29,0,1
207,40,46,1,1,0,0,0,0,2,1
289,46,46,0,0,0,0,0,3,1,1
16992,62,5506,0,1,0,0,3,245,2,1
79,20,14,0,0,0,0,0,0,2,1
38,5,6,0,0,0,0,0,2,0,1
95,20,22,0,0,2,1,0,0,2,1
100,19,17,0,0,0,0,0,0,2,1
930,10,189,0,0,0,0,0,11,0,1
84,20,15,0,0,0,0,0,0,2,1
88,19,16,0,0,0,0,0,0,2,1
61,0,13,0,0,0,0,0,0,2,1
156,4,38,1,1,3,1,0,0,1,1
99,9,26,0,0,2,0,0,0,2,1
761,4,160,0,0,0,0,0,6,0,1
632,2,123,0,0,0,0,0,4,0,1
73,19,13,0,0,0,0,0,0,2,1
90,20,16,0,0,0,0,0,0,2,1
205,18,37,1,1,0,0,0,1,1,1
138,7,27,1,1,3,1,0,0,2,1
220,0,42,0,0,0,0,0,4,0,1
93,20,16,0,0,0,0,0,0,2,1
78,19,15,0,0,0,0,0,0,2,1
129,1,31,1,1,2,1,0,2,2,1
91,10,16,0,0,0,0,0,2,1,1
216,37,47,2,2,2,1,0,1,2,1
169,3,47,1,1,2,1,0,1,2,1
819,0,162,0,0,0,0,0,9,0,1
91,10,16,0,0,0,0,0,2,1,1
126,15,28,1,1,2,0,0,0,1,1
92,20,15,0,0,0,0,0,0,2,1
39,7,9,0,0,0,0,0,0,0,1
243,39,32,0,0,0,0,0,3,0,1
864,3,190,0,0,0,0,0,10,0,1
111,20,20,0,0,0,0,0,1,2,1
123,14,24,0,0,0,0,0,0,1,1
254,45,37,0,0,0,0,0,1,0,1
196,8,99,1,1,2,1,0,0,2,1
128,5,34,1,1,1,0,0,1,3,1
140,1,37,1,1,1,1,0,1,2,1
88,20,16,0,0,0,0,0,1,2,1
285,44,43,0,0,0,0,0,4,1,1
117,15,30,1,1,0,0,0,1,1,1
93,20,18,0,0,0,0,0,0,2,1
41,0,8,0,0,0,0,0,0,0,1
78,20,15,0,0,0,0,0,1,2,1
167,2,42,1,1,2,0,0,0,1,1
70,8,45,0,0,0,0,0,0,0,1
1123,3,252,0,0,0,0,0,11,0,1
241,38,33,0,0,0,0,0,1,0,1
516,1,105,0,0,0,0,0,6,0,1
804,7,190,0,0,0,0,0,9,0,1
210,25,57,1,1,2,1,0,0,2,1
642,15,139,0,0,0,0,0,11,0,1
86,13,18,0,0,2,1,0,2,1,1
151,5,39,0,0,0,0,0,1,0,1
239,43,33,0,0,0,0,0,1,0,1
812,2,165,0,0,0,0,0,12,0,1
91,10,16,0,0,0,0,0,2,1,1
94,20,17,0,0,0,0,0,1,2,1
104,0,29,0,0,2,1,0,1,2,1
1076,6,235,0,0,0,0,0,21,0,1
117,13,22,0,0,0,0,0,0,1,1
93,0,29,4,4,3,0,0,1,1,1
142,2,35,1,1,0,1,0,1,2,1
98,7,24,0,0,2,1,0,0,2,1
383,0,75,0,0,0,0,0,8,0,1
150,19,32,1,1,3,0,0,0,2,1
108,4,27,0,0,2,1,0,0,1,1
113,7,19,0,0,0,0,0,0,1,1
57,6,8,0,0,0,0,0,0,0,1
90,9,16,0,0,0,0,0,2,1,1
97,0,29,0,0,2,1,0,0,2,1
252,14,59,2,2,0,0,0,0,2,1
86,20,15,0,0,0,0,0,0,2,1
123,22,20,0,0,0,0,0,0,2,1
114,18,25,1,1,1,1,0,0,1,1
149,1,30,0,0,0,0,0,3,0,1
97,7,23,0,0,2,1,0,0,2,1
84,20,15,0,0,0,0,0,0,2,1
103,8,21,0,0,2,1,0,0,2,1
143,25,31,1,1,2,1,0,0,1,1
589,2,110,0,0,0,0,0,7,0,1
1862,2,384,0,0,0,0,0,29,0,1
92,20,15,0,0,0,0,0,0,2,1
146,19,31,1,1,0,0,0,1,2,1
191,4,50,1,1,1,1,0,1,2,1
41,0,10,0,0,0,0,0,0,0,1
172,2,48,1,1,2,1,0,1,2,1
92,0,19,0,0,0,0,0,2,0,1
133,26,32,1,1,2,1,0,0,2,1
788,7,156,0,0,0,0,0,10,0,1
135,0,34,1,1,2,1,0,0,2,1
99,10,26,0,0,2,1,0,0,2,1
247,0,48,0,0,0,0,0,2,0,1
393,57,87,3,3,2,1,0,4,5,1
100,7,23,0,0,0,0,0,2,3,1
302,45,45,0,0,0,0,0,2,1,1
370,2,117,0,1,0,0,0,6,0,1
86,11,19,0,0,2,1,0,1,1,1
121,13,22,0,0,0,0,0,0,1,1
253,12,47,2,2,2,0,0,3,2,1
111,9,26,0,0,2,1,0,0,2,1
33,5,4,0,0,0,0,0,1,0,1
153,19,35,1,1,2,1,0,0,2,1
874,1,184,0,0,0,0,0,9,0,1
112,6,18,0,0,0,0,0,0,1,1
105,1,30,0,0,2,1,0,0,2,1
953,13,194,0,0,0,0,0,15,0,1
115,11,22,0,0,0,0,0,0,1,1
286,41,63,2,2,3,2,0,0,2,1
163,30,37,1,1,2,1,0,0,1,1
101,20,17,0,0,0,0,0,0,2,1
167,2,47,1,1,2,1,0,0,2,1
91,20,16,0,0,0,0,0,0,2,1
61,7,13,0,0,0,0,0,1,0,1
258,14,60,2,2,0,0,0,0,2,1
43,8,9,0,0,0,0,0,0,0,1
222,4,50,1,1,2,1,0,0,2,1
85,20,15,0,0,0,0,0,0,2,1
37,7,9,0,0,0,0,0,0,0,1
1086,4,225,0,0,0,0,0,15,0,1
84,14,22,0,0,0,0,0,0,2,1
41,0,5,0,0,0,0,0,0,0,1
256,41,40,0,0,0,0,0,2,0,1
299,47,43,0,0,0,0,0,1,1,1
249,41,36,0,0,0,0,0,1,0,1
254,14,60,2,2,0,0,0,0,3,1
109,14,23,1,1,1,1,0,1,1,1
102,20,18,0,0,0,0,0,0,2,1
291,41,44,0,0,0,0,0,1,1,1
495,30,110,3,3,2,1,0,3,1,1
114,1,31,0,0,2,1,0,1,1,1
265,37,38,0,0,0,0,0,3,0,1
86,6,21,0,0,0,0,1,2,2,1
103,20,19,0,0,0,0,0,0,2,1
913,8,204,0,0,0,0,0,10,0,1
250,44,39,0,0,0,0,0,2,0,1
80,20,14,0,0,0,0,0,1,2,1
92,20,16,0,0,0,0,0,1,2,1
299,41,44,0,0,0,0,0,2,1,1
789,12,187,0,0,0,0,0,14,0,1
295,43,44,0,0,0,0,0,6,1,1
841,28,213,0,0,0,0,0,19,0,1
101,20,18,0,0,0,0,0,0,2,1
56,1,8,0,0,0,0,0,0,0,1
48,1,13,2,2,0,0,0,0,0,1
245,26,57,2,2,0,0,0,0,1,1
1867,11,608,0,0,3,0,0,4,3,1
90,9,16,0,0,0,0,0,2,1,1
55,2,11,0,0,0,0,0,2,0,1
463,4,91,0,0,0,0,0,5,0,1
84,20,15,0,0,0,0,0,0,2,1
98,23,18,0,0,0,0,0,0,2,1
89,20,17,0,0,0,0,0,0,2,1
456,7,139,0,0,0,0,0,2,2,1
96,20,17,0,0,0,0,0,1,2,1
124,15,24,0,0,0,0,0,0,1,1
1833,28,384,0,0,0,0,0,20,0,1
259,35,35,0,0,0,0,0,3,0,1
116,21,20,0,0,0,0,0,1,2,1
123,2,23,1,1,0,0,0,2,2,1
115,6,18,0,0,0,0,0,0,1,1
138,3,35,0,0,2,1,0,2,2,1
91,1,27,0,0,2,1,0,1,1,1
105,0,25,0,0,2,1,0,0,2,1
119,18,29,1,1,2,1,0,1,2,1
267,16,60,2,2,0,0,0,0,3,1
1242,3,274,0,0,0,0,0,20,0,1
150,15,31,1,1,2,0,0,1,1,1
125,11,29,1,1,2,1,0,0,2,1
193,2,43,1,1,1,1,0,1,3,1
61,10,9,0,0,0,0,0,0,0,1
100,20,18,0,0,0,0,0,2,2,1
120,0,31,0,0,2,1,0,1,2,1
305,45,49,0,0,0,0,0,1,1,1
260,14,60,2,2,0,0,0,0,3,1
91,9,18,0,0,2,1,0,0,2,1
111,16,26,1,1,0,0,0,0,1,1
118,0,29,0,0,2,1,0,0,2,1
100,0,27,0,0,2,1,0,0,1,1
167,0,33,0,0,0,0,0,1,0,1
35,7,9,0,0,0,0,0,0,0,1
228,34,30,0,0,0,0,0,1,0,1
91,10,16,0,0,0,0,0,2,1,1
96,4,19,0,0,2,1,0,0,1,1
1169,0,250,0,0,0,0,0,23,0,1
79,5,20,2,2,2,1,0,0,0,1
60,1,9,0,0,0,0,0,0,0,1
160,5,34,1,1,2,0,0,0,3,1
153,20,37,1,1,2,1,0,0,2,1
2076,0,430,0,0,0,0,0,30,0,1
316,41,45,0,0,0,0,0,2,1,1
131,4,32,1,1,2,1,0,0,1,1
945,0,197,0,0,0,0,0,15,0,1
59,0,16,1,1,0,0,1,1,0,1
1250,6,284,0,0,0,0,0,10,0,1
123,0,33,0,0,2,1,0,0,1,1
95,21,20,0,0,0,0,0,0,2,1
289,43,44,0,0,0,0,0,1,1,1
87,2,24,0,0,0,1,1,1,1,1
141,8,36,1,1,4,2,0,0,1,1
96,0,19,0,0,0,0,0,1,0,1
31,0,5,0,0,0,0,0,0,0,1
33,5,4,0,0,0,0,0,1,0,1
1020,8,206,0,0,0,0,0,22,0,1
331,6,82,2,2,8,2,0,1,3,1
255,39,36,0,0,0,0,0,1,0,1
283,0,59,0,0,0,0,0,2,0,1
259,0,51,0,0,0,0,0,4,0,1
841,0,169,0,0,0,0,0,11,0,1
88,19,16,0,0,0,0,0,0,2,1
106,4,21,1,1,2,1,0,0,1,1
122,5,33,0,0,2,1,0,0,2,1
935,2,193,0,0,0,0,0,16,0,1
60,7,13,0,0,0,0,0,1,0,1
917,4,193,0,0,0,0,0,11,0,1
80,3,17,0,0,0,0,0,0,1,1
241,37,33,0,0,0,0,0,2,0,1
92,20,15,0,0,0,0,0,0,2,1
248,14,59,2,2,0,0,0,0,3,1
79,20,14,0,0,0,0,0,0,2,1
331,47,89,3,3,3,5,0,0,1,1
80,20,13,0,0,0,0,0,0,2,1
45,6,11,0,0,0,0,0,0,0,1
256,14,61,2,2,0,0,0,0,2,1
46,7,10,0,0,0,0,0,0,0,1
140,1,33,1,1,2,1,0,0,1,1
45,6,10,0,0,0,0,0,0,0,1
193,30,43,1,1,2,0,0,0,2,1
87,20,15,0,0,0,0,0,0,2,1
1117,5,238,0,0,0,0,0,16,0,1
73,8,50,0,0,0,0,0,0,0,1
33,5,4,0,0,0,0,0,1,0,1
135,0,33,1,1,2,1,0,2,2,1
343,2,71,0,0,0,0,0,4,0,1
694,1,139,0,0,0,0,0,8,0,1
50,1,8,0,0,0,0,0,0,0,1
102,20,19,0,0,0,0,0,2,2,1
93,1,26,0,0,2,1,0,1,2,1
372,36,101,3,3,3,5,0,2,1,1
38,5,6,0,0,0,0,0,2,0,1
155,25,35,1,1,0,0,0,1,2,1
68,0,21,1,2,0,0,0,0,2,1
87,20,15,0,0,0,0,0,0,2,1
246,100,69,2,2,0,1,0,1,2,1
91,10,16,0,0,0,0,0,2,1,1
98,20,17,0,0,0,0,0,1,2,1
103,19,19,0,0,0,0,0,1,2,1
188,3,53,1,1,2,1,0,0,1,1
410,0,156,0,0,0,0,0,0,0,1
91,20,17,0,0,0,0,0,0,2,1
60,8,16,0,0,0,0,0,1,0,1
116,12,22,0,0,0,0,0,0,1,1
83,20,15,0,0,0,0,0,1,2,1
1860,9,383,0,0,0,0,0,30,0,1
1266,11,253,0,0,0,0,0,22,0,1
258,42,35,0,0,0,0,0,1,0,1
112,7,23,1,1,1,1,0,0,2,1
255,40,35,0,0,0,0,0,2,0,1
80,19,14,0,0,0,0,0,0,2,1
45,13,18,2,2,0,0,0,0,0,1
97,20,16,0,0,0,0,0,0,2,1
152,0,35,1,1,1,1,0,2,1,1
248,35,32,0,0,0,0,0,2,0,1
823,6,172,0,0,0,0,0,9,0,1
225,27,45,2,2,2,0,0,0,4,1
315,54,47,0,0,0,0,0,2,1,1
57,0,14,1,2,0,0,0,0,1,1
173,2,48,1,1,2,1,0,1,2,1
81,19,15,0,0,0,0,0,0,2,1
38,5,6,0,0,0,0,0,2,0,1
101,20,17,0,0,0,0,0,0,2,1
218,38,30,0,0,0,0,0,3,0,1
300,3,65,0,0,0,0,0,8,0,1
111,20,19,0,0,0,0,0,2,2,1
95,5,29,0,0,2,1,0,0,1,1
54,2,8,0,0,0,0,0,0,0,1
527,94,63,4,4,2,1,0,1,2,1
167,7,46,1,1,2,1,0,0,1,1
2418,17,485,0,0,0,0,0,32,0,1
53,5,8,0,0,0,0,0,0,0,1
111,0,29,0,0,2,1,0,1,2,1
299,3,68,0,0,0,0,0,3,0,1
164,30,36,1,1,2,1,0,0,1,1
107,20,19,0,0,0,0,0,0,2,1
828,11,161,0,0,0,0,0,16,0,1
108,3,26,0,0,2,1,0,0,2,1
89,7,20,0,0,2,1,0,0,1,1
283,58,57,2,2,2,1,0,0,2,1
125,0,29,1,1,2,1,0,0,2,1
126,9,32,1,1,2,0,0,1,2,1
118,0,29,0,0,2,1,0,1,2,1
124,15,24,0,0,0,0,0,0,1,1
109,20,19,0,0,0,0,0,0,2,1
760,9,223,0,1,0,0,0,4,0,1
112,20,19,0,0,0,0,0,0,2,1
99,0,27,0,0,2,1,0,1,1,1
519,0,104,0,0,0,0,0,5,0,1
113,20,22,0,0,0,0,0,0,2,1
1475,135,690,0,0,0,0,0,11,1,1
163,0,37,1,1,2,0,0,2,2,1
508,0,114,0,0,0,0,0,7,0,1
100,19,21,0,0,0,0,0,1,2,1
115,20,18,0,0,0,0,0,0,2,1
107,11,23,1,1,2,1,0,0,2,1
90,3,24,0,0,0,1,0,1,2,1
130,10,27,1,1,2,1,0,0,1,1
102,2,30,0,0,2,1,0,0,1,1
108,20,19,0,0,0,0,0,0,2,1
92,0,24,0,0,2,1,0,0,2,1
112,9,18,0,0,0,0,0,0,1,1
23,1,8,2,2,1,1,0,0,0,1
4677,242,1564,8,8,0,0,0,12,2,1
88,19,18,0,0,0,0,0,0,2,1
135,7,33,1,1,2,1,0,1,2,1
116,12,22,0,0,0,0,0,0,1,1
113,4,27,0,0,2,1,0,0,1,1
79,20,15,0,0,0,0,0,0,2,1
93,20,17,0,0,0,0,0,0,2,1
108,20,19,0,0,0,0,0,0,2,1
146,3,26,0,0,0,0,0,5,0,1
132,19,22,0,0,0,0,0,1,2,1
106,7,24,1,1,0,0,0,0,3,1
33,5,4,0,0,0,0,0,1,0,1
113,7,18,0,0,0,0,0,0,1,1
61,7,12,0,0,0,0,0,0,2,1
996,18,207,0,0,0,0,0,12,0,1
54,2,9,0,0,0,0,0,0,0,1
139,19,31,1,1,2,1,0,0,1,1
154,13,33,1,1,2,1,0,2,1,1
253,40,38,0,0,0,0,0,3,0,1
1045,4,255,0,0,0,0,0,20,0,1
91,10,16,0,0,0,0,0,2,1,1
124,19,28,1,1,2,0,0,0,3,1
118,0,30,0,0,2,1,0,2,2,1
105,0,29,0,0,2,1,0,0,2,1
85,20,16,0,0,0,0,0,0,2,1
114,7,18,0,0,0,0,0,0,1,1
237,43,32,0,0,0,0,0,1,0,1
180,3,36,0,0,0,0,0,1,0,1
193,6,48,1,1,2,1,0,1,1,1
984,2,208,0,0,0,0,0,9,0,1
86,9,21,0,0,0,0,0,0,1,1
213,17,45,1,1,3,0,0,1,2,1
89,20,17,0,0,0,0,0,0,2,1
1228,4,255,0,0,0,0,0,10,0,1
1011,1,207,0,0,0,0,0,18,0,1
86,10,14,0,0,0,0,0,1,1,1
780,0,150,0,0,0,0,0,13,0,1
119,0,29,0,0,2,1,0,2,1,1
49,1,12,1,1,1,1,0,0,0,1
334,4,68,0,0,0,0,0,3,0,1
177,2,39,0,0,0,0,0,1,0,1
297,49,46,0,0,0,0,0,2,1,1
101,21,18,0,0,0,0,0,0,2,1
124,15,24,0,0,0,0,0,0,1,1
241,41,35,0,0,0,0,0,3,0,1
1258,9,256,0,0,0,0,0,21,0,1
143,10,31,1,1,0,0,0,0,2,1
122,18,33,1,1,2,1,0,1,2,1
100,0,21,2,2,2,1,0,1,2,1
76,0,13,0,0,0,0,0,0,0,1
262,41,38,0,0,0,0,0,1,0,1
235,38,32,0,0,0,0,0,2,0,1
1248,17,267,0,0,0,0,0,14,0,1
86,10,14,0,0,0,0,0,1,1,1
239,39,34,0,0,0,0,0,2,0,1
112,20,18,0,0,0,0,0,1,2,1
1392,0,303,0,0,0,0,0,13,0,1
128,19,25,1,1,2,1,0,1,2,1
115,20,21,0,0,0,0,0,0,2,1
123,7,34,0,0,0,0,0,2,1,1
46,8,9,0,0,0,0,0,0,0,1
315,43,47,0,0,0,0,0,3,1,1
985,0,222,0,0,0,0,0,8,0,1
91,14,22,0,0,2,1,0,0,2,1
2527,14,516,0,0,0,0,0,31,0,1
428,1,95,0,0,0,0,0,4,0,1
79,20,14,0,0,0,0,0,0,2,1
91,10,16,0,0,0,0,0,2,1,1
1346,2,275,0,0,0,0,0,17,0,1
831,0,172,0,0,0,0,0,4,0,1
93,19,17,0,0,0,0,0,0,2,1
4047,11,856,0,0,0,0,0,65,0,1
114,20,18,0,0,0,0,0,1,2,1
86,10,14,0,0,0,0,0,1,1,1
86,20,17,0,0,0,0,0,0,2,1
81,20,14,0,0,0,0,0,0,2,1
536,74,112,4,4,2,1,0,7,4,1
85,20,15,0,0,0,0,0,0,2,1
107,20,19,0,0,0,0,0,1,2,1
146,21,33,1,1,2,1,0,3,2,1
115,0,28,0,0,2,1,0,0,1,1
233,38,31,0,0,0,0,0,3,0,1
141,0,32,0,0,1,1,0,0,4,1
177,8,34,0,0,0,0,0,1,0,1
78,19,15,0,0,0,0,0,1,2,1
117,21,23,0,0,0,0,0,0,2,1
264,60,61,2,2,0,0,0,1,2,1
78,19,14,0,0,0,0,0,0,2,1
300,41,49,0,0,0,0,0,2,1,1
88,19,16,0,0,0,0,0,1,2,1
32,4,4,0,0,0,0,0,1,0,1
99,20,18,0,0,0,0,0,0,2,1
117,13,22,0,0,0,0,0,0,1,1
118,14,18,0,0,0,0,0,1,1,1
292,42,45,0,0,0,0,0,2,1,1
91,10,16,0,0,0,0,0,2,1,1
328,48,48,0,0,0,0,0,3,1,1
826,0,183,0,0,0,0,0,7,0,1
102,20,17,0,0,0,0,0,0,2,1
73,7,15,0,0,0,0,0,0,0,1
35,0,7,0,0,0,0,0,1,0,1
396,193,129,3,3,0,0,0,0,2,1
303,42,44,0,0,0,0,0,1,1,1
3475,12,690,0,0,0,0,0,43,0,1
76,19,14,0,0,0,0,0,0,2,1
85,7,19,0,0,0,0,0,0,3,1
102,19,20,0,0,0,0,0,1,2,1
250,41,38,0,0,0,0,0,3,0,1
159,34,36,0,0,0,0,0,1,2,1
391,63,90,3,3,7,4,0,0,2,1
310,44,47,0,0,0,0,0,1,1,1
33,5,4,0,0,0,0,0,1,0,1
489,0,93,0,0,0,0,0,5,0,1
12934,237,3482,20,22,0,7,0,69,5,1
150,6,35,1,1,3,1,0,1,1,1
244,1,51,0,0,0,0,0,4,0,1
302,46,45,0,0,0,0,0,2,1,1
106,20,20,0,0,0,0,0,0,2,1
106,22,22,0,0,0,0,0,0,2,1
111,20,20,0,0,0,0,0,0,2,1
102,20,19,0,0,0,0,0,1,2,1
50,8,10,0,0,0,0,0,0,0,1
119,14,32,1,1,2,1,0,0,1,1
97,20,17,0,0,0,0,0,0,2,1
498,5,102,0,0,0,0,0,7,0,1
912,4,192,0,0,0,0,0,14,0,1
182,34,43,1,1,2,1,0,0,2,1
887,0,171,0,0,0,0,0,20,0,1
113,0,31,0,0,2,1,0,0,2,1
106,19,19,0,0,0,0,0,0,2,1
100,19,17,0,0,0,0,0,1,2,1
136,0,32,2,2,2,0,0,1,0,1
251,39,34,0,0,0,0,0,2,0,1
145,3,38,1,1,1,1,0,2,2,1
56,1,8,0,0,0,0,0,0,0,1
57,5,9,0,0,0,0,0,0,0,1
420,70,53,3,3,1,1,0,0,1,1
120,11,29,1,1,2,1,0,0,2,1
112,0,28,0,0,2,1,0,1,2,1
113,1,26,1,1,0,0,0,1,2,1
144,21,33,1,1,2,1,0,0,2,1
52,5,8,0,0,0,0,0,0,0,1
416,2,83,0,0,0,0,0,4,0,1
91,10,16,0,0,0,0,0,2,1,1
321,50,46,0,0,0,0,0,2,1,1
124,15,24,0,0,0,0,0,0,1,1
181,0,34,0,0,0,0,0,2,0,1
126,13,29,1,1,1,1,0,1,1,1
91,0,28,0,0,2,1,0,0,2,1
1144,12,416,0,0,0,0,0,6,2,1
90,7,19,0,0,2,1,0,0,2,1
229,37,33,0,0,0,0,0,3,0,1
106,1,26,0,0,2,1,0,1,2,1
344,0,72,0,0,0,0,0,7,0,1
418,0,87,0,0,0,0,0,8,0,1
112,0,30,0,0,2,1,0,0,1,1
249,43,36,0,0,0,0,0,2,0,1
3566,47,2104,7,3,0,0,0,22,0,1
198,4,54,1,1,1,1,0,0,2,1
4769,11,1384,3,2,0,0,0,79,0,1
82,20,15,0,0,0,0,0,0,2,1
116,10,28,1,1,0,0,0,0,2,1
123,14,24,0,0,0,0,0,0,1,1
95,20,17,0,0,0,0,0,1,2,1
995,5,200,0,0,0,0,0,18,0,1
234,39,34,0,0,0,0,0,2,0,1
86,10,14,0,0,0,0,0,1,1,1
36,0,9,0,0,0,0,0,0,0,1
261,41,42,0,0,0,0,0,1,0,1
95,16,25,0,0,2,1,0,0,2,1
275,115,72,2,2,2,1,0,0,2,1
314,47,46,0,0,0,0,0,2,1,1
87,20,17,0,0,0,0,0,0,2,1
292,43,41,0,0,0,0,0,2,1,1
819,4,168,0,0,0,0,0,15,0,1
924,9,211,0,0,0,0,0,14,0,1
111,9,18,0,0,0,0,0,0,1,1
100,9,23,0,0,3,1,0,0,2,1
117,13,22,0,0,0,0,0,0,1,1
94,8,17,0,0,2,1,0,2,1,1
86,10,14,0,0,0,0,0,1,1,1
3264,416,984,0,1,0,0,0,13,0,1
61,0,20,1,2,0,0,1,1,2,1
4077,28,1367,4,4,0,0,0,21,1,1
285,44,40,0,0,0,0,0,1,1,1
283,43,42,0,0,0,0,0,2,1,1
91,10,16,0,0,0,0,0,2,1,1
118,20,25,0,0,2,1,0,0,2,1
180,30,40,1,1,2,0,0,0,2,1
152,18,30,1,1,2,1,0,1,1,1
129,20,23,0,0,0,0,0,0,2,1
647,3,127,0,0,0,0,0,8,0,1
74,19,15,0,0,0,0,0,1,2,1
1082,11,223,0,0,0,0,0,11,0,1
81,20,16,0,0,0,0,0,0,2,1
285,103,73,2,2,2,1,0,0,1,1
100,20,17,0,0,0,0,0,1,2,1
920,1,178,0,0,0,0,0,11,0,1
94,0,19,0,0,0,0,0,1,0,1
161,6,29,0,0,0,0,0,0,2,1
114,6,18,0,0,0,0,0,0,1,1
1176,16,265,0,0,0,0,0,14,0,1
132,20,23,0,0,0,0,0,3,2,1
523,25,188,0,0,0,0,0,9,2,1
127,0,35,0,0,2,1,0,0,1,1
955,22,203,0,0,0,0,0,13,0,1
169,18,40,1,1,3,1,0,0,3,1
105,0,28,0,0,2,1,0,1,1,1
103,0,35,4,4,0,0,0,1,0,1
427,3,89,0,0,0,0,0,9,0,1
456,3,101,0,0,0,0,0,3,0,1
124,0,34,0,0,1,0,0,0,3,1
282,5,54,0,0,0,0,0,5,0,1
165,15,34,1,1,0,1,0,1,1,1
85,20,16,0,0,0,0,0,0,2,1
557,3,153,0,0,1,0,0,1,1,1
862,0,166,0,0,0,0,0,13,0,1
135,10,36,1,1,1,1,0,1,1,1
121,13,22,0,0,0,0,0,0,1,1
233,37,33,0,0,0,0,0,1,0,1
87,20,16,0,0,0,0,0,0,2,1
55,1,9,0,0,0,0,0,0,0,1
39,7,10,0,0,0,0,0,0,0,1
78,20,14,0,0,0,0,0,0,2,1
261,14,61,2,2,0,0,0,1,3,1
86,10,14,0,0,0,0,0,1,1,1
96,20,18,0,0,0,0,0,1,2,1
636,6,120,0,0,0,0,0,9,0,1
106,7,21,1,1,2,1,0,1,2,1
106,21,20,0,0,0,0,0,0,2,1
201,27,40,1,1,2,1,0,0,1,1
148,31,40,1,1,2,1,0,2,2,1
110,20,20,0,0,0,0,0,1,2,1
805,4,169,0,0,0,0,0,17,0,1
57,0,17,2,4,2,1,0,0,0,1
230,36,33,0,0,0,0,0,1,0,1
252,37,34,0,0,0,0,0,2,0,1
84,20,15,0,0,0,0,0,0,2,1
109,5,26,0,0,2,1,0,0,1,1
265,64,49,2,2,2,1,0,1,2,1
650,3,130,0,0,0,0,0,7,0,1
76,20,13,0,0,0,0,0,1,2,1
93,20,16,0,0,0,0,0,0,2,1
163,4,41,1,1,1,1,0,1,3,1
78,13,17,0,0,2,1,0,0,2,1
253,42,37,0,0,0,0,0,2,0,1
244,40,36,0,0,0,0,0,3,0,1
117,26,29,1,1,2,1,0,0,1,1
286,3,60,0,0,0,0,0,6,0,1
1689,3,364,0,0,0,0,0,16,0,1
114,20,19,0,0,0,0,0,0,2,1
91,10,16,0,0,0,0,0,2,1,1
263,61,49,2,2,2,1,0,2,1,1
115,1,30,0,0,2,1,0,0,2,1
99,11,20,0,0,0,1,0,1,2,1
40,0,11,1,0,1,1,0,0,0,1
61,1,9,0,0,0,0,0,1,0,1
2523,5,516,0,0,1,0,0,32,0,1
285,45,43,0,0,0,0,0,4,1,1
180,10,41,1,1,2,1,0,1,2,1
95,19,18,0,0,0,0,0,1,2,1
83,19,15,0,0,0,0,0,0,2,1
217,15,42,1,1,2,1,0,0,2,1
47,1,16,3,4,3,1,0,0,0,1
168,27,37,1,1,0,1,0,2,2,1
751,2,150,0,0,0,0,0,7,0,1
566,2,131,0,0,0,0,0,3,0,1
139,0,35,1,1,2,1,0,1,4,1
97,20,16,0,0,0,0,0,1,2,1
89,4,20,0,0,2,1,0,0,1,1
119,2,30,0,0,2,1,0,1,2,1
61,0,18,1,1,1,1,0,0,0,1
113,19,22,0,0,0,0,0,1,2,1
434,45,85,3,3,2,0,0,6,5,1
1318,4,438,1,13,0,0,0,8,0,1
168,2,47,1,1,2,1,0,1,2,1
86,10,14,0,0,0,0,0,1,1,1
239,0,44,0,0,0,0,0,4,0,1
364,3,81,0,0,0,0,0,7,0,1
148,0,35,1,1,3,2,0,1,2,1
287,43,43,0,0,0,0,0,1,1,1
148,12,37,1,1,3,0,0,4,2,1
97,20,17,0,0,0,0,0,1,2,1
120,0,30,0,0,2,1,0,0,2,1
121,0,22,0,0,0,0,0,1,0,1
95,20,17,0,0,0,0,0,0,2,1
89,0,23,0,0,0,1,0,0,1,1
81,20,14,0,0,0,0,0,0,2,1
59,8,12,0,0,0,0,0,1,0,1
237,40,36,0,0,0,0,0,3,0,1
956,4,193,0,0,0,0,0,12,0,1
38,5,6,0,0,0,0,0,2,0,1
33,0,5,0,0,0,0,0,0,0,1
96,0,24,0,0,2,1,0,0,1,1
883,0,192,0,0,0,0,0,11,0,1
115,12,18,0,0,0,0,0,0,1,1
83,20,17,0,0,0,0,0,0,2,1
335,2,67,0,0,0,0,0,4,0,1
86,10,14,0,0,0,0,0,1,1,1
195,18,44,1,1,3,1,0,1,2,1
224,3,42,0,0,0,0,0,3,0,1
90,0,22,0,0,2,1,0,2,2,1
304,45,42,0,0,0,0,0,4,1,1
1339,2,278,0,0,0,0,0,18,0,1
98,18,21,0,1,1,0,0,0,0,1
3470,16,725,0,0,0,0,0,52,0,1
98,20,16,0,0,0,0,0,0,2,1
123,14,24,0,0,0,0,0,0,1,1
70,0,14,0,0,0,0,0,0,2,1
70,0,16,0,0,0,0,0,1,3,1
254,120,57,2,2,0,0,0,0,1,1
2444,2,475,0,0,0,0,0,38,0,1
195,0,42,0,0,0,0,0,3,0,1
198,27,45,1,1,2,1,0,1,2,1
86,10,14,0,0,0,0,0,1,1,1
3568,46,797,0,0,0,0,0,49,0,1
43,6,9,1,1,0,0,0,0,0,1
1466,4,527,0,0,0,0,0,6,0,1
1443,0,306,0,0,0,0,0,14,0,1
510,1,103,0,0,0,0,0,14,0,1
176,18,43,1,1,4,1,0,1,1,1
609,18,129,0,0,0,0,0,4,0,1
81,20,15,0,0,0,0,0,1,2,1
297,43,43,0,0,0,0,0,3,1,1
875,6,194,0,0,0,0,0,9,0,1
113,0,28,0,0,2,1,0,1,2,1
108,4,27,0,0,2,1,0,0,1,1
53,2,8,0,0,0,0,0,0,0,1
109,19,19,0,0,0,0,0,1,2,1
261,41,40,0,0,0,0,0,4,0,1
84,20,15,0,0,0,0,0,0,2,1
324,44,48,0,0,0,0,0,4,1,1
178,39,44,1,1,0,1,0,2,2,1
110,21,22,0,0,0,0,0,0,2,1
1734,9,352,0,0,0,0,0,32,0,1
270,121,75,2,2,0,0,0,1,2,1
280,46,41,0,0,0,0,0,1,1,1
766,8,174,0,0,0,0,0,6,0,1
33,5,4,0,0,0,0,0,1,0,1
98,9,18,0,0,2,1,0,3,2,1
63,3,28,2,1,0,0,0,0,0,1
33,5,4,0,0,0,0,0,1,0,1
86,20,14,0,0,0,0,0,0,2,1
3564,32,1161,3,2,0,0,0,52,5,1
715,11,149,0,0,0,0,0,9,0,1
306,45,48,0,0,0,0,0,2,1,1
983,6,203,0,0,0,0,0,12,0,1
89,20,15,0,0,0,0,0,0,2,1
336,2,72,0,0,0,0,0,5,0,1
93,8,19,0,0,2,1,0,0,1,1
141,14,27,1,1,1,1,0,0,1,1
117,13,22,0,0,0,0,0,0,1,1
1416,2,286,0,0,0,0,0,14,0,1
239,39,34,0,0,0,0,0,2,0,1
1470,10,303,0,0,0,0,0,19,0,1
312,45,49,0,0,0,0,0,2,1,1
85,20,15,0,0,0,0,0,0,2,1
224,30,44,1,1,1,1,0,0,2,1
33,5,4,0,0,0,0,0,1,0,1
308,50,44,0,0,0,0,0,3,1,1
136,0,29,0,0,0,0,0,0,0,1
1093,7,206,0,0,0,0,0,29,0,1
241,56,59,2,2,1,4,0,1,2,1
86,20,16,0,0,0,0,0,0,2,1
179,2,49,1,1,2,1,0,1,2,1
91,20,17,0,0,0,0,0,0,2,1
239,37,56,2,2,2,1,0,0,2,1
188,29,39,1,1,1,0,0,1,2,1
96,20,18,0,0,0,0,0,0,2,1
87,19,16,0,0,0,0,0,0,2,1
179,10,43,1,1,2,0,0,0,3,1
110,9,28,1,1,2,1,0,1,2,1
269,55,55,2,2,2,1,0,0,1,1
762,10,170,0,0,0,0,0,13,0,1
103,2,27,0,0,2,1,0,0,2,1
95,20,16,0,0,0,0,0,0,2,1
89,7,18,0,0,2,1,0,1,1,1
90,20,16,0,0,0,0,0,0,2,1
585,5,118,0,0,0,0,0,8,0,1
66,4,10,0,0,0,0,0,0,0,1
86,20,16,0,0,0,0,0,0,2,1
129,15,30,1,1,2,1,0,0,2,1
84,20,15,0,0,0,0,0,1,2,1
85,20,15,0,0,0,0,0,0,2,1
257,26,59,2,2,0,0,0,0,2,1
178,13,40,1,1,0,1,0,1,1,1
271,3,60,0,0,0,0,0,3,0,1
107,0,28,0,0,2,1,0,0,2,1
1812,5,381,0,0,0,0,0,27,0,1
375,0,73,0,0,0,0,0,5,0,1
87,20,16,0,0,0,0,0,0,2,1
228,2,47,0,0,0,0,0,3,0,1
93,7,21,0,0,2,1,0,0,2,1
93,20,17,0,0,0,0,0,0,2,1
86,10,14,0,0,0,0,0,1,1,1
118,11,18,0,0,0,0,0,0,1,1
245,37,32,0,0,0,0,0,3,0,1
104,7,24,0,0,2,1,0,2,1,1
212,0,37,0,0,0,0,0,1,0,1
2629,15,861,1,0,0,1,0,16,0,1
98,6,18,0,0,2,1,0,1,2,1
297,0,68,0,0,0,0,0,3,0,1
86,10,14,0,0,0,0,0,1,1,1
87,20,16,0,0,0,0,0,0,2,1
219,31,49,2,2,2,1,0,1,2,1
151,21,36,3,3,5,0,0,0,0,1
38,5,6,0,0,0,0,0,2,0,1
135,0,40,5,5,1,0,0,2,0,1
382,67,74,3,3,2,0,0,1,2,1
173,21,36,1,1,2,1,0,0,2,1
189,2,48,1,1,2,1,0,1,2,1
91,10,16,0,0,0,0,0,2,1,1
313,46,46,0,0,0,0,0,4,1,1
364,0,71,0,0,0,0,0,5,0,1
94,0,25,0,0,2,1,0,0,2,1
247,44,35,0,0,0,0,0,1,0,1
128,22,34,1,1,1,1,0,0,2,1
90,20,15,0,0,0,0,0,0,2,1
99,20,16,0,0,0,0,0,0,2,1
187,12,43,1,1,2,1,0,1,2,1
91,10,16,0,0,0,0,0,2,1,1
129,0,33,0,0,2,1,0,0,2,1
248,49,51,2,2,2,1,0,1,2,1
87,20,16,0,0,0,0,0,0,2,1
410,4,92,0,0,0,0,0,4,0,1
1442,3,278,0,0,0,0,0,19,0,1
820,5,171,0,0,0,0,0,11,0,1
236,36,35,0,0,0,0,0,1,0,1
91,8,21,0,0,2,1,0,0,1,1
72,7,20,0,0,2,1,0,0,1,1
83,20,15,0,0,0,0,0,0,2,1
121,0,29,0,0,2,1,0,1,2,1
312,44,47,0,0,0,0,0,1,1,1
1497,5,338,0,0,0,0,0,20,0,1
120,12,22,0,0,0,0,0,0,1,1
878,10,183,0,0,0,0,0,13,0,1
127,0,30,0,0,2,1,0,2,2,1
99,20,18,0,0,0,0,0,0,2,1
46,1,21,1,1,0,0,1,1,0,1
162,19,39,1,1,3,1,0,1,1,1
155,30,41,1,1,2,1,0,4,3,1
91,10,16,0,0,0,0,0,2,1,1
290,48,40,0,0,0,0,0,2,1,1
121,13,22,0,0,0,0,0,0,1,1
145,0,35,1,1,2,1,0,1,2,1
188,30,41,1,1,2,1,0,0,1,1
130,17,30,1,1,1,1,0,0,1,1
105,3,27,0,0,2,1,0,0,2,1
104,0,21,0,0,0,0,0,0,0,1
75,8,19,0,0,2,1,0,0,1,1
91,10,16,0,0,0,0,0,2,1,1
95,16,20,0,0,2,1,0,0,2,1
184,35,29,1,1,2,1,0,2,2,1
96,13,19,0,0,2,1,0,1,2,1
309,40,46,0,0,0,0,0,5,1,1
33,5,4,0,0,0,0,0,1,0,1
89,24,15,0,0,0,0,0,0,2,1
33,5,4,0,0,0,0,0,1,0,1
240,39,34,0,0,0,0,0,3,0,1
98,20,18,0,0,0,0,0,0,2,1
116,9,18,0,0,0,0,0,1,1,1
113,13,26,1,1,2,1,0,0,2,1
94,20,17,0,0,0,0,0,0,2,1
301,45,45,0,0,0,0,0,2,1,1
140,17,33,1,1,2,1,0,2,2,1
82,0,15,0,0,0,0,0,2,0,1
321,42,46,0,0,0,0,0,3,1,1
60,0,14,0,0,0,0,0,0,0,1
110,19,22,0,0,0,0,0,0,2,1
1810,7,386,0,0,0,0,0,35,0,1
123,14,24,0,0,0,0,0,0,1,1
91,10,16,0,0,0,0,0,2,1,1
88,19,16,0,0,0,0,0,1,2,1
206,0,47,0,0,0,0,0,4,0,1
101,20,19,0,0,0,0,0,2,2,1
121,13,22,0,0,0,0,0,0,1,1
2168,1,763,5,5,0,0,0,13,0,1
58,3,9,0,0,0,0,0,0,0,1
247,43,35,0,0,0,0,0,2,0,1
163,5,43,1,1,2,1,0,2,2,1
90,11,62,0,0,0,0,0,0,0,1
116,10,18,0,0,0,0,0,0,1,1
38,5,6,0,0,0,0,0,2,0,1
95,19,17,0,0,0,0,0,1,2,1
123,20,20,0,0,0,0,0,0,2,1
130,3,34,0,0,2,1,0,2,2,1
129,1,33,0,0,2,1,0,0,2,1
247,28,46,2,2,4,2,0,2,1,1
97,17,20,0,0,0,1,0,0,2,1
33,5,4,0,0,0,0,0,1,0,1
144,2,37,1,1,2,1,0,1,2,1
282,46,39,0,0,0,0,0,3,0,1
64,2,9,0,0,0,0,0,0,0,1
611,0,128,0,0,0,0,0,8,0,1
125,7,24,1,1,2,1,0,1,1,1
114,20,19,0,0,0,0,0,0,2,1
93,20,18,0,0,0,0,0,0,2,1
112,4,26,0,0,1,0,0,1,1,1
256,43,34,0,0,0,0,0,2,0,1
308,46,46,0,0,0,0,0,1,1,1
85,13,18,0,0,2,1,0,0,2,1
1506,0,301,0,0,0,0,0,29,0,1
1919,31,610,0,0,0,0,0,15,2,1
81,19,15,0,0,0,0,0,0,2,1
4114,19,881,0,0,0,0,0,50,0,1
175,0,34,0,0,0,0,0,0,0,1
55,7,15,0,0,0,0,0,0,0,1
652,3,135,0,0,0,0,0,7,0,1
297,47,44,0,0,0,0,0,1,1,1
79,19,14,0,0,0,0,0,0,2,1
407,125,72,3,3,2,1,0,0,2,1
93,20,17,0,0,0,0,0,1,2,1
123,14,24,0,0,0,0,0,0,1,1
105,0,26,0,0,2,1,0,0,2,1
107,19,19,0,0,0,0,0,0,2,1
1246,14,247,0,0,0,0,0,19,0,1
154,5,33,1,1,2,0,0,0,2,1
1274,3,274,0,0,0,0,0,17,0,1
83,20,14,0,0,0,0,0,0,2,1
813,7,168,0,0,0,0,0,14,0,1
128,14,29,1,1,2,2,0,0,1,1
54,7,8,0,0,0,0,0,0,0,1
110,20,19,0,0,0,0,0,0,2,1
79,19,14,0,0,0,0,0,0,2,1
75,5,19,0,0,2,1,0,0,1,1
143,4,23,1,1,2,1,0,5,2,1
239,2,57,1,1,2,1,0,0,3,1
109,20,20,0,0,0,0,0,0,2,1
690,350,208,6,6,4,2,0,0,1,1
114,6,18,0,0,0,0,0,0,1,1
84,19,15,0,0,0,0,0,0,2,1
354,2,76,0,0,0,0,0,8,0,1
1114,10,245,0,0,0,0,0,16,0,1
96,0,22,0,0,0,0,0,1,2,1
296,43,46,0,0,0,0,0,2,1,1
123,20,21,0,0,0,0,0,2,2,1
250,38,32,0,0,0,0,0,1,0,1
81,20,14,0,0,0,0,0,0,2,1
91,0,28,0,0,2,1,0,0,2,1
246,40,34,0,0,0,0,0,1,0,1
38,5,6,0,0,0,0,0,2,0,1
164,15,35,1,1,2,1,0,1,1,1
108,12,28,1,1,1,0,0,0,1,1
133,13,30,1,1,2,1,0,0,2,1
56,2,12,1,1,1,1,0,0,0,1
340,80,75,0,0,4,2,0,1,1,1
247,38,34,0,0,0,0,0,2,0,1
101,20,17,0,0,0,0,0,0,2,1
607,105,126,5,5,3,1,0,0,4,1
1311,0,253,0,0,0,0,0,14,0,1
664,3,142,0,0,0,0,0,6,0,1
81,20,15,0,0,0,0,0,0,2,1
84,19,17,0,0,0,0,0,0,2,1
84,21,17,0,0,0,0,0,0,2,1
421,4,93,0,0,0,0,0,6,0,1
116,6,18,0,0,0,0,0,0,1,1
843,0,172,0,0,0,0,0,12,0,1
1120,231,197,9,9,0,0,0,3,7,1
110,20,19,0,0,0,0,0,0,2,1
145,19,33,1,1,1,0,0,0,3,1
193,2,49,1,1,2,1,0,0,2,1
135,8,36,1,1,2,1,0,0,2,1
313,46,48,0,0,0,0,0,2,1,1
1030,4,215,0,0,0,0,0,10,0,1
38,5,6,0,0,0,0,0,2,0,1
240,39,34,0,0,0,0,0,2,0,1
140,7,33,1,1,2,1,0,0,2,1
593,2,120,0,0,0,0,0,13,0,1
332,0,70,0,0,0,0,0,6,0,1
99,19,17,0,0,0,0,0,1,2,1
113,5,29,0,0,2,1,0,1,2,1
247,40,35,0,0,0,0,0,1,0,1
103,23,25,0,1,1,0,0,0,0,1
98,0,28,0,0,2,1,0,0,2,1
109,1,21,1,1,0,0,0,1,2,1
67,7,15,0,0,0,0,0,1,0,1
76,8,25,2,2,2,0,0,1,1,1
82,19,15,0,0,0,0,0,0,2,1
1219,4,237,0,0,0,0,0,14,0,1
236,36,34,0,0,0,0,0,2,0,1
195,4,45,0,0,0,0,0,1,0,1
149,11,33,1,1,2,1,0,0,1,1
282,47,45,0,0,0,0,0,2,1,1
95,9,19,0,0,2,1,0,1,1,1
1549,15,328,0,0,0,0,0,22,0,1
162,11,35,1,1,3,0,0,1,3,1
127,11,32,1,1,2,1,0,0,2,1
245,36,33,0,0,0,0,0,2,0,1
951,1,176,0,0,0,0,0,15,0,1
337,50,50,0,0,0,0,0,1,1,1
82,5,18,0,0,2,1,0,0,1,1
136,0,33,1,1,1,1,0,1,2,1
93,19,17,0,0,0,0,0,0,2,1
488,3,101,0,0,0,0,0,3,0,1
2459,0,513,0,0,0,0,0,39,0,1
213,44,40,1,1,2,1,0,1,2,1
38,5,6,0,0,0,0,0,2,0,1
33,5,4,0,0,0,0,0,1,0,1
439,0,89,0,0,0,0,0,8,0,1
294,39,43,0,0,0,0,0,2,1,1
90,20,16,0,0,0,0,0,0,2,1
91,10,16,0,0,0,0,0,2,1,1
258,36,37,0,0,0,0,0,3,0,1
168,2,42,1,1,2,1,0,1,3,1
532,5,120,0,0,0,0,0,7,0,1
170,15,41,1,1,2,1,0,0,1,1
190,8,50,1,1,2,1,0,0,1,1
122,6,18,0,0,0,0,0,0,1,1
65,7,16,0,0,0,0,0,2,0,1
713,0,147,0,0,0,0,0,9,0,1
116,12,22,0,0,0,0,0,0,1,1
246,39,35,0,0,0,0,0,1,0,1
110,6,29,0,0,2,1,0,1,1,1
84,20,15,0,0,0,0,0,0,2,1
375,0,75,0,0,0,0,0,4,0,1
91,10,16,0,0,0,0,0,2,1,1
91,10,16,0,0,0,0,0,2,1,1
138,10,37,1,1,2,0,0,1,2,1
301,40,44,0,0,0,0,0,1,1,1
106,10,27,0,0,0,1,0,0,1,1
1700,9,373,0,0,0,0,0,17,0,1
219,5,40,1,1,2,0,0,1,3,1
581,0,129,0,0,0,0,0,14,0,1
293,44,44,0,0,0,0,0,3,1,1
1703,2,348,0,0,0,0,0,22,0,1
177,20,44,1,1,3,0,0,0,3,1
180,2,49,1,1,2,1,0,0,2,1
69,8,15,0,0,0,0,0,2,1,1
55,2,8,0,0,0,0,0,1,0,1
129,2,34,1,1,2,1,0,0,2,1
300,48,45,0,0,0,0,0,1,1,1
129,22,22,0,0,0,0,0,0,2,1
1220,4,252,0,0,0,0,0,8,0,1
939,3,211,0,0,0,0,0,12,0,1
125,0,29,0,0,2,1,0,1,1,1
74,0,21,0,0,0,1,0,0,2,1
135,9,29,1,1,0,0,0,0,1,1
124,20,23,0,0,0,0,0,1,2,1
95,19,17,0,0,0,0,0,0,2,1
98,20,17,0,0,0,0,0,1,2,1
56,0,21,2,3,2,0,0,1,1,1
101,20,19,0,0,0,0,0,0,2,1
100,20,20,0,0,0,0,0,0,2,1
989,7,214,0,0,0,0,0,16,0,1
86,20,14,0,0,0,0,0,1,2,1
633,2,146,0,0,0,0,0,5,0,1
38,5,6,0,0,0,0,0,2,0,1
89,12,20,0,0,0,0,0,0,2,1
78,13,31,2,2,2,1,0,0,0,1
38,5,6,0,0,0,0,0,2,0,1
7341,123,2412,0,0,2,0,0,110,28,1
550,2,114,0,0,0,0,0,8,0,1
56,1,8,0,0,0,0,0,0,0,1
91,10,16,0,0,0,0,0,2,1,1
118,0,29,0,0,2,1,0,0,2,1
94,19,16,0,0,0,0,0,1,2,1
82,19,15,0,0,0,0,0,0,2,1
64,1,15,0,0,1,1,0,0,2,1
177,2,50,1,1,2,1,0,0,2,1
180,6,46,1,1,2,1,0,0,1,1
712,254,145,6,6,3,5,0,0,1,1
94,19,17,0,0,0,0,0,0,2,1
116,12,22,0,0,0,0,0,0,1,1
159,12,36,1,1,4,1,0,0,1,1
1826,13,373,0,0,0,0,0,28,0,1
100,2,25,0,0,2,1,0,0,2,1
91,10,16,0,0,0,0,0,2,1,1
1331,0,277,0,0,0,0,0,15,0,1
144,0,36,1,1,2,1,0,0,4,1
109,20,19,0,0,0,0,0,1,2,1
87,1,16,2,2,2,1,0,0,0,1
97,3,25,0,0,0,1,0,2,1,1
197,2,52,1,1,2,1,0,1,2,1
115,2,28,0,0,2,1,0,0,1,1
175,23,37,0,0,2,1,0,3,2,1
603,0,120,0,0,0,0,0,7,0,1
113,6,18,0,0,0,0,0,0,1,1
290,48,43,0,0,0,0,0,2,1,1
131,17,28,1,1,2,1,0,0,2,1
59,8,12,0,0,0,0,0,0,0,1
110,6,18,0,0,0,0,0,0,1,1
82,20,14,0,0,0,0,0,0,2,1
75,19,15,0,0,0,0,0,0,2,1
291,25,57,2,2,2,0,0,1,2,1
395,1,80,0,0,0,0,0,7,0,1
140,18,34,1,1,2,1,0,0,2,1
116,10,24,1,1,3,1,0,2,2,1
2538,0,561,0,0,0,0,0,31,0,1
120,20,21,0,0,0,0,0,1,2,1
214,0,39,0,0,0,0,0,6,0,1
222,27,51,2,2,4,1,0,2,2,1
164,21,42,1,1,2,1,0,0,1,1
186,4,49,1,1,2,1,0,0,2,1
57,0,12,0,0,0,0,0,1,0,1
258,41,51,2,2,2,1,0,0,2,1
168,0,35,0,0,0,0,0,2,0,1
109,2,29,0,0,2,1,0,0,2,1
1549,6,317,0,0,0,0,0,20,0,1
306,43,46,0,0,0,0,0,2,1,1
121,1,32,0,0,2,1,0,0,1,1
1868,24,685,0,0,0,0,0,3,0,1
131,62,38,2,1,2,0,0,0,0,1
87,20,15,0,0,0,0,0,0,2,1
116,12,22,0,0,0,0,0,0,1,1
118,0,28,0,0,2,1,0,1,2,1
98,20,19,0,0,0,0,0,1,2,1
297,41,47,0,0,0,0,0,2,1,1
128,21,22,0,0,0,0,0,2,2,1
254,4,65,1,1,2,1,0,0,2,1
115,2,30,0,0,2,1,0,0,2,1
136,5,33,1,1,1,1,0,0,2,1
731,4,156,0,0,0,0,0,17,0,1
101,20,19,0,0,0,0,0,0,2,1
166,5,42,1,1,2,1,0,0,2,1
1270,0,230,0,0,0,0,0,23,0,1
508,8,302,0,0,0,0,0,4,1,1
80,20,15,0,0,0,0,0,0,2,1
91,20,16,0,0,0,0,0,1,2,1
175,27,44,1,1,2,0,0,0,3,1
309,44,47,0,0,0,0,0,1,1,1
98,21,19,0,0,0,0,0,0,2,1
247,37,34,0,0,0,0,0,3,0,1
183,2,42,1,1,2,1,0,1,2,1
67,8,12,0,0,0,0,0,0,0,1
70,1,13,0,0,0,0,0,1,2,1
113,15,23,1,1,2,1,0,1,2,1
185,2,52,1,1,2,1,0,0,1,1
7827,78,2510,4,2,4,1,1,38,4,1
93,20,16,0,0,0,0,0,0,2,1
90,20,16,0,0,0,0,0,1,2,1
113,8,18,0,0,0,0,0,0,1,1
120,9,26,1,1,2,1,0,1,1,1
75,0,19,0,0,0,0,0,0,2,1
256,14,61,2,2,0,0,0,0,3,1
1218,1,502,14,15,0,0,0,0,0,1
107,0,30,0,0,2,1,0,0,2,1
84,20,15,0,0,0,0,0,0,2,1
639,0,137,0,0,0,0,0,10,0,1
141,15,27,1,1,2,1,0,0,2,1
779,0,159,0,0,0,0,0,10,0,1
173,0,35,1,1,2,1,0,3,2,1
559,19,190,2,2,3,0,0,2,1,1
1436,20,316,0,0,0,0,0,17,0,1
96,20,17,0,0,0,0,0,1,2,1
111,9,18,0,0,0,0,0,0,1,1
58,3,9,0,0,0,0,0,0,0,1
254,41,36,0,0,0,0,0,1,0,1
328,4,63,0,0,0,0,0,4,0,1
2297,18,497,0,0,0,0,0,25,0,1
87,20,16,0,0,0,0,0,0,2,1
94,14,19,0,0,2,1,0,0,1,1
201,2,38,0,0,0,0,0,2,0,1
296,44,43,0,0,0,0,0,1,1,1
181,29,30,0,0,2,0,0,1,1,1
92,20,15,0,0,0,0,0,0,2,1
112,20,21,0,0,0,0,0,2,2,1
522,3,111,0,0,0,0,0,7,0,1
299,51,45,0,0,0,0,0,2,1,1
93,20,19,0,0,0,0,0,0,2,1
105,21,20,0,0,0,0,0,0,2,1
146,10,33,1,1,0,0,0,1,3,1
247,37,33,0,0,0,0,0,4,0,1
105,22,19,0,0,0,0,0,0,2,1
121,0,25,0,0,0,0,0,3,0,1
109,0,29,0,0,2,1,0,0,2,1
106,20,22,0,1,1,0,0,0,0,1
207,0,41,0,0,0,0,0,0,0,1
88,20,17,0,0,0,0,0,0,2,1
315,46,45,0,0,0,0,0,2,1,1
203,22,36,1,1,2,1,0,1,2,1
89,8,16,0,0,0,0,0,2,1,1
38,5,6,0,0,0,0,0,2,0,1
114,20,20,0,0,0,0,0,1,2,1
91,10,16,0,0,0,0,0,2,1,1
137,18,27,1,1,2,1,0,1,2,1
86,10,14,0,0,0,0,0,1,1,1
198,23,54,1,1,3,0,0,1,3,1
86,10,14,0,0,0,0,0,1,1,1
89,20,16,0,0,0,0,0,0,2,1
96,11,20,0,0,2,1,0,0,2,1
12070,39,3004,2,1,0,0,1,94,7,1
86,20,15,0,0,0,0,0,0,2,1
127,23,24,0,0,0,0,0,1,2,1
35,0,8,0,0,0,0,0,1,0,1
98,0,15,0,0,0,0,0,1,0,1
823,6,174,0,0,0,0,0,10,0,1
6252,49,2627,37,38,4,0,0,6,3,1
101,20,18,0,0,0,0,0,0,2,1
79,9,17,0,0,2,1,0,0,1,1
93,11,21,0,0,0,0,0,0,2,1
263,4,55,0,0,0,0,0,2,0,1
5473,9,1169,0,0,0,0,0,58,0,1
119,20,21,0,0,0,0,0,1,2,1
90,20,16,0,0,0,0,0,0,2,1
142,22,33,1,1,0,0,0,0,1,1
84,19,17,0,0,0,0,0,0,2,1
311,42,46,0,0,0,0,0,2,1,1
246,41,50,2,2,2,1,0,0,1,1
61,1,9,0,0,0,0,0,0,0,1
92,20,16,0,0,0,0,0,0,2,1
90,20,17,0,0,0,0,0,0,2,1
3309,29,713,0,0,0,0,0,51,0,1
170,54,36,0,0,2,1,0,0,2,1
248,14,59,2,2,0,0,0,0,3,1
81,20,17,0,0,0,0,0,0,2,1
906,7,205,0,0,0,0,0,10,0,1
89,20,17,0,0,0,0,0,0,2,1
239,38,33,0,0,0,0,0,2,0,1
108,0,28,0,0,0,1,0,0,2,1
37,4,6,0,0,0,0,0,2,0,1
121,9,18,0,0,0,0,0,0,1,1
101,0,29,0,0,2,1,0,0,1,1
96,9,23,0,0,0,0,0,1,3,1
236,43,36,0,0,0,0,0,1,0,1
84,20,16,0,0,0,0,0,0,2,1
109,0,26,0,0,2,1,0,1,1,1
240,43,34,0,0,0,0,0,2,0,1
356,17,118,0,0,0,0,0,1,2,1
100,20,17,0,0,0,0,0,0,2,1
766,1,153,0,0,0,0,0,9,0,1
95,20,18,0,0,0,0,0,1,2,1
155,2,39,1,1,1,1,0,1,2,1
117,0,32,0,0,2,1,0,0,2,1
155,0,37,0,0,0,0,0,1,0,1
89,20,16,0,0,0,0,0,0,2,1
495,1,106,0,0,0,0,0,7,0,1
142,4,36,1,1,2,1,0,1,2,1
3163,0,696,0,0,0,0,0,33,0,1
33,5,4,0,0,0,0,0,1,0,1
129,2,32,0,0,2,1,0,1,2,1
248,26,57,2,2,0,0,0,1,1,1
539,5,125,0,0,0,0,0,9,0,1
179,2,48,1,1,2,1,0,2,2,1
110,4,23,0,0,0,0,0,4,0,1
45,0,13,1,1,1,1,0,0,0,1
252,38,35,0,0,0,0,0,3,0,1
77,19,15,0,0,0,0,0,0,2,1
16540,74,5080,102,100,4,1,0,143,3,1
258,14,60,2,2,0,0,0,0,2,1
67,1,15,1,1,2,1,0,0,0,1
29,1,11,2,2,2,1,0,0,0,1
123,12,28,1,1,2,1,0,2,1,1
96,8,72,0,0,0,0,0,0,0,1
1993,9,428,0,0,0,0,0,22,0,1
115,9,18,0,0,0,0,0,0,1,1
2061,37,704,1,0,4,0,0,14,3,1
99,20,19,0,0,0,0,0,0,2,1
312,43,47,0,0,0,0,0,2,1,1
91,10,16,0,0,0,0,0,2,1,1
296,46,42,0,0,0,0,0,2,1,1
86,10,14,0,0,0,0,0,1,1,1
87,3,27,0,0,3,1,0,0,1,1
1293,1,262,0,0,0,0,0,18,0,1
24,0,3,0,0,0,0,0,0,0,1
235,34,34,0,0,0,0,0,2,0,1
50,5,11,1,1,0,0,0,0,0,1
92,20,17,0,0,0,0,0,0,2,1
265,24,59,2,2,3,0,0,1,3,1
292,44,45,0,0,0,0,0,2,1,1
102,1,27,0,0,2,1,0,1,3,1
929,2,395,0,0,0,0,0,2,0,1
38,5,6,0,0,0,0,0,2,0,1
107,22,21,0,0,0,0,0,0,2,1
86,19,17,0,0,0,0,0,1,2,1
160,17,32,1,1,2,1,0,0,2,1
112,6,18,0,0,0,0,0,0,1,1
1297,33,391,8,8,66,33,0,0,1,1
305,50,44,0,0,0,0,0,1,1,1
448,0,98,0,0,0,0,0,6,0,1
89,7,18,0,0,2,1,0,1,1,1
151,19,32,1,1,0,0,0,1,2,1
94,0,27,0,0,2,1,0,1,1,1
91,20,16,0,0,0,0,0,1,2,1
1031,1,220,0,0,0,0,0,12,0,1
671,0,141,0,0,0,0,0,13,0,1
141,17,30,1,1,2,0,0,1,2,1
75,0,14,0,0,0,0,0,0,0,1
33,5,4,0,0,0,0,0,1,0,1
181,7,55,1,1,2,1,0,0,1,1
114,0,30,0,0,2,1,0,0,2,1
83,20,14,0,0,0,0,0,1,2,1
80,20,15,0,0,0,0,0,0,2,1
182,18,41,1,1,2,1,0,0,2,1
690,7,145,0,0,0,0,0,10,0,1
12,0,2,0,0,0,0,0,0,0,1
97,19,19,0,0,2,0,0,0,1,1
91,20,16,0,0,0,0,0,0,2,1
87,20,15,0,0,0,0,0,0,2,1
1285,1,258,0,0,0,0,0,16,0,1
120,8,33,1,1,2,0,0,0,3,1
101,20,18,0,0,0,0,0,0,2,1
50,7,11,0,0,0,0,0,0,0,1
262,41,39,0,0,0,0,0,1,0,1
262,14,60,2,2,0,0,0,1,3,1
93,19,16,0,0,0,0,0,0,2,1
251,14,60,2,2,0,0,0,0,2,1
881,2,189,0,0,0,0,0,17,0,1
91,10,16,0,0,0,0,0,2,1,1
55,8,12,0,0,0,0,0,0,0,1
98,20,18,0,0,0,0,0,0,2,1
127,1,29,1,1,1,1,0,1,2,1
148,0,39,1,1,2,1,0,0,2,1
114,17,26,1,1,2,1,0,1,1,1
33,5,4,0,0,0,0,0,1,0,1
106,1,28,0,0,2,1,0,0,1,1
22,0,3,0,0,0,0,0,0,0,1
310,47,50,0,0,0,0,0,1,1,1
905,0,198,0,0,0,0,0,10,0,1
453,48,105,3,3,2,1,0,2,2,1
117,6,18,0,0,0,0,0,0,1,1
254,44,37,0,0,0,0,0,3,0,1
117,7,19,0,0,0,0,0,0,1,1
94,20,17,0,0,0,0,0,0,2,1
54,6,8,0,0,0,0,0,0,0,1
115,22,22,0,0,0,0,0,0,2,1
133,0,33,1,1,2,1,0,0,3,1
810,3,183,0,0,0,0,0,9,0,1
83,1,24,1,1,1,0,0,0,0,1
107,20,22,0,0,0,0,0,2,2,1
194,35,47,1,1,3,1,0,0,1,1
95,19,17,0,0,0,0,0,0,2,1
314,44,46,0,0,0,0,0,3,1,1
117,0,30,0,0,2,1,0,0,2,1
120,1,29,0,0,3,1,0,1,2,1
106,22,20,0,0,0,0,0,1,2,1
111,0,27,0,0,2,1,0,1,2,1
105,20,19,0,0,0,0,0,0,2,1
133,9,31,1,1,0,0,0,1,2,1
110,19,19,0,0,0,0,0,1,2,1
107,0,28,0,0,2,1,0,2,2,1
48,7,12,0,0,0,0,0,0,0,1
129,37,18,1,1,0,0,0,0,2,1
98,9,22,0,0,2,1,0,0,1,1
235,26,50,2,2,2,1,0,2,2,1
640,0,124,0,0,0,0,0,3,0,1
81,20,15,0,0,0,0,0,0,2,1
2356,6,504,0,0,0,0,0,28,0,1
260,40,39,0,0,0,0,0,4,0,1
95,3,25,0,0,0,1,0,2,2,1
107,21,20,0,0,0,0,0,0,2,1
523,0,99,0,0,0,0,0,6,0,1
59,6,11,0,0,0,0,0,1,0,1
98,20,17,0,0,0,0,0,0,2,1
97,20,17,0,0,0,0,0,0,2,1
1342,17,288,0,0,0,0,0,10,0,1
98,19,17,0,0,0,0,0,0,2,1
201,27,40,1,1,2,1,0,0,1,1
81,20,14,0,0,0,0,0,1,2,1
115,1,31,0,0,2,1,0,0,2,1
134,18,30,1,1,2,1,0,1,1,1
266,16,61,2,2,0,0,0,0,4,1
2243,8,543,0,3,0,0,0,14,0,1
90,19,18,0,0,0,0,0,1,2,1
116,7,19,0,0,0,0,0,0,1,1
119,0,26,0,0,2,1,0,1,2,1
95,20,16,0,0,0,0,0,1,2,1
509,2,99,0,0,0,0,0,6,0,1
117,20,19,0,0,0,0,0,0,2,1
127,7,38,0,0,0,0,0,2,1,1
655,6,151,0,0,0,0,0,9,0,1
104,0,29,0,0,2,1,0,0,1,1
115,10,18,0,0,0,0,0,0,1,1
87,20,17,0,0,0,0,0,0,2,1
91,10,16,0,0,0,0,0,2,1,1
59,1,9,0,0,0,0,0,0,0,1
142,22,33,1,1,0,0,0,0,1,1
139,0,31,1,1,3,1,0,1,1,1
56,1,16,1,1,1,1,0,0,0,1
80,20,16,0,0,0,0,0,0,2,1
94,20,18,0,0,0,0,0,0,2,1
255,39,36,0,0,0,0,0,4,0,1
123,5,33,0,0,2,1,0,0,2,1
57,0,8,0,0,0,0,0,1,0,1
205,0,36,0,0,0,0,0,2,0,1
1299,5,255,0,0,0,0,0,19,0,1
100,0,26,0,0,2,1,0,0,1,1
82,6,24,0,0,0,0,0,0,0,1
109,18,23,1,1,0,1,0,0,2,1
261,39,37,0,0,0,0,0,3,0,1
33,5,4,0,0,0,0,0,1,0,1
123,14,24,0,0,0,0,0,0,1,1
89,7,18,0,0,2,1,0,1,1,1
164,2,36,1,1,2,1,0,2,2,1
91,10,16,0,0,0,0,0,2,1,1
33,5,4,0,0,0,0,0,1,0,1
11943,42,3948,2,0,0,0,0,77,0,1
3028,11,585,0,0,0,0,0,43,0,1
187,2,50,1,1,2,1,0,0,2,1
157,6,31,1,1,0,1,0,1,2,1
87,20,15,0,0,0,0,0,0,2,1
38,5,6,0,0,0,0,0,2,0,1
86,10,14,0,0,0,0,0,1,1,1
57,0,12,0,0,0,0,0,0,0,1
72,1,22,4,3,1,1,1,1,0,1
37,4,6,0,0,0,0,0,2,0,1
111,6,18,0,0,0,0,0,0,1,1
339,0,69,0,0,0,0,0,7,0,1
248,37,37,0,0,0,0,0,2,0,1
166,6,37,1,1,2,1,0,0,2,1
99,19,21,0,0,0,0,0,1,2,1
136,7,25,1,1,2,1,0,2,2,1
512,155,167,4,4,2,1,0,1,2,1
309,42,43,0,0,0,0,0,2,1,1
86,10,14,0,0,0,0,0,1,1,1
130,17,34,1,1,2,1,0,2,1,1
116,20,20,0,0,0,0,0,0,2,1
42,0,7,0,0,0,0,0,1,0,1
93,0,17,0,0,0,0,0,0,3,1
116,1,30,2,2,2,0,0,0,0,1
54,1,9,0,0,0,0,0,1,0,1
317,43,48,0,0,0,0,0,1,1,1
101,20,18,0,0,0,0,0,0,2,1
8696,41,2479,4,3,0,0,0,102,0,1
94,20,15,0,0,0,0,0,1,2,1
302,44,46,0,0,0,0,0,1,1,1
301,47,44,0,0,0,0,0,4,1,1
105,0,26,0,0,2,1,0,0,2,1
58,4,8,0,0,0,0,0,0,0,1
109,10,19,1,1,0,1,0,0,1,1
93,20,17,0,0,0,0,0,2,2,1
91,20,15,0,0,0,0,0,0,2,1
174,20,37,1,1,1,0,0,0,2,1
120,12,22,0,0,0,0,0,0,1,1
671,6,228,0,0,0,0,0,4,0,1
79,20,15,0,0,0,0,0,0,2,1
118,14,29,1,1,1,0,0,0,2,1
101,20,19,0,0,0,0,0,0,2,1
113,19,21,0,0,0,0,0,2,2,1
295,41,43,0,0,0,0,0,2,1,1
435,3,84,0,0,0,0,0,7,0,1
254,40,32,0,0,0,0,0,5,0,1
100,20,18,0,0,0,0,0,1,2,1
236,36,35,0,0,0,0,0,3,0,1
286,40,44,0,0,0,0,0,1,1,1
1040,6,215,0,0,0,0,0,18,0,1
91,11,64,0,0,0,0,0,0,0,1
318,41,45,0,0,0,0,0,4,1,1
135,13,36,1,1,2,0,0,0,3,1
86,10,14,0,0,0,0,0,1,1,1
494,6,103,0,0,0,0,0,7,0,1
53,6,8,0,0,0,0,0,0,0,1
116,11,18,0,0,0,0,0,0,1,1
172,1,28,0,0,0,0,0,2,0,1
103,20,18,0,0,0,0,0,0,2,1
1196,5,249,0,0,0,0,0,10,0,1
60,2,9,0,0,0,0,0,0,0,1
115,6,18,0,0,0,0,0,0,1,1
189,20,42,1,1,2,0,0,0,3,1
93,20,16,0,0,0,0,0,2,2,1
114,11,24,1,1,0,1,0,0,2,1
91,10,16,0,0,0,0,0,2,1,1
116,12,22,0,0,0,0,0,0,1,1
90,19,16,0,0,0,0,0,0,2,1
943,8,263,0,1,0,0,0,2,0,1
115,2,29,0,0,2,1,0,1,1,1
111,12,27,1,1,2,1,0,0,2,1
1537,17,318,0,0,0,0,0,20,0,1
6823,72,2282,2,2,0,0,0,85,3,1
222,27,42,2,2,5,3,0,2,1,1
58,0,9,0,0,0,0,0,1,0,1
179,18,40,1,1,2,1,0,3,1,1
134,4,40,1,1,3,2,0,2,1,1
117,0,30,0,0,2,1,0,0,2,1
318,48,44,0,0,0,0,0,2,1,1
33,5,4,0,0,0,0,0,1,0,1
110,20,20,0,0,0,0,0,1,2,1
243,46,37,0,0,0,0,0,1,0,1
86,10,14,0,0,0,0,0,1,1,1
104,22,17,0,0,0,0,0,1,2,1
1029,3,205,0,0,0,0,0,12,0,1
111,22,23,0,0,0,0,0,1,2,1
194,2,52,1,1,2,1,0,0,2,1
134,10,28,1,1,2,1,0,0,1,1
1530,6,330,0,0,0,0,0,16,0,1
50,9,14,0,0,0,0,0,0,0,1
565,2,128,0,0,0,0,0,3,0,1
121,23,23,0,0,0,0,0,1,2,1
136,2,32,1,1,0,0,0,2,4,1
85,20,15,0,0,0,0,0,0,2,1
251,42,37,0,0,0,0,0,2,0,1
150,4,43,1,1,2,1,0,0,2,1
651,6,210,4,4,5,0,0,5,1,1
124,25,29,0,0,2,1,0,0,1,1
970,2,201,0,0,0,0,0,21,0,1
170,2,47,1,1,2,1,0,1,2,1
121,13,22,0,0,0,0,0,0,1,1
273,1,57,0,0,0,0,0,3,0,1
277,47,48,0,0,0,1,0,2,1,1
87,19,16,0,0,0,0,0,0,2,1
115,11,22,0,0,0,0,0,0,1,1
104,20,18,0,0,0,0,0,1,2,1
290,40,43,0,0,0,0,0,2,1,1
159,13,36,1,1,2,1,0,3,1,1
977,1,191,0,0,0,0,0,14,0,1
301,44,48,0,0,0,0,0,1,1,1
2744,2,879,4,4,8,0,0,6,0,1
96,0,27,0,0,2,1,0,1,2,1
562,6,127,0,0,0,0,0,9,0,1
86,20,15,0,0,0,0,0,0,2,1
109,20,21,0,0,0,0,0,0,2,1
1259,14,246,0,0,0,0,0,24,0,1
109,0,31,0,0,2,1,0,0,2,1
112,20,22,0,0,0,0,0,1,2,1
106,16,22,1,1,2,1,0,0,2,1
89,20,16,0,0,0,0,0,0,2,1
118,8,19,0,0,0,0,0,0,1,1
98,1,27,0,0,2,1,0,0,1,1
59,1,8,0,0,0,0,0,0,0,1
68,1,18,2,3,2,1,0,0,1,1
140,19,29,1,1,0,0,0,1,2,1
879,4,184,0,0,0,0,0,8,0,1
95,5,29,0,0,2,1,0,0,1,1
32,4,4,0,0,0,0,0,1,0,1
117,9,18,0,0,0,0,0,1,1,1
105,20,21,0,0,0,0,0,1,2,1
117,7,19,0,0,0,0,0,1,1,1
147,5,35,1,1,2,1,0,0,1,1
90,20,16,0,0,0,0,0,0,2,1
89,20,17,0,0,0,0,0,1,2,1
116,22,24,0,0,0,0,0,1,2,1
115,21,19,0,0,0,0,0,0,2,1
131,23,28,1,1,2,1,0,2,1,1
21,0,2,0,0,0,0,0,1,0,1
87,19,17,0,0,0,0,0,1,2,1
123,3,22,1,1,1,1,0,1,1,1
97,20,16,0,0,0,0,0,1,2,1
111,24,21,0,0,0,0,0,0,2,1
209,17,39,1,1,4,2,0,0,1,1
196,2,42,1,1,1,0,0,2,3,1
1259,6,271,0,0,0,0,0,16,0,1
82,20,14,0,0,0,0,0,0,2,1
48,0,16,0,0,0,0,0,1,0,1
113,0,29,0,0,2,1,0,0,2,1
88,20,16,0,0,0,0,0,0,2,1
283,85,78,2,2,0,0,0,2,1,1
97,0,22,0,0,2,1,0,0,2,1
128,0,31,1,1,1,1,0,0,2,1
95,23,19,0,0,0,0,0,0,2,1
110,20,20,0,0,0,0,0,1,2,1
102,22,19,0,0,0,0,0,0,2,1
80,19,16,0,0,0,0,0,1,2,1
87,20,14,0,0,0,0,0,0,2,1
234,37,36,0,0,0,0,0,2,0,1
89,20,16,0,0,0,0,0,1,2,1
86,20,15,0,0,0,0,0,0,2,1
1000,7,216,0,0,0,0,0,13,0,1
101,0,28,0,0,2,1,0,2,1,1
96,20,18,0,0,0,0,0,0,2,1
104,20,19,0,0,0,0,0,1,2,1
288,41,43,0,0,0,0,0,1,1,1
1431,0,465,0,0,0,0,0,1,14,1
190,2,50,1,1,2,1,0,1,2,1
108,14,30,1,1,1,1,0,1,1,1
634,0,140,0,0,0,0,0,9,0,1
97,20,17,0,0,0,0,0,0,2,1
739,4,152,0,0,0,0,0,10,0,1
53,3,8,0,0,0,0,0,0,0,1
120,12,22,0,0,0,0,0,0,1,1
120,1,30,0,0,2,1,0,1,2,1
248,35,35,0,0,0,0,0,2,0,1
725,5,144,0,0,0,0,0,10,0,1
908,4,184,0,0,0,0,0,5,0,1
462,0,120,10,10,15,0,0,2,5,1
94,14,19,0,0,2,1,0,0,1,1
295,43,43,0,0,0,0,0,2,1,1
119,13,29,1,1,2,1,0,0,2,1
558,1,127,0,0,0,0,0,8,0,1
88,19,15,0,0,0,0,0,0,2,1
88,20,15,0,0,0,0,0,0,2,1
83,20,15,0,0,0,0,0,0,2,1
308,45,46,0,0,0,0,0,4,1,1
996,4,204,0,0,0,0,0,15,0,1
34,0,15,1,1,0,1,0,0,0,1
90,7,18,0,0,2,1,0,1,1,1
284,0,60,0,0,0,0,0,3,0,1
85,20,16,0,0,0,0,0,0,2,1
82,19,15,0,0,0,0,0,1,2,1
235,27,50,1,1,2,1,0,2,2,1
97,20,17,0,0,0,0,0,0,2,1
375,0,82,0,0,0,0,0,3,0,1
86,10,14,0,0,0,0,0,1,1,1
123,14,24,0,0,0,0,0,0,1,1
196,2,49,1,1,1,1,0,2,2,1
82,20,14,0,0,0,0,0,0,2,1
1563,8,340,0,0,0,0,0,30,0,1
91,10,16,0,0,0,0,0,2,1,1
252,44,53,2,2,2,1,0,2,2,1
139,16,32,1,1,2,1,0,1,2,1
1684,4,352,0,0,0,0,0,20,0,1
225,30,43,0,0,0,0,0,1,1,1
356,182,120,3,3,0,0,0,1,1,1
283,42,42,0,0,0,0,0,3,1,1
425,0,84,0,0,0,0,0,1,0,1
216,32,48,1,1,2,1,0,0,2,1
265,0,54,0,0,0,0,0,6,0,1
299,3,53,2,2,0,1,0,13,1,1
446,38,69,3,3,2,1,0,3,1,1
33,5,4,0,0,0,0,0,1,0,1
124,20,22,0,0,0,0,0,0,2,1
121,26,30,1,1,2,1,0,0,2,1
114,6,19,0,0,0,0,0,0,1,1
1166,10,255,0,0,0,0,0,13,0,1
394,1,76,0,0,0,0,0,6,0,1
291,3,60,0,0,0,0,0,8,0,1
403,191,129,3,3,0,0,0,0,1,1
1035,3,228,0,0,0,0,0,10,0,1
319,47,51,0,0,0,0,0,1,1,1
104,1,25,0,0,2,1,0,0,1,1
191,18,40,1,1,2,1,0,0,2,1
175,0,33,0,0,0,0,0,4,0,1
293,50,44,0,0,0,0,0,1,1,1
115,2,29,0,0,2,1,0,0,1,1
81,19,15,0,0,0,0,0,0,2,1
328,0,68,0,0,0,0,0,1,0,1
33,5,4,0,0,0,0,0,1,0,1
4166,15,906,0,0,0,0,0,57,0,1
90,20,15,0,0,0,0,0,0,2,1
240,0,48,0,0,0,0,0,5,0,1
75,8,53,0,0,0,0,0,0,0,1
652,1,132,0,0,0,0,0,3,0,1
241,39,36,0,0,0,0,0,2,0,1
267,0,59,0,0,0,0,0,4,0,1
86,10,14,0,0,0,0,0,1,1,1
184,4,49,1,1,2,1,0,1,2,1
111,9,18,0,0,0,0,0,0,1,1
253,14,59,2,2,0,0,0,0,2,1
161,18,31,1,1,2,1,0,0,2,1
84,20,14,0,0,0,0,0,0,2,1
2013,7,441,0,0,0,0,0,32,0,1
118,20,20,0,0,0,0,0,1,2,1
97,19,17,0,0,0,0,0,3,2,1
95,20,17,0,0,0,0,0,0,2,1
51,2,8,0,0,0,0,0,0,0,1
256,35,35,0,0,0,0,0,3,0,1
150,16,30,0,0,2,1,0,1,2,1
217,4,59,1,1,2,1,0,0,2,1
113,8,19,0,0,0,0,0,0,1,1
85,9,14,0,0,0,0,0,1,1,1
89,20,16,0,0,0,0,0,0,2,1
38,5,6,0,0,0,0,0,2,0,1
103,10,26,0,0,0,1,0,0,1,1
96,21,19,0,0,0,0,0,1,2,1
120,20,21,0,0,0,0,0,1,2,1
772,2,165,0,0,0,0,0,10,0,1
253,14,61,2,2,0,0,0,0,4,1
88,10,20,0,0,0,0,0,0,0,1
169,17,43,1,1,3,0,0,0,3,1
45,7,9,0,0,0,0,0,0,0,1
115,8,28,0,0,2,0,0,0,2,1
76,19,14,0,0,0,0,0,0,2,1
124,15,24,0,0,0,0,0,0,1,1
25,3,5,0,0,0,0,0,0,0,1
119,7,19,0,0,0,0,0,0,1,1
128,14,30,1,1,2,0,0,0,2,1
96,21,18,0,0,0,0,0,0,2,1
102,20,18,0,0,0,0,0,0,2,1
1143,7,249,0,0,0,0,0,10,0,1
238,38,35,0,0,0,0,0,1,0,1
92,7,19,0,0,2,1,0,0,2,1
108,13,26,1,1,0,1,0,0,1,1
5354,61,1205,0,0,0,0,0,73,0,1
37,1,18,2,2,0,1,1,1,0,1
241,38,34,0,0,0,0,0,2,0,1
84,1,16,2,2,2,1,0,0,0,1
47,1,13,1,1,2,1,0,0,0,1
94,10,21,0,0,2,1,0,0,2,1
2417,20,542,0,0,0,0,0,31,0,1
290,29,57,2,2,2,1,0,0,2,1
260,38,40,0,0,0,0,0,2,0,1
776,5,152,0,0,0,0,0,12,0,1
101,0,26,0,0,2,1,0,0,2,1
88,9,18,0,0,2,1,0,1,2,1
87,19,17,0,0,0,0,0,0,2,1
165,19,28,1,1,2,1,0,0,2,1
54,1,8,0,0,0,0,0,0,0,1
511,1,102,0,0,0,0,0,9,0,1
159,17,37,1,1,2,1,0,0,1,1
86,10,14,0,0,0,0,0,1,1,1
86,10,14,0,0,0,0,0,1,1,1
188,2,53,1,1,2,1,0,0,2,1
77,20,13,0,0,0,0,0,0,2,1
260,26,58,2,2,0,0,0,0,2,1
243,35,32,0,0,0,0,0,3,0,1
194,2,50,1,1,2,1,0,0,2,1
112,26,18,0,0,2,1,0,1,2,1
114,2,27,0,0,2,1,0,0,2,1
81,20,15,0,0,0,0,0,1,2,1
104,0,29,0,0,2,1,0,1,2,1
248,46,39,0,0,0,0,0,1,0,1
329,54,50,0,0,0,0,0,1,1,1
690,8,158,0,0,0,0,0,12,0,1
195,39,44,1,1,0,1,0,4,2,1
986,0,214,0,0,0,0,0,21,0,1
116,8,22,1,1,2,1,0,0,1,1
110,4,28,0,0,2,1,0,1,2,1
83,18,18,0,0,2,0,0,0,2,1
68,0,15,0,0,0,0,0,1,0,1
1728,11,374,0,1,0,0,0,29,0,1
240,37,34,0,0,0,0,0,1,0,1
88,20,16,0,0,0,0,0,0,2,1
858,0,182,0,0,0,0,0,16,0,1
221,13,59,1,1,2,1,0,1,2,1
301,0,58,0,0,0,0,0,8,0,1
33,5,4,0,0,0,0,0,1,0,1
189,0,39,0,0,0,0,0,1,0,1
78,8,16,0,0,0,0,0,0,0,1
39,7,9,0,0,0,0,0,0,0,1
88,10,21,0,0,2,1,0,1,1,1
256,14,59,2,2,0,0,0,1,2,1
240,37,34,0,0,0,0,0,1,0,1
927,9,197,0,0,0,0,0,10,0,1
86,10,14,0,0,0,0,0,1,1,1
111,21,19,0,0,0,0,0,0,2,1
156,18,37,1,1,2,0,0,0,2,1
235,0,45,0,0,0,0,0,1,0,1
115,0,27,0,0,2,1,0,1,1,1
108,7,22,1,1,1,1,0,0,1,1
109,14,23,1,1,1,1,0,1,1,1
110,0,28,0,0,2,1,0,1,2,1
45,7,9,0,0,0,0,0,0,0,1
299,45,45,0,0,0,0,0,3,1,1
112,0,29,0,0,2,1,0,0,2,1
233,39,54,2,2,0,1,0,2,2,1
15,0,1,0,0,0,0,0,0,0,1
159,5,46,1,1,2,1,0,0,2,1
123,14,24,0,0,0,0,0,0,1,1
210,6,56,1,1,2,1,0,0,1,1
103,22,21,0,0,0,0,0,0,2,1
291,52,41,0,0,0,0,0,1,1,1
80,20,14,0,0,0,0,0,0,2,1
113,6,18,0,0,0,0,0,1,1,1
116,20,18,0,0,0,0,0,0,2,1
118,0,31,0,0,2,1,0,0,2,1
126,2,36,0,0,2,1,0,0,2,1
95,20,17,0,0,0,0,0,0,2,1
80,19,15,0,0,0,0,0,0,2,1
593,0,123,0,0,0,0,0,9,0,1
257,23,55,2,2,1,1,0,2,2,1
59,8,11,0,0,0,0,0,0,0,1
453,127,94,4,4,4,2,0,0,2,1
118,6,28,1,1,2,1,0,0,1,1
123,14,24,0,0,0,0,0,0,1,1
218,21,59,1,1,2,1,0,0,2,1
112,7,19,0,0,0,0,0,1,1,1
102,20,18,0,0,0,0,0,1,2,1
144,15,27,1,1,2,1,0,0,2,1
161,8,37,1,1,4,2,0,1,2,1
116,6,20,0,0,0,0,0,0,1,1
111,20,20,0,0,0,0,0,0,2,1
521,0,111,0,0,0,0,0,6,0,1
459,2,98,0,0,0,0,0,9,0,1
238,7,60,1,1,4,1,0,0,1,1
222,27,58,1,1,2,1,0,0,2,1
261,38,39,0,0,0,0,0,2,0,1
98,9,20,0,0,2,1,0,1,2,1
90,7,25,0,0,0,1,1,1,2,1
128,20,24,0,0,0,0,0,1,2,1
47,7,10,0,0,0,0,0,0,0,1
470,4,106,0,0,0,0,0,10,0,1
532,8,119,0,0,0,0,0,5,0,1
44,3,11,1,1,1,1,1,1,0,1
91,20,17,0,0,0,0,0,1,2,1
96,20,18,0,0,0,0,0,0,2,1
118,20,22,0,0,0,0,0,3,2,1
185,7,56,1,1,2,1,0,0,1,1
79,20,14,0,0,0,0,0,0,2,1
38,5,6,0,0,0,0,0,2,0,1
70,5,24,3,3,0,0,0,0,0,1
176,0,29,0,0,0,0,0,1,0,1
306,0,66,0,0,0,0,0,2,0,1
187,28,41,1,1,2,1,0,1,2,1
95,1,29,0,0,2,1,0,0,1,1
76,20,14,0,0,0,0,0,0,2,1
241,38,34,0,0,0,0,0,3,0,1
334,15,121,0,0,0,0,0,2,1,1
96,14,21,0,0,2,1,0,0,1,1
91,19,18,0,0,0,0,0,0,2,1
58,0,18,2,2,2,0,0,1,1,1
181,15,38,1,1,2,0,0,0,4,1
99,20,16,0,0,0,0,0,0,2,1
103,0,29,0,0,2,1,0,0,1,1
559,0,113,0,0,0,0,0,11,0,1
88,22,19,0,0,0,0,0,0,2,1
97,20,17,0,0,0,0,0,1,2,1
33,5,4,0,0,0,0,0,1,0,1
617,1,129,0,0,0,0,0,11,0,1
148,17,33,1,1,2,1,0,0,2,1
38,5,6,0,0,0,0,0,2,0,1
112,20,20,0,0,0,0,0,0,2,1
99,20,18,0,0,0,0,0,0,2,1
95,20,16,0,0,0,0,0,0,2,1
86,0,23,0,0,2,1,0,0,1,1
96,20,19,0,0,0,0,0,0,2,1
148,19,32,1,1,2,0,0,1,2,1
1420,2,288,0,0,0,0,0,23,0,1
662,2,144,0,0,0,0,0,14,0,1
91,10,16,0,0,0,0,0,2,1,1
113,10,18,0,0,0,0,0,0,1,1
115,11,18,0,0,0,0,0,0,1,1
81,0,18,2,2,1,1,0,0,0,1
262,43,41,0,0,0,0,0,2,0,1
87,20,16,0,0,0,0,0,0,2,1
270,1,52,0,0,0,0,0,2,0,1
79,20,14,0,0,0,0,0,0,2,1
135,23,30,1,1,2,1,0,0,1,1
112,20,19,0,0,0,0,0,0,2,1
120,12,22,0,0,0,0,0,0,1,1
95,0,27,0,0,2,1,0,0,2,1
182,21,62,1,1,2,1,0,0,1,1
121,12,21,1,1,0,0,0,0,1,1
1137,5,246,0,0,0,0,0,18,0,1
128,7,27,1,1,2,1,0,0,2,1
315,88,68,2,2,2,1,0,0,3,1
84,4,22,0,0,0,1,0,1,1,1
115,1,31,0,0,2,1,0,1,1,1
314,43,46,0,0,0,0,0,3,1,1
203,0,45,0,0,0,0,0,1,0,1
121,13,22,0,0,0,0,0,0,1,1
48,8,13,0,0,0,0,0,0,0,1
78,20,14,0,0,0,0,0,1,2,1
173,17,37,1,1,2,0,0,1,2,1
671,72,197,2,2,3,0,0,0,0,1
177,2,49,1,1,2,1,0,1,2,1
116,6,18,0,0,0,0,0,0,1,1
71,10,17,0,0,0,1,0,0,2,1
83,19,16,0,0,0,0,0,0,2,1
38,5,6,0,0,0,0,0,2,0,1
72,20,14,0,0,0,0,0,0,2,1
327,60,72,3,3,4,2,0,0,2,1
128,0,32,0,0,2,1,0,0,1,1
94,20,17,0,0,0,0,0,0,2,1
107,20,19,0,0,0,0,0,2,2,1
86,20,16,0,0,0,0,0,0,2,1
664,13,144,0,0,0,0,0,8,0,1
214,44,37,1,1,0,1,0,1,2,1
116,12,18,0,0,0,0,0,0,1,1
116,12,22,0,0,0,0,0,0,1,1
714,7,152,0,0,0,0,0,8,0,1
194,35,47,1,1,3,1,0,0,1,1
107,13,27,1,1,1,0,0,1,3,1
591,4,124,0,0,0,0,0,10,0,1
81,20,15,0,0,0,0,0,0,2,1
92,22,17,0,0,0,0,0,0,2,1
135,0,32,1,1,2,1,0,1,2,1
120,18,32,0,0,2,1,0,0,2,1
182,4,49,1,1,2,1,0,0,2,1
120,15,30,1,1,2,1,0,0,1,1
101,0,24,0,0,2,1,0,0,2,1
73,20,14,0,0,0,0,0,0,2,1
115,21,20,0,0,0,0,0,0,2,1
87,20,17,0,0,0,0,0,0,2,1
264,23,58,2,2,2,1,0,2,3,1
110,20,18,0,0,0,0,0,1,2,1
303,41,47,0,0,0,0,0,2,1,1
100,1,24,0,0,0,1,0,0,1,1
141,24,23,0,0,0,0,0,0,2,1
77,8,19,0,0,2,1,0,0,1,1
2923,9,603,0,0,0,0,0,50,0,1
313,47,50,0,0,0,0,0,2,1,1
93,15,19,0,0,2,1,0,1,1,1
119,46,15,0,0,1,1,0,1,0,1
110,0,48,4,4,2,0,0,1,1,1
65,2,22,3,3,0,1,0,0,0,1
109,20,20,0,0,0,0,0,0,2,1
279,9,56,0,0,0,0,0,3,0,1
513,0,105,0,0,0,0,0,11,0,1
137,15,34,1,1,1,0,0,0,2,1
77,19,15,0,0,0,0,0,0,2,1
6561,52,2279,24,17,0,0,0,31,1,1
169,0,35,0,0,0,0,0,3,0,1
113,11,19,0,0,0,0,0,0,1,1
73,19,13,0,0,0,0,0,0,2,1
150,3,38,1,1,2,1,0,2,1,1
101,19,19,0,0,0,0,0,1,2,1
113,10,19,0,0,0,0,0,0,1,1
96,19,18,0,0,0,0,0,2,2,1
181,2,50,1,1,2,1,0,0,2,1
426,0,87,0,0,0,0,0,2,0,1
86,20,15,0,0,0,0,0,1,2,1
42,1,15,1,1,1,1,0,0,0,1
457,0,87,0,0,0,0,0,7,0,1
249,3,52,0,0,0,0,0,6,0,1
96,7,21,0,0,2,1,0,0,2,1
223,1,52,0,0,0,0,0,3,0,1
14497,318,3313,0,0,2,0,0,61,0,1
33,5,4,0,0,0,0,0,1,0,1
120,27,26,1,1,0,1,0,1,1,1
1231,6,390,0,0,0,0,0,7,2,1
111,6,18,0,0,0,0,0,0,1,1
142,9,32,1,1,2,1,0,0,1,1
110,10,23,0,0,2,1,0,0,1,1
66,0,19,3,3,1,1,0,0,0,1
142,10,32,1,1,2,1,0,1,1,1
106,0,25,0,0,2,1,0,0,2,1
121,13,22,0,0,0,0,0,0,1,1
1002,2,206,0,0,0,0,0,16,0,1
241,39,35,0,0,0,0,0,2,0,1
164,4,44,1,1,0,0,0,1,3,1
66,0,26,2,3,2,0,0,1,1,1
106,19,19,0,0,0,0,0,1,2,1
98,1,27,0,0,2,1,0,0,2,1
258,14,61,2,2,0,0,0,0,3,1
38,5,6,0,0,0,0,0,2,0,1
121,13,22,0,0,0,0,0,0,1,1
30,0,6,0,0,0,0,0,0,0,1
108,19,18,0,0,0,0,0,0,2,1
210,2,51,1,1,2,1,0,1,2,1
605,3,121,0,0,0,0,0,8,0,1
82,19,16,0,0,0,0,0,1,2,1
46,3,13,0,0,1,1,0,0,0,1
5364,50,1112,0,0,0,0,0,47,0,1
90,9,16,0,0,0,0,0,2,1,1
89,7,20,0,0,2,1,0,0,1,1
96,20,17,0,0,0,0,0,0,2,1
91,20,15,0,0,0,0,0,0,2,1
138,7,40,1,1,2,1,0,0,2,1
98,20,18,0,0,0,0,0,0,2,1
104,19,17,0,0,0,0,0,0,2,1
110,1,28,0,0,2,1,0,0,1,1
4876,18,1038,0,0,0,0,0,63,0,1
234,41,31,0,0,0,0,0,4,0,1
84,20,14,0,0,0,0,0,0,2,1
99,0,26,0,0,2,1,0,0,2,1
83,10,18,0,0,2,1,0,1,2,1
92,20,16,0,0,0,0,0,1,2,1
130,3,34,0,0,2,1,0,2,2,1
82,20,16,0,0,0,0,0,0,2,1
83,20,15,0,0,0,0,0,0,2,1
247,38,34,0,0,0,0,0,3,0,1
105,20,20,0,0,0,0,0,0,2,1
302,40,43,0,0,0,0,0,3,0,1
107,19,19,0,0,0,0,0,2,2,1
120,12,22,0,0,0,0,0,0,1,1
203,41,50,1,1,0,1,0,3,2,1
95,22,16,0,0,0,0,0,0,2,1
89,20,17,0,0,0,0,0,0,2,1
1332,1,435,0,1,0,0,0,36,0,1
197,2,54,1,1,2,1,0,1,1,1
169,0,30,0,0,0,0,0,6,0,1
108,1,29,0,0,1,0,0,2,2,1
85,9,14,0,0,0,0,0,1,1,1
126,19,23,0,0,0,0,0,0,2,1
111,13,25,1,1,1,1,0,0,2,1
78,19,14,0,0,0,0,0,0,2,1
73,19,13,0,0,0,0,0,0,2,1
248,0,48,0,0,0,0,0,1,0,1
161,2,41,1,1,2,1,0,2,3,1
85,20,15,0,0,0,0,0,0,2,1
122,24,23,0,0,0,0,0,0,2,1
55,1,8,0,0,0,0,0,0,0,1
287,42,41,0,0,0,0,0,2,1,1
82,21,15,0,0,0,0,0,1,2,1
86,10,14,0,0,0,0,0,1,1,1
108,4,27,0,0,2,1,0,0,1,1
1007,3,210,0,0,0,0,0,12,0,1
121,13,22,0,0,0,0,0,0,1,1
1962,1,415,0,0,0,0,0,20,0,1
435,182,129,4,4,0,0,0,2,1,1
96,19,16,0,0,0,0,0,0,2,1
107,19,26,1,1,2,1,0,0,2,1
124,15,24,0,0,0,0,0,0,1,1
122,25,23,0,0,0,0,0,1,2,1
134,1,30,1,1,3,1,0,2,2,1
103,0,21,0,0,0,0,0,0,0,1
113,8,18,0,0,0,0,0,0,1,1
120,20,32,1,1,2,1,0,1,1,1
63,3,14,2,2,4,1,0,0,0,1
78,0,18,0,0,0,1,0,0,1,1
136,7,24,1,1,2,0,0,1,2,1
1432,22,307,0,0,0,0,0,24,0,1
1264,0,276,0,0,0,0,0,27,0,1
114,4,25,0,0,0,0,0,2,2,1
154,2,43,1,1,2,1,0,0,2,1
180,8,39,1,1,2,0,0,0,1,1
119,2,31,0,0,2,1,0,1,1,1
196,3,90,0,0,0,0,0,0,0,1
301,48,44,0,0,0,0,0,2,1,1
102,0,41,0,0,0,0,0,1,0,1
484,5,152,18,18,7,4,0,5,0,1
243,43,36,0,0,0,0,0,1,0,1
138,20,26,0,0,0,0,0,1,2,1
402,0,103,0,0,0,0,0,4,0,1
100,6,22,0,0,2,1,0,0,2,1
89,13,19,0,0,2,1,0,0,2,1
2005,13,468,3,3,0,0,0,25,2,1
81,10,16,0,0,2,1,0,0,2,1
113,20,20,0,0,0,0,0,2,2,1
501,1,111,0,0,0,0,0,6,0,1
111,1,27,0,0,2,1,0,1,1,1
86,10,14,0,0,0,0,0,1,1,1
53,6,8,0,0,0,0,0,0,0,1
1149,7,239,0,0,0,0,0,16,0,1
232,5,47,0,0,0,0,0,4,0,1
95,20,16,0,0,0,0,0,0,2,1
264,38,37,0,0,0,0,0,4,0,1
857,36,180,0,0,0,0,0,7,0,1
102,20,18,0,0,0,0,0,0,2,1
306,45,45,0,0,0,0,0,1,1,1
116,10,28,1,1,0,0,0,0,2,1
713,3,162,0,0,0,0,0,4,0,1
127,9,29,1,1,2,1,0,0,1,1
243,39,37,0,0,0,0,0,2,0,1
602,1,109,0,0,0,0,0,9,0,1
91,10,16,0,0,0,0,0,2,1,1
1477,0,299,0,0,0,0,0,23,0,1
101,20,18,0,0,0,0,0,0,2,1
33,5,4,0,0,0,0,0,1,0,1
125,16,31,2,2,3,0,0,0,0,1
113,24,21,0,0,0,0,0,1,2,1
151,0,32,1,1,2,1,0,0,1,1
225,21,52,7,7,2,0,0,0,2,1
92,8,23,0,0,2,1,0,0,2,1
137,6,33,1,1,1,1,0,0,2,1
121,22,22,0,0,0,0,0,0,2,1
88,13,22,0,0,2,1,0,0,2,1
49,0,9,0,0,0,0,0,0,0,1
88,19,16,0,0,0,0,0,0,2,1
170,0,61,2,2,2,0,0,0,0,1
253,35,37,0,0,0,0,0,3,0,1
140,20,25,0,0,0,0,0,1,2,1
138,4,33,1,1,2,1,0,0,2,1
158,18,32,1,1,2,1,0,2,2,1
132,11,26,1,1,2,1,0,1,2,1
317,43,44,0,0,0,0,0,1,1,1
213,12,57,1,1,2,1,0,0,2,1
7461,98,2689,0,1,4,0,0,32,0,1
128,0,34,0,0,2,1,0,0,2,1
80,19,15,0,0,0,0,0,1,2,1
198,2,49,1,1,1,1,0,0,2,1
52,1,9,0,0,0,0,0,0,0,1
127,0,22,0,0,0,0,0,0,0,1
84,20,14,0,0,0,0,0,0,2,1
617,7,139,0,0,0,0,0,5,0,1
142,8,31,1,1,0,1,0,1,1,1
94,19,17,0,0,0,0,0,0,2,1
829,0,159,0,0,0,0,0,16,0,1
677,258,135,6,6,0,0,0,0,3,1
162,12,34,1,1,0,0,0,2,2,1
130,8,28,1,1,0,1,0,0,2,1
132,1,32,2,2,2,0,0,0,0,1
127,9,32,1,1,2,0,0,1,3,1
1257,5,255,0,0,0,0,0,15,0,1
79,20,13,0,0,0,0,0,0,2,1
89,20,16,0,0,0,0,0,0,2,1
89,3,26,0,0,2,1,0,0,2,1
114,0,25,0,0,2,1,0,1,1,1
82,20,15,0,0,0,0,0,0,2,1
254,0,68,1,1,4,2,0,2,1,1
302,45,43,0,0,0,0,0,3,1,1
462,4,100,0,0,0,0,0,3,0,1
56,2,19,2,1,2,1,0,0,0,1
324,42,50,0,0,0,0,0,2,1,1
59,0,24,2,3,2,0,0,1,1,1
250,40,36,0,0,0,0,0,2,0,1
86,20,14,0,0,0,0,0,1,2,1
242,43,34,0,0,0,0,0,1,0,1
89,21,18,0,0,0,0,0,0,2,1
55,1,8,0,0,0,0,0,0,0,1
178,2,41,1,1,2,1,0,1,2,1
91,10,16,0,0,0,0,0,2,1,1
84,20,15,0,0,0,0,0,0,2,1
1026,2,223,0,0,0,0,0,22,0,1
297,47,46,0,0,0,0,0,2,1,1
507,0,104,0,0,0,0,0,4,0,1
111,7,21,0,0,2,1,0,0,2,1
86,10,14,0,0,0,0,0,1,1,1
85,20,14,0,0,0,0,0,0,2,1
847,12,164,0,0,0,0,0,12,0,1
127,20,23,0,0,0,0,0,2,2,1
379,0,83,0,0,0,0,0,3,0,1
183,2,48,1,1,2,1,0,1,2,1
235,45,35,0,0,0,0,0,1,0,1
237,37,34,0,0,0,0,0,3,0,1
2139,5,442,0,0,0,0,0,33,0,1
25,0,6,0,0,0,0,0,1,0,1
109,19,18,0,0,0,0,0,1,2,1
112,20,20,0,0,0,0,0,0,2,1
101,13,21,0,0,0,1,0,0,1,1
127,1,30,0,0,2,1,0,1,2,1
91,10,16,0,0,0,0,0,2,1,1
120,1,33,0,0,3,1,0,0,2,1
536,1,121,0,0,0,0,0,8,0,1
247,16,58,2,2,0,0,0,0,2,1
97,20,18,0,0,0,0,0,0,2,1
286,40,42,0,0,0,0,0,3,1,1
85,20,15,0,0,0,0,0,0,2,1
132,20,22,0,0,0,0,0,2,2,1
334,0,60,0,0,0,0,0,5,0,1
80,7,16,0,0,0,0,0,1,0,1
96,20,18,0,0,0,0,0,1,2,1
85,20,15,0,0,0,0,0,0,2,1
113,8,18,0,0,0,0,0,0,1,1
100,22,18,0,0,0,0,0,0,2,1
307,44,47,0,0,0,0,0,1,1,1
77,10,16,0,0,0,1,0,1,1,1
101,20,18,0,0,0,0,0,0,2,1
4119,16,1330,5,5,0,0,0,24,0,1
123,14,24,0,0,0,0,0,0,1,1
233,42,31,0,0,0,0,0,4,0,1
77,20,14,0,0,0,0,0,0,2,1
1693,7,334,0,0,0,0,0,29,0,1
86,10,14,0,0,0,0,0,1,1,1
90,20,17,0,0,0,0,0,0,2,1
126,1,29,0,0,2,1,0,0,1,1
36,0,7,0,0,0,0,0,0,0,1
99,20,18,0,0,0,0,0,1,2,1
97,20,18,0,0,0,0,0,1,2,1
1029,5,225,0,0,0,0,0,10,0,1
183,2,48,1,1,2,1,0,2,2,1
98,1,25,2,2,3,0,0,0,0,1
97,20,17,0,0,0,0,0,0,2,1
43,0,8,0,0,0,0,0,0,1,1
115,8,19,0,0,0,0,0,0,1,1
587,6,122,0,0,0,0,0,6,0,1
176,15,37,1,1,0,0,0,1,3,1
258,41,37,0,0,0,0,0,2,0,1
39,7,9,0,0,0,0,0,0,0,1
236,35,32,0,0,0,0,0,1,0,1
58,0,20,2,3,3,1,0,0,0,1
434,1,90,0,0,0,0,0,7,0,1
174,2,48,1,1,2,1,0,1,2,1
959,9,200,0,0,0,0,0,15,0,1
310,43,45,0,0,0,0,0,3,1,1
288,51,44,0,0,0,0,0,1,1,1
298,43,47,0,0,0,0,0,3,1,1
102,21,19,0,0,0,0,0,1,2,1
111,10,22,1,1,1,1,0,0,1,1
102,20,18,0,0,0,0,0,0,2,1
101,0,26,0,0,2,1,0,0,1,1
91,20,15,0,0,0,0,0,0,2,1
276,2,55,0,0,0,0,0,4,0,1
156,7,62,1,1,2,1,0,0,2,1
42,8,9,0,0,0,0,0,0,0,1
291,43,44,0,0,0,0,0,2,1,1
143,35,24,0,0,1,1,0,0,0,1
94,19,17,0,0,0,0,0,1,2,1
161,26,29,1,1,1,1,0,0,1,1
113,12,18,0,0,0,0,0,0,1,1
786,12,165,0,0,0,0,0,11,0,1
107,10,23,1,1,2,1,0,0,2,1
143,21,30,1,1,2,1,0,0,2,1
183,19,47,1,1,2,0,0,1,2,1
133,10,24,1,1,3,1,0,0,2,1
93,20,15,0,0,0,0,0,0,2,1
38,5,6,0,0,0,0,0,2,0,1
117,0,29,0,0,2,2,0,2,2,1
82,20,14,0,0,0,0,0,0,2,1
360,51,96,3,3,3,5,0,0,2,1
37,4,6,0,0,0,0,0,2,0,1
2196,42,728,0,0,0,0,0,34,1,1
57,6,9,0,0,0,0,0,0,0,1
662,1,143,0,0,0,0,0,9,0,1
80,2,15,0,0,0,0,0,1,2,1
1377,4,270,0,0,0,0,0,24,0,1
694,0,151,0,0,0,0,0,11,0,1
1083,2,237,0,0,0,0,0,10,0,1
246,45,31,0,0,0,0,0,3,0,1
95,20,17,0,0,0,0,0,1,2,1
173,27,37,1,1,2,1,0,0,2,1
325,6,80,2,2,8,2,0,1,2,1
37,4,6,0,0,0,0,0,2,0,1
118,9,25,0,0,1,1,0,0,1,1
154,1,32,1,1,2,1,0,1,2,1
120,0,30,0,0,2,1,0,1,1,1
2700,17,574,0,0,0,0,0,52,0,1
306,45,68,2,2,4,3,0,0,3,1
36,0,12,1,1,1,1,0,0,0,1
1201,7,240,0,0,0,0,0,17,0,1
89,17,20,0,0,2,1,0,0,1,1
252,41,35,0,0,0,0,0,1,0,1
112,11,18,0,0,0,0,0,0,1,1
1315,8,292,0,0,0,0,0,10,0,1
76,20,13,0,0,0,0,0,0,2,1
245,33,34,0,0,0,0,0,1,0,1
99,6,21,0,0,0,0,0,0,2,1
89,20,15,0,0,0,0,0,0,2,1
83,20,15,0,0,0,0,0,0,2,1
100,20,18,0,0,0,0,0,1,2,1
91,10,16,0,0,0,0,0,2,1,1
109,10,31,0,0,2,1,0,0,2,1
76,19,14,0,0,0,0,0,0,2,1
107,12,24,1,1,0,0,0,0,3,1
58,3,9,0,0,0,0,0,0,0,1
127,9,28,1,1,2,0,0,0,3,1
567,2,126,0,0,0,0,0,7,0,1
122,1,39,0,0,0,1,1,2,1,1
174,20,37,1,1,2,1,0,1,2,1
109,0,28,0,0,2,1,0,1,2,1
436,214,129,4,4,0,0,0,0,1,1
99,20,17,0,0,0,0,0,0,2,1
88,0,27,0,0,2,1,0,1,1,1
244,38,33,0,0,0,0,0,4,0,1
119,21,24,0,0,0,0,0,1,2,1
162,16,36,1,1,2,1,0,0,1,1
565,1,113,0,0,0,0,0,16,0,1
108,5,27,0,0,2,1,0,1,1,1
102,0,25,0,0,2,1,0,0,2,1
38,5,6,0,0,0,0,0,2,0,1
117,0,30,0,0,2,1,0,1,1,1
676,6,147,0,0,0,0,0,16,0,1
142,14,29,1,1,2,1,0,0,2,1
104,0,30,0,0,2,1,0,0,2,1
307,43,45,0,0,0,0,0,1,1,1
120,0,28,1,1,0,0,0,0,3,1
38,5,6,0,0,0,0,0,2,0,1
292,43,43,0,0,0,0,0,1,1,1
231,24,46,2,2,2,1,0,0,2,1
405,184,127,3,3,0,0,0,0,1,1
2400,9,499,0,0,0,0,0,24,0,1
22573,204,7144,26,30,9,0,0,193,8,1
108,0,30,0,0,2,1,0,0,2,1
452,4,93,0,0,0,0,0,5,0,1
94,8,24,0,0,2,1,0,0,2,1
311,43,44,0,0,0,0,0,2,1,1
781,2,165,0,0,0,0,0,9,0,1
76,23,14,0,0,0,0,0,1,2,1
86,10,14,0,0,0,0,0,1,1,1
55,7,11,0,0,0,0,0,1,0,1
78,20,14,0,0,0,0,0,1,2,1
1151,6,247,0,0,0,0,0,16,0,1
78,0,15,0,0,0,0,0,3,2,1
717,1,156,0,0,0,0,0,12,0,1
752,0,153,0,0,0,0,0,9,0,1
33,5,4,0,0,0,0,0,1,0,1
133,20,22,0,0,0,0,0,1,2,1
117,0,28,0,0,2,1,0,0,2,1
95,20,17,0,0,0,0,0,1,2,1
497,6,98,0,0,0,0,0,8,0,1
95,20,17,0,0,0,0,0,0,2,1
96,20,18,0,0,0,0,0,0,2,1
611,0,124,0,0,0,0,0,9,0,1
98,13,23,0,0,2,1,0,0,2,1
100,22,19,0,0,0,0,0,0,2,1
72,8,18,0,0,0,0,0,0,0,1
123,14,24,0,0,0,0,0,0,1,1
46,6,21,1,0,0,0,1,1,0,1
173,13,33,1,1,2,1,0,1,2,1
960,8,208,0,0,0,0,0,18,0,1
240,42,33,0,0,0,0,0,2,0,1
796,7,191,0,0,0,0,0,2,0,1
1013,2,207,0,0,0,0,0,14,0,1
208,30,43,1,1,2,1,0,1,2,1
46,7,9,0,0,0,0,0,0,0,1
21684,222,6259,13,12,0,0,0,114,0,1
79,12,20,0,0,2,1,0,1,2,1
304,45,46,0,0,0,0,0,3,1,1
300,42,45,0,0,0,0,0,1,1,1
111,8,18,0,0,0,0,0,0,1,1
122,7,19,0,0,0,0,0,0,1,1
33,5,4,0,0,0,0,0,1,0,1
116,0,32,0,0,2,1,0,2,1,1
38,5,6,0,0,0,0,0,2,0,1
388,0,82,0,0,0,0,0,6,0,1
367,4,83,0,0,0,0,0,3,0,1
31,0,7,0,0,0,0,0,0,0,1
130,9,27,2,3,2,1,0,0,2,1
259,36,36,0,0,0,0,0,2,0,1
314,0,59,0,0,0,0,0,1,0,1
153,18,35,1,1,2,1,0,0,3,1
798,14,218,1,1,0,0,0,7,2,1
939,3,199,0,0,0,0,0,11,0,1
96,20,16,0,0,0,0,0,0,2,1
489,0,104,0,0,0,0,0,3,0,1
303,0,74,0,0,0,0,0,1,0,1
3881,32,800,0,0,0,0,0,58,0,1
101,20,19,0,0,0,0,0,0,2,1
6731,43,1507,0,0,0,0,0,84,0,1
298,47,45,0,0,0,0,0,1,1,1
307,43,43,0,0,0,0,0,2,1,1
1368,5,288,0,0,0,0,0,16,0,1
75,8,52,0,0,0,0,0,0,0,1
86,10,14,0,0,0,0,0,1,1,1
86,10,14,0,0,0,0,0,1,1,1
190,3,49,1,1,2,1,0,5,2,1
70,20,14,0,0,0,0,0,0,2,1
1071,5,222,0,0,0,0,0,17,0,1
249,37,33,0,0,0,0,0,2,0,1
104,1,28,0,0,2,1,0,0,2,1
1274,2,246,0,0,0,0,0,17,0,1
125,22,24,0,0,0,0,0,0,2,1
92,20,18,0,0,0,0,0,1,2,1
91,10,16,0,0,0,0,0,2,1,1
3534,112,1088,5,6,5,0,0,29,0,1
123,14,24,0,0,0,0,0,0,1,1
126,7,19,0,0,0,0,0,0,1,1
128,14,30,0,0,0,1,1,1,2,1
88,20,15,0,0,0,0,0,0,2,1
766,2,147,0,0,0,0,0,12,0,1
38,5,6,0,0,0,0,0,2,0,1
102,11,22,0,0,2,1,0,2,2,1
2420,6,491,0,0,0,0,0,39,0,1
104,0,24,0,0,0,0,0,2,0,1
1022,5,221,0,0,0,0,0,15,0,1
93,20,17,0,0,0,0,0,1,2,1
87,19,16,0,0,0,0,0,0,2,1
152,19,29,1,1,0,0,0,1,2,1
377,4,73,0,0,0,0,0,6,0,1
38,5,6,0,0,0,0,0,2,0,1
50,5,8,0,0,0,0,0,0,1,1
92,19,16,0,0,0,0,0,1,2,1
104,24,21,0,0,0,0,0,0,2,1
149,13,33,1,1,2,0,0,0,2,1
112,0,29,0,0,2,1,0,0,2,1
301,0,60,0,0,0,0,0,3,0,1
62,6,19,0,0,0,1,0,0,2,1
964,4,194,0,0,0,0,0,8,0,1
86,20,15,0,0,0,0,0,0,2,1
1462,4,328,0,0,0,0,0,22,0,1
82,19,15,0,0,0,0,0,0,2,1
117,1,29,0,0,2,1,0,1,2,1
88,19,15,0,0,0,0,0,0,2,1
640,5,127,0,0,0,0,0,12,0,1
113,6,18,0,0,0,0,0,1,1,1
241,65,60,2,2,2,1,0,1,1,1
882,8,197,0,0,0,0,0,11,0,1
866,3,187,0,0,0,0,0,8,0,1
53,2,22,2,3,3,1,0,0,0,1
113,8,26,1,1,0,0,0,2,2,1
113,6,18,0,0,0,0,0,0,1,1
216,2,42,0,0,0,0,0,2,0,1
112,6,19,0,0,0,0,0,0,1,1
176,28,39,1,1,3,2,0,1,1,1
105,34,12,0,0,2,1,0,2,0,1
146,0,32,1,1,3,1,0,2,2,1
129,15,35,1,1,0,0,0,0,4,1
90,20,17,0,0,0,0,0,0,2,1
249,14,60,2,2,0,0,0,1,3,1
132,1,31,1,1,1,1,0,2,2,1
112,0,41,2,2,2,0,0,0,0,1
184,2,48,1,1,2,1,0,1,2,1
245,17,64,1,1,2,1,0,2,3,1
121,5,30,6,5,0,0,0,0,0,1
58,8,8,0,0,0,0,0,0,0,1
689,0,141,0,0,0,0,0,8,0,1
115,11,24,1,1,2,1,0,3,1,1
47,0,16,2,2,0,1,0,0,0,1
1997,13,468,0,0,0,0,0,33,0,1
334,0,59,0,0,0,0,0,4,0,1
109,14,23,1,1,1,1,0,1,1,1
883,6,194,0,0,0,0,0,9,0,1
136,23,31,1,1,2,1,0,1,1,1
238,1,55,0,0,0,0,0,3,0,1
77,6,16,0,0,0,0,0,1,2,1
239,37,34,0,0,0,0,0,2,0,1
114,7,18,0,0,0,0,0,0,1,1
1142,6,242,0,0,0,0,0,16,0,1
98,20,18,0,0,0,0,0,0,2,1
163,24,34,1,1,2,1,0,0,2,1
327,1,66,0,0,0,0,0,6,0,1
60,3,9,0,0,0,0,0,0,0,1
83,20,15,0,0,0,0,0,0,2,1
675,3,150,0,0,0,0,0,6,0,1
282,5,58,0,0,0,0,0,3,0,1
311,45,46,0,0,0,0,0,1,1,1
93,20,17,0,0,0,0,0,0,2,1
378,183,124,3,3,0,0,0,0,1,1
168,24,39,1,1,2,1,0,0,2,1
21,0,3,0,0,0,0,0,0,0,1
150,7,36,1,1,3,0,0,1,4,1
936,1,186,0,0,0,0,0,9,0,1
10975,191,3599,18,10,2,0,0,27,8,1
113,20,19,0,0,0,0,0,2,2,1
86,10,14,0,0,0,0,0,1,1,1
43,7,9,0,0,0,0,0,1,0,1
68,1,19,1,1,1,1,0,0,1,1
109,20,23,0,0,0,0,0,1,2,1
114,9,18,0,0,0,0,0,0,1,1
206,30,41,1,1,2,1,0,1,2,1
96,20,17,0,0,0,0,0,1,2,1
291,39,45,0,0,0,0,0,2,1,1
72,0,15,0,0,0,0,0,0,3,1
93,20,16,0,0,0,0,0,0,2,1
27,0,4,0,0,0,0,0,0,0,1
84,4,26,0,0,0,0,0,1,0,1
671,0,147,0,0,0,0,0,12,0,1
1843,4,366,0,0,0,0,0,29,0,1
725,3,150,0,0,0,0,0,10,0,1
945,2,186,0,0,0,0,0,19,0,1
312,43,42,0,0,0,0,0,2,1,1
260,36,35,0,0,0,0,0,2,0,1
91,10,16,0,0,0,0,0,2,1,1
55,8,13,0,0,0,0,0,0,0,1
660,2,143,0,0,0,0,0,7,0,1
91,20,15,0,0,0,0,0,0,2,1
91,7,23,0,0,2,1,0,0,1,1
56,2,8,0,0,0,0,0,0,0,1
107,2,26,0,0,2,1,0,1,2,1
266,14,62,2,2,3,1,0,2,3,1
1098,3,218,0,0,0,0,0,19,0,1
96,16,27,0,0,2,0,0,0,2,1
191,17,40,1,1,2,1,0,1,1,1
850,6,182,0,0,0,0,0,12,0,1
239,35,31,0,0,0,0,0,1,0,1
231,0,75,1,1,8,4,0,0,2,1
251,14,59,2,2,0,0,0,0,2,1
788,2,166,0,0,0,0,0,10,0,1
104,19,17,0,0,0,0,0,1,2,1
129,0,30,1,1,1,1,0,0,2,1
100,20,21,0,0,0,0,0,0,2,1
95,20,17,0,0,0,0,0,1,2,1
808,7,183,0,0,0,0,0,16,0,1
106,20,18,0,0,0,0,0,1,2,1
117,7,21,1,1,2,1,0,0,2,1
79,20,15,0,0,0,0,0,0,2,1
83,20,14,0,0,0,0,0,0,2,1
124,28,25,1,1,2,1,0,1,1,1
182,11,39,0,0,0,0,0,2,0,1
95,20,15,0,0,0,0,0,0,2,1
1609,1,521,1,0,0,0,0,5,0,1
169,0,39,1,1,1,1,0,2,2,1
113,21,21,0,0,0,0,0,1,2,1
105,20,19,0,0,0,0,0,1,2,1
179,10,38,1,1,2,1,0,1,1,1
54,8,9,0,0,0,0,0,0,0,1
5414,13,1124,0,0,0,0,0,74,0,1
1304,9,267,0,0,0,0,0,16,0,1
85,20,15,0,0,0,0,0,0,2,1
232,42,35,0,0,0,0,0,1,0,1
108,0,21,0,0,0,0,0,0,2,1
89,20,16,0,0,0,0,0,1,2,1
84,19,15,0,0,0,0,0,0,2,1
95,20,17,0,0,0,0,0,0,2,1
2615,13,577,0,0,0,0,0,48,0,1
58,6,8,0,0,0,0,0,0,0,1
580,2,121,0,0,0,0,0,8,0,1
129,1,39,0,0,3,1,0,1,1,1
534,0,117,0,0,0,0,0,4,0,1
252,41,37,0,0,0,0,0,1,0,1
176,31,39,1,1,1,1,0,1,2,1
99,0,25,0,0,2,1,0,1,2,1
91,10,16,0,0,0,0,0,2,1,1
1457,14,343,1,0,0,0,0,9,2,1
172,2,47,1,1,2,1,0,0,2,1
59,7,12,0,0,0,0,0,0,0,1
33,5,4,0,0,0,0,0,1,0,1
465,5,98,0,0,0,0,0,11,0,1
116,0,30,0,0,2,1,0,0,2,1
44,6,11,0,0,0,0,0,0,0,1
95,20,16,0,0,0,0,0,0,2,1
100,23,23,0,0,2,1,0,2,1,1
307,11,54,2,2,2,1,0,0,1,1
435,0,79,0,0,0,0,0,11,0,1
615,4,132,0,0,0,0,0,8,0,1
113,21,22,0,0,0,0,0,0,2,1
306,47,44,0,0,0,0,0,2,1,1
1031,4,353,0,0,0,0,0,12,3,1
188,7,57,1,1,2,1,0,0,2,1
198,18,45,1,1,3,2,0,0,2,1
249,27,56,1,1,2,1,0,0,1,1
86,20,15,0,0,0,0,0,0,2,1
76,20,14,0,0,0,0,0,0,2,1
106,2,28,0,0,2,1,0,0,2,1
115,0,26,0,0,2,1,0,1,2,1
539,30,105,4,4,2,1,0,3,2,1
1375,0,290,0,0,0,0,0,23,0,1
119,11,22,0,0,0,0,0,0,1,1
104,20,21,0,0,0,0,0,0,2,1
38,5,6,0,0,0,0,0,2,0,1
3940,184,1158,0,0,0,0,0,70,0,1
105,8,25,0,0,0,0,0,0,2,1
434,2,81,0,0,0,0,0,6,4,1
86,21,17,0,0,0,0,0,0,2,1
102,19,17,0,0,0,0,0,0,2,1
164,30,35,1,1,0,0,0,0,3,1
586,49,155,4,4,8,5,0,0,1,1
109,20,20,0,0,0,0,0,0,2,1
2042,0,421,0,0,0,0,0,36,0,1
186,3,48,1,1,2,1,0,2,2,1
1036,8,213,0,0,0,0,0,18,0,1
97,20,16,0,0,0,0,0,0,2,1
92,19,16,0,0,0,0,0,0,2,1
181,2,50,1,1,2,1,0,0,1,1
98,23,17,0,0,0,0,0,0,2,1
209,11,47,1,1,2,1,0,0,2,1
667,3,143,0,0,0,0,0,11,0,1
24723,89,6477,12,4,6,2,2,351,0,1
297,42,44,0,0,0,0,0,1,1,1
1008,0,203,0,0,0,0,0,8,0,1
115,22,21,0,0,0,0,0,0,2,1
68,7,14,0,0,0,0,0,0,1,1
94,4,14,0,0,0,0,0,0,1,1
166,20,36,1,1,2,1,0,0,2,1
91,10,16,0,0,0,0,0,2,1,1
46,0,15,1,1,0,1,0,0,0,1
318,45,45,0,0,0,0,0,1,1,1
98,10,23,0,0,2,1,0,0,2,1
1294,7,275,0,0,0,0,0,12,0,1
247,39,36,0,0,0,0,0,1,0,1
275,39,42,0,0,0,0,0,1,1,1
416,13,98,0,0,0,0,0,3,0,1
233,39,35,0,0,0,0,0,1,0,1
1024,3,217,0,0,0,0,0,19,0,1
89,23,23,0,0,2,1,0,0,1,1
242,39,34,0,0,0,0,0,3,0,1
178,7,48,1,1,1,1,0,0,2,1
135,19,35,1,1,2,0,0,0,2,1
337,49,89,3,3,3,4,0,1,1,1
105,14,25,1,1,2,1,0,0,2,1
117,0,28,0,0,2,1,0,1,2,1
837,0,160,0,0,0,0,0,4,0,1
336,0,74,0,0,0,0,0,5,0,1
46,8,10,0,0,0,0,0,0,0,1
88,19,15,0,0,0,0,0,0,2,1
76,20,13,0,0,0,0,0,0,2,1
242,41,35,0,0,0,0,0,2,0,1
1045,5,208,0,0,0,0,0,21,0,1
303,44,46,0,0,0,0,0,1,1,1
57,2,9,0,0,0,0,0,1,0,1
75,1,16,2,2,2,1,0,0,0,1
166,20,33,1,1,0,0,0,1,2,1
80,20,15,0,0,0,0,0,0,2,1
21,0,3,0,0,0,0,0,1,0,1
128,7,25,1,1,2,1,0,0,3,1
122,2,29,1,1,2,1,0,1,2,1
88,19,22,0,0,2,1,0,0,2,1
115,11,18,0,0,0,0,0,0,1,1
194,35,47,1,1,3,1,0,0,1,1
91,22,16,0,0,0,0,0,0,2,1
179,2,48,1,1,2,1,0,1,2,1
99,20,17,0,0,0,0,0,0,2,1
183,2,49,1,1,2,1,0,1,1,1
109,20,17,0,0,0,0,0,0,2,1
236,39,35,0,0,0,0,0,1,0,1
2152,3,454,0,0,0,0,0,32,0,1
98,20,16,0,0,0,0,0,1,2,1
104,13,26,0,0,2,1,0,0,2,1
123,0,31,0,0,2,1,0,2,1,1
112,11,18,0,0,0,0,0,0,1,1
257,41,38,0,0,0,0,0,2,0,1
50,0,9,0,0,0,0,0,0,0,1
821,8,178,0,0,0,0,0,7,0,1
112,6,26,0,0,2,1,0,0,2,1
1448,10,329,0,0,0,0,0,24,0,1
77,19,14,0,0,0,0,0,1,2,1
98,20,17,0,0,0,0,0,0,2,1
116,20,22,0,0,0,0,0,1,2,1
176,3,48,1,1,2,1,0,0,1,1
247,40,36,0,0,0,0,0,1,0,1
58,1,8,0,0,0,0,0,0,0,1
497,7,97,0,0,0,0,0,11,0,1
190,18,40,1,1,4,1,0,1,3,1
76,0,21,2,2,1,1,0,0,1,1
287,48,45,0,0,0,0,0,1,1,1
787,2,160,0,0,0,0,0,16,0,1
134,4,28,1,1,2,1,0,0,1,1
2858,651,769,53,56,12,2,0,9,0,1
2025,4,423,0,0,0,0,0,25,0,1
111,9,19,0,0,0,0,0,0,1,1
98,19,17,0,0,0,0,0,0,2,1
83,11,56,0,0,0,0,0,0,0,1
105,0,28,0,0,2,1,0,0,2,1
258,49,36,0,0,0,0,0,3,0,1
89,9,18,0,0,2,1,0,0,2,1
92,20,16,0,0,0,0,0,0,2,1
118,20,20,0,0,0,0,0,0,2,1
831,10,194,0,0,0,0,0,9,0,1
252,45,39,0,0,0,0,0,3,0,1
166,6,32,2,2,4,0,0,1,1,1
127,38,19,1,1,0,0,0,0,1,1
111,20,19,0,0,0,0,0,0,2,1
232,44,31,0,0,0,0,0,2,0,1
191,21,38,1,1,2,1,0,3,2,1
117,13,22,0,0,0,0,0,0,1,1
109,14,23,1,1,1,1,0,1,1,1
3172,7,634,0,0,0,0,0,49,0,1
99,9,26,0,0,2,0,0,0,2,1
33,5,4,0,0,0,0,0,1,0,1
175,41,32,1,1,2,1,0,2,2,1
80,20,15,0,0,0,0,0,0,2,1
145,8,23,0,0,2,1,0,3,1,1
87,20,15,0,0,0,0,0,0,2,1
95,3,24,0,0,0,0,0,0,3,1
328,49,50,0,0,0,0,0,3,1,1
242,39,34,0,0,0,0,0,2,0,1
96,12,22,0,0,2,1,0,1,2,1
237,40,35,0,0,0,0,0,2,0,1
57,5,8,0,0,0,0,0,0,0,1
81,8,19,0,0,0,0,0,1,3,1
215,5,54,1,1,2,0,0,0,2,1
123,0,33,0,0,1,0,0,0,3,1
114,6,18,0,0,0,0,0,0,1,1
122,16,28,2,2,3,0,0,0,0,1
9161,40,2125,0,0,0,0,0,104,0,1
908,15,194,0,0,0,0,0,16,0,1
101,20,18,0,0,0,0,0,0,2,1
93,20,16,0,0,0,0,0,2,2,1
147,2,30,0,0,0,0,0,1,0,1
167,2,47,1,1,2,1,0,0,2,1
886,0,182,0,0,0,0,0,10,0,1
245,41,33,0,0,0,0,0,3,0,1
86,19,17,0,0,0,0,0,0,2,1
89,20,17,0,0,0,0,0,0,2,1
131,9,30,1,1,2,0,0,1,3,1
107,2,31,0,0,2,1,0,0,2,1
107,20,22,0,0,0,0,0,1,2,1
29,0,7,0,0,0,0,0,0,0,1
130,13,28,1,1,2,1,0,0,2,1
195,39,44,1,1,0,1,0,4,2,1
201,2,40,1,1,0,0,0,1,2,1
114,22,23,0,0,0,0,0,0,2,1
88,19,16,0,0,0,0,0,0,2,1
109,0,35,0,0,0,0,0,0,0,1
94,5,19,0,0,2,2,0,1,1,1
74,0,17,0,0,0,0,0,2,3,1
87,20,16,0,0,0,0,0,0,2,1
1239,7,275,0,0,0,0,0,21,0,1
181,7,36,1,1,2,1,0,0,2,1
120,10,29,1,1,0,0,0,0,2,1
28142,197,7877,7,8,0,1,0,224,0,1
159,19,32,1,1,2,0,0,0,2,1
1397,1,293,0,0,0,0,0,23,0,1
160,3,37,1,1,2,1,0,1,2,1
178,39,44,1,1,0,1,0,2,2,1
106,19,18,0,0,0,0,0,0,2,1
78,20,14,0,0,0,0,0,0,2,1
4424,12,923,0,0,0,0,0,67,0,1
85,9,14,0,0,0,0,0,1,1,1
101,20,16,0,0,0,0,0,0,2,1
246,32,54,2,2,2,1,0,0,2,1
232,42,32,0,0,0,0,0,2,0,1
705,0,144,0,0,0,0,0,10,0,1
116,12,22,0,0,0,0,0,0,1,1
452,4,100,0,0,0,0,0,7,0,1
80,0,17,0,0,0,0,0,2,3,1
96,20,17,0,0,0,0,0,0,2,1
87,20,15,0,0,0,0,0,0,2,1
4553,24,956,0,0,0,0,0,64,0,1
56,7,8,0,0,0,0,0,0,0,1
86,10,14,0,0,0,0,0,1,1,1
144,0,35,1,1,2,1,0,0,1,1
97,1,22,0,0,0,0,0,0,1,1
117,19,20,0,0,0,0,0,1,2,1
87,5,24,0,0,0,1,0,0,2,1
160,6,42,1,1,2,1,0,0,2,1
1071,3,225,0,0,0,0,0,14,0,1
426,2,93,0,0,0,0,0,9,0,1
757,13,163,0,0,0,0,0,11,0,1
89,0,24,0,0,0,0,0,0,3,1
97,0,19,2,3,2,1,0,1,1,1
585,5,119,0,0,0,0,0,4,0,1
99,0,28,0,0,2,1,0,0,2,1
373,0,73,0,0,0,0,0,3,0,1
1088,2,220,0,0,0,0,0,13,0,1
123,14,24,0,0,0,0,0,0,1,1
98,0,28,0,0,2,1,0,2,1,1
306,51,48,0,0,0,0,0,1,1,1
88,19,18,0,0,0,0,0,0,2,1
565,0,104,0,0,0,0,0,7,0,1
170,2,41,1,1,2,0,0,1,2,1
110,8,18,0,0,0,0,0,0,1,1
137,20,32,1,1,3,3,0,0,2,1
146,12,36,1,1,2,0,0,1,2,1
266,52,56,2,2,2,1,0,0,1,1
1407,3,282,0,0,0,0,0,17,0,1
1188,11,266,0,0,0,0,0,24,0,1
141,20,27,0,0,0,0,0,1,2,1
95,5,29,0,0,2,1,0,0,1,1
111,6,18,0,0,0,0,0,0,1,1
100,6,14,1,1,0,0,0,0,0,1
178,0,48,1,1,4,1,0,1,1,1
1235,2,248,0,0,0,0,0,18,0,1
281,48,42,0,0,0,0,0,2,1,1
106,20,18,0,0,0,0,0,0,2,1
253,6,57,0,0,0,0,0,5,0,1
676,0,127,0,0,0,0,0,20,0,1
271,79,56,2,2,2,1,0,0,1,1
108,0,29,0,0,2,1,0,0,1,1
112,21,18,0,0,0,0,0,0,2,1
112,11,18,0,0,0,0,0,0,1,1
77,17,16,0,0,0,0,0,1,2,1
869,3,195,0,0,0,0,0,8,0,1
5415,23,2049,1,2,0,0,0,46,0,1
129,0,31,0,0,2,1,0,0,2,1
140,15,31,1,1,1,1,0,0,1,1
148,16,40,1,1,2,1,0,0,1,1
283,44,60,2,2,2,1,0,0,2,1
121,13,22,0,0,0,0,0,0,1,1
45,2,14,3,3,2,1,0,0,0,1
93,21,18,0,0,0,0,0,0,2,1
113,10,27,0,0,0,1,0,0,1,1
448,5,104,0,0,0,0,0,5,0,1
358,0,77,0,0,0,0,0,2,0,1
115,8,27,1,1,2,1,0,1,1,1
643,0,136,0,0,0,0,0,12,0,1
118,7,29,0,0,2,1,0,0,1,1
104,22,21,0,0,0,0,0,1,2,1
186,2,48,1,1,2,1,0,1,2,1
123,14,24,0,0,0,0,0,0,1,1
95,5,29,0,0,2,1,0,0,1,1
86,10,14,0,0,0,0,0,1,1,1
114,7,24,1,1,2,1,0,0,2,1
105,7,23,1,1,0,0,0,1,3,1
1235,2,244,0,0,0,0,0,19,0,1
112,0,29,0,0,2,1,0,1,2,1
106,20,17,0,0,0,0,0,1,2,1
198,30,41,1,1,2,1,0,0,2,1
92,7,26,2,3,2,1,0,0,1,1
316,41,46,0,0,0,0,0,1,1,1
159,0,33,0,0,0,0,0,2,0,1
92,20,16,0,0,0,0,0,1,2,1
163,19,34,1,1,0,0,0,1,3,1
118,1,31,0,0,2,1,0,1,2,1
215,40,29,0,0,0,0,0,1,0,1
87,20,16,0,0,0,0,0,0,2,1
236,41,32,0,0,0,0,0,1,0,1
246,19,63,1,1,2,1,0,0,1,1
275,43,39,0,0,0,0,0,2,0,1
89,20,15,0,0,0,0,0,1,2,1
105,19,19,0,0,0,0,0,0,2,1
328,46,50,0,0,0,0,0,1,1,1
291,73,53,2,2,2,1,0,0,2,1
179,10,38,1,1,2,0,0,6,2,1
82,20,14,0,0,0,0,0,0,2,1
111,11,23,1,1,1,1,0,0,2,1
109,21,19,0,0,1,0,0,0,2,1
90,20,15,0,0,0,0,0,0,2,1
156,30,34,1,1,0,1,0,0,2,1
583,0,106,0,0,0,0,0,10,0,1
93,20,16,0,0,0,0,0,1,2,1
116,12,22,0,0,0,0,0,0,1,1
286,45,41,0,0,0,0,0,6,0,1
90,9,16,0,0,0,0,0,2,1,1
109,0,29,0,0,2,1,0,1,2,1
170,14,39,1,1,0,0,0,3,2,1
142,23,32,0,0,2,1,0,0,1,1
259,39,34,0,0,0,0,0,2,0,1
85,9,14,0,0,0,0,0,1,1,1
82,20,14,0,0,0,0,0,0,2,1
307,45,46,0,0,0,0,0,3,1,1
1407,5,283,0,0,0,0,0,20,0,1
100,20,17,0,0,0,0,0,0,2,1
288,29,56,2,2,0,0,0,2,3,1
17156,21,4287,2,1,1,0,0,94,4,1
112,12,29,1,1,0,1,1,1,1,1
185,8,43,1,1,2,0,0,1,2,1
259,0,69,1,1,6,3,0,0,2,1
117,11,23,1,1,2,1,0,0,1,1
170,5,36,0,0,0,0,0,1,0,1
46,8,9,0,0,0,0,0,0,0,1
343,4,69,0,0,0,0,0,6,0,1
128,3,33,0,0,2,1,0,0,2,1
833,6,182,0,0,0,0,0,8,0,1
111,7,19,0,0,0,0,0,0,1,1
16364,81,6646,19,18,0,0,0,124,0,1
90,9,16,0,0,0,0,0,2,1,1
98,6,18,0,0,2,1,0,1,2,1
419,21,124,0,1,1,0,0,0,0,1
83,20,15,0,0,0,0,0,0,2,1
37,4,6,0,0,0,0,0,2,0,1
100,2,28,0,0,2,1,0,1,2,1
140,0,38,1,1,2,1,0,0,2,1
309,48,50,0,0,0,0,0,1,1,1
99,20,19,0,0,0,0,0,0,2,1
974,8,190,0,0,0,0,0,12,0,1
1198,3,246,0,0,0,0,0,21,0,1
232,17,50,2,2,2,1,0,1,1,1
87,20,16,0,0,0,0,0,0,2,1
90,20,16,0,0,0,0,0,0,2,1
252,37,36,0,0,0,0,0,2,0,1
105,20,20,0,0,0,0,0,1,2,1
107,20,19,0,0,0,0,0,0,2,1
1683,7,334,0,0,0,0,0,22,0,1
105,0,26,0,0,2,1,0,0,1,1
82,20,15,0,0,0,0,0,0,2,1
89,20,16,0,0,0,0,0,1,2,1
168,0,34,0,0,0,0,0,0,0,1
840,7,189,0,0,0,0,0,17,0,1
88,20,15,0,0,0,0,0,0,2,1
2829,8,547,0,0,0,0,0,57,0,1
90,13,22,0,0,2,1,0,0,2,1
86,20,15,0,0,0,0,0,0,2,1
91,10,16,0,0,0,0,0,2,1,1
77,20,15,0,0,0,0,0,1,2,1
188,18,41,1,1,3,1,0,0,3,1
99,24,19,0,0,0,0,0,1,2,1
35,7,8,0,0,0,0,0,0,0,1
98,19,16,0,0,0,0,0,0,2,1
229,38,52,2,2,2,1,0,2,1,1
42,0,6,0,0,0,0,0,0,0,1
238,36,32,0,0,0,0,0,2,0,1
1700,2,358,0,0,0,0,0,15,0,1
168,2,50,1,1,2,1,0,0,2,1
92,9,20,0,0,0,0,0,1,1,1
252,42,37,0,0,0,0,0,1,0,1
163,12,36,1,1,0,0,0,1,3,1
114,0,26,0,0,2,1,0,0,2,1
107,20,20,0,0,0,0,0,0,2,1
188,9,100,1,1,3,1,0,0,1,1
81,22,15,0,0,0,0,0,0,2,1
90,20,15,0,0,0,0,0,0,2,1
91,1,23,0,0,2,1,0,0,2,1
703,2,144,0,0,0,0,0,12,0,1
377,5,81,0,0,0,0,0,5,0,1
119,12,19,0,0,0,0,0,0,1,1
880,0,178,0,0,0,0,0,16,0,1
205,31,48,1,1,1,1,0,0,2,1
1639,1,350,0,0,0,0,0,16,0,1
291,40,44,0,0,0,0,0,2,1,1
86,20,14,0,0,0,0,0,0,2,1
181,34,40,1,1,1,1,0,0,2,1
475,1,95,0,0,0,0,0,3,0,1
140,0,30,1,1,2,1,0,1,2,1
302,46,44,0,0,0,0,0,3,1,1
144,6,32,1,1,2,1,0,0,2,1
805,4,170,0,0,0,0,0,7,0,1
33,5,4,0,0,0,0,0,1,0,1
88,21,16,0,0,0,0,0,1,2,1
292,0,50,0,0,0,0,0,8,0,1
80,1,21,2,3,2,1,0,1,1,1
94,19,19,0,0,0,0,0,2,2,1
93,15,20,0,0,2,1,0,0,2,1
317,0,109,0,0,0,0,0,1,0,1
73,20,13,0,0,0,0,0,0,2,1
124,1,31,0,0,2,1,0,1,2,1
93,20,16,0,0,0,0,0,2,2,1
224,82,65,2,2,0,0,0,0,2,1
86,10,14,0,0,0,0,0,1,1,1
78,19,14,0,0,0,0,0,0,2,1
116,12,22,0,0,0,0,0,0,1,1
238,41,36,0,0,0,0,0,2,0,1
99,20,18,0,0,0,0,0,1,2,1
101,5,27,2,3,2,1,0,0,2,1
4925,12,1125,2,2,0,0,0,48,2,1
650,1,129,0,0,0,0,0,6,0,1
110,7,25,1,1,1,1,0,1,2,1
107,7,23,1,1,0,0,0,1,3,1
124,15,24,0,0,0,0,0,0,1,1
117,6,18,0,0,0,0,0,1,1,1
600,6,209,0,0,0,0,0,2,2,1
306,46,45,0,0,0,0,0,1,1,1
304,0,60,0,0,0,0,0,1,0,1
105,20,22,0,0,0,0,0,1,2,1
856,0,179,0,0,0,0,0,9,0,1
103,0,27,0,0,3,1,0,0,1,1
298,50,43,0,0,0,0,0,2,1,1
283,45,42,0,0,0,0,0,1,1,1
262,36,35,0,0,0,0,0,2,0,1
336,4,72,0,0,0,0,0,3,0,1
304,60,67,2,2,4,2,0,0,1,1
247,41,36,0,0,0,0,0,1,0,1
95,23,19,0,0,0,0,0,0,2,1
139,0,29,0,0,0,0,0,2,0,1
91,10,16,0,0,0,0,0,2,1,1
75,0,16,0,0,0,0,0,0,0,1
297,43,44,0,0,0,0,0,1,1,1
78,19,14,0,0,0,0,0,0,2,1
112,14,23,1,1,0,0,0,1,2,1
82,20,16,0,0,0,0,0,0,2,1
191,4,49,1,1,1,1,0,1,1,1
1554,3,317,0,0,0,0,0,13,0,1
98,13,21,0,0,2,1,0,0,2,1
254,1,55,0,0,0,0,0,4,0,1
33,5,4,0,0,0,0,0,1,0,1
4846,127,1382,5,5,0,0,0,31,4,1
3859,44,889,0,0,0,0,0,61,0,1
106,0,26,0,0,2,1,0,0,1,1
651,3,142,0,0,0,0,0,11,0,1
120,7,27,1,1,2,0,0,0,2,1
110,4,23,1,1,1,1,0,0,2,1
33,5,4,0,0,0,0,0,1,0,1
33,5,4,0,0,0,0,0,1,0,1
53,6,8,0,0,0,0,0,0,0,1
120,12,22,0,0,0,0,0,0,1,1
98,20,20,0,0,0,0,0,0,2,1
108,6,26,0,0,2,1,0,0,2,1
2705,11,516,0,0,0,0,0,40,0,1
33,5,4,0,0,0,0,0,1,0,1
102,20,17,0,0,0,0,0,1,2,1
278,44,41,0,0,0,0,0,1,0,1
1589,8,386,0,0,1,0,0,12,1,1
288,13,61,2,2,2,1,0,3,1,1
173,21,33,1,1,0,0,0,1,2,1
186,2,51,1,1,2,1,0,0,2,1
96,0,23,2,2,2,0,0,0,0,1
99,12,20,0,0,2,1,0,1,2,1
121,0,30,0,0,2,1,0,1,2,1
8082,8,4031,0,0,0,0,0,33,0,1
78,20,15,0,0,0,0,0,1,2,1
84,9,21,0,0,2,1,0,0,2,1
238,39,33,0,0,0,0,0,1,0,1
31,1,9,0,1,0,0,0,0,0,1
99,20,17,0,0,0,0,0,0,2,1
3851,62,1167,2,1,0,0,0,5,0,1
43,8,16,0,0,0,0,0,0,0,1
89,20,15,0,0,0,0,0,0,2,1
1506,12,328,0,0,0,0,0,18,0,1
109,3,25,0,0,0,1,0,1,1,1
117,22,21,0,0,0,0,0,0,2,1
87,20,15,0,0,0,0,0,0,2,1
2245,5,464,0,0,0,0,0,26,0,1
115,5,31,0,0,2,1,0,0,2,1
75,0,12,0,0,0,0,0,0,3,1
404,190,125,3,3,0,0,0,1,2,1
94,20,15,0,0,0,0,0,0,2,1
98,19,18,0,0,0,0,0,2,2,1
444,66,98,4,4,2,1,0,5,5,1
459,56,104,3,3,0,0,0,5,3,1
1552,10,338,0,0,0,0,0,17,0,1
203,2,51,1,1,1,1,0,0,1,1
159,26,33,1,1,0,0,0,2,2,1
171,2,50,1,1,2,1,0,1,1,1
57,1,8,0,0,0,0,0,0,0,1
325,43,44,0,0,0,0,0,3,1,1
89,20,16,0,0,0,0,0,0,2,1
117,6,18,0,0,0,0,0,0,1,1
530,0,112,0,0,0,0,0,4,0,1
108,20,20,0,0,0,0,0,0,2,1
55,2,8,0,0,0,0,0,0,0,1
55,1,9,0,0,0,0,0,0,0,1
60,1,8,0,0,0,0,0,0,0,1
74,19,13,0,0,0,0,0,0,2,1
958,5,181,0,0,0,0,0,20,0,1
395,73,76,3,3,2,0,0,1,2,1
183,2,49,1,1,2,1,0,1,2,1
38,5,6,0,0,0,0,0,2,0,1
349,2,69,0,0,0,0,0,4,0,1
52,1,8,0,0,0,0,0,0,0,1
250,26,58,2,2,0,0,0,0,2,1
127,0,37,0,0,2,1,0,0,2,1
244,41,36,0,0,0,0,0,1,0,1
127,0,32,0,0,2,1,0,1,2,1
85,9,14,0,0,0,0,0,1,1,1
104,3,25,0,0,2,1,0,0,2,1
98,1,39,7,7,2,1,0,0,0,1
269,8,72,1,1,4,1,0,0,2,1
89,20,15,0,0,0,0,0,0,2,1
33,5,4,0,0,0,0,0,1,0,1
108,2,21,2,2,2,1,0,0,2,1
35,0,6,0,0,0,0,0,0,0,1
785,0,166,0,0,0,0,0,15,0,1
154,20,32,1,1,0,0,0,0,2,1
89,0,24,0,0,2,1,0,0,1,1
118,8,19,0,0,0,0,0,0,1,1
100,20,16,0,0,0,0,0,0,2,1
307,48,45,0,0,0,0,0,3,1,1
120,24,23,0,0,0,0,0,2,2,1
92,20,17,0,0,0,0,0,0,2,1
932,9,191,0,0,0,0,0,11,0,1
317,0,60,0,0,0,0,0,2,0,1
2107,13,489,0,0,0,0,0,31,2,1
250,47,37,0,0,0,0,0,2,0,1
73,20,13,0,0,0,0,0,0,2,1
178,21,35,1,1,0,1,1,4,1,1
95,21,17,0,0,0,0,0,1,2,1
141,15,30,1,1,2,1,0,0,2,1
87,20,15,0,0,0,0,0,2,2,1
1210,6,265,0,0,0,0,0,16,0,1
1395,4,265,0,0,0,0,0,17,0,1
105,9,26,1,1,2,1,0,1,2,1
114,8,18,0,0,0,0,0,0,1,1
126,22,31,1,1,2,1,0,0,1,1
116,20,24,0,0,0,0,0,1,2,1
56,1,8,0,0,0,0,0,0,0,1
141,18,38,1,1,2,1,0,1,2,1
389,0,81,0,0,0,0,0,3,0,1
38,5,6,0,0,0,0,0,2,0,1
65,7,13,0,0,0,0,0,1,0,1
97,20,19,0,0,0,0,0,0,2,1
254,120,57,2,2,0,0,0,0,1,1
94,5,22,0,0,0,0,0,1,3,1
42,0,13,2,1,2,0,0,0,0,1
622,6,196,0,0,0,0,0,2,0,1
257,20,48,2,2,2,1,0,2,2,1
772,12,259,0,0,0,0,0,0,0,1
219,3,50,1,1,2,1,0,0,2,1
151,20,37,1,1,2,1,0,1,1,1
113,4,27,0,0,2,1,0,0,1,1
101,20,18,0,0,0,0,0,0,2,1
92,20,18,0,0,0,0,0,0,2,1
2681,12,576,0,0,1,0,0,48,0,1
929,17,203,0,0,0,0,0,12,0,1
1012,0,204,0,0,0,0,0,15,0,1
97,2,25,0,0,0,1,0,0,1,1
163,11,34,0,0,0,0,0,2,2,1
241,41,32,0,0,0,0,0,3,0,1
323,44,49,0,0,0,0,0,1,1,1
116,12,22,0,0,0,0,0,0,1,1
169,2,46,1,1,2,1,0,3,1,1
288,45,45,0,0,0,0,0,1,1,1
95,20,18,0,0,0,0,0,0,2,1
92,8,22,0,0,2,1,0,0,2,1
109,0,28,0,0,2,1,0,0,2,1
61,1,8,0,0,0,0,0,0,0,1
69,0,20,0,0,0,1,0,0,1,1
223,6,60,1,1,2,1,0,0,2,1
60,0,19,1,2,0,0,1,1,2,1
231,39,31,0,0,0,0,0,3,0,1
554,0,115,0,0,0,0,0,9,0,1
858,6,176,0,0,0,0,0,7,0,1
84,20,14,0,0,0,0,0,0,2,1
138,22,30,1,1,3,1,0,1,1,1
99,20,15,0,0,0,0,0,0,2,1
1028,2,199,0,0,0,0,0,13,0,1
144,17,34,1,1,2,0,0,0,2,1
105,0,26,0,0,2,1,0,1,1,1
122,13,26,1,1,2,1,0,0,2,1
118,1,32,0,0,2,1,0,0,1,1
73,8,50,0,0,0,0,0,0,0,1
96,20,16,0,0,0,0,0,1,2,1
266,35,40,0,0,0,0,0,2,0,1
72,11,17,0,0,2,1,0,0,2,1
115,11,22,0,0,0,0,0,0,1,1
44,0,7,0,0,0,0,0,1,0,1
86,10,14,0,0,0,0,0,1,1,1
504,5,125,3,3,2,1,0,1,2,1
126,0,32,0,0,2,1,0,1,1,1
573,1,110,0,0,0,0,0,4,0,1
701,1,131,0,0,0,0,0,12,0,1
106,20,19,0,0,0,0,0,0,2,1
170,2,47,1,1,2,1,0,1,2,1
181,19,36,1,1,2,1,0,0,3,1
76,20,14,0,0,0,0,0,0,2,1
834,12,253,0,1,0,0,0,20,0,1
95,10,20,0,0,2,1,0,1,1,1
562,35,122,4,4,2,1,0,2,2,1
106,14,29,1,1,2,1,0,0,2,1
1242,7,268,0,0,0,0,0,13,0,1
90,7,18,0,0,2,1,0,1,1,1
128,20,22,0,0,0,0,0,1,2,1
235,38,35,0,0,0,0,0,1,0,1
91,10,16,0,0,0,0,0,2,1,1
107,24,20,0,0,0,0,0,0,2,1
75,0,30,2,2,2,0,0,0,0,1
94,21,19,0,0,0,0,0,0,2,1
393,66,74,3,3,2,0,0,1,2,1
89,20,17,0,0,0,0,0,0,2,1
207,37,41,1,1,3,0,0,1,2,1
313,43,43,0,0,0,0,0,3,1,1
91,0,18,0,0,0,0,0,2,0,1
127,20,22,0,0,0,0,0,0,2,1
91,10,16,0,0,0,0,0,2,1,1
53,1,8,0,0,0,0,0,0,0,1
101,4,25,0,0,2,1,0,0,2,1
479,0,88,0,0,0,0,0,9,0,1
164,5,44,1,1,2,1,0,0,1,1
783,5,178,0,0,0,0,0,8,0,1
127,5,30,1,1,1,1,0,0,2,1
33,0,6,0,0,0,0,0,0,0,1
7712,78,2540,2,2,0,0,0,104,4,1
174,3,50,1,1,2,1,0,0,2,1
97,20,18,0,0,0,0,0,1,2,1
104,20,20,0,0,0,0,0,0,2,1
99,0,25,0,0,2,1,0,0,2,1
577,0,124,0,0,0,0,0,10,0,1
132,5,26,1,1,2,0,0,2,3,1
931,4,190,0,0,0,0,0,13,0,1
2549,28,549,0,0,0,0,0,34,0,1
48,5,8,0,0,0,0,0,0,1,1
224,41,55,2,2,4,0,0,2,3,1
882,0,198,0,0,0,0,0,15,0,1
112,20,20,0,0,0,0,0,2,2,1
707,256,148,6,6,3,5,0,0,1,1
80,19,15,0,0,0,0,0,0,2,1
1367,0,271,0,0,0,0,0,14,0,1
303,44,46,0,0,0,0,0,3,1,1
98,19,21,0,0,0,0,0,1,2,1
69,10,17,0,0,0,1,0,0,2,1
114,20,20,0,0,0,0,0,2,2,1
246,39,35,0,0,0,0,0,1,0,1
229,100,72,2,2,0,0,0,0,2,1
246,35,36,0,0,0,0,0,2,0,1
152,30,36,1,1,2,1,0,0,1,1
68,3,10,0,0,0,0,0,1,0,1
283,41,42,0,0,0,0,0,2,1,1
38,5,6,0,0,0,0,0,2,0,1
307,42,46,0,0,0,0,0,1,1,1
619,2,123,0,0,0,0,0,9,0,1
98,20,17,0,0,0,0,0,1,2,1
87,20,16,0,0,0,0,0,0,2,1
185,7,56,1,1,2,1,0,0,1,1
56,2,8,0,0,0,0,0,0,0,1
106,25,21,0,0,0,0,0,0,2,1
133,20,26,0,0,0,0,0,1,2,1
116,12,22,0,0,0,0,0,0,1,1
115,11,22,0,0,0,0,0,0,1,1
170,4,47,1,1,2,1,0,1,2,1
108,14,23,1,1,0,0,0,1,1,1
2401,6,481,0,0,0,0,0,46,0,1
160,20,33,1,1,0,0,0,1,1,1
120,12,22,0,0,0,0,0,0,1,1
1230,4,262,0,0,0,0,0,15,0,1
596,4,126,0,0,0,0,0,8,0,1
121,0,28,0,0,2,1,0,1,1,1
102,20,20,0,0,0,0,0,0,2,1
1229,2,242,0,0,0,0,0,16,0,1
108,10,26,1,1,1,1,0,0,2,1
109,14,27,1,1,1,1,0,2,2,1
96,2,26,0,0,2,1,0,0,1,1
114,20,22,0,0,0,0,0,2,2,1
62,8,11,0,0,0,0,0,1,0,1
176,2,48,1,1,2,1,0,1,2,1
256,1,53,0,0,0,0,0,4,0,1
139,11,32,1,1,3,0,0,0,2,1
255,44,35,0,0,0,0,0,1,0,1
174,2,47,1,1,2,1,0,2,2,1
1474,24,388,0,0,3,0,0,16,0,1
103,0,29,0,0,2,1,0,0,2,1
33,5,4,0,0,0,0,0,1,0,1
192,31,42,1,1,2,1,0,0,1,1
425,199,125,4,4,0,0,0,0,1,1
1453,27,434,3,3,5,0,0,4,13,1
2145,20,450,0,0,0,0,0,31,0,1
274,77,67,2,2,0,0,0,3,2,1
159,19,32,1,1,3,0,0,0,3,1
91,10,16,0,0,0,0,0,2,1,1
84,20,16,0,0,0,0,0,0,2,1
281,21,55,2,2,3,0,0,3,3,1
88,19,17,0,0,0,0,0,1,2,1
316,43,45,0,0,0,0,0,2,1,1
38,5,6,0,0,0,0,0,2,0,1
90,8,19,0,0,2,1,0,0,2,1
118,6,19,0,0,0,0,0,0,1,1
41,8,8,0,0,0,0,0,0,0,1
332,0,64,0,0,0,0,0,5,0,1
87,19,16,0,0,0,0,0,0,2,1
33,5,4,0,0,0,0,0,1,0,1
206,3,52,1,1,2,1,0,0,2,1
511,18,109,0,0,0,0,0,7,0,1
232,42,33,0,0,0,0,0,1,0,1
115,1,27,0,0,2,1,0,2,1,1
107,21,18,0,0,0,0,0,0,2,1
314,45,48,0,0,0,0,0,3,1,1
49,0,9,0,0,0,0,0,1,0,1
127,0,30,1,1,1,1,0,0,2,1
104,25,20,0,0,0,0,0,0,2,1
3380,18,694,0,0,0,0,0,49,0,1
254,37,39,0,0,0,0,0,1,0,1
2510,19,571,0,0,0,0,0,31,0,1
142,0,34,1,1,2,1,0,2,2,1
111,20,21,0,0,0,0,0,0,2,1
385,0,77,0,0,0,0,0,4,0,1
122,11,26,1,1,2,1,0,0,2,1
248,40,35,0,0,0,0,0,1,0,1
108,4,29,0,0,2,1,0,1,1,1
64,0,17,0,0,0,0,0,0,3,1
110,0,28,0,0,2,1,0,1,1,1
41,0,6,0,0,0,0,0,1,0,1
87,20,18,0,0,0,0,0,0,2,1
118,10,27,1,1,0,0,0,0,2,1
293,43,45,0,0,0,0,0,4,1,1
200,2,48,1,1,2,1,0,1,2,1
95,7,26,2,3,2,1,0,1,1,1
261,0,47,0,0,0,0,0,4,0,1
242,41,36,0,0,0,0,0,2,0,1
327,46,78,3,3,2,1,0,7,3,1
75,4,15,0,0,1,1,0,1,1,1
946,6,192,0,0,0,0,0,17,0,1
411,10,90,0,0,0,0,0,2,0,1
86,10,14,0,0,0,0,0,1,1,1
86,10,14,0,0,0,0,0,1,1,1
86,20,15,0,0,0,0,0,0,2,1
1028,2,211,0,0,0,0,0,16,0,1
89,20,17,0,0,0,0,0,1,2,1
154,19,37,1,1,2,1,0,2,2,1
645,0,130,0,0,0,0,0,14,0,1
114,6,19,0,0,0,0,0,2,1,1
96,19,17,0,0,0,0,0,0,2,1
169,10,37,1,1,2,1,0,1,1,1
937,2,200,0,0,0,0,0,10,0,1
880,2,325,1,0,0,0,0,5,2,1
254,18,60,2,2,0,0,0,0,3,1
120,1,32,0,0,2,1,0,1,1,1
126,0,30,0,0,2,1,0,1,2,1
1026,0,223,0,0,0,0,0,19,0,1
92,15,19,0,0,2,1,0,1,1,1
38,5,6,0,0,0,0,0,2,0,1
470,0,103,0,0,0,0,0,4,0,1
90,20,16,0,0,0,0,0,0,2,1
95,21,17,0,0,0,0,0,0,2,1
644,0,133,0,0,0,0,0,12,0,1
1014,0,216,0,0,0,0,0,12,0,1
178,15,41,1,1,0,1,0,0,2,1
77,19,14,0,0,0,0,0,0,2,1
52,4,8,0,0,0,0,0,0,0,1
77,20,15,0,0,0,0,0,0,2,1
391,182,123,3,3,0,0,0,0,2,1
247,14,59,2,2,0,0,0,0,3,1
242,38,36,0,0,0,0,0,1,0,1
132,8,33,1,1,2,1,0,0,2,1
137,1,33,1,1,3,1,0,1,2,1
96,19,18,0,0,0,0,0,0,2,1
95,20,16,0,0,0,0,0,1,2,1
92,10,26,0,0,2,1,0,0,2,1
111,20,21,0,0,0,0,0,0,2,1
9483,137,3377,10,11,0,0,0,145,2,1
130,20,24,0,0,0,0,0,1,2,1
496,0,96,0,0,0,0,0,8,0,1
596,2,126,0,0,0,0,0,8,0,1
62,0,11,0,0,0,0,0,1,0,1
144,1,33,1,1,3,1,0,2,2,1
91,20,17,0,0,0,0,0,0,2,1
188,3,43,1,1,2,1,0,1,2,1
110,0,29,0,0,2,1,0,1,2,1
126,0,30,0,0,2,1,0,1,2,1
88,20,15,0,0,0,0,0,0,2,1
111,22,21,0,0,0,0,0,0,2,1
269,49,37,0,0,0,0,0,1,0,1
110,6,18,0,0,0,0,0,0,1,1
100,20,19,0,0,0,0,0,1,2,1
99,0,27,0,0,2,1,0,0,1,1
119,8,20,0,0,0,0,0,0,1,1
97,4,24,0,0,2,1,0,0,1,1
296,47,44,0,0,0,0,0,3,1,1
95,19,16,0,0,0,0,0,0,2,1
832,252,102,7,7,2,0,0,2,2,1
253,42,39,0,0,0,0,0,1,0,1
511,0,108,0,0,0,0,0,8,0,1
401,189,128,3,3,0,0,0,1,2,1
84,19,15,0,0,0,0,0,0,2,1
116,0,27,0,0,2,1,0,0,2,1
499,8,156,1,1,0,0,0,16,0,1
58,2,8,0,0,0,0,0,0,0,1
1055,6,209,0,0,0,0,0,22,0,1
77,20,14,0,0,0,0,0,0,2,1
177,2,47,1,1,2,1,0,1,2,1
2128,4,446,0,0,0,0,0,30,0,1
126,0,33,0,0,2,1,0,0,1,1
3906,88,835,0,0,0,0,0,56,0,1
94,11,19,0,0,2,1,0,0,2,1
95,20,18,0,0,0,0,0,1,2,1
551,0,124,0,0,0,0,0,11,0,1
777,8,154,0,0,0,0,0,6,0,1
90,21,16,0,0,0,0,0,0,2,1
101,11,20,0,0,2,1,0,0,2,1
97,0,40,9,5,0,1,0,0,0,1
84,20,16,0,0,0,0,0,0,2,1
261,39,36,0,0,0,0,0,2,0,1
107,12,24,1,1,2,1,0,1,1,1
78,20,15,0,0,0,0,0,0,2,1
143,10,33,1,1,2,1,0,2,2,1
1014,2,201,0,0,0,0,0,11,0,1
101,19,18,0,0,0,0,0,0,2,1
479,4,101,0,0,0,0,0,6,0,1
969,18,206,0,0,0,0,0,11,0,1
93,21,17,0,0,0,0,0,1,2,1
442,0,89,0,0,0,0,0,6,0,1
60,7,17,0,0,0,0,0,0,0,1
107,0,30,0,0,2,1,0,1,2,1
88,2,24,1,1,2,1,0,0,2,1
222,38,34,0,0,0,0,0,1,0,1
1221,0,285,0,0,0,0,0,21,0,1
86,20,16,0,0,0,0,0,0,2,1
116,11,26,0,0,2,1,0,1,1,1
293,40,47,2,2,1,1,0,3,2,1
549,0,114,0,0,0,0,0,8,0,1
185,7,56,1,1,2,1,0,0,2,1
251,40,37,0,0,0,0,0,3,0,1
104,20,17,0,0,0,0,0,0,2,1
108,20,17,0,0,0,0,0,0,2,1
57,1,8,0,0,0,0,0,0,0,1
90,19,17,0,0,0,0,0,0,2,1
119,5,26,0,0,2,1,0,0,2,1
322,6,79,2,2,8,2,0,1,2,1
205,17,41,1,1,3,1,0,1,3,1
801,5,161,0,0,0,0,0,12,0,1
89,0,27,0,0,2,1,0,0,2,1
111,0,29,0,0,2,1,0,0,2,1
96,12,19,0,0,2,1,0,0,2,1
90,20,15,0,0,0,0,0,0,2,1
97,19,18,0,0,0,0,0,0,2,1
178,30,37,1,1,2,1,0,2,2,1
79,20,15,0,0,0,0,0,0,2,1
249,60,58,2,2,2,1,0,0,2,1
157,8,30,1,1,2,1,0,0,2,1
192,14,42,1,1,0,1,0,1,2,1
116,7,18,0,0,0,0,0,0,1,1
1175,1,243,0,0,0,0,0,12,0,1
303,51,45,0,0,0,0,0,2,1,1
1228,6,260,0,0,0,0,0,16,0,1
1346,28,426,1,0,0,0,0,7,0,1
182,27,36,1,1,5,2,0,0,2,1
86,10,14,0,0,0,0,0,1,1,1
240,12,56,1,1,2,1,0,1,2,1
166,0,38,1,1,4,0,0,1,2,1
102,20,19,0,0,0,0,0,1,2,1
656,0,135,0,0,0,0,0,9,0,1
163,18,34,1,1,0,1,0,1,2,1
91,10,16,0,0,0,0,0,2,1,1
299,44,45,0,0,0,0,0,2,1,1
120,12,22,0,0,0,0,0,0,1,1
259,0,51,0,0,0,0,0,1,0,1
38,5,6,0,0,0,0,0,2,0,1
81,19,15,0,0,0,0,0,0,2,1
110,4,30,0,0,2,1,0,0,1,1
104,13,19,0,0,1,1,0,0,2,1
92,19,16,0,0,0,0,0,0,2,1
293,45,44,0,0,0,0,0,3,1,1
109,17,23,1,1,1,1,0,1,2,1
92,20,15,0,0,0,0,0,1,2,1
2591,13,559,0,0,0,0,0,31,0,1
152,33,40,1,1,2,1,0,0,1,1
87,19,17,0,0,0,0,0,0,2,1
95,20,17,0,0,0,0,0,0,2,1
124,15,24,0,0,0,0,0,0,1,1
100,14,21,0,0,2,1,0,1,2,1
136,9,27,1,1,1,1,0,1,2,1
117,8,31,1,1,2,0,0,0,3,1
52,1,8,0,0,0,0,0,0,0,1
306,22,51,2,2,2,1,0,1,1,1
299,47,44,0,0,0,0,0,3,1,1
55,2,8,0,0,0,0,0,1,0,1
110,11,23,1,1,1,1,0,0,2,1
59,2,8,0,0,0,0,0,0,0,1
115,24,21,0,0,0,0,0,0,2,1
31,0,10,2,2,1,0,0,0,0,1
219,13,38,1,1,2,1,0,0,1,1
1939,15,405,0,0,0,0,0,38,0,1
97,20,18,0,0,0,0,0,0,2,1
115,0,28,0,0,2,1,0,1,2,1
95,0,20,0,0,0,0,0,1,0,1
37,7,9,0,0,0,0,0,0,0,1
39,2,12,0,0,0,0,0,0,0,1
74,7,16,0,0,2,1,0,0,2,1
844,0,178,0,0,0,0,0,15,0,1
675,0,141,0,0,0,0,0,7,0,1
111,0,29,0,0,2,1,0,1,2,1
77,19,15,0,0,0,0,0,0,2,1
83,19,15,0,0,0,0,0,0,2,1
88,20,15,0,0,0,0,0,0,2,1
86,12,19,0,0,2,1,0,0,1,1
53,3,8,0,0,0,0,0,0,0,1
444,0,86,0,0,0,0,0,7,0,1
126,20,24,0,0,0,0,0,1,2,1
793,1,188,0,0,0,0,0,6,0,1
994,7,203,0,0,0,0,0,16,0,1
5,0,1,0,0,0,0,0,0,0,1
297,47,43,0,0,0,0,0,2,1,1
91,20,17,0,0,0,0,0,0,2,1
285,19,46,2,2,0,0,0,8,2,1
278,53,42,0,0,0,0,0,1,1,1
1227,3,261,0,0,0,0,0,15,0,1
73,0,11,0,0,0,0,0,0,1,1
118,9,19,0,0,0,0,0,0,1,1
116,13,18,0,0,0,0,0,0,1,1
86,10,14,0,0,0,0,0,1,1,1
92,22,17,0,0,0,0,0,2,2,1
86,10,14,0,0,0,0,0,1,1,1
294,45,48,0,0,0,0,0,1,1,1
259,2,50,0,0,0,0,0,2,0,1
104,2,24,0,0,2,0,0,0,2,1
105,9,23,1,1,1,0,0,0,2,1
137,3,26,1,1,2,1,0,0,2,1
294,2,56,0,0,0,0,0,4,0,1
87,20,16,0,0,0,0,0,0,2,1
109,9,23,1,1,2,1,0,2,2,1
1038,0,218,0,0,0,0,0,17,0,1
870,0,180,0,0,0,0,0,10,0,1
140,1,34,1,1,2,1,0,0,1,1
180,39,43,1,1,0,1,0,2,2,1
87,1,29,0,0,2,1,0,0,2,1
318,115,120,2,2,2,0,0,0,2,1
296,40,43,0,0,0,0,0,4,1,1
19498,78,5986,2,6,17,0,3,177,2,1
80,0,17,0,0,0,0,0,1,2,1
132,16,32,1,1,2,0,0,1,2,1
180,27,44,6,6,1,1,0,1,1,1
129,0,29,0,0,0,0,0,1,0,1
101,9,21,0,0,0,0,0,2,2,1
249,48,34,0,0,0,0,0,2,0,1
135,17,31,2,2,3,0,0,0,0,1
117,13,22,0,0,0,0,0,0,1,1
58,7,8,0,0,0,0,0,0,0,1
300,43,45,0,0,0,0,0,2,1,1
302,45,81,2,2,3,5,0,1,2,1
143,2,36,1,1,1,1,0,1,2,1
155,19,31,1,1,2,1,0,1,1,1
109,14,23,1,1,0,1,0,0,2,1
87,20,14,0,0,0,0,0,1,2,1
305,43,48,0,0,0,0,0,1,1,1
162,20,39,1,1,1,1,0,0,2,1
104,22,18,0,0,0,0,0,0,2,1
117,13,22,0,0,0,0,0,0,1,1
245,42,36,0,0,0,0,0,1,0,1
248,36,35,0,0,0,0,0,3,0,1
231,19,44,2,2,1,1,0,4,2,1
120,20,24,0,0,0,0,0,0,2,1
59,8,8,0,0,0,0,0,0,0,1
595,1,142,0,0,0,0,0,10,0,1
122,0,31,0,0,2,1,0,1,2,1
89,21,17,0,0,0,0,0,0,2,1
195,19,40,1,1,2,0,0,0,2,1
106,19,19,0,0,0,0,0,1,2,1
288,2,83,13,13,3,0,0,0,0,1
123,14,24,0,0,0,0,0,0,1,1
120,1,29,0,0,2,1,0,0,1,1
91,10,16,0,0,0,0,0,2,1,1
876,0,176,0,0,0,0,0,13,0,1
38,5,6,0,0,0,0,0,2,0,1
101,0,26,0,0,2,1,0,0,2,1
353,4,72,0,0,0,0,0,4,0,1
109,7,28,1,1,2,1,0,0,2,1
98,20,16,0,0,0,0,0,0,2,1
301,1,64,0,0,0,0,0,5,0,1
243,40,36,0,0,0,0,0,2,0,1
7109,42,1440,0,0,0,0,0,110,0,1
104,20,21,0,0,0,0,0,0,2,1
596,149,110,5,5,8,5,0,1,1,1
95,5,29,0,0,2,1,0,0,1,1
236,39,35,0,0,0,0,0,1,0,1
117,18,27,1,1,2,1,0,0,2,1
68,8,20,0,0,0,0,0,0,0,1
81,20,14,0,0,0,0,0,0,2,1
308,44,47,0,0,0,0,0,3,1,1
88,7,20,0,0,2,1,0,1,2,1
100,17,28,0,0,2,1,0,2,1,1
124,20,21,0,0,0,0,0,1,2,1
120,12,22,0,0,0,0,0,0,1,1
374,3,78,0,0,0,0,0,6,0,1
815,0,155,0,0,0,0,0,12,0,1
97,12,19,0,0,0,1,0,1,2,1
108,0,28,0,0,2,1,0,0,2,1
292,55,42,0,0,0,0,0,1,1,1
88,20,15,0,0,0,0,0,0,2,1
717,5,150,0,0,0,0,0,15,0,1
2077,6,439,0,0,0,0,0,34,0,1
103,5,25,0,0,2,1,0,0,2,1
255,16,60,2,2,0,0,0,0,3,1
116,14,21,1,1,2,1,0,1,2,1
108,20,19,0,0,0,0,0,1,2,1
256,36,39,0,0,0,0,0,3,0,1
8488,20,1757,0,0,1,0,0,127,0,1
15,0,2,0,0,0,0,0,0,0,1
175,18,34,1,1,2,0,0,1,1,1
248,39,35,0,0,0,0,0,2,0,1
683,9,140,0,0,0,0,0,8,0,1
55,11,15,1,1,1,0,0,0,0,1
92,19,17,0,0,0,0,0,0,2,1
369,44,44,3,3,0,0,0,0,2,1
189,14,44,1,1,0,1,0,0,1,1
107,20,21,0,0,0,0,0,0,2,1
97,0,28,0,0,2,1,0,0,2,1
117,15,32,1,1,2,1,0,0,2,1
252,100,69,2,2,2,1,0,0,1,1
133,10,33,1,1,1,1,0,0,2,1
950,19,200,0,0,0,0,0,18,0,1
177,18,41,1,1,3,1,0,0,3,1
556,1,113,0,0,0,0,0,7,0,1
295,46,42,0,0,0,0,0,2,1,1
1085,9,232,0,0,0,0,0,10,0,1
59,0,14,0,0,0,0,0,1,3,1
93,13,21,0,0,2,1,0,1,1,1
266,25,60,2,2,3,1,0,1,2,1
132,22,25,0,0,0,0,0,0,2,1
502,0,105,0,0,0,0,0,5,0,1
111,4,30,0,0,2,1,0,0,2,1
102,20,17,0,0,0,0,0,1,2,1
201,2,54,1,1,4,2,0,0,1,1
116,8,27,1,1,2,0,0,0,3,1
945,4,177,0,0,0,0,0,24,0,1
288,42,41,0,0,0,0,0,6,1,1
90,20,17,0,0,0,0,0,0,2,1
117,13,22,0,0,0,0,0,0,1,1
85,20,16,0,0,0,0,0,0,2,1
78,19,15,0,0,0,0,0,0,2,1
68,0,9,0,0,0,0,0,1,0,1
90,20,16,0,0,0,0,0,1,2,1
64,9,14,0,1,1,0,0,0,0,1
113,22,22,0,0,0,0,0,0,2,1
238,0,42,0,0,0,0,0,1,0,1
133,4,36,1,1,0,1,0,0,1,1
66,1,13,0,0,1,1,0,0,1,1
60,2,8,0,0,0,0,0,0,0,1
38,5,6,0,0,0,0,0,2,0,1
231,40,33,0,0,0,0,0,1,0,1
89,20,16,0,0,0,0,0,0,2,1
89,8,16,0,0,0,0,0,2,1,1
124,15,24,0,0,0,0,0,0,1,1
94,20,16,0,0,0,0,0,2,2,1
101,20,19,0,0,0,0,0,0,2,1
117,0,16,0,0,0,0,0,2,0,1
148,21,33,1,1,2,1,0,1,3,1
85,19,15,0,0,0,0,0,0,2,1
99,23,18,0,0,0,0,0,0,2,1
295,47,42,0,0,0,0,0,2,1,1
75,9,20,0,0,0,0,0,0,2,1
133,13,31,1,1,0,0,0,1,1,1
1179,8,239,0,0,0,0,0,20,0,1
131,0,28,0,0,0,0,0,1,0,1
87,2,15,0,0,0,0,0,0,2,1
1590,13,335,0,0,0,0,0,21,0,1
90,19,16,0,0,0,0,0,1,2,1
259,5,56,0,0,0,0,0,2,0,1
127,0,30,0,0,2,1,0,3,2,1
118,2,30,0,0,2,1,0,0,2,1
329,7,68,0,0,0,0,0,3,0,1
244,38,34,0,0,0,0,0,1,0,1
84,20,15,0,0,0,0,0,0,2,1
144,0,36,1,1,2,1,0,1,2,1
120,1,32,1,1,1,0,0,1,0,1
110,22,26,2,2,3,0,0,0,1,1
38,5,6,0,0,0,0,0,2,0,1
257,40,35,0,0,0,0,0,3,0,1
1074,21,249,3,4,3,0,0,7,0,1
109,17,24,1,1,1,1,0,0,2,1
454,0,98,0,0,0,0,0,9,0,1
84,20,15,0,0,0,0,0,1,2,1
82,19,16,0,0,0,0,0,0,2,1
130,16,26,1,1,2,1,0,0,1,1
172,12,17,1,1,4,2,0,2,2,1
35,0,6,0,0,0,0,0,0,0,1
58,3,8,0,0,0,0,0,0,0,1
120,12,22,0,0,0,0,0,0,1,1
83,20,16,0,0,0,0,0,0,2,1
79,20,15,0,0,0,0,0,0,2,1
110,0,28,0,0,2,2,0,1,2,1
37,4,6,0,0,0,0,0,2,0,1
33,5,4,0,0,0,0,0,1,0,1
189,25,38,1,1,2,1,0,1,1,1
110,21,22,0,0,0,0,0,0,2,1
114,7,25,1,1,2,1,0,0,2,1
95,20,15,0,0,0,0,0,0,2,1
142,22,33,1,1,0,0,0,0,1,1
252,49,35,0,0,0,0,0,3,0,1
124,12,29,1,1,2,1,0,0,1,1
1140,7,242,0,0,0,0,0,18,0,1
95,5,29,0,0,2,1,0,0,1,1
135,22,31,1,1,2,1,0,0,2,1
143,18,26,1,1,2,1,0,3,1,1
82,19,16,0,0,0,0,0,1,2,1
943,0,195,0,0,0,0,0,15,0,1
121,4,30,0,0,2,1,0,4,2,1
106,20,19,0,0,0,0,0,0,2,1
467,0,97,0,0,0,0,0,7,0,1
109,0,29,0,0,2,1,0,0,2,1
86,10,14,0,0,0,0,0,1,1,1
91,20,18,0,0,0,0,0,0,2,1
117,13,24,1,1,2,1,0,0,2,1
118,14,19,0,0,0,0,0,0,1,1
263,40,37,0,0,0,0,0,1,0,1
287,42,42,0,0,0,0,0,3,1,1
84,20,14,0,0,0,0,0,1,2,1
107,20,18,0,0,0,0,0,1,2,1
191,2,50,1,1,2,1,0,0,2,1
90,20,18,0,0,0,0,0,0,2,1
297,46,45,0,0,0,0,0,2,1,1
156,9,32,1,1,0,0,0,0,2,1
91,10,16,0,0,0,0,0,2,1,1
1092,0,208,0,0,0,0,0,10,0,1
2967,29,643,0,0,0,0,0,34,0,1
123,14,24,0,0,0,0,0,0,1,1
543,0,115,0,0,0,0,0,3,0,1
318,90,68,2,2,2,1,0,0,3,1
115,5,31,0,0,2,1,0,0,2,1
219,6,65,1,1,2,1,0,0,2,1
774,4,163,0,0,0,0,0,9,0,1
203,27,35,1,1,1,1,0,0,1,1
237,9,48,2,2,0,1,1,4,2,1
251,38,35,0,0,0,0,0,5,0,1
1059,6,243,0,0,0,0,0,11,0,1
1284,13,535,0,0,0,0,0,1,0,1
242,41,34,0,0,0,0,0,1,0,1
86,10,14,0,0,0,0,0,1,1,1
309,42,45,0,0,0,0,0,1,1,1
120,12,22,0,0,0,0,0,0,1,1
471,2,109,0,0,0,0,0,6,0,1
828,7,171,0,0,0,0,0,16,0,1
33,5,4,0,0,0,0,0,1,0,1
117,13,22,0,0,0,0,0,0,1,1
101,20,17,0,0,0,0,0,0,2,1
87,20,16,0,0,0,0,0,0,2,1
102,24,21,0,0,0,0,0,1,2,1
705,0,159,0,0,0,0,0,12,0,1
590,0,112,0,0,0,0,0,14,0,1
27883,2759,8588,21,8,3,0,0,279,1,1
113,1,25,0,0,2,1,0,0,2,1
92,20,17,0,0,0,0,0,0,2,1
97,1,26,0,0,2,1,0,1,1,1
178,2,49,1,1,2,1,0,0,2,1
106,20,18,0,0,0,0,0,0,2,1
51,0,16,1,1,1,1,0,0,0,1
109,18,28,1,1,0,1,1,1,2,1
829,2,171,0,0,0,0,0,11,0,1
143,18,34,1,1,2,1,0,1,1,1
84,20,16,0,0,0,0,0,0,2,1
86,10,14,0,0,0,0,0,1,1,1
99,20,18,0,0,0,0,0,1,2,1
127,17,33,1,1,2,1,0,2,1,1
160,10,35,1,1,2,0,0,1,3,1
316,8,61,0,0,0,0,0,3,0,1
88,0,18,0,0,0,0,0,0,3,1
321,6,71,0,0,0,0,0,5,0,1
86,11,21,0,0,2,1,0,0,2,1
183,2,48,1,1,2,1,0,0,1,1
81,20,15,0,0,0,0,0,0,2,1
288,45,58,2,2,2,1,0,1,1,1
181,2,49,1,1,2,1,0,2,2,1
136,11,31,1,1,2,0,0,0,2,1
120,13,28,1,1,2,1,0,0,1,1
91,20,17,0,0,0,0,0,0,2,1
86,7,12,1,1,0,0,0,0,0,1
82,20,15,0,0,0,0,0,0,2,1
472,4,108,0,0,0,0,0,6,0,1
124,15,24,0,0,0,0,0,0,1,1
694,5,331,0,0,0,0,0,1,0,1
113,19,19,0,0,0,0,0,0,2,1
128,1,37,0,0,2,1,0,1,1,1
179,2,48,1,1,2,1,0,0,2,1
314,42,48,0,0,0,0,0,2,1,1
243,17,63,1,1,2,1,0,2,2,1
237,41,32,0,0,0,0,0,1,0,1
1331,11,264,0,0,0,0,0,23,0,1
121,0,31,0,0,2,1,0,1,2,1
3048,55,1534,5,3,0,0,0,11,0,1
261,38,39,0,0,0,0,0,2,0,1
220,11,60,1,1,2,1,0,0,2,1
87,20,16,0,0,0,0,0,0,2,1
91,22,17,0,0,0,0,0,0,2,1
772,1,166,0,0,0,0,0,2,0,1
129,0,33,0,0,2,1,0,1,2,1
1087,7,217,0,0,0,0,0,19,0,1
540,2,112,0,0,0,0,0,9,0,1
329,0,62,0,0,0,0,0,10,0,1
248,28,57,2,2,1,1,0,3,2,1
124,0,32,0,0,2,1,0,2,2,1
110,6,19,0,0,0,0,0,0,1,1
1154,12,247,0,0,0,0,0,18,1,1
180,0,35,1,1,2,1,0,0,2,1
87,8,20,0,0,2,1,0,0,1,1
77,20,14,0,0,0,0,0,0,2,1
83,20,16,0,0,0,0,0,1,2,1
708,6,147,0,0,0,0,0,8,0,1
192,5,43,1,1,3,0,0,1,3,1
160,39,42,1,1,1,1,0,0,1,1
100,20,18,0,0,0,0,0,1,2,1
111,16,24,0,0,0,0,0,0,3,1
425,3,84,0,0,0,0,0,4,0,1
56,1,8,0,0,0,0,0,0,0,1
102,19,18,0,0,0,0,0,0,2,1
101,0,26,0,0,2,1,0,1,2,1
20,0,6,0,0,0,0,0,0,2,1
109,20,19,0,0,0,0,0,0,2,1
1539,22,350,0,0,0,0,0,10,0,1
587,6,119,0,0,0,0,0,17,0,1
77,19,14,0,0,0,0,0,0,2,1
84,20,15,0,0,0,0,0,0,2,1
273,8,57,2,2,3,0,0,3,3,1
81,19,16,0,0,0,0,0,0,2,1
111,22,23,0,0,0,0,0,1,2,1
91,9,18,0,0,2,1,0,0,2,1
117,13,22,0,0,0,0,0,0,1,1
303,44,46,0,0,0,0,0,1,1,1
88,12,24,0,0,0,0,0,0,0,1
12958,157,5081,37,41,3,1,0,39,3,1
1244,6,247,0,0,0,0,0,15,0,1
86,10,14,0,0,0,0,0,1,1,1
82,20,15,0,0,0,0,0,0,2,1
88,0,19,0,0,0,0,0,1,0,1
252,38,37,0,0,0,0,0,2,0,1
94,20,17,0,0,0,0,0,0,2,1
77,19,14,0,0,0,0,0,0,2,1
96,0,28,0,0,2,1,0,1,2,1
1564,1,342,0,0,0,0,0,24,0,1
289,49,43,0,0,0,0,0,1,1,1
326,40,47,0,0,0,0,0,5,1,1
203,27,35,1,1,1,1,0,0,2,1
116,21,27,1,1,2,1,0,0,2,1
305,45,81,2,2,3,5,0,2,2,1
195,5,52,7,7,3,1,0,0,0,1
121,13,22,0,0,0,0,0,0,1,1
85,12,17,0,0,2,1,0,1,2,1
243,42,34,0,0,0,0,0,2,0,1
95,20,17,0,0,0,0,0,0,2,1
137,8,25,0,0,0,0,0,1,2,1
138,0,22,0,0,0,0,0,0,0,1
111,12,24,1,1,1,1,0,0,2,1
111,6,18,0,0,0,0,0,0,1,1
5086,28,1009,0,0,0,0,0,68,0,1
86,1,12,0,0,0,0,0,5,0,1
38,0,19,0,0,0,0,0,0,0,1
98,20,18,0,0,0,0,0,0,2,1
262,41,38,0,0,0,0,0,3,0,1
111,6,19,0,0,0,0,0,0,1,1
80,20,14,0,0,0,0,0,0,2,1
102,0,25,0,0,2,1,0,0,2,1
92,0,21,2,3,2,1,0,0,1,1
52,1,8,0,0,0,0,0,0,0,1
89,7,25,0,0,0,1,1,1,2,1
405,65,75,3,3,2,0,0,1,2,1
120,11,31,1,1,2,1,0,0,2,1
206,19,49,1,1,2,0,0,1,2,1
84,20,15,0,0,0,0,0,0,2,1
263,38,38,0,0,0,0,0,2,0,1
442,15,102,3,3,3,2,0,0,1,1
273,42,39,0,0,0,0,0,1,0,1
126,11,28,1,1,2,0,0,3,2,1
94,15,18,0,0,2,1,0,0,1,1
262,4,53,0,0,0,0,0,6,0,1
106,20,20,0,0,0,0,0,0,2,1
38,5,6,0,0,0,0,0,2,0,1
90,12,23,0,0,0,0,0,0,2,1
1315,5,290,0,0,0,0,0,11,0,1
123,14,24,0,0,0,0,0,0,1,1
108,20,18,0,0,0,0,0,0,2,1
116,12,22,0,0,0,0,0,0,1,1
177,5,40,0,0,0,0,0,4,0,1
33,5,4,0,0,0,0,0,1,0,1
113,8,29,1,1,2,0,0,1,2,1
641,0,135,0,0,0,0,0,10,0,1
125,15,27,1,1,1,0,0,1,2,1
86,20,15,0,0,0,0,0,0,2,1
1806,4,387,0,0,0,0,0,23,0,1
86,7,22,0,0,2,1,0,0,1,1
254,32,61,2,2,2,1,0,0,2,1
313,41,44,0,0,0,0,0,2,1,1
111,1,28,0,0,2,1,0,0,2,1
284,44,53,2,2,2,1,0,1,1,1
3624,14,809,0,0,0,0,0,55,0,1
114,20,21,0,0,0,0,0,1,2,1
53,1,8,0,0,0,0,0,0,0,1
136,0,35,1,1,1,1,0,1,2,1
781,0,161,0,0,0,0,0,10,0,1
84,20,15,0,0,0,0,0,1,2,1
243,6,50,0,0,0,0,0,4,0,1
90,20,15,0,0,0,0,0,1,2,1
1498,2,304,0,0,0,0,0,12,0,1
1267,3,284,0,0,0,0,0,26,0,1
180,23,41,1,1,2,1,0,2,1,1
102,1,30,0,0,2,1,0,1,2,1
93,20,16,0,0,0,0,0,0,2,1
862,2,169,0,0,0,0,0,12,0,1
1053,1,228,0,0,0,0,0,17,0,1
100,20,17,0,0,0,0,0,0,2,1
2758,23,601,0,0,0,0,0,25,0,1
89,20,15,0,0,0,0,0,0,2,1
800,0,168,0,0,0,0,0,18,0,1
103,20,18,0,0,0,0,0,0,2,1
259,14,61,2,2,0,0,0,0,4,1
121,0,31,0,0,2,1,0,1,1,1
250,42,50,0,0,2,1,0,1,1,1
86,10,14,0,0,0,0,0,1,1,1
92,20,15,0,0,0,0,0,0,2,1
116,12,22,0,0,0,0,0,0,1,1
239,75,65,2,2,2,1,0,1,2,1
33,5,4,0,0,0,0,0,1,0,1
85,20,13,0,0,0,0,0,0,2,1
1528,3,337,0,0,0,0,0,11,0,1
60,8,11,0,0,0,0,0,0,0,1
91,20,16,0,0,0,0,0,0,2,1
87,20,15,0,0,0,0,0,0,2,1
488,6,104,0,0,0,0,0,11,0,1
304,48,47,0,0,0,0,0,5,1,1
1118,0,236,0,0,0,0,0,11,0,1
78,2,13,0,0,1,1,0,0,1,1
115,13,26,1,1,2,1,0,0,2,1
190,30,36,1,1,4,2,0,1,2,1
3063,17,890,22,22,5,0,0,39,0,1
38,7,9,0,0,0,0,0,0,0,1
80,20,15,0,0,0,0,0,0,2,1
106,2,30,0,0,2,1,0,0,2,1
517,0,101,0,0,0,0,0,3,0,1
312,47,47,0,0,0,0,0,1,1,1
184,2,49,1,1,2,1,0,1,2,1
136,24,33,1,1,3,1,0,0,2,1
97,20,18,0,0,0,0,0,2,2,1
236,47,33,0,0,0,0,0,1,0,1
298,49,44,0,0,0,0,0,2,1,1
221,0,41,0,0,0,0,0,5,0,1
685,5,138,0,0,0,0,0,10,0,1
232,41,33,0,0,0,0,0,3,0,1
97,20,16,0,0,0,0,0,0,2,1
189,4,49,1,1,2,1,0,1,2,1
100,22,17,0,0,0,0,0,0,2,1
312,48,47,0,0,0,0,0,2,1,1
179,18,43,1,1,4,1,0,0,1,1
756,0,163,0,0,0,0,0,8,0,1
2760,13,631,0,0,0,0,0,29,0,1
89,21,16,0,0,0,0,0,0,2,1
238,38,34,0,0,0,0,0,2,0,1
141,22,31,1,1,2,1,0,0,2,1
106,20,17,0,0,0,0,0,0,2,1
310,1,69,0,0,0,0,0,2,0,1
117,8,28,1,1,2,0,0,0,2,1
83,19,15,0,0,0,0,0,1,2,1
106,22,18,0,0,0,0,0,0,2,1
729,2,146,0,0,0,0,0,11,0,1
129,2,24,1,1,0,0,0,0,2,1
303,45,45,0,0,0,0,0,2,1,1
107,0,24,1,1,0,0,0,1,2,1
836,2,172,0,0,0,0,0,11,0,1
116,21,27,1,1,0,1,0,0,2,1
120,12,22,0,0,0,0,0,0,1,1
136,7,27,1,1,2,1,0,2,2,1
365,0,96,10,10,5,0,0,2,2,1
1370,6,285,0,0,0,0,0,33,0,1
799,9,164,0,0,0,0,0,9,0,1
861,1,184,0,0,0,0,0,13,0,1
104,0,28,0,0,2,1,0,0,2,1
64,3,12,0,0,0,0,0,1,3,1
105,20,20,0,0,0,0,0,0,2,1
84,19,16,0,0,0,0,0,0,2,1
1398,13,301,0,0,0,0,0,17,0,1
187,4,49,1,1,2,1,0,4,2,1
303,39,45,0,0,0,0,0,3,1,1
167,6,41,0,0,0,0,0,2,0,1
106,30,21,0,0,0,0,0,0,2,1
65,0,9,0,0,0,0,0,1,2,1
282,44,44,0,0,0,0,0,1,1,1
87,20,16,0,0,0,0,0,0,2,1
24,0,4,0,0,0,0,0,0,0,1
103,0,25,0,0,2,1,0,1,2,1
108,21,21,0,0,0,0,0,0,2,1
61,8,12,0,0,0,0,0,0,0,1
621,5,136,0,0,0,0,0,12,0,1
2169,14,484,0,0,0,0,0,33,0,1
364,0,79,0,0,0,0,0,5,0,1
3837,24,1341,2,4,0,0,0,7,0,1
119,13,25,1,1,1,1,0,1,2,1
1552,3,325,0,0,0,0,0,25,0,1
91,20,17,0,0,0,0,0,0,2,1
272,40,41,0,0,0,0,0,5,0,1
631,1,119,0,0,0,0,0,13,0,1
106,8,25,1,1,2,1,0,0,2,1
309,43,46,0,0,0,0,0,2,1,1
145,3,37,1,1,2,1,0,1,2,1
314,46,45,0,0,0,0,0,1,1,1
85,8,17,0,0,2,1,0,0,1,1
119,0,29,0,0,2,1,0,0,2,1
55,5,8,0,0,0,0,0,1,0,1
308,42,44,0,0,0,0,0,1,1,1
103,15,26,0,0,2,1,0,0,1,1
87,20,15,0,0,0,0,0,0,2,1
99,9,18,0,0,2,1,0,0,1,1
128,18,33,1,1,2,1,0,3,1,1
117,13,22,0,0,0,0,0,0,1,1
296,45,44,0,0,0,0,0,2,1,1
77,19,15,0,0,0,0,0,0,2,1
1093,0,240,0,0,0,0,0,15,0,1
120,12,22,0,0,0,0,0,0,1,1
178,2,51,1,1,2,1,0,0,2,1
117,13,22,0,0,0,0,0,0,1,1
120,12,22,0,0,0,0,0,0,1,1
83,20,14,0,0,0,0,0,0,2,1
325,47,89,3,3,3,5,0,1,2,1
1259,72,324,2,4,3,0,0,1,0,1
114,8,19,0,0,0,0,0,0,1,1
77,19,14,0,0,0,0,0,0,2,1
91,10,16,0,0,0,0,0,2,1,1
71,0,15,0,0,0,0,0,0,3,1
95,1,15,0,0,0,1,0,1,1,1
116,12,22,0,0,0,0,0,0,1,1
119,0,29,0,0,2,1,0,1,2,1
771,3,156,0,0,0,0,0,10,0,1
153,15,37,1,1,3,2,0,0,2,1
109,20,18,0,0,0,0,0,0,2,1
91,10,16,0,0,0,0,0,2,1,1
292,105,73,2,2,2,1,0,1,1,1
160,34,37,1,1,2,1,0,1,1,1
224,2,55,0,0,0,0,0,5,0,1
91,20,17,0,0,0,0,0,1,2,1
207,2,54,1,1,2,1,0,0,1,1
204,18,44,1,1,2,1,0,1,2,1
86,20,15,0,0,0,0,0,0,2,1
100,20,16,0,0,0,0,0,1,2,1
936,7,186,0,0,0,0,0,13,0,1
260,1,78,0,0,0,0,0,1,0,1
175,26,34,1,1,2,1,0,0,2,1
8069,22,2188,0,0,2,0,0,53,0,1
178,2,48,1,1,2,1,0,1,2,1
148,7,34,1,1,2,1,0,2,2,1
116,12,22,0,0,0,0,0,0,1,1
201,4,50,1,1,1,1,0,0,2,1
38,5,6,0,0,0,0,0,2,0,1
98,20,18,0,0,0,0,0,0,2,1
293,42,45,0,0,0,0,0,1,1,1
118,7,26,3,3,2,1,0,1,1,1
5098,17,1583,5,4,0,0,0,104,0,1
1309,11,259,0,0,0,0,0,14,0,1
178,2,50,1,1,2,1,0,0,2,1
110,4,25,0,0,2,1,0,1,2,1
99,20,18,0,0,0,0,0,1,2,1
253,14,59,2,2,0,0,0,0,2,1
1092,4,244,0,0,0,0,0,14,0,1
174,7,33,0,0,0,1,0,0,1,1
3550,32,997,1,1,0,0,0,16,2,1
128,16,29,1,1,2,1,0,0,3,1
37,0,14,1,1,0,0,0,1,0,1
801,3,159,0,0,0,0,0,13,0,1
492,0,86,0,0,0,0,0,5,0,1
311,47,44,0,0,0,0,0,1,1,1
115,11,22,0,0,0,0,0,0,1,1
768,9,152,0,0,0,0,0,9,0,1
85,8,16,0,0,0,0,0,0,3,1
123,14,24,0,0,0,0,0,0,1,1
3499,25,751,0,0,0,0,0,39,0,1
186,20,35,1,1,2,1,0,2,2,1
96,20,18,0,0,0,0,0,1,2,1
419,0,91,0,0,0,0,0,5,0,1
94,20,17,0,0,0,0,0,0,2,1
383,192,125,3,3,0,0,0,0,2,1
322,47,46,0,0,0,0,0,1,1,1
90,7,18,0,0,2,1,0,1,1,1
197,3,50,1,1,1,1,0,4,2,1
92,20,17,0,0,0,0,0,0,2,1
270,16,61,2,2,0,0,0,0,4,1
85,20,15,0,0,0,0,0,0,2,1
264,0,95,0,1,1,0,0,1,0,1
108,0,27,0,0,2,1,0,0,1,1
98,4,22,0,0,0,0,0,0,0,1
148,21,29,0,0,2,1,0,0,2,1
155,16,30,0,0,2,1,0,1,2,1
137,8,24,1,1,1,1,0,0,2,1
117,21,20,0,0,0,0,0,1,2,1
309,45,45,0,0,0,0,0,3,1,1
165,0,34,0,0,0,0,0,3,0,1
99,20,17,0,0,0,0,0,1,2,1
92,20,16,0,0,0,0,0,0,2,1
244,42,34,0,0,0,0,0,2,0,1
1183,7,250,0,0,0,0,0,21,0,1
95,20,18,0,0,0,0,0,1,2,1
134,3,34,0,0,2,1,0,2,2,1
55,1,8,0,0,0,0,0,0,0,1
619,0,124,0,0,0,0,0,7,0,1
99,19,18,0,0,0,0,0,0,2,1
92,20,16,0,0,0,0,0,0,2,1
96,20,16,0,0,0,0,0,0,2,1
190,11,36,1,1,3,0,0,1,3,1
233,39,54,2,2,0,1,0,2,2,1
282,42,43,0,0,0,0,0,1,1,1
1040,478,313,9,9,3,7,0,0,2,1
96,20,17,0,0,0,0,0,0,2,1
45,0,7,0,0,0,0,0,0,0,1
396,65,83,3,3,4,1,0,3,3,1
296,43,43,0,0,0,0,0,1,1,1
1826,5,373,0,0,0,0,0,29,0,1
88,20,16,0,0,0,0,0,0,2,1
837,0,228,0,0,0,0,0,2,0,1
115,11,19,0,0,0,0,0,0,1,1
93,20,17,0,0,0,0,0,0,2,1
129,13,25,0,0,2,1,0,2,1,1
301,54,57,2,2,0,0,0,2,2,1
122,0,34,0,0,2,1,0,1,2,1
33,5,4,0,0,0,0,0,1,0,1
429,6,90,0,0,0,0,0,4,0,1
106,0,26,0,0,2,1,0,0,2,1
142,0,37,1,1,2,1,0,0,2,1
95,22,20,0,0,0,0,0,0,2,1
110,20,18,0,0,0,0,0,0,2,1
171,2,48,1,1,2,1,0,0,2,1
257,0,48,0,0,0,0,0,6,0,1
145,14,37,1,1,2,1,0,1,2,1
128,8,31,1,1,2,0,0,1,2,1
95,20,17,0,0,0,0,0,0,2,1
54,1,8,0,0,0,0,0,1,0,1
453,3,98,0,0,0,0,0,3,0,1
1741,3,351,0,0,0,0,0,24,0,1
89,1,24,0,0,2,1,0,0,2,1
110,0,29,0,0,2,1,0,1,2,1
259,18,62,2,2,0,0,0,0,4,1
309,8,66,0,0,0,0,0,3,0,1
93,20,17,0,0,0,0,0,0,2,1
175,2,49,1,1,2,1,0,1,2,1
86,10,14,0,0,0,0,0,1,1,1
1007,7,213,0,0,0,0,0,16,0,1
89,20,15,0,0,0,0,0,1,2,1
87,20,17,0,0,0,0,0,0,2,1
122,20,24,0,0,0,0,0,4,2,1
405,2,87,0,0,0,0,0,1,0,1
234,0,46,0,0,0,0,0,4,0,1
33,5,4,0,0,0,0,0,1,0,1
90,9,16,0,0,0,0,0,2,1,1
343,66,94,3,3,3,5,0,0,1,1
193,4,51,1,1,2,1,0,1,2,1
209,33,39,2,2,0,0,0,1,2,1
284,42,41,0,0,0,0,0,1,1,1
126,0,32,0,0,2,1,0,0,1,1
95,7,21,0,0,2,1,0,0,2,1
265,40,38,0,0,0,0,0,1,0,1
150,0,43,1,1,3,1,0,1,1,1
307,44,45,0,0,0,0,0,3,1,1
82,8,58,0,0,0,0,0,0,0,1
185,2,49,1,1,2,1,0,0,2,1
112,6,18,0,0,0,0,0,2,1,1
186,2,49,1,1,2,1,0,1,2,1
299,47,43,0,0,0,0,0,1,1,1
198,4,52,1,1,2,1,0,1,2,1
80,20,14,0,0,0,0,0,0,2,1
163,2,41,1,1,1,1,0,0,3,1
243,4,54,0,0,0,0,0,0,0,1
89,20,16,0,0,0,0,0,0,2,1
89,20,16,0,0,0,0,0,1,2,1
173,36,38,1,1,2,1,0,2,1,1
100,19,18,0,0,0,0,0,0,2,1
94,20,16,0,0,0,0,0,0,2,1
303,52,44,0,0,0,0,0,2,1,1
138,18,28,1,1,2,1,0,0,2,1
114,17,26,1,1,0,0,0,0,3,1
572,0,114,0,0,0,0,0,4,0,1
87,20,16,0,0,0,0,0,0,2,1
251,38,36,0,0,0,0,0,1,0,1
191,17,38,0,0,2,0,0,3,4,1
95,6,22,0,0,0,1,0,1,2,1
183,79,57,1,1,0,0,0,0,1,1
248,43,37,0,0,0,0,0,1,0,1
112,9,18,0,0,0,0,0,0,1,1
120,12,22,0,0,0,0,0,0,1,1
232,27,49,2,2,2,1,0,0,2,1
118,10,19,0,0,0,0,0,0,1,1
99,20,19,0,0,0,0,0,0,2,1
56,4,8,0,0,0,0,0,0,0,1
139,34,30,0,0,2,1,0,1,2,1
77,3,18,0,0,0,0,0,1,3,1
234,35,31,0,0,0,0,0,1,0,1
552,0,118,0,0,0,0,0,8,0,1
88,11,21,0,0,2,1,0,0,2,1
65,0,17,0,0,0,0,0,0,0,1
157,18,33,1,1,2,1,0,0,2,1
175,0,37,0,0,0,0,0,5,0,1
85,9,18,0,0,0,0,0,0,2,1
142,22,33,1,1,0,0,0,0,1,1
135,19,29,1,1,0,0,0,2,2,1
864,0,177,0,0,0,0,0,17,0,1
99,21,18,0,0,0,0,0,0,2,1
120,7,21,1,1,2,1,0,0,2,1
111,20,18,0,0,0,0,0,1,2,1
561,4,123,0,0,0,0,0,8,0,1
447,188,140,4,4,0,0,0,1,2,1
229,23,54,2,2,4,2,1,1,4,1
350,0,76,0,0,0,0,0,5,0,1
117,13,22,0,0,0,0,0,0,1,1
801,10,172,0,0,0,0,0,13,0,1
297,47,43,0,0,0,0,0,2,1,1
83,22,15,0,0,0,0,0,0,2,1
306,43,46,0,0,0,0,0,3,1,1
682,0,147,0,0,0,0,0,5,0,1
143,4,32,0,0,2,1,0,2,2,1
110,25,20,0,0,0,0,0,0,2,1
38,5,6,0,0,0,0,0,2,0,1
74,20,13,0,0,0,0,0,0,2,1
79,19,16,0,0,0,0,0,1,2,1
1985,20,409,0,0,0,0,0,36,0,1
88,19,16,0,0,0,0,0,1,2,1
37,0,12,1,1,0,0,0,1,0,1
993,0,222,0,0,0,0,0,12,0,1
253,46,35,0,0,0,0,0,1,0,1
72,8,49,0,0,0,0,0,0,0,1
86,20,14,0,0,0,0,0,0,2,1
254,40,34,0,0,0,0,0,3,0,1
1193,9,249,0,0,0,0,0,18,0,1
121,6,18,0,0,0,0,0,1,1,1
111,20,18,0,0,0,0,0,0,2,1
33,5,4,0,0,0,0,0,1,0,1
141,11,28,0,0,3,0,0,0,2,1
86,10,14,0,0,0,0,0,1,1,1
119,10,19,0,0,0,0,0,1,1,1
224,39,33,0,0,0,0,0,2,0,1
132,26,29,1,1,2,1,0,0,2,1
343,7,116,0,0,1,0,0,2,1,1
85,19,16,0,0,0,0,0,0,2,1
56,1,8,0,0,0,0,0,1,0,1
89,7,18,0,0,2,1,0,1,1,1
151,13,30,1,1,2,1,0,2,1,1
294,43,44,0,0,0,0,0,1,1,1
180,0,42,1,1,2,1,0,0,2,1
119,23,24,0,0,0,0,0,2,2,1
84,13,21,0,0,2,1,0,0,1,1
88,20,16,0,0,0,0,0,0,2,1
436,65,94,4,4,2,1,0,6,5,1
237,41,30,0,0,0,0,0,4,0,1
856,3,182,0,0,0,0,0,10,0,1
89,8,16,0,0,0,0,0,2,1,1
90,26,18,0,0,0,0,0,0,2,1
89,20,16,0,0,0,0,0,0,2,1
127,11,27,1,1,2,1,0,0,2,1
88,20,15,0,0,0,0,0,0,2,1
260,41,36,0,0,0,0,0,1,0,1
117,6,18,0,0,0,0,0,1,1,1
135,23,38,1,1,0,1,0,0,1,1
114,20,21,0,0,0,0,0,0,2,1
481,2,95,0,0,0,0,0,5,0,1
53,1,14,2,2,3,1,0,0,0,1
104,15,24,0,0,0,0,0,0,3,1
80,19,15,0,0,0,0,0,1,2,1
183,0,45,0,0,0,0,0,1,0,1
877,2,184,0,0,0,0,0,9,0,1
109,20,21,0,0,0,0,0,1,2,1
199,2,53,1,1,2,1,0,1,2,1
426,3,79,0,0,0,0,0,8,0,1
97,21,21,0,1,1,0,0,0,0,1
119,12,26,1,1,2,1,0,2,2,1
114,7,19,0,0,0,0,0,0,1,1
109,20,20,0,0,0,0,0,0,2,1
165,16,41,1,1,1,0,0,0,3,1
56,3,17,1,1,1,0,1,1,0,1
203,68,47,1,1,2,1,0,0,1,1
134,0,34,1,1,1,1,0,0,2,1
78,6,16,0,0,1,1,0,0,1,1
198,42,35,1,1,2,1,0,1,2,1
52,6,12,0,0,0,0,0,1,0,1
93,20,17,0,0,0,0,0,0,2,1
642,0,135,0,0,0,0,0,8,0,1
183,2,49,1,1,2,1,0,1,2,1
458,2,89,0,0,0,0,0,9,0,1
109,20,21,0,0,0,0,0,1,2,1
31,1,6,1,1,0,1,0,0,0,1
106,21,18,0,0,0,0,0,0,2,1
251,36,34,0,0,0,0,0,1,0,1
56,3,9,0,0,0,0,0,0,0,1
124,14,34,1,1,2,0,0,1,1,1
268,37,41,0,0,0,0,0,1,0,1
103,20,18,0,0,0,0,0,0,2,1
90,20,15,0,0,0,0,0,1,2,1
1387,10,306,0,0,0,0,0,20,0,1
259,48,38,0,0,0,0,0,1,0,1
86,10,14,0,0,0,0,0,1,1,1
92,9,22,0,0,2,1,0,1,2,1
116,11,23,1,1,2,1,0,0,2,1
89,20,15,0,0,0,0,0,1,2,1
38,5,6,0,0,0,0,0,2,0,1
3246,14,674,0,0,0,0,0,42,0,1
106,17,24,1,1,0,0,0,0,2,1
114,20,21,0,0,0,0,0,0,2,1
89,7,22,0,0,2,1,0,0,2,1
1014,3,207,0,0,0,0,0,18,0,1
98,20,18,0,0,0,0,0,1,2,1
90,9,16,0,0,0,0,0,2,1,1
167,2,48,1,1,2,1,0,1,2,1
94,20,19,0,0,0,0,0,0,2,1
117,7,19,0,0,0,0,0,0,1,1
90,24,16,0,0,0,0,0,0,2,1
114,7,24,1,1,0,0,0,1,3,1
103,20,18,0,0,0,0,0,0,2,1
45,8,10,0,0,0,0,0,0,0,1
33,5,4,0,0,0,0,0,1,0,1
33,5,4,0,0,0,0,0,1,0,1
88,20,15,0,0,0,0,0,0,2,1
118,7,33,1,1,2,1,0,0,2,1
110,0,29,0,0,3,1,0,0,1,1
312,15,77,0,0,0,0,0,1,0,1
261,42,40,0,0,0,0,0,2,0,1
247,39,37,0,0,0,0,0,1,0,1
452,0,96,0,0,0,0,0,6,0,1
609,1,111,0,0,0,0,0,8,0,1
95,20,16,0,0,0,0,0,0,2,1
106,20,20,0,0,0,0,0,0,2,1
106,22,17,0,0,0,0,0,0,2,1
92,20,16,0,0,0,0,0,1,2,1
122,18,29,1,1,1,1,0,0,2,1
25,0,3,0,0,0,0,0,0,0,1
124,9,31,1,1,2,1,0,0,2,1
91,20,16,0,0,0,0,0,0,2,1
1188,3,247,0,0,0,0,0,9,0,1
177,17,38,1,1,2,1,0,1,1,1
109,14,23,1,1,1,1,0,1,1,1
492,4,96,0,0,0,0,0,7,0,1
324,51,51,0,0,0,0,0,1,1,1
357,12,97,2,2,7,4,0,1,2,1
114,0,28,0,0,2,1,0,1,2,1
95,2,26,0,0,1,0,0,0,3,1
78,19,15,0,0,0,0,0,0,2,1
105,0,25,0,0,2,1,0,0,2,1
250,40,37,0,0,0,0,0,2,0,1
70,13,18,0,0,2,1,0,0,2,1
73,20,14,0,0,0,0,0,1,2,1
857,5,174,0,0,0,0,0,7,0,1
66,7,13,0,0,0,0,0,0,0,1
107,5,33,0,0,2,1,0,0,2,1
78,20,13,0,0,0,0,0,0,2,1
85,20,15,0,0,0,0,0,0,2,1
261,43,39,0,0,0,0,0,4,0,1
270,42,36,0,0,0,0,0,2,0,1
90,2,27,0,0,2,1,0,0,2,1
3465,29,738,0,0,0,0,0,47,0,1
1409,6,289,0,0,0,0,0,22,0,1
316,47,49,0,0,0,0,0,1,1,1
113,6,18,0,0,0,0,0,0,1,1
95,20,16,0,0,0,0,0,0,2,1
96,9,26,0,0,2,0,0,0,2,1
38,5,6,0,0,0,0,0,2,0,1
92,20,17,0,0,0,0,0,1,2,1
81,19,15,0,0,0,0,0,0,2,1
94,7,22,0,0,2,1,0,0,1,1
110,20,20,0,0,0,0,0,2,2,1
98,20,18,0,0,0,0,0,0,2,1
249,19,49,2,2,2,1,0,0,4,1
99,21,19,0,0,0,0,0,0,2,1
38,5,6,0,0,0,0,0,2,0,1
83,20,15,0,0,0,0,0,0,2,1
106,2,29,0,0,2,1,0,0,1,1
72,2,12,0,0,0,0,0,0,0,1
258,32,58,2,2,2,1,0,2,1,1
251,14,58,2,2,0,0,0,1,2,1
54,7,11,0,0,0,0,0,1,0,1
96,20,19,0,0,0,0,0,0,2,1
115,15,27,1,1,2,1,0,0,2,1
237,37,34,0,0,0,0,0,1,0,1
395,0,80,0,0,0,0,0,7,0,1
94,21,17,0,0,0,0,0,0,2,1
87,20,15,0,0,0,0,0,1,2,1
244,37,33,0,0,0,0,0,3,0,1
178,2,51,1,1,2,1,0,1,2,1
114,8,18,0,0,0,0,0,1,1,1
130,6,33,0,0,2,1,0,0,1,1
182,4,49,1,1,2,1,0,1,2,1
728,9,157,0,0,0,0,0,6,0,1
106,5,26,0,0,2,1,0,0,1,1
170,15,42,1,1,2,1,0,0,2,1
2287,21,462,0,0,0,0,0,29,0,1
889,10,295,0,0,0,0,0,3,2,1
57,7,12,0,0,0,0,0,0,0,1
103,0,29,0,0,2,1,0,0,2,1
588,4,131,0,0,0,0,0,7,0,1
55,4,9,0,0,0,0,0,0,0,1
102,20,18,0,0,0,0,0,1,2,1
999,1,196,0,0,0,0,0,16,0,1
99,20,18,0,0,0,0,0,3,2,1
105,21,26,0,0,0,0,0,0,2,1
117,9,19,0,0,0,0,0,0,1,1
43,0,14,1,1,1,1,0,0,0,1
103,3,26,0,0,2,1,0,0,1,1
99,20,16,0,0,0,0,0,0,2,1
305,42,43,0,0,0,0,0,2,1,1
309,0,65,0,0,0,0,0,4,0,1
116,12,22,0,0,0,0,0,0,1,1
81,20,14,0,0,0,0,0,0,2,1
26,0,3,0,0,0,0,0,0,0,1
33,5,4,0,0,0,0,0,1,0,1
97,21,19,0,0,0,0,0,1,2,1
132,0,26,2,2,2,0,0,2,0,1
112,22,20,0,0,0,0,0,0,2,1
102,19,17,0,0,0,0,0,1,2,1
38,5,6,0,0,0,0,0,2,0,1
263,44,39,0,0,0,0,0,3,0,1
87,19,16,0,0,0,0,0,0,2,1
332,6,81,2,2,8,2,0,0,2,1
938,5,198,0,0,0,0,0,15,0,1
146,17,35,1,1,1,1,0,0,2,1
196,26,39,1,1,4,2,0,1,2,1
85,19,14,0,0,0,0,0,0,2,1
109,14,23,1,1,1,1,0,1,1,1
2149,21,487,0,0,0,0,0,29,0,1
80,20,15,0,0,0,0,0,0,2,1
59,5,8,0,0,0,0,0,0,0,1
253,37,35,0,0,0,0,0,2,0,1
1810,3,381,0,0,0,0,0,19,0,1
113,0,30,0,0,2,1,0,0,2,1
815,3,170,0,0,0,0,0,17,0,1
93,21,16,0,0,0,0,0,0,2,1
298,46,44,0,0,0,0,0,2,1,1
123,14,24,0,0,0,0,0,0,1,1
101,20,19,0,0,0,0,0,0,2,1
257,14,59,2,2,0,0,0,0,1,1
319,152,102,2,2,0,0,0,2,1,1
81,13,19,0,0,2,1,0,0,2,1
147,0,33,1,1,3,1,0,1,2,1
83,20,15,0,0,0,0,0,0,2,1
88,19,16,0,0,0,0,0,0,2,1
1010,4,209,0,0,0,0,0,11,0,1
118,0,31,0,0,2,1,0,0,2,1
108,22,21,0,0,0,0,0,0,2,1
169,26,37,1,1,2,1,0,0,1,1
120,13,25,1,1,2,1,0,0,1,1
120,20,21,0,0,0,0,0,1,2,1
141,17,34,1,1,2,1,0,1,2,1
75,2,21,0,0,0,1,0,0,1,1
113,22,20,0,0,0,0,0,0,2,1
530,12,115,0,0,0,0,0,6,0,1
160,2,40,1,1,2,1,0,0,3,1
184,0,42,1,1,2,1,0,2,2,1
79,20,15,0,0,0,0,0,0,2,1
372,2,82,0,0,0,0,0,8,0,1
211,48,35,2,2,0,0,0,2,2,1
88,20,16,0,0,0,0,0,1,2,1
75,20,13,0,0,0,0,0,0,2,1
342,43,66,3,3,2,1,0,3,4,1
112,2,28,0,0,2,1,0,0,2,1
411,56,41,3,3,0,0,0,2,2,1
175,0,35,0,0,0,0,0,4,0,1
104,20,18,0,0,0,0,0,0,2,1
3430,12,704,0,0,0,0,0,41,0,1
225,42,33,0,0,0,0,0,3,0,1
145,13,29,1,1,0,0,0,0,3,1
98,1,20,0,0,0,0,0,0,0,1
178,2,49,1,1,2,1,0,1,2,1
92,1,36,5,6,1,1,1,1,1,1
145,22,29,0,0,0,0,0,2,2,1
652,6,214,9,9,0,0,0,4,0,1
170,25,42,1,1,2,1,0,0,2,1
91,10,16,0,0,0,0,0,2,1,1
23215,31,5870,0,0,0,0,0,183,2,1
256,44,54,2,2,0,0,0,0,2,1
85,19,15,0,0,0,0,0,0,2,1
128,1,35,0,0,2,1,0,0,2,1
83,20,15,0,0,0,0,0,0,2,1
97,1,26,0,0,2,1,0,0,2,1
285,46,46,0,0,0,0,0,1,0,1
73,2,23,0,0,0,0,0,0,2,1
100,24,18,0,0,0,0,0,0,2,1
158,0,44,1,1,2,1,0,1,2,1
114,6,18,0,0,0,0,0,1,1,1
83,19,16,0,0,0,0,0,0,2,1
109,7,26,1,1,1,1,0,0,1,1
235,38,32,0,0,0,0,0,2,0,1
87,20,17,0,0,0,0,0,1,2,1
785,5,292,0,0,0,0,0,9,0,1
33,5,4,0,0,0,0,0,1,0,1
630,7,132,0,0,0,0,0,12,0,1
88,20,16,0,0,0,0,0,0,2,1
183,2,50,1,1,2,1,0,1,2,1
38,5,6,0,0,0,0,0,2,0,1
175,6,37,1,1,1,1,0,2,1,1
294,44,67,2,2,2,1,0,1,2,1
178,6,41,1,1,2,1,0,2,1,1
100,20,18,0,0,0,0,0,0,2,1
293,0,64,0,0,0,0,0,1,0,1
834,4,170,0,0,0,0,0,15,0,1
74,20,14,0,0,0,0,0,0,2,1
1142,0,240,0,0,0,0,0,20,0,1
33,5,4,0,0,0,0,0,1,0,1
254,39,35,0,0,0,0,0,2,0,1
92,20,18,0,0,0,0,0,0,2,1
593,7,207,0,0,0,0,0,5,2,1
181,7,55,1,1,2,1,0,0,1,1
63,1,14,0,0,1,1,0,0,2,1
89,21,16,0,0,0,0,0,0,2,1
106,0,26,0,0,2,1,0,1,1,1
251,14,60,2,2,0,0,0,0,2,1
183,0,46,0,0,0,0,0,4,0,1
790,9,168,0,0,0,0,0,8,0,1
299,47,46,0,0,0,0,0,1,1,1
116,20,23,0,0,0,0,0,1,2,1
91,20,15,0,0,0,0,0,0,2,1
265,40,37,0,0,0,0,0,1,0,1
116,21,25,0,0,2,1,0,0,2,1
1956,7,433,0,0,0,0,0,21,0,1
106,0,28,0,0,2,1,0,1,1,1
100,0,29,0,0,2,1,0,0,2,1
109,22,21,0,0,0,0,0,1,2,1
141,18,30,1,1,2,1,0,0,1,1
169,0,37,0,0,0,0,0,1,0,1
33,5,4,0,0,0,0,0,1,0,1
260,37,55,2,2,2,1,0,1,2,1
1698,6,349,0,0,0,0,0,21,0,1
83,22,15,0,0,0,0,0,0,2,1
82,19,14,0,0,0,0,0,0,2,1
868,13,179,0,0,0,0,0,13,0,1
341,1,76,0,0,0,0,0,5,0,1
4345,10,911,0,0,0,0,0,59,0,1
149,15,31,1,1,2,1,0,0,2,1
111,9,18,0,0,0,0,0,0,1,1
143,19,33,1,1,1,1,0,2,2,1
814,5,177,0,0,0,0,0,20,0,1
114,20,21,0,0,0,0,0,2,2,1
102,20,17,0,0,0,0,0,1,2,1
93,20,17,0,0,0,0,0,1,2,1
117,7,19,0,0,0,0,0,1,1,1
302,147,124,2,2,0,0,0,0,0,1
44,0,12,0,0,0,0,0,0,2,1
96,19,21,0,0,2,1,0,1,2,1
39,0,4,0,0,0,0,0,0,0,1
186,4,49,1,1,2,1,0,0,2,1
91,10,16,0,0,0,0,0,2,1,1
97,2,27,0,0,2,1,0,0,2,1
127,14,26,1,1,1,1,0,1,2,1
50,7,11,0,0,0,0,0,0,0,1
1256,2,254,0,0,0,0,0,21,0,1
97,20,16,0,0,0,0,0,0,2,1
172,11,45,1,1,2,1,0,0,2,1
84,19,15,0,0,0,0,0,0,2,1
334,54,69,3,3,4,0,0,0,4,1
153,8,36,1,1,4,2,0,0,2,1
113,1,37,0,0,2,1,0,0,1,1
136,7,59,1,1,2,0,0,0,2,1
106,3,27,0,0,0,1,0,1,2,1
123,14,24,0,0,0,0,0,0,1,1
352,4,77,0,0,0,0,0,7,0,1
164,4,43,1,1,1,1,0,0,1,1
480,118,118,4,4,5,5,0,0,2,1
185,2,49,1,1,2,1,0,0,2,1
158,10,33,1,1,2,1,0,1,2,1
295,45,42,0,0,0,0,0,4,1,1
87,19,16,0,0,0,0,0,1,2,1
610,5,123,0,0,0,0,0,7,0,1
52,1,8,0,0,0,0,0,0,0,1
4272,24,876,0,0,0,0,0,46,0,1
388,1,84,0,0,0,0,0,7,0,1
231,44,32,0,0,0,0,0,2,0,1
575,0,111,0,0,0,0,0,9,0,1
78,20,13,0,0,0,0,0,0,2,1
159,0,38,1,1,2,1,0,3,2,1
117,13,22,0,0,0,0,0,0,1,1
174,2,49,1,1,2,1,0,1,1,1
91,20,15,0,0,0,0,0,0,2,1
86,10,14,0,0,0,0,0,1,1,1
254,40,37,0,0,0,0,0,3,0,1
55,1,8,0,0,0,0,0,0,0,1
168,22,35,1,1,0,0,0,3,2,1
90,20,17,0,0,0,0,0,0,2,1
83,20,15,0,0,0,0,0,1,2,1
700,2,137,0,0,0,0,0,15,0,1
83,19,15,0,0,0,0,0,0,2,1
304,44,43,0,0,0,0,0,2,1,1
418,67,80,3,3,7,5,0,2,2,1
80,4,13,0,0,0,0,0,1,0,1
265,16,61,2,2,0,0,0,0,4,1
124,10,30,1,1,0,0,0,0,4,1
258,38,36,0,0,0,0,0,2,0,1
274,45,41,0,0,0,0,0,3,0,1
251,44,35,0,0,0,0,0,4,0,1
17511,97,3816,0,0,0,0,0,272,0,1
91,10,16,0,0,0,0,0,2,1,1
99,20,17,0,0,0,0,0,2,2,1
119,20,21,0,0,0,0,0,2,2,1
108,6,18,0,0,0,0,0,0,1,1
102,21,18,0,0,0,0,0,0,2,1
91,10,16,0,0,0,0,0,2,1,1
123,14,24,0,0,0,0,0,0,1,1
155,30,34,1,1,2,1,0,0,1,1
113,4,27,0,0,2,1,0,0,1,1
1801,34,658,0,0,0,0,0,1,0,1
93,20,16,0,0,0,0,0,2,2,1
135,34,19,0,0,2,1,0,1,0,1
144,15,28,1,1,2,1,0,1,1,1
245,105,75,2,2,0,0,0,0,1,1
294,44,46,0,0,0,0,0,2,1,1
114,20,20,0,0,0,0,0,2,2,1
163,27,37,1,1,0,2,0,2,2,1
85,20,15,0,0,0,0,0,0,2,1
812,18,197,0,0,0,0,0,7,0,1
119,9,24,0,0,2,1,0,2,1,1
221,2,43,0,0,0,0,0,2,0,1
33,5,4,0,0,0,0,0,1,0,1
415,0,86,0,0,0,0,0,9,0,1
122,17,27,1,1,2,0,0,0,3,1
90,19,16,0,0,0,0,0,1,2,1
468,0,100,0,0,0,0,0,6,0,1
245,40,31,0,0,0,0,0,3,0,1
91,10,16,0,0,0,0,0,2,1,1
90,20,16,0,0,0,0,0,0,2,1
89,20,16,0,0,0,0,0,0,2,1
2403,5,490,0,0,0,0,0,40,0,1
87,20,17,0,0,0,0,0,0,2,1
329,47,50,0,0,0,0,0,1,1,1
96,20,16,0,0,0,0,0,1,2,1
7574,25,2834,19,25,0,0,0,58,0,1
95,8,30,0,0,2,1,0,0,1,1
257,36,35,0,0,0,0,0,1,0,1
114,22,21,0,0,0,0,0,0,2,1
115,13,25,1,1,1,1,0,1,2,1
940,2,196,0,0,0,0,0,14,0,1
142,9,35,1,1,2,1,0,1,1,1
267,14,61,2,2,0,0,0,0,4,1
120,12,22,0,0,0,0,0,0,1,1
89,20,15,0,0,0,0,0,1,2,1
221,19,50,2,2,2,1,0,3,2,1
297,0,71,0,0,0,0,0,5,0,1
111,10,18,0,0,0,0,0,0,1,1
12194,15,4019,6,0,4,5,0,72,0,1
103,0,26,0,0,2,1,0,1,2,1
72,1,13,0,0,1,1,0,1,2,1
7348,33,1594,0,0,0,0,0,107,0,1
117,0,27,0,0,2,1,0,0,2,1
1267,1,276,0,0,0,0,0,15,0,1
98,0,27,0,0,0,0,0,2,3,1
808,4,172,0,0,0,0,0,13,0,1
121,11,25,1,1,2,1,0,0,2,1
180,2,48,1,1,2,1,0,2,2,1
97,20,17,0,0,0,0,0,0,2,1
182,20,39,1,1,2,1,0,0,4,1
80,20,15,0,0,0,0,0,0,2,1
421,191,129,3,3,0,0,0,0,1,1
51,2,8,0,0,0,0,0,0,0,1
94,19,15,0,0,0,0,0,1,2,1
135,9,32,0,0,0,1,0,1,1,1
117,20,19,0,0,0,0,0,1,2,1
760,2,151,0,0,0,0,0,12,0,1
85,20,15,0,0,0,0,0,2,2,1
201,14,56,1,1,4,2,0,0,1,1
100,3,25,0,0,2,1,0,0,2,1
308,44,45,0,0,0,0,0,2,1,1
204,30,49,1,1,2,1,0,0,2,1
785,6,179,0,0,0,0,0,10,0,1
315,48,49,0,0,0,0,0,1,1,1
110,0,22,0,0,0,0,0,1,0,1
250,38,33,0,0,0,0,0,5,0,1
124,0,31,0,0,2,1,0,2,2,1
1574,5,336,0,0,0,0,0,24,0,1
119,12,26,1,1,2,2,0,2,2,1
4416,7,1331,4,4,0,0,0,42,4,1
102,20,18,0,0,0,0,0,1,2,1
85,20,17,0,0,0,0,0,0,2,1
173,108,38,1,1,0,0,0,0,0,1
163,6,32,2,2,4,0,0,1,1,1
135,0,30,2,2,2,0,0,0,0,1
962,0,198,0,0,0,0,0,11,0,1
43,8,9,0,0,0,0,0,0,0,1
75,20,14,0,0,0,0,0,0,2,1
26,0,5,0,0,0,0,0,0,0,1
762,0,156,0,0,0,0,0,11,0,1
58,0,17,1,1,0,0,0,1,1,1
94,19,17,0,0,0,0,0,0,2,1
1608,0,333,0,0,0,0,0,15,0,1
113,20,19,0,0,0,0,0,2,2,1
106,20,19,0,0,0,0,0,0,2,1
38,5,6,0,0,0,0,0,2,0,1
38,5,6,0,0,0,0,0,2,0,1
80,20,15,0,0,0,0,0,0,2,1
258,22,53,2,2,2,1,0,3,2,1
124,5,33,0,0,2,1,0,0,2,1
89,3,23,0,0,0,0,0,0,0,1
95,1,18,0,0,1,1,0,0,2,1
98,20,19,0,0,0,0,0,2,2,1
596,6,124,0,0,0,0,0,16,0,1
96,20,17,0,0,0,0,0,0,2,1
292,39,40,0,0,0,0,0,3,1,1
116,17,25,1,1,3,1,0,0,2,1
335,79,51,0,0,2,1,0,3,0,1
101,20,16,0,0,0,0,0,0,2,1
1527,8,336,0,0,0,0,0,20,0,1
93,21,18,0,0,0,0,0,0,2,1
82,15,18,0,0,2,1,0,0,2,1
547,0,97,0,0,0,0,0,10,0,1
86,10,14,0,0,0,0,0,1,1,1
95,20,17,0,0,0,0,0,1,2,1
705,6,152,0,0,0,0,0,6,0,1
1067,1,229,0,0,0,0,0,16,0,1
141,20,26,0,0,0,0,0,2,2,1
89,20,16,0,0,0,0,0,2,2,1
164,17,37,0,0,2,1,0,1,2,1
326,4,63,0,0,0,0,0,5,0,1
139,0,18,0,0,0,0,0,6,0,1
35,0,7,0,0,0,0,0,0,0,1
158,2,43,1,1,2,1,0,1,2,1
83,19,14,0,0,0,0,0,0,2,1
309,43,50,0,0,0,0,0,2,1,1
900,8,187,0,0,0,0,0,10,0,1
131,21,27,0,0,0,0,0,0,2,1
93,20,16,0,0,0,0,0,0,2,1
103,20,18,0,0,0,0,0,0,2,1
110,12,22,1,1,1,1,0,1,1,1
1093,5,229,0,0,0,0,0,16,0,1
191,15,52,1,1,2,1,0,0,2,1
245,42,32,0,0,0,0,0,2,0,1
211,4,60,1,1,2,1,0,0,1,1
299,42,42,0,0,0,0,0,2,1,1
243,42,36,0,0,0,0,0,3,0,1
52,1,13,0,0,0,0,0,0,2,1
88,20,15,0,0,0,0,0,0,2,1
155,4,38,1,1,3,1,0,0,2,1
259,44,34,0,0,0,0,0,2,0,1
128,20,23,0,0,0,0,0,1,2,1
123,14,24,0,0,0,0,0,0,1,1
99,20,17,0,0,0,0,0,0,2,1
91,10,16,0,0,0,0,0,2,1,1
114,9,18,0,0,0,0,0,0,1,1
98,0,31,0,0,2,1,0,0,2,1
217,42,32,0,0,0,0,0,3,0,1
18027,354,5856,39,29,0,0,0,112,12,1
79,20,14,0,0,0,0,0,1,2,1
119,17,28,1,1,2,1,0,1,2,1
81,20,15,0,0,0,0,0,1,2,1
92,21,18,0,0,0,0,0,0,2,1
108,20,21,0,0,0,0,0,1,2,1
251,36,34,0,0,0,0,0,4,0,1
112,2,30,0,0,2,1,0,1,2,1
173,31,37,1,1,1,1,0,0,1,1
251,48,37,0,0,0,0,0,1,0,1
379,42,75,3,3,3,3,0,2,2,1
1418,14,282,0,0,0,0,0,22,0,1
52,8,13,0,0,0,0,0,1,2,1
90,20,15,0,0,0,0,0,0,2,1
122,22,23,0,0,0,0,0,0,2,1
36,1,8,2,2,3,1,0,0,0,1
95,9,23,0,0,2,1,0,3,1,1
189,2,50,1,1,2,1,0,0,2,1
140,0,29,0,0,0,0,0,4,0,1
172,30,38,1,1,2,1,0,0,2,1
243,38,33,0,0,0,0,0,3,0,1
112,20,22,0,0,0,0,0,0,2,1
121,0,30,0,0,2,1,0,2,2,1
128,15,32,1,1,1,0,0,1,2,1
110,0,31,0,0,2,1,0,0,2,1
51,1,14,2,3,3,1,0,0,0,1
224,30,44,1,1,1,1,0,0,2,1
134,19,28,1,1,2,0,0,0,2,1
491,8,124,2,2,2,0,0,5,0,1
114,11,26,1,1,2,1,0,0,2,1
120,20,20,0,0,0,0,0,0,2,1
655,7,133,0,0,0,0,0,8,0,1
100,17,22,0,0,0,0,0,0,1,1
108,0,22,0,0,0,0,0,0,2,1
102,0,25,0,0,2,1,0,0,1,1
360,3,74,0,0,0,0,0,3,0,1
182,5,49,1,1,2,1,0,4,2,1
146,15,34,1,1,2,1,0,0,2,1
67,1,15,0,0,0,0,0,0,2,1
86,20,16,0,0,0,0,0,0,2,1
323,9,65,0,0,0,0,0,4,0,1
58,7,13,0,0,0,0,0,0,0,1
90,21,17,0,0,0,0,0,0,2,1
36,0,9,0,0,0,0,0,0,0,1
75,20,14,0,0,0,0,0,0,2,1
115,7,18,0,0,0,0,0,0,1,1
356,45,94,3,3,3,5,0,0,1,1
84,20,16,0,0,0,0,0,0,2,1
621,12,132,0,0,0,0,0,6,0,1
33,5,4,0,0,0,0,0,1,0,1
2535,11,691,8,8,1,0,0,27,1,1
85,20,16,0,0,0,0,0,1,2,1
1662,8,348,0,0,0,0,0,20,0,1
202,2,51,1,1,2,1,0,1,2,1
84,20,14,0,0,0,0,0,0,2,1
113,9,18,0,0,0,0,0,0,1,1
86,10,14,0,0,0,0,0,1,1,1
81,9,18,0,0,2,1,0,0,2,1
92,7,18,0,0,2,1,0,2,1,1
103,21,19,0,0,0,0,0,1,2,1
206,0,41,0,0,0,0,0,2,0,1
70,0,20,0,0,0,0,0,0,0,1
130,0,30,0,0,2,1,0,1,2,1
54,5,9,0,0,0,0,0,0,0,1
1376,2,276,0,0,1,0,0,17,0,1
267,36,38,0,0,0,0,0,2,0,1
267,0,47,0,0,0,0,0,3,0,1
561,4,124,0,0,0,0,0,5,0,1
101,20,19,0,0,0,0,0,0,2,1
125,24,32,1,1,2,1,0,1,1,1
82,20,15,0,0,0,0,0,0,2,1
150,3,38,1,1,2,1,0,2,1,1
85,20,15,0,0,0,0,0,0,2,1
125,12,28,1,1,2,1,0,2,1,1
92,19,17,0,0,0,0,0,0,2,1
1527,14,327,0,0,0,0,0,25,0,1
110,0,27,0,0,2,1,0,0,2,1
59,2,9,0,0,0,0,0,0,0,1
119,0,30,0,0,2,1,0,0,2,1
49,7,12,0,0,0,0,0,1,0,1
115,10,18,0,0,0,0,0,0,1,1
103,26,19,0,0,0,0,0,1,2,1
96,19,17,0,0,0,0,0,1,2,1
120,12,22,0,0,0,0,0,0,1,1
89,20,17,0,0,0,0,0,1,2,1
56,4,8,0,0,0,0,0,0,0,1
320,44,45,0,0,0,0,0,1,1,1
86,2,26,0,0,2,1,0,0,2,1
182,12,36,1,1,2,1,0,1,2,1
33,5,4,0,0,0,0,0,1,0,1
123,24,28,0,0,0,0,0,1,2,1
766,3,145,0,0,0,0,0,6,0,1
115,8,18,0,0,0,0,0,0,1,1
403,83,113,3,3,2,1,0,1,2,1
1262,11,261,0,0,0,0,0,26,0,1
87,19,16,0,0,0,0,0,0,2,1
124,4,30,0,0,2,1,0,2,2,1
117,7,18,0,0,0,0,0,0,1,1
57,5,9,0,0,0,0,0,0,0,1
549,4,115,0,0,0,0,0,14,0,1
191,41,43,1,1,0,1,0,4,2,1
59,2,9,0,0,0,0,0,0,0,1
943,6,185,0,0,0,0,0,20,0,1
79,19,15,0,0,0,0,0,0,2,1
1123,7,238,0,0,0,0,0,20,0,1
95,14,25,0,0,3,1,0,0,1,1
123,0,31,0,0,2,1,0,1,2,1
94,9,26,0,0,2,0,0,0,2,1
302,43,45,0,0,0,0,0,1,1,1
138,13,26,1,1,3,1,0,1,2,1
372,6,75,0,0,0,0,0,4,0,1
86,20,15,0,0,0,0,0,0,2,1
84,19,16,0,0,0,0,0,0,2,1
58,6,8,0,0,0,0,0,0,0,1
107,19,19,0,0,0,0,0,2,2,1
443,0,92,0,0,0,0,0,5,0,1
48,0,13,2,2,1,1,0,0,0,1
101,20,19,0,0,0,0,0,0,2,1
95,20,17,0,0,0,0,0,0,2,1
631,1,131,0,0,0,0,0,12,0,1
1053,3,205,0,0,0,0,0,16,0,1
978,2,198,0,0,0,0,0,20,0,1
96,20,16,0,0,0,0,0,0,2,1
113,17,22,1,1,2,1,0,0,1,1
104,20,20,0,0,0,0,0,1,2,1
104,20,18,0,0,0,0,0,0,2,1
678,4,147,0,0,0,0,0,7,0,1
303,44,45,0,0,0,0,0,2,1,1
91,20,16,0,0,0,0,0,1,2,1
243,37,34,0,0,0,0,0,1,0,1
714,0,140,0,0,0,0,0,12,0,1
226,37,33,0,0,0,0,0,1,0,1
86,10,14,0,0,0,0,0,1,1,1
2292,39,473,0,0,0,0,0,35,0,1
252,38,35,0,0,0,0,0,1,0,1
176,0,37,0,0,0,0,0,2,0,1
115,0,27,0,0,2,1,0,0,2,1
80,0,15,0,0,0,0,0,5,0,1
230,45,49,0,0,2,1,0,1,1,1
574,0,116,0,0,0,0,0,9,0,1
105,20,19,0,0,0,0,0,0,2,1
257,40,39,0,0,0,0,0,1,0,1
122,7,31,0,0,2,1,0,1,1,1
129,1,31,0,0,0,1,0,0,3,1
1151,13,253,0,0,0,0,0,17,0,1
288,43,43,0,0,0,0,0,1,1,1
76,20,14,0,0,0,0,0,0,2,1
659,0,130,0,0,0,0,0,10,0,1
85,20,16,0,0,0,0,0,0,2,1
103,20,18,0,0,0,0,0,1,2,1
123,16,28,1,1,0,1,1,2,2,1
4879,29,1007,0,0,0,0,0,69,0,1
74,6,17,0,0,0,1,0,0,2,1
131,23,25,1,1,2,1,0,2,2,1
4444,22,979,0,0,0,0,0,64,0,1
94,28,13,0,0,2,1,0,1,0,1
115,12,26,1,1,0,1,0,0,2,1
250,43,37,0,0,0,0,0,2,0,1
88,20,16,0,0,0,0,0,0,2,1
301,47,47,0,0,0,0,0,4,1,1
556,2,104,0,0,0,0,0,2,0,1
473,7,92,0,0,0,0,0,6,0,1
118,0,33,0,0,2,1,0,0,3,1
750,0,150,0,0,0,0,0,15,0,1
242,42,34,0,0,0,0,0,3,0,1
200,0,36,0,0,0,0,0,3,0,1
142,14,29,1,1,2,0,0,0,2,1
103,19,18,0,0,0,0,0,1,2,1
153,21,44,1,1,3,0,0,0,3,1
1708,9,370,0,0,0,0,0,19,0,1
375,183,122,3,3,0,0,0,2,2,1
759,1,158,0,0,0,0,0,6,0,1
1642,8,331,0,0,0,0,0,24,0,1
323,53,53,0,0,0,0,0,2,1,1
96,20,16,0,0,0,0,0,0,2,1
200,83,65,1,1,0,0,0,0,1,1
124,17,28,1,1,2,1,0,0,2,1
636,2,124,0,0,0,0,0,11,0,1
83,20,15,0,0,0,0,0,0,2,1
95,19,17,0,0,0,0,0,0,2,1
260,15,52,2,2,2,1,0,4,2,1
423,0,85,0,0,0,0,0,8,0,1
65,25,13,0,0,0,1,1,1,0,1
73,2,18,0,0,0,1,0,0,1,1
663,9,139,0,0,0,0,0,8,0,1
277,42,43,0,0,0,0,0,1,0,1
77,0,17,0,0,0,0,0,0,4,1
248,21,57,2,2,4,1,0,0,4,1
86,19,14,0,0,0,0,0,1,2,1
297,44,42,0,0,0,0,0,1,1,1
459,5,85,0,0,0,0,0,6,0,1
83,20,14,0,0,0,0,0,0,2,1
52,1,12,2,2,2,1,0,0,0,1
80,9,22,0,0,2,1,0,1,1,1
125,0,30,0,0,2,1,0,2,2,1
29,0,4,0,0,0,0,0,0,0,1
100,20,19,0,0,0,0,0,0,2,1
89,20,16,0,0,0,0,0,0,2,1
214,45,54,2,2,2,1,0,1,4,1
88,5,18,0,0,0,0,0,0,2,1
300,44,43,0,0,0,0,0,1,1,1
57,1,8,0,0,0,0,0,0,0,1
109,20,19,0,0,0,0,0,0,2,1
196,9,101,1,1,3,1,0,0,2,1
255,39,36,0,0,0,0,0,2,0,1
256,39,37,0,0,0,0,0,4,0,1
476,1,98,0,0,0,0,0,7,0,1
56,1,8,0,0,0,0,0,0,0,1
392,2,81,0,0,0,0,0,3,0,1
287,46,46,0,0,0,0,0,1,1,1
753,0,149,0,0,0,0,0,15,0,1
40,0,12,1,1,1,1,0,0,0,1
347,0,68,0,0,0,0,0,4,0,1
116,21,25,1,1,0,0,0,1,2,1
321,41,46,0,0,0,0,0,2,1,1
98,20,17,0,0,0,0,0,1,2,1
502,4,96,0,0,0,0,0,10,0,1
89,20,16,0,0,0,0,0,0,2,1
303,48,45,0,0,0,0,0,1,1,1
175,25,35,1,1,2,1,0,0,2,1
34,3,8,1,1,0,1,0,0,0,1
121,1,31,0,0,2,1,0,1,2,1
82,20,14,0,0,0,0,0,0,2,1
282,10,70,2,2,2,1,0,1,2,1
639,0,136,0,0,0,0,0,12,0,1
1147,11,258,0,0,0,0,0,16,0,1
99,21,18,0,0,0,0,0,1,2,1
91,10,16,0,0,0,0,0,2,1,1
110,9,28,1,1,2,1,0,0,2,1
107,21,20,0,0,0,0,0,0,2,1
245,39,35,0,0,0,0,0,3,0,1
94,20,17,0,0,0,0,0,0,2,1
502,54,100,4,4,10,0,0,5,6,1
116,28,24,0,0,4,2,0,1,0,1
115,7,19,0,0,0,0,0,0,1,1
117,13,22,0,0,0,0,0,0,1,1
56,1,12,2,2,2,1,1,1,0,1
75,20,14,0,0,0,0,0,0,2,1
102,25,21,0,0,0,0,0,0,2,1
97,5,23,0,0,2,1,0,0,2,1
261,61,49,2,2,2,1,0,3,1,1
89,19,16,0,0,0,0,0,1,2,1
5018,24,1703,7,7,0,0,0,16,0,1
90,9,20,0,0,2,1,0,0,2,1
81,21,16,0,0,0,0,0,0,2,1
808,0,163,0,0,0,0,0,10,0,1
648,7,130,0,0,0,0,0,10,0,1
85,0,24,0,0,2,1,0,0,2,1
91,20,16,0,0,0,0,0,0,2,1
116,12,22,0,0,0,0,0,0,1,1
106,7,20,1,1,1,1,0,0,2,1
107,11,24,1,1,2,1,0,1,2,1
121,11,29,1,1,2,1,0,0,2,1
118,10,27,1,1,0,0,0,0,2,1
149,6,36,1,1,2,1,0,2,2,1
121,8,19,0,0,0,0,0,0,1,1
83,19,15,0,0,0,0,0,1,2,1
341,6,111,4,3,2,0,0,1,0,1
95,5,19,0,0,2,1,0,1,1,1
1019,5,233,0,0,0,0,0,17,0,1
86,10,14,0,0,0,0,0,1,1,1
217,35,49,2,2,2,1,0,0,2,1
56,5,8,0,0,0,0,0,0,0,1
345,40,68,3,3,2,0,0,1,4,1
105,20,18,0,0,0,0,0,0,2,1
87,10,19,0,0,2,1,0,0,2,1
301,70,82,2,2,4,1,0,2,2,1
103,3,29,0,0,3,1,0,0,2,1
264,36,38,0,0,0,0,0,4,0,1
91,10,16,0,0,0,0,0,2,1,1
241,39,35,0,0,0,0,0,3,0,1
743,3,150,0,0,0,0,0,14,0,1
77,20,14,0,0,0,0,0,0,2,1
286,44,42,0,0,0,0,0,2,1,1
740,6,151,0,0,0,0,0,12,0,1
389,0,96,0,0,0,0,0,4,0,1
173,20,43,1,1,2,0,0,0,3,1
260,12,74,0,0,0,0,0,2,2,1
329,48,73,3,3,3,1,0,1,2,1
85,1,28,0,0,0,0,0,1,0,1
93,22,18,0,0,0,0,0,1,2,1
91,9,25,0,0,2,0,0,0,2,1
119,0,32,0,0,2,1,0,1,2,1
86,10,14,0,0,0,0,0,1,1,1
135,0,32,1,1,0,0,0,0,2,1
131,13,28,2,3,2,1,0,1,1,1
33,5,4,0,0,0,0,0,1,0,1
353,0,78,0,0,0,0,0,10,0,1
142,8,31,1,1,1,1,0,1,2,1
119,15,16,1,1,4,2,0,1,1,1
84,20,15,0,0,0,0,0,0,2,1
1,0,0,0,0,0,0,0,0,0,1
188,7,57,1,1,2,1,0,0,2,1
28,0,5,0,0,0,0,0,0,0,1
49,0,7,0,0,0,0,0,0,0,1
118,4,31,0,0,2,1,0,1,2,1
149,11,35,1,1,3,0,0,0,2,1
135,0,32,1,1,2,1,0,1,2,1
109,20,19,0,0,0,0,0,1,2,1
105,21,18,0,0,0,0,0,0,2,1
96,20,17,0,0,0,0,0,1,2,1
235,1,45,0,0,0,0,0,2,0,1
90,9,16,0,0,0,0,0,2,1,1
225,42,33,0,0,0,0,0,1,0,1
94,20,16,0,0,0,0,0,0,2,1
89,7,18,0,0,2,1,0,1,1,1
2214,3,461,0,0,0,0,0,38,0,1
576,122,130,5,5,7,4,0,1,2,1
86,20,15,0,0,0,0,0,0,2,1
120,3,29,1,1,0,1,0,2,1,1
127,28,25,0,0,0,0,0,1,2,1
68,8,13,0,0,0,0,0,1,0,1
121,13,28,1,1,2,1,0,0,1,1
99,20,18,0,0,0,0,0,0,2,1
304,46,47,0,0,0,0,0,1,1,1
292,46,43,0,0,0,0,0,1,1,1
193,23,40,1,1,2,1,0,0,2,1
213,0,38,0,0,0,0,0,1,0,1
154,10,27,1,1,2,1,0,0,2,1
257,40,39,0,0,0,0,0,1,0,1
201,27,43,1,1,2,1,0,0,3,1
95,3,26,0,0,2,1,0,0,1,1
174,15,22,1,1,0,0,0,0,2,1
33,5,4,0,0,0,0,0,1,0,1
143,13,32,1,1,2,1,0,0,2,1
117,13,22,0,0,0,0,0,0,1,1
324,45,85,3,3,3,5,0,0,2,1
105,20,19,0,0,0,0,0,0,2,1
157,5,30,1,1,2,0,0,0,3,1
134,14,28,1,1,2,1,0,0,1,1
32,4,4,0,0,0,0,0,1,0,1
151,3,38,1,1,2,1,0,2,2,1
114,10,19,0,0,0,0,0,0,1,1
93,13,19,0,0,2,1,0,1,2,1
82,20,16,0,0,0,0,0,0,2,1
128,1,31,1,1,2,1,0,2,1,1
105,20,18,0,0,0,0,0,0,2,1
55,8,12,0,0,0,0,0,0,0,1
94,0,18,0,0,0,0,0,2,0,1
5093,18,1066,0,0,0,0,0,47,0,1
133,14,33,1,1,2,1,0,0,2,1
122,13,24,0,0,0,0,0,0,1,1
112,11,18,0,0,0,0,0,0,1,1
117,4,21,1,1,2,1,0,2,2,1
785,4,168,0,0,0,0,0,9,0,1
176,1,35,0,0,0,0,0,4,0,1
164,6,32,2,2,4,0,0,1,1,1
121,14,26,1,1,2,1,0,0,1,1
57,8,11,0,0,0,0,0,0,0,1
33,5,4,0,0,0,0,0,1,0,1
2449,5,553,0,0,0,0,0,29,0,1
38,0,6,0,0,0,0,0,0,0,1
144,1,35,1,1,4,0,0,2,2,1
56,3,8,0,0,0,0,0,0,0,1
149,0,34,1,1,2,1,0,1,2,1
250,41,56,2,2,2,1,0,1,2,1
322,47,47,0,0,0,0,0,3,1,1
214,2,42,0,0,0,0,0,4,0,1
194,2,49,1,1,1,1,0,2,2,1
85,9,14,0,0,0,0,0,1,1,1
454,9,107,0,0,0,0,0,4,0,1
94,21,17,0,0,0,0,0,0,2,1
100,7,24,0,0,2,1,0,0,2,1
104,4,26,0,0,2,1,0,1,2,1
100,13,28,0,0,0,0,0,0,2,1
89,20,16,0,0,0,0,0,0,2,1
85,20,16,0,0,0,0,0,0,2,1
124,13,28,1,1,2,1,0,0,1,1
57,4,10,0,0,0,0,0,0,0,1
82,20,15,0,0,0,0,0,0,2,1
1082,5,230,0,0,0,0,0,15,0,1
2191,8,477,0,0,0,0,0,35,0,1
132,22,32,2,2,3,0,0,0,0,1
188,31,38,1,1,2,1,0,0,1,1
111,0,29,0,0,2,1,0,1,2,1
997,3,211,0,0,0,0,0,14,0,1
281,45,41,0,0,0,0,0,3,0,1
321,47,50,0,0,0,0,0,1,1,1
174,30,39,1,1,1,1,0,1,2,1
1128,36,375,0,0,0,0,0,3,0,1
117,2,32,0,0,2,1,0,0,2,1
5552,19,1132,0,0,1,0,0,79,0,1
1144,5,248,0,0,0,0,0,15,0,1
221,4,47,0,0,0,0,0,2,0,1
88,7,23,0,0,2,1,0,0,1,1
695,169,166,6,6,2,1,0,2,5,1
100,19,17,0,0,0,0,0,1,2,1
101,20,20,0,0,0,0,0,0,2,1
289,41,42,0,0,0,0,0,3,1,1
108,20,20,0,0,0,0,0,1,2,1
337,4,66,0,0,0,0,0,3,0,1
130,3,34,0,0,2,1,0,2,2,1
73,13,18,0,0,2,1,0,0,2,1
54,9,28,2,1,2,1,0,0,0,1
87,20,15,0,0,0,0,0,0,2,1
116,12,22,0,0,0,0,0,0,1,1
3751,37,788,0,0,0,0,0,45,0,1
245,39,34,0,0,0,0,0,1,0,1
157,13,33,1,1,2,1,0,0,2,1
111,15,25,1,1,0,0,0,0,2,1
1759,23,389,0,0,0,0,0,17,0,1
261,12,58,2,2,2,1,0,1,1,1
122,1,31,0,0,2,1,0,2,2,1
95,0,27,0,0,2,1,0,0,1,1
123,14,24,0,0,0,0,0,0,1,1
192,0,36,0,0,0,0,0,4,0,1
107,20,20,0,0,0,0,0,0,2,1
874,1,179,0,0,0,0,0,10,0,1
58,1,14,2,2,2,1,0,0,0,1
97,19,17,0,0,0,0,0,1,2,1
81,20,15,0,0,0,0,0,0,2,1
87,20,16,0,0,0,0,0,0,2,1
321,89,69,2,2,2,1,0,0,3,1
111,2,30,0,0,2,1,0,0,2,1
73,12,17,0,0,2,1,0,0,1,1
117,13,22,0,0,0,0,0,0,1,1
102,10,24,0,0,2,1,0,2,1,1
59,7,12,0,0,0,0,0,1,0,1
88,20,17,0,0,0,0,0,0,2,1
152,0,29,0,0,0,0,0,4,0,1
180,22,30,0,0,0,0,0,1,2,1
276,40,39,0,0,0,0,0,1,1,1
120,12,22,0,0,0,0,0,0,1,1
775,10,158,0,0,0,0,0,10,0,1
91,10,16,0,0,0,0,0,2,1,1
160,20,35,1,1,1,1,0,0,3,1
181,40,39,1,1,2,1,0,2,2,1
113,11,28,1,1,1,1,0,0,2,1
33,5,4,0,0,0,0,0,1,0,1
184,2,50,1,1,2,1,0,1,2,1
326,0,64,0,0,0,0,0,4,0,1
624,5,145,0,0,0,0,0,9,0,1
713,0,140,0,0,0,0,0,6,0,1
97,11,21,0,0,2,1,0,0,2,1
203,4,50,1,1,1,1,0,3,2,1
1401,11,508,1,0,3,0,0,1,0,1
123,14,24,0,0,0,0,0,0,1,1
86,19,15,0,0,0,0,0,0,2,1
1387,6,309,0,0,0,0,0,12,0,1
85,20,16,0,0,0,0,0,0,2,1
83,21,16,0,0,0,0,0,0,2,1
351,10,77,0,0,0,0,0,8,0,1
968,15,185,0,0,0,0,0,19,0,1
91,22,17,0,0,0,0,0,0,2,1
91,10,16,0,0,0,0,0,2,1,1
250,46,38,0,0,0,0,0,2,0,1
101,20,17,0,0,0,0,0,1,2,1
90,20,15,0,0,0,0,0,0,2,1
80,20,14,0,0,0,0,0,0,2,1
295,47,46,0,0,0,0,0,2,1,1
194,35,47,1,1,3,1,0,0,1,1
101,0,29,0,0,2,1,0,0,2,1
219,8,65,5,5,1,1,1,2,0,1
172,22,36,1,1,0,0,0,0,2,1
345,3,70,0,0,0,0,0,3,0,1
62,1,15,1,1,3,1,0,0,0,1
87,20,15,0,0,0,0,0,1,2,1
87,20,16,0,0,0,0,0,0,2,1
172,36,35,0,0,0,0,0,0,3,1
107,0,26,0,0,2,1,0,0,2,1
264,40,38,0,0,0,0,0,4,0,1
156,3,40,0,0,0,0,0,4,0,1
58,1,8,0,0,0,0,0,0,0,1
114,10,18,0,0,0,0,0,0,1,1
126,1,29,1,1,1,1,0,0,2,1
1321,66,331,0,0,0,0,0,38,0,1
249,25,62,1,1,2,0,0,0,2,1
89,20,15,0,0,0,0,0,0,2,1
55,1,8,0,0,0,0,0,1,0,1
165,21,34,1,1,0,0,0,1,2,1
491,10,111,0,0,0,0,0,6,0,1
495,3,107,0,0,0,0,0,4,0,1
130,0,29,0,0,3,1,0,1,2,1
1160,10,233,0,0,0,0,0,24,0,1
82,19,17,0,0,0,0,0,1,2,1
1155,2,247,0,0,0,0,0,14,0,1
143,12,35,1,1,2,1,0,1,1,1
85,20,15,0,0,0,0,0,0,2,1
21,0,2,0,0,0,0,0,0,0,1
92,20,16,0,0,0,0,0,0,2,1
95,19,19,0,0,0,0,0,1,2,1
201,7,40,1,1,2,1,0,0,2,1
91,10,16,0,0,0,0,0,2,1,1
85,20,15,0,0,0,0,0,0,2,1
99,22,20,0,0,0,0,0,1,2,1
104,0,27,0,0,2,1,0,0,2,1
99,17,22,0,1,1,0,0,0,0,1
317,47,46,0,0,0,0,0,2,1,1
86,10,14,0,0,0,0,0,1,1,1
33,5,4,0,0,0,0,0,1,0,1
147,1,35,1,1,1,1,0,1,2,1
97,20,17,0,0,0,0,0,0,2,1
101,20,19,0,0,0,0,0,1,2,1
683,14,154,0,0,0,0,0,10,0,1
91,10,16,0,0,0,0,0,2,1,1
34,0,7,0,0,0,0,0,0,0,1
101,2,21,2,2,2,0,0,0,0,1
38,5,6,0,0,0,0,0,2,0,1
306,32,72,2,2,2,1,0,2,4,1
146,0,38,0,0,0,0,0,1,0,1
95,20,17,0,0,0,0,0,0,2,1
102,0,27,0,0,2,1,0,2,2,1
155,13,32,1,1,2,1,0,0,1,1
118,0,30,0,0,2,1,0,2,2,1
778,0,166,0,0,0,0,0,11,0,1
76,19,14,0,0,0,0,0,0,2,1
231,41,35,0,0,0,0,0,1,0,1
76,6,16,0,0,1,1,0,0,1,1
6706,9,1644,0,0,0,0,0,37,0,1
173,2,47,1,1,2,1,0,3,2,1
307,47,47,0,0,0,0,0,1,1,1
13472,16,5015,8,14,0,0,0,104,0,1
268,38,38,0,0,0,0,0,1,0,1
128,20,34,1,1,2,1,0,2,1,1
33,5,4,0,0,0,0,0,1,0,1
1303,21,266,0,0,0,0,0,19,0,1
321,48,48,0,0,0,0,0,3,1,1
69,2,12,1,1,1,1,0,0,0,1
87,20,17,0,0,0,0,0,1,2,1
281,44,44,0,0,0,0,0,2,1,1
513,7,200,0,0,0,0,0,4,1,1
253,34,49,2,2,2,1,0,1,1,1
306,45,82,2,2,3,5,0,0,2,1
91,21,18,0,0,0,0,0,0,2,1
111,9,18,0,0,0,0,0,0,1,1
93,20,16,0,0,0,0,0,0,2,1
58,4,9,0,0,0,0,0,0,0,1
71,1,15,0,0,0,0,0,1,3,1
160,26,36,1,1,2,1,0,0,1,1
422,48,68,3,3,2,1,0,1,1,1
90,20,17,0,0,0,0,0,0,2,1
119,11,19,0,0,0,0,0,0,1,1
162,21,45,1,1,4,0,0,0,2,1
696,1,142,0,0,0,0,0,7,0,1
255,41,33,0,0,0,0,0,6,0,1
158,8,37,1,1,3,2,0,0,2,1
123,14,24,0,0,0,0,0,0,1,1
111,5,28,0,0,2,1,0,0,1,1
117,13,22,0,0,0,0,0,0,1,1
113,13,36,1,1,0,0,0,0,2,1
846,3,191,0,0,0,0,0,15,0,1
75,19,14,0,0,0,0,0,0,2,1
384,1,77,0,0,0,0,0,4,0,1
304,41,45,0,0,0,0,0,2,1,1
87,20,16,0,0,0,0,0,0,2,1
101,0,29,0,0,2,1,0,1,2,1
1135,7,230,0,0,0,0,0,17,0,1
254,25,41,2,2,0,0,0,1,1,1
231,1,51,0,0,0,0,0,6,0,1
468,223,119,4,4,2,1,0,0,1,1
386,51,79,3,3,4,1,0,5,3,1
158,3,32,0,0,0,0,0,2,0,1
127,12,24,1,1,0,0,0,0,2,1
108,4,22,0,0,0,0,0,2,2,1
435,0,95,0,0,0,0,0,6,0,1
86,10,14,0,0,0,0,0,1,1,1
83,19,16,0,0,0,0,0,0,2,1
306,42,47,0,0,0,0,0,1,1,1
55,2,9,0,0,0,0,0,0,0,1
161,12,33,1,1,2,1,0,0,2,1
66,1,16,0,0,0,0,0,0,2,1
510,0,99,0,0,0,0,0,6,0,1
233,90,54,2,2,0,0,0,0,3,1
482,11,111,0,0,0,0,0,9,0,1
96,20,17,0,0,0,0,0,1,2,1
119,2,32,0,0,0,0,0,1,2,1
66,9,13,0,0,0,0,0,0,1,1
1533,7,337,0,0,0,0,0,28,0,1
86,10,14,0,0,0,0,0,1,1,1
213,2,49,1,1,2,1,0,3,2,1
93,19,18,0,0,0,0,0,1,2,1
286,36,37,0,0,0,0,0,3,0,1
1500,39,579,0,0,0,0,0,19,0,1
81,20,16,0,0,0,0,0,0,2,1
101,20,19,0,0,0,0,0,0,2,1
320,50,48,0,0,0,0,0,1,1,1
272,0,54,0,0,0,0,0,4,0,1
54,3,8,0,0,0,0,0,0,0,1
80,20,15,0,0,0,0,0,0,2,1
90,17,21,0,0,0,0,0,1,2,1
103,0,27,0,0,2,1,0,1,1,1
84,20,15,0,0,0,0,0,1,2,1
272,24,75,2,2,0,0,1,1,2,1
949,2,215,0,0,0,0,0,12,0,1
87,2,24,0,0,2,1,0,0,1,1
570,2,131,0,0,0,0,0,8,0,1
248,41,35,0,0,0,0,0,2,0,1
99,20,16,0,0,0,0,0,0,2,1
238,37,32,0,0,0,0,0,3,0,1
271,38,37,0,0,0,0,0,1,0,1
455,0,96,0,0,0,0,0,4,0,1
1055,6,235,0,0,0,0,0,19,0,1
218,82,67,2,2,0,0,0,1,2,1
106,7,24,1,1,2,1,0,0,2,1
310,44,47,0,0,0,0,0,3,1,1
261,39,40,0,0,0,0,0,2,0,1
476,0,93,0,0,0,0,0,8,0,1
181,2,47,1,1,2,1,0,2,2,1
33,5,4,0,0,0,0,0,1,0,1
195,6,50,1,1,2,1,0,0,2,1
202,7,54,1,1,1,1,0,0,2,1
110,7,24,1,1,1,1,0,0,2,1
242,37,34,0,0,0,0,0,2,0,1
37,4,6,0,0,0,0,0,2,0,1
143,24,32,0,0,2,1,0,0,3,1
133,3,24,0,0,0,0,0,3,0,1
294,44,43,0,0,0,0,0,1,1,1
145,20,29,0,0,0,0,0,0,2,1
93,4,25,0,0,2,1,0,0,2,1
107,0,29,0,0,2,1,0,0,2,1
97,3,26,0,0,2,1,0,0,1,1
90,20,18,0,0,0,0,0,0,2,1
87,20,16,0,0,0,0,0,0,2,1
766,187,155,7,7,0,0,0,4,2,1
285,44,43,0,0,0,0,0,1,1,1
140,20,25,0,0,0,0,0,2,2,1
94,22,16,0,0,0,0,0,0,2,1
766,124,185,6,6,0,0,0,0,1,1
33,5,4,0,0,0,0,0,1,0,1
40,2,9,2,2,3,1,0,0,0,1
177,22,40,1,1,2,1,0,1,2,1
1307,0,402,0,2,0,0,0,17,0,1
173,16,41,1,1,1,0,0,0,3,1
89,20,15,0,0,0,0,0,0,2,1
59,1,8,0,0,0,0,0,0,0,1
109,26,25,1,1,0,1,1,1,1,1
580,3,235,3,0,0,0,0,0,0,1
109,0,28,0,0,2,1,0,1,2,1
85,9,14,0,0,0,0,0,1,1,1
1353,1,311,0,0,0,0,0,15,0,1
1081,2,230,0,0,0,0,0,8,0,1
104,20,20,0,0,0,0,0,0,2,1
878,12,184,0,0,0,0,0,13,0,1
97,20,17,0,0,0,0,0,0,2,1
506,2,107,0,0,0,0,0,4,0,1
91,20,16,0,0,0,0,0,1,2,1
2265,14,498,0,0,0,0,0,35,0,1
98,0,31,0,0,2,1,0,0,2,1
114,7,19,0,0,0,0,0,1,1,1
467,5,103,0,0,0,0,0,10,0,1
91,10,16,0,0,0,0,0,2,1,1
129,0,21,0,0,0,0,0,2,0,1
124,22,29,0,1,1,0,0,0,0,1
446,2,98,0,0,0,0,0,9,0,1
296,46,42,0,0,0,0,0,1,1,1
248,40,38,0,0,0,0,0,1,0,1
108,20,21,0,0,0,0,0,0,2,1
79,20,14,0,0,0,0,0,0,2,1
412,2,89,0,0,0,0,0,4,0,1
76,19,15,0,0,0,0,0,0,2,1
1837,9,383,0,1,0,0,0,25,0,1
415,101,60,3,3,2,0,0,5,3,1
35,7,9,0,0,0,0,0,0,0,1
146,19,35,1,1,2,1,0,0,1,1
197,6,44,1,1,2,1,0,0,2,1
293,67,64,0,0,2,1,0,0,1,1
264,47,60,0,0,2,1,0,1,1,1
302,42,43,0,0,0,0,0,2,1,1
92,20,17,0,0,0,0,0,1,2,1
95,5,29,0,0,2,1,0,0,1,1
91,24,20,0,0,0,0,0,0,2,1
111,7,19,0,0,0,0,0,0,1,1
156,16,34,1,1,2,1,0,0,2,1
876,7,191,0,0,0,0,0,10,0,1
262,36,37,0,0,0,0,0,2,0,1
83,20,15,0,0,0,0,0,0,2,1
291,0,57,0,0,0,0,0,2,0,1
117,13,22,0,0,0,0,0,0,1,1
531,1,132,0,0,0,0,0,6,0,1
245,12,43,2,2,2,1,0,0,1,1
293,45,48,0,0,0,0,0,2,1,1
114,13,25,1,1,2,1,0,0,2,1
292,44,44,0,0,0,0,0,2,1,1
61,7,21,2,2,0,1,0,0,0,1
252,14,58,2,2,0,0,0,1,2,1
87,1,16,2,2,2,1,0,0,0,1
158,19,34,1,1,3,0,0,0,1,1
114,21,21,0,0,0,0,0,0,2,1
293,0,62,0,0,0,0,0,5,0,1
636,1,133,0,0,0,0,0,12,0,1
1210,6,263,0,0,0,0,0,14,0,1
80,9,18,0,0,3,1,0,0,2,1
100,0,24,0,0,2,1,0,0,1,1
597,4,189,0,0,0,0,0,3,0,1
302,43,46,0,0,0,0,0,2,1,1
110,2,26,0,0,2,1,0,0,1,1
86,21,16,0,0,0,0,0,0,2,1
128,22,23,0,0,0,0,0,0,2,1
99,20,18,0,0,0,0,0,0,2,1
238,37,34,0,0,0,0,0,2,0,1
124,12,30,1,1,2,1,0,1,1,1
229,36,32,0,0,0,0,0,1,0,1
109,20,21,0,0,0,0,0,0,2,1
53,3,8,0,0,0,0,0,0,0,1
123,14,24,0,0,0,0,0,0,1,1
381,65,101,3,3,3,5,0,1,2,1
105,1,21,0,0,0,0,0,3,0,1
38,5,6,0,0,0,0,0,2,0,1
53,2,9,0,0,0,0,0,0,0,1
123,22,28,1,1,2,1,0,0,2,1
366,55,73,3,3,2,0,0,1,3,1
89,20,16,0,0,0,0,0,0,2,1
288,45,41,0,0,0,0,0,1,1,1
303,0,62,0,0,0,0,0,9,0,1
123,7,33,1,1,2,1,0,0,2,1
574,8,103,0,0,0,0,0,5,0,1
102,0,25,0,0,2,1,0,0,2,1
244,15,31,2,2,0,0,0,0,2,1
137,9,28,0,0,2,0,0,3,4,1
94,20,17,0,0,0,0,0,0,2,1
937,1,186,0,0,0,0,0,10,0,1
124,0,29,0,0,0,0,0,1,0,1
157,18,34,0,0,4,2,0,0,1,1
71,5,19,1,2,0,1,1,2,0,1
572,1,139,0,0,0,0,0,7,0,1
79,20,14,0,0,0,0,0,0,2,1
105,14,27,1,1,2,1,0,0,1,1
240,37,34,0,0,0,0,0,2,0,1
2088,0,565,0,0,0,0,0,11,0,1
116,1,32,0,0,2,1,0,1,1,1
85,20,15,0,0,0,0,0,0,2,1
134,12,28,1,1,2,1,0,1,1,1
94,23,17,0,0,0,0,0,0,2,1
289,42,42,0,0,0,0,0,1,1,1
85,20,15,0,0,0,0,0,0,2,1
1190,0,259,0,0,0,0,0,15,0,1
249,14,60,2,2,0,0,0,0,3,1
84,0,21,0,0,2,1,0,0,2,1
4859,16,1112,0,0,0,0,0,56,0,1
709,1,146,0,0,0,0,0,7,0,1
106,7,23,1,1,0,0,0,1,3,1
157,16,38,1,1,0,0,0,1,3,1
109,20,21,0,0,0,0,0,1,2,1
331,4,66,0,0,0,0,0,7,0,1
126,22,22,0,0,0,0,0,2,2,1
736,1,155,0,0,0,0,0,10,0,1
258,17,69,1,1,0,0,0,2,0,1
109,24,21,0,0,0,0,0,0,2,1
38,5,6,0,0,0,0,0,2,0,1
255,36,35,0,0,0,0,0,1,0,1
668,0,145,0,0,0,0,0,13,0,1
105,8,28,1,1,2,0,0,0,2,1
260,0,54,0,0,0,0,0,5,0,1
113,11,24,1,1,2,1,0,0,2,1
89,20,17,0,0,0,0,0,1,2,1
113,0,28,0,0,2,1,0,2,2,1
572,1,109,0,0,0,0,0,12,0,1
182,2,49,1,1,2,1,0,1,2,1
102,20,17,0,0,0,0,0,0,2,1
1455,12,305,0,0,0,0,0,17,0,1
236,39,33,0,0,0,0,0,1,0,1
76,1,15,0,0,0,0,0,3,0,1
123,11,29,1,1,0,0,0,0,2,1
86,20,15,0,0,0,0,0,1,2,1
52,5,8,0,0,0,0,0,0,0,1
293,44,41,0,0,0,0,0,2,1,1
105,11,26,1,1,0,0,0,0,2,1
1163,7,231,0,0,0,0,0,16,0,1
80,19,15,0,0,0,0,0,1,2,1
116,12,22,0,0,0,0,0,0,1,1
55,8,12,0,0,0,0,0,0,0,1
380,1,70,0,0,0,0,0,4,0,1
100,20,18,0,0,0,0,0,1,2,1
323,46,45,0,0,0,0,0,2,1,1
326,3,61,0,0,0,0,0,5,0,1
131,4,34,1,1,1,0,0,0,2,1
58,6,17,0,0,0,0,0,0,2,1
94,1,23,2,2,2,1,0,2,0,1
1105,0,222,0,0,0,0,0,18,0,1
73,2,13,0,0,1,1,0,0,2,1
177,2,48,1,1,2,1,0,0,1,1
214,30,43,2,2,2,1,0,0,2,1
86,20,16,0,0,0,0,0,0,2,1
386,2,86,0,0,0,0,0,7,0,1
1272,18,257,0,0,0,0,0,17,0,1
3136,12,673,0,0,0,0,0,32,0,1
134,14,30,1,1,2,1,0,0,2,1
47,8,14,0,0,0,0,0,0,0,1
311,41,45,0,0,0,0,0,1,1,1
95,5,29,0,0,2,1,0,0,1,1
1230,15,301,0,0,0,0,0,16,0,1
2025,8,428,0,0,0,0,0,32,0,1
398,17,97,3,3,1,0,0,5,2,1
151,23,33,1,1,2,1,0,0,2,1
1416,5,299,0,0,0,0,0,24,0,1
588,5,121,0,0,0,0,0,8,0,1
38,5,6,0,0,0,0,0,2,0,1
1230,2,259,0,0,0,0,0,19,0,1
90,20,16,0,0,0,0,0,0,2,1
386,0,82,0,0,0,0,0,4,0,1
73,7,18,0,0,2,1,0,1,2,1
251,41,33,0,0,0,0,0,4,0,1
2241,18,752,0,1,0,0,0,15,0,1
91,20,17,0,0,0,0,0,0,2,1
144,15,31,1,1,0,0,0,1,2,1
135,14,28,1,1,2,1,0,0,1,1
88,20,15,0,0,0,0,0,1,2,1
155,3,46,1,1,1,0,0,0,2,1
357,71,74,3,3,0,0,0,4,10,1
196,35,43,1,1,2,1,0,0,2,1
77,1,24,0,0,2,1,0,0,1,1
607,6,127,0,0,0,0,0,9,0,1
322,4,70,0,0,0,0,0,7,0,1
113,6,19,0,0,0,0,0,0,1,1
98,3,23,2,2,2,0,0,0,4,1
86,0,25,0,0,2,1,0,1,2,1
38,5,6,0,0,0,0,0,2,0,1
109,1,28,0,0,2,1,0,0,2,1
37,4,6,0,0,0,0,0,2,0,1
267,1,53,0,0,0,0,0,1,0,1
171,2,50,1,1,4,1,0,1,1,1
79,20,15,0,0,0,0,0,0,2,1
89,20,16,0,0,0,0,0,0,2,1
116,12,22,0,0,0,0,0,0,1,1
85,20,15,0,0,0,0,0,0,2,1
225,6,77,2,2,2,1,0,0,0,1
109,5,26,0,0,2,1,0,2,1,1
198,11,50,1,1,2,1,0,1,1,1
87,20,15,0,0,0,0,0,0,2,1
1040,4,221,0,0,0,0,0,17,0,1
566,3,126,0,0,0,0,0,11,0,1
38,5,6,0,0,0,0,0,2,0,1
115,0,26,0,0,2,1,0,1,1,1
59,2,9,0,0,0,0,0,0,0,1
114,23,28,1,1,2,1,0,0,1,1
175,13,42,1,1,1,0,0,2,3,1
136,1,32,1,1,2,1,0,2,2,1
103,20,19,0,0,0,0,0,1,2,1
95,20,17,0,0,0,0,0,1,2,1
116,12,22,0,0,0,0,0,0,1,1
219,4,55,1,1,2,1,0,0,2,1
759,3,158,0,0,0,0,0,12,0,1
5,0,1,0,0,0,0,0,0,0,1
162,10,44,1,1,2,1,0,1,2,1
78,20,15,0,0,0,0,0,1,2,1
97,20,19,0,0,0,0,0,1,2,1
131,5,31,1,1,0,0,0,1,3,1
163,18,33,1,1,2,1,0,0,1,1
126,3,36,3,3,2,0,0,0,1,1
78,8,19,0,0,2,1,0,0,2,1
98,0,28,0,0,2,1,0,1,2,1
101,20,20,0,0,0,0,0,0,2,1
252,6,61,1,1,2,1,0,2,2,1
93,0,24,0,0,2,1,0,0,1,1
133,1,35,1,1,2,1,0,1,2,1
5406,49,2025,0,0,5,0,0,13,0,1
289,42,41,0,0,0,0,0,1,1,1
145,24,30,0,0,0,0,0,1,2,1
48,7,11,0,0,0,0,0,0,0,1
104,20,17,0,0,0,0,0,0,2,1
292,43,43,0,0,0,0,0,2,1,1
256,40,35,0,0,0,0,0,3,0,1
90,20,16,0,0,0,0,0,1,2,1
293,45,43,0,0,0,0,0,5,1,1
1551,0,359,0,0,0,0,0,21,0,1
152,1,45,1,1,2,1,0,0,2,1
179,4,49,1,1,2,1,0,1,1,1
684,2,152,0,0,0,0,0,10,0,1
204,2,47,1,1,2,1,0,1,2,1
106,20,19,0,0,0,0,0,0,2,1
109,20,19,0,0,0,0,0,0,2,1
124,2,28,0,0,2,1,0,1,2,1
87,19,14,0,0,0,0,0,0,2,1
33,5,4,0,0,0,0,0,1,0,1
2027,7,399,0,0,0,0,0,35,0,1
96,0,27,0,0,2,1,0,0,1,1
588,5,128,0,0,0,0,0,6,0,1
95,5,29,0,0,2,1,0,0,1,1
257,44,39,0,0,0,0,0,4,0,1
111,7,26,1,1,1,1,0,0,1,1
110,7,26,1,1,1,1,0,0,1,1
38,5,6,0,0,0,0,0,2,0,1
94,20,16,0,0,0,0,0,0,2,1
242,46,34,0,0,0,0,0,2,0,1
661,1,146,0,0,0,0,0,9,0,1
82,20,15,0,0,0,0,0,0,2,1
641,0,134,0,0,0,0,0,7,0,1
88,0,20,0,0,2,1,0,2,1,1
108,5,24,1,1,2,1,0,0,2,1
115,20,20,0,0,0,0,0,2,2,1
127,1,32,0,0,2,1,0,1,1,1
204,8,43,0,0,0,0,0,1,0,1
90,20,16,0,0,0,0,0,0,2,1
105,8,22,1,1,2,1,0,1,2,1
104,20,18,0,0,0,0,0,0,2,1
1876,9,392,0,0,0,0,0,24,0,1
1129,18,424,1,0,0,0,0,11,2,1
109,20,20,0,0,0,0,0,1,2,1
84,20,15,0,0,0,0,0,0,2,1
273,101,74,2,2,2,1,0,0,1,1
89,20,16,0,0,0,0,0,0,2,1
85,20,17,0,0,0,0,0,0,2,1
96,20,17,0,0,0,0,0,1,2,1
44,1,12,1,1,2,1,0,0,0,1
94,24,16,0,0,0,0,0,0,2,1
175,0,34,0,0,0,0,0,4,0,1
54,1,8,0,0,0,0,0,0,0,1
111,17,24,1,1,0,1,0,0,1,1
278,45,44,0,0,0,0,0,1,1,1
198,33,41,1,1,2,1,0,0,2,1
188,9,38,1,1,3,0,0,3,3,1
496,0,103,0,0,0,0,0,6,0,1
289,45,42,0,0,0,0,0,6,1,1
115,9,23,1,1,3,1,0,1,1,1
137,9,30,1,1,2,0,0,1,2,1
2035,5,430,0,0,0,0,0,42,0,1
319,44,47,0,0,0,0,0,3,1,1
1324,6,272,0,0,0,0,0,16,0,1
756,315,153,6,6,4,2,0,2,1,1
193,4,50,1,1,2,1,0,1,2,1
146,18,33,3,3,5,0,0,0,0,1
183,31,39,1,1,2,1,0,0,1,1
87,11,13,0,0,2,1,0,1,0,1
1024,7,205,0,0,0,0,0,11,0,1
132,22,24,0,0,0,0,0,1,2,1
106,20,19,0,0,0,0,0,0,2,1
185,31,36,0,0,2,1,0,1,1,1
81,20,15,0,0,0,0,0,0,2,1
109,0,26,2,2,3,0,0,2,1,1
101,0,25,0,0,0,0,0,3,3,1
159,6,35,1,1,2,1,0,0,2,1
89,18,21,0,0,2,1,0,0,1,1
224,43,31,0,0,0,0,0,1,0,1
117,13,22,0,0,0,0,0,0,1,1
239,49,35,0,0,0,0,0,2,0,1
1174,0,223,0,0,0,0,0,18,0,1
55,1,20,3,3,3,1,0,0,0,1
180,15,42,1,1,0,0,0,0,1,1
1197,13,266,0,0,0,0,0,27,0,1
107,13,29,1,1,2,0,0,0,2,1
81,12,19,0,0,2,1,0,0,2,1
239,41,35,0,0,0,0,0,1,0,1
300,48,45,0,0,0,0,0,3,1,1
38,5,6,0,0,0,0,0,2,0,1
161,3,43,1,1,1,0,0,1,4,1
329,32,67,2,2,3,1,0,0,2,1
80,20,14,0,0,0,0,0,0,2,1
132,2,34,1,1,2,1,0,0,1,1
247,39,37,0,0,0,0,0,1,0,1
95,0,21,0,0,2,1,0,1,1,1
311,46,45,0,0,0,0,0,1,1,1
83,8,21,0,0,2,1,0,0,1,1
33,5,4,0,0,0,0,0,1,0,1
734,0,212,0,0,0,0,0,2,0,1
38,5,6,0,0,0,0,0,2,0,1
485,0,91,0,0,0,0,0,15,0,1
217,35,32,0,0,0,0,0,1,0,1
101,20,19,0,0,0,0,0,1,2,1
113,7,18,0,0,0,0,0,0,1,1
696,4,140,0,0,0,0,0,6,0,1
114,11,18,0,0,0,0,0,0,1,1
863,1,186,0,0,0,0,0,10,0,1
38,5,6,0,0,0,0,0,2,0,1
97,21,17,0,0,0,0,0,1,2,1
216,23,43,1,1,0,0,0,0,1,1
97,20,17,0,0,0,0,0,0,2,1
155,0,38,1,1,0,1,1,1,2,1
114,7,19,0,0,0,0,0,0,1,1
123,13,25,1,1,2,1,0,1,2,1
82,20,15,0,0,0,0,0,1,2,1
2786,13,593,0,0,0,0,0,38,0,1
142,3,37,1,1,1,1,0,0,1,1
81,20,15,0,0,0,0,0,0,2,1
92,1,14,0,0,0,0,0,0,2,1
193,4,34,0,0,0,0,0,0,0,1
89,20,16,0,0,0,0,0,0,2,1
73,0,15,0,0,0,0,0,0,0,1
112,9,18,0,0,0,0,0,0,1,1
1617,14,358,0,0,0,0,0,20,0,1
145,7,38,1,1,2,1,0,0,2,1
133,10,25,1,1,2,1,0,1,2,1
82,0,24,0,0,0,1,0,0,1,1
90,19,16,0,0,0,0,0,1,2,1
145,17,29,1,1,0,0,0,1,2,1
119,20,21,0,0,0,0,0,2,2,1
113,3,22,0,0,0,0,0,2,0,1
79,19,15,0,0,0,0,0,0,2,1
240,38,33,0,0,0,0,0,1,0,1
115,9,18,0,0,0,0,0,0,1,1
152,34,25,0,0,2,1,0,1,0,1
461,6,91,0,0,0,0,0,8,0,1
88,19,16,0,0,0,0,0,1,2,1
286,43,43,0,0,0,0,0,3,1,1
123,14,24,0,0,0,0,0,0,1,1
495,0,180,0,0,0,0,0,0,0,1
1851,6,381,0,0,0,0,0,28,0,1
87,20,17,0,0,0,0,0,0,2,1
708,4,155,0,0,0,0,0,8,0,1
88,19,16,0,0,0,0,0,0,2,1
717,0,149,0,0,0,0,0,15,0,1
373,182,119,3,3,0,0,0,1,1,1
54,2,8,0,0,0,0,0,0,0,1
192,39,36,1,1,2,2,0,1,1,1
33,5,4,0,0,0,0,0,1,0,1
91,20,17,0,0,0,0,0,0,2,1
113,2,30,0,0,2,1,0,1,2,1
112,20,18,0,0,0,0,0,0,2,1
1927,0,415,0,0,0,1,0,27,0,1
106,20,18,0,0,0,0,0,2,2,1
225,26,49,2,2,0,1,0,1,1,1
1235,0,260,0,0,0,0,0,14,0,1
165,18,39,1,1,3,1,0,0,3,1
836,7,185,0,0,0,0,0,9,0,1
916,5,194,0,0,0,0,0,14,0,1
33,5,4,0,0,0,0,0,1,0,1
81,20,15,0,0,0,0,0,0,2,1
111,23,22,0,0,0,0,0,0,2,1
307,48,45,0,0,0,0,0,1,1,1
81,20,14,0,0,0,0,0,0,2,1
105,20,18,0,0,0,0,0,0,2,1
467,2,97,0,0,0,0,0,7,0,1
158,34,37,1,1,2,1,0,0,1,1
236,34,35,0,0,0,0,0,1,0,1
765,3,158,0,0,0,0,0,12,0,1
305,46,46,0,0,0,0,0,2,1,1
113,20,21,0,0,0,0,0,0,2,1
62,8,8,0,0,0,0,0,0,0,1
71,12,18,0,0,0,1,0,0,1,1
44,6,8,0,0,0,0,0,0,1,1
132,0,106,2,2,2,0,0,0,0,1
98,19,17,0,0,0,0,0,1,2,1
102,21,18,0,0,0,0,0,0,2,1
86,10,14,0,0,0,0,0,1,1,1
1327,12,268,0,0,0,0,0,16,0,1
90,19,16,0,0,0,0,0,2,2,1
142,15,30,1,1,1,0,0,2,2,1
168,30,37,1,1,2,1,0,0,1,1
411,191,129,3,3,0,0,0,0,2,1
101,20,17,0,0,0,0,0,0,2,1
170,19,37,0,0,1,1,0,0,3,1
150,1,37,1,1,2,1,0,2,2,1
148,15,34,1,1,2,1,0,1,2,1
86,20,14,0,0,0,0,0,1,2,1
112,6,18,0,0,0,0,0,0,1,1
104,22,18,0,0,0,0,0,0,2,1
90,19,16,0,0,0,0,0,0,2,1
122,19,25,0,0,0,0,0,0,2,1
83,5,23,0,0,2,1,0,0,1,1
3338,59,976,2,2,0,0,0,8,2,1
242,39,33,0,0,0,0,0,3,0,1
248,38,36,0,0,0,0,0,5,0,1
974,0,181,0,0,0,0,0,11,0,1
886,1,174,0,0,0,0,0,17,0,1
826,4,173,0,0,0,0,0,14,0,1
252,1,50,0,0,0,0,0,1,0,1
100,0,28,0,0,2,1,0,0,1,1
388,35,80,3,3,0,1,0,3,1,1
251,38,37,0,0,0,0,0,1,0,1
99,20,18,0,0,0,0,0,0,2,1
73,19,14,0,0,0,0,0,0,2,1
100,20,17,0,0,0,0,0,0,2,1
319,43,47,0,0,0,0,0,1,1,1
5057,13,1050,0,0,0,0,0,49,0,1
175,23,40,1,1,4,2,0,1,2,1
3623,35,727,0,0,0,0,0,52,0,1
89,20,16,0,0,0,0,0,1,2,1
566,1,116,0,0,0,0,0,12,0,1
91,10,16,0,0,0,0,0,2,1,1
738,57,126,5,5,2,1,0,2,2,1
99,3,25,0,0,0,1,0,1,1,1
91,3,24,0,0,0,1,0,2,2,1
99,20,18,0,0,0,0,0,0,2,1
88,20,16,0,0,0,0,0,0,2,1
81,8,11,0,0,0,0,0,0,1,1
58,3,8,0,0,0,0,0,0,0,1
78,20,14,0,0,0,0,0,0,2,1
109,20,20,0,0,0,0,0,1,2,1
106,12,21,1,1,0,0,0,1,1,1
38,5,6,0,0,0,0,0,2,0,1
122,21,23,0,0,0,0,0,1,2,1
116,12,22,0,0,0,0,0,0,1,1
140,11,31,0,0,0,1,0,0,3,1
89,20,16,0,0,0,0,0,0,2,1
306,46,48,0,0,0,0,0,1,1,1
667,3,139,0,0,0,0,0,13,0,1
197,18,42,1,1,4,1,0,1,3,1
142,1,36,1,1,2,1,0,1,2,1
104,20,19,0,0,0,0,0,0,2,1
153,18,38,1,1,2,1,0,0,2,1
2580,15,546,0,0,0,0,0,19,0,1
180,2,50,1,1,2,1,0,0,2,1
82,20,14,0,0,0,0,0,0,2,1
117,6,28,2,2,3,0,0,0,1,1
73,19,13,0,0,0,0,0,0,2,1
159,29,33,1,1,1,0,0,0,4,1
85,20,14,0,0,0,0,0,0,2,1
109,14,23,1,1,1,1,0,1,1,1
125,18,33,1,1,2,1,0,1,2,1
85,20,17,0,0,0,0,0,0,2,1
237,2,59,1,1,2,1,0,0,4,1
89,20,16,0,0,0,0,0,0,2,1
99,20,16,0,0,0,0,0,0,2,1
103,19,18,0,0,0,0,0,1,2,1
72,8,18,0,0,2,1,0,1,2,1
25310,200,7095,6,4,0,2,0,241,0,1
95,7,24,0,0,2,1,0,0,3,1
83,20,14,0,0,0,0,0,0,2,1
314,47,50,0,0,0,0,0,1,1,1
94,19,15,0,0,0,0,0,0,2,1
111,2,23,0,0,0,0,0,1,0,1
115,21,22,0,0,0,0,0,1,2,1
117,1,29,0,0,2,1,0,1,2,1
38,5,6,0,0,0,0,0,2,0,1
124,12,28,0,0,2,1,0,0,2,1
306,46,45,0,0,0,0,0,2,1,1
81,21,15,0,0,0,0,0,0,2,1
121,13,22,0,0,0,0,0,0,1,1
304,44,45,0,0,0,0,0,2,1,1
101,20,17,0,0,0,0,0,0,2,1
105,20,18,0,0,0,0,0,0,2,1
453,7,94,0,0,0,0,0,7,0,1
415,182,128,3,3,0,0,0,1,2,1
679,7,135,0,0,0,0,0,13,0,1
134,3,34,0,0,2,1,0,2,2,1
3579,11,1071,4,5,0,0,0,77,0,1
134,13,23,1,1,2,1,0,1,1,1
91,10,16,0,0,0,0,0,2,1,1
115,10,26,1,1,0,0,0,0,2,1
166,1,39,1,1,2,0,0,0,1,1
178,6,51,1,1,2,1,0,0,2,1
254,16,53,2,2,3,1,0,4,2,1
98,14,28,0,0,2,1,0,2,1,1
130,9,30,1,1,3,0,0,1,3,1
4930,36,1039,0,0,0,0,0,63,0,1
138,22,23,0,0,0,0,0,0,2,1
339,0,83,0,0,0,0,0,4,0,1
1442,9,287,0,0,0,0,0,20,0,1
125,15,25,1,1,2,1,0,0,2,1
226,52,43,2,2,4,2,0,0,2,1
541,3,113,0,0,0,0,0,6,0,1
178,15,29,1,1,2,1,0,2,2,1
80,20,14,0,0,0,0,0,0,2,1
123,19,21,0,0,0,0,0,1,2,1
721,16,143,0,0,0,0,0,8,0,1
90,20,16,0,0,0,0,0,1,2,1
506,43,120,3,3,2,1,0,2,1,1
221,37,32,0,0,0,0,0,3,0,1
104,0,29,0,0,2,1,0,1,1,1
48,0,12,2,0,1,0,0,1,1,1
1458,11,299,0,0,0,0,0,21,0,1
89,19,16,0,0,0,0,0,1,2,1
91,5,21,0,0,1,0,0,0,3,1
1424,14,290,0,0,0,0,0,22,0,1
118,1,29,0,0,2,1,0,1,2,1
95,8,22,0,0,0,0,0,1,0,1
148,1,38,1,1,2,1,0,1,2,1
78,19,15,0,0,0,0,0,0,2,1
139,5,30,1,1,1,1,0,0,2,1
499,4,113,0,0,0,0,0,4,0,1
56,3,8,0,0,0,0,0,0,0,1
136,6,31,1,1,2,1,0,0,2,1
258,39,38,0,0,0,0,0,2,0,1
144,4,31,1,1,2,1,0,0,2,1
122,8,34,1,1,2,1,0,0,1,1
1129,3,237,0,0,0,0,0,17,0,1
100,7,26,0,0,2,1,0,0,1,1
114,6,30,1,1,2,1,0,0,2,1
137,19,30,1,1,0,0,0,1,2,1
252,26,51,2,2,3,1,0,0,2,1
224,8,43,2,2,2,0,0,3,3,1
112,6,18,0,0,0,0,0,0,1,1
407,5,85,0,0,0,0,0,9,0,1
1309,14,280,0,0,0,0,0,22,0,1
113,22,20,0,0,0,0,0,1,2,1
4110,4,892,0,0,0,0,0,70,0,1
75,20,14,0,0,0,0,0,0,2,1
127,0,31,1,1,3,1,0,1,2,1
112,20,19,0,0,0,0,0,1,2,1
108,1,26,0,0,2,1,0,0,2,1
107,20,19,0,0,0,0,0,1,2,1
556,4,117,0,0,0,0,0,6,0,1
110,20,23,0,0,0,0,0,1,2,1
164,6,32,2,2,4,0,0,1,1,1
1000,11,290,0,0,0,0,0,15,1,1
80,20,15,0,0,0,0,0,0,2,1
101,20,19,0,0,0,0,0,1,2,1
632,143,122,5,5,8,5,0,0,2,1
251,36,33,0,0,0,0,0,2,0,1
80,20,14,0,0,0,0,0,0,2,1
114,6,18,0,0,0,0,0,1,1,1
100,20,17,0,0,0,0,0,2,2,1
165,15,34,1,1,3,1,0,1,2,1
1711,16,375,0,0,0,0,0,18,0,1
95,22,20,0,0,0,0,0,0,2,1
82,20,15,0,0,0,0,0,0,2,1
64,7,13,0,0,0,0,0,1,0,1
42,7,10,0,0,0,0,0,0,0,1
141,20,27,1,1,1,2,0,0,2,1
116,0,30,0,0,2,1,0,0,1,1
91,10,16,0,0,0,0,0,2,1,1
99,20,18,0,0,0,0,0,1,2,1
108,0,29,0,0,2,1,0,1,2,1
1466,17,330,0,0,0,0,0,18,0,1
250,36,50,2,2,2,1,0,2,2,1
103,0,27,0,0,2,1,0,0,2,1
115,7,20,0,0,0,0,0,1,1,1
109,14,24,0,0,2,1,0,0,1,1
826,10,172,0,0,0,0,0,8,0,1
33,5,4,0,0,0,0,0,1,0,1
116,12,22,0,0,0,0,0,0,1,1
86,10,14,0,0,0,0,0,1,1,1
91,1,27,0,0,2,1,0,0,1,1
97,0,29,0,0,2,1,0,1,2,1
123,19,20,0,0,0,0,0,1,2,1
345,2,71,0,0,0,0,0,8,0,1
434,0,94,0,0,0,0,0,6,0,1
115,15,24,1,1,2,1,0,0,1,1
90,0,29,0,0,0,0,0,1,0,1
246,26,58,2,2,0,0,0,1,2,1
116,10,28,1,1,0,0,0,0,2,1
515,0,108,0,0,0,0,0,5,0,1
38,5,6,0,0,0,0,0,2,0,1
127,0,34,0,0,2,1,0,0,2,1
94,20,16,0,0,0,0,0,0,2,1
1595,5,332,0,0,0,0,0,16,0,1
168,17,41,1,1,2,0,0,0,3,1
96,20,18,0,0,0,0,0,0,2,1
402,5,85,0,0,0,0,0,4,0,1
233,12,54,1,1,2,1,0,1,1,1
42,0,7,0,0,0,0,0,1,0,1
221,11,65,2,2,2,0,0,5,0,1
1230,183,217,2,4,2,1,0,2,2,1
120,2,33,0,0,3,1,0,0,2,1
238,1,47,0,0,0,0,0,2,0,1
81,8,23,0,0,2,1,0,0,2,1
112,4,25,0,0,2,1,0,0,1,1
72,0,17,0,0,0,0,0,1,0,1
121,13,22,0,0,0,0,0,0,1,1
108,4,26,0,0,2,1,0,1,2,1
137,6,36,1,1,2,1,0,0,2,1
95,5,29,0,0,2,1,0,0,1,1
171,30,38,1,1,2,1,0,0,2,1
117,21,25,1,1,2,1,0,0,2,1
2399,4,517,0,0,0,0,0,24,0,1
118,20,20,0,0,0,0,0,2,2,1
103,20,17,0,0,0,0,0,0,2,1
309,44,43,0,0,0,0,0,2,1,1
133,0,30,1,1,2,1,0,1,1,1
116,20,19,0,0,0,0,0,0,2,1
121,22,21,0,0,0,0,0,0,2,1
91,19,18,0,0,0,0,0,0,2,1
157,20,37,1,1,2,1,0,0,2,1
693,4,136,0,0,0,0,0,11,0,1
106,10,28,1,1,2,0,0,0,2,1
513,2,101,0,0,0,0,0,10,0,1
1007,13,218,0,0,0,0,0,13,0,1
100,17,20,0,0,0,1,0,0,1,1
480,3,103,0,0,0,0,0,5,0,1
463,120,143,4,4,2,5,0,0,2,1
89,19,16,0,0,0,0,0,0,2,1
105,2,28,0,0,2,1,0,1,2,1
267,0,57,0,0,0,0,0,3,0,1
140,23,33,1,1,2,0,0,0,2,1
266,41,36,0,0,0,0,0,2,0,1
88,21,17,0,0,0,0,0,1,2,1
26,0,6,0,0,0,0,0,0,0,1
589,0,191,0,8,0,0,0,0,0,1
235,2,46,0,0,0,0,0,3,0,1
86,10,14,0,0,0,0,0,1,1,1
22238,112,6979,163,162,9,0,0,128,3,1
137,1,35,1,1,1,1,0,0,2,1
84,20,15,0,0,0,0,0,0,2,1
149,19,30,1,1,0,0,0,1,2,1
61,6,14,0,0,0,0,0,0,0,1
120,12,22,0,0,0,0,0,0,1,1
58,1,8,0,0,0,0,0,0,0,1
93,0,22,2,3,2,1,0,0,0,1
98,24,18,0,0,0,0,0,0,2,1
237,42,36,0,0,0,0,0,3,0,1
85,20,14,0,0,0,0,0,1,2,1
87,20,15,0,0,0,0,0,2,2,1
90,7,21,0,0,2,1,0,1,1,1
42,2,15,1,1,1,1,0,0,0,1
292,25,60,2,2,3,2,0,0,2,1
125,20,21,0,0,0,0,0,0,2,1
116,10,28,1,1,0,0,0,0,2,1
41,1,23,4,4,2,1,0,0,0,1
559,0,119,0,0,0,0,0,10,0,1
145,3,32,2,4,2,1,0,0,1,1
200,17,42,0,0,3,1,0,1,1,1
92,7,18,0,0,2,1,0,3,1,1
95,20,18,0,0,0,0,0,0,2,1
1952,18,415,0,0,0,0,0,22,0,1
387,0,74,0,0,0,0,0,3,0,1
87,20,15,0,0,0,0,0,0,2,1
84,19,15,0,0,0,0,0,1,2,1
75,19,14,0,0,0,0,0,0,2,1
53,7,11,0,0,0,0,0,1,0,1
274,55,54,2,2,0,0,0,1,2,1
1113,5,228,0,0,0,0,0,19,0,1
98,2,22,0,0,0,0,0,0,2,1
130,13,28,1,1,2,1,0,0,2,1
54,4,8,0,0,0,0,0,0,0,1
95,20,17,0,0,0,0,0,0,2,1
251,38,34,0,0,0,0,0,2,0,1
507,5,104,0,0,0,0,0,10,0,1
867,3,281,0,0,0,0,0,3,2,1
1030,8,331,1,0,0,0,0,8,0,1
87,0,22,0,0,2,1,0,0,2,1
255,36,34,0,0,0,0,0,1,0,1
106,19,18,0,0,0,0,0,2,2,1
1352,65,319,0,0,0,0,0,34,0,1
83,3,17,0,0,0,0,0,0,3,1
171,18,39,1,1,3,1,0,0,3,1
154,4,39,1,1,2,1,0,1,1,1
122,20,21,0,0,0,0,0,2,2,1
159,11,36,1,1,3,0,0,0,3,1
116,9,18,0,0,0,0,0,0,1,1
123,14,24,0,0,0,0,0,0,1,1
96,0,21,0,0,2,1,0,1,1,1
103,3,30,0,0,3,1,0,0,1,1
307,43,45,0,0,0,0,0,2,1,1
1440,10,335,0,0,0,0,0,16,0,1
92,21,19,0,0,0,0,0,0,2,1
2438,9,494,0,0,0,0,0,27,0,1
468,0,95,0,0,0,0,0,8,0,1
260,42,37,0,0,0,0,0,2,0,1
84,20,15,0,0,0,0,0,0,2,1
264,26,60,2,2,0,0,0,0,2,1
91,20,16,0,0,0,0,0,0,2,1
325,41,48,0,0,0,0,0,1,1,1
1330,10,442,4,3,3,1,0,26,0,1
103,21,21,0,0,0,0,0,2,2,1
263,38,36,0,0,0,0,0,2,0,1
305,42,42,0,0,0,0,0,5,1,1
126,7,22,1,1,0,0,0,0,2,1
109,20,18,0,0,0,0,0,0,2,1
668,5,129,0,0,0,1,0,10,0,1
316,52,43,0,0,0,0,0,1,1,1
101,19,18,0,0,0,0,0,0,2,1
137,3,31,1,1,2,1,0,2,2,1
821,13,189,0,0,0,0,0,11,0,1
113,0,29,0,0,2,1,0,1,2,1
131,5,32,1,1,2,1,0,0,2,1
196,0,50,1,1,4,2,0,1,2,1
115,6,18,0,0,0,0,0,0,1,1
582,0,120,0,0,0,0,0,6,0,1
38,5,6,0,0,0,0,0,2,0,1
86,20,15,0,0,0,0,0,0,2,1
66,1,12,0,0,0,0,0,2,0,1
94,19,19,0,0,0,0,0,0,2,1
220,33,51,2,2,3,1,0,1,2,1
155,13,36,1,1,1,1,0,0,1,1
106,2,33,0,0,2,1,0,0,2,1
314,44,48,0,0,0,0,0,3,1,1
2251,24,447,0,0,0,0,0,32,0,1
1796,9,378,0,0,0,0,0,30,0,1
109,0,29,0,0,2,1,0,0,2,1
97,9,26,0,0,2,0,0,0,2,1
54,7,13,0,0,0,0,0,1,0,1
85,19,16,0,0,0,0,0,1,2,1
1069,1,214,0,0,0,0,0,18,0,1
226,37,31,0,0,0,0,0,4,0,1
2082,4,436,0,0,1,0,0,33,0,1
57,6,8,0,0,0,0,0,0,0,1
113,15,29,1,1,0,1,1,1,2,1
288,42,43,0,0,0,0,0,1,1,1
172,2,42,1,1,2,0,0,0,2,1
1322,26,294,0,0,0,0,0,17,0,1
121,20,19,0,0,0,0,0,0,2,1
278,34,65,2,2,2,1,0,1,1,1
55,3,8,0,0,0,0,0,0,0,1
201,31,44,1,1,2,1,0,1,2,1
122,19,27,2,2,3,0,0,0,0,1
109,0,26,0,0,2,1,0,0,2,1
119,6,30,0,0,2,1,0,0,1,1
108,20,18,0,0,0,0,0,0,2,1
225,34,30,0,0,0,0,0,2,0,1
153,2,40,1,1,2,1,0,0,2,1
124,10,30,1,1,2,1,0,1,2,1
100,4,28,0,0,2,1,0,1,2,1
92,19,19,0,0,0,0,0,0,2,1
202,2,40,0,0,0,0,0,1,0,1
80,20,15,0,0,0,0,0,0,2,1
249,40,33,0,0,0,0,0,3,0,1
88,19,16,0,0,0,0,0,1,2,1
253,39,37,0,0,0,0,0,2,0,1
86,10,14,0,0,0,0,0,1,1,1
89,20,17,0,0,0,0,0,1,2,1
90,19,16,0,0,0,0,0,0,2,1
58,4,9,0,0,0,0,0,0,0,1
84,20,15,0,0,0,0,0,1,2,1
50,0,13,1,1,1,1,0,0,0,1
117,0,29,0,0,2,1,0,0,1,1
62,7,14,0,0,0,0,0,1,0,1
129,1,31,0,0,2,1,0,1,2,1
176,0,30,0,0,0,0,0,3,0,1
3055,38,679,0,0,0,0,0,50,1,1
105,20,21,0,0,0,0,0,1,2,1
38,5,6,0,0,0,0,0,2,0,1
114,20,24,0,0,0,0,0,0,2,1
95,5,29,0,0,2,1,0,0,1,1
93,0,19,0,0,0,0,0,2,0,1
121,0,29,0,0,2,1,0,1,2,1
83,20,15,0,0,0,0,0,0,2,1
82,20,15,0,0,0,0,0,0,2,1
99,20,17,0,0,0,0,0,0,2,1
79,2,13,0,0,0,0,0,1,2,1
307,47,64,2,2,2,1,0,0,1,1
100,19,17,0,0,0,0,0,0,2,1
1058,5,340,1,1,0,0,0,8,0,1
339,47,50,0,0,0,0,0,2,1,1
193,0,39,0,0,0,0,0,6,0,1
112,11,30,1,1,1,0,0,0,3,1
175,16,37,1,1,3,0,0,0,3,1
159,18,35,1,1,2,1,0,0,2,1
1594,21,619,3,0,10,0,0,12,4,1
2142,13,460,0,0,0,0,0,34,0,1
139,16,35,1,1,2,1,0,0,2,1
83,20,16,0,0,0,0,0,0,2,1
86,20,14,0,0,0,0,0,0,2,1
147,30,35,1,1,2,1,0,0,2,1
117,13,22,0,0,0,0,0,0,1,1
247,26,58,2,2,0,0,0,0,2,1
117,13,22,0,0,0,0,0,0,1,1
88,20,14,0,0,0,0,0,0,2,1
16,0,5,0,0,0,0,0,0,0,1
113,0,28,0,0,2,1,0,0,2,1
121,4,32,0,0,2,1,0,0,2,1
78,24,15,0,0,0,0,0,0,2,1
86,10,14,0,0,0,0,0,1,1,1
102,0,19,0,0,0,0,0,3,0,1
110,20,22,0,0,0,0,0,2,2,1
168,2,48,1,1,2,1,0,0,2,1
463,0,89,0,0,0,0,0,8,0,1
1632,0,340,0,0,0,0,0,22,0,1
1544,7,338,0,0,0,0,0,13,0,1
102,20,19,0,0,0,0,0,0,2,1
86,19,16,0,0,0,0,0,0,2,1
369,91,87,3,3,3,4,0,0,1,1
103,19,20,0,0,0,0,0,0,2,1
305,45,46,0,0,0,0,0,1,1,1
97,13,28,0,0,2,1,0,0,1,1
266,46,39,0,0,0,0,0,1,0,1
62,1,13,0,0,1,1,0,1,1,1
88,20,16,0,0,0,0,0,0,2,1
594,1,119,0,0,0,0,0,11,0,1
87,0,15,0,0,0,0,0,1,0,1
129,15,27,1,1,0,0,0,0,2,1
38,5,6,0,0,0,0,0,2,0,1
323,0,117,0,0,0,0,0,3,0,1
92,20,16,0,0,0,0,0,0,2,1
33,5,4,0,0,0,0,0,1,0,1
136,5,39,1,1,1,1,0,1,2,1
137,6,34,0,0,2,1,0,0,2,1
6505,24,1353,0,0,1,0,0,114,0,1
100,21,20,0,0,0,0,0,0,2,1
171,2,48,1,1,2,1,0,1,2,1
108,1,28,0,0,2,1,0,1,2,1
1410,5,286,0,0,0,0,0,22,0,1
1365,0,278,0,0,0,0,0,27,0,1
94,20,17,0,0,0,0,0,0,2,1
285,0,63,0,0,0,0,0,3,0,1
9417,91,3140,7,7,0,0,0,103,0,1
99,15,21,0,0,2,1,0,1,1,1
765,3,142,0,0,0,0,0,12,0,1
86,0,24,0,0,2,1,0,0,2,1
120,20,20,0,0,0,0,0,1,2,1
86,3,20,0,0,2,1,0,0,2,1
578,1,118,0,0,0,0,0,9,0,1
704,1,135,0,0,0,0,0,4,0,1
120,20,19,0,0,0,0,0,0,2,1
105,12,26,1,1,2,1,0,1,2,1
60,1,27,2,4,1,1,1,1,0,1
189,7,57,1,1,2,1,0,0,2,1
122,5,32,0,0,2,1,0,0,1,1
91,10,16,0,0,0,0,0,2,1,1
98,20,17,0,0,0,0,0,1,2,1
97,20,18,0,0,0,0,0,0,2,1
52,3,8,0,0,0,0,0,0,0,1
22723,70,7987,6,2,0,0,0,139,7,1
30,0,5,0,0,0,0,0,0,0,1
106,20,19,0,0,0,0,0,0,2,1
116,0,32,0,0,3,1,0,0,2,1
96,14,21,0,0,2,1,0,0,1,1
95,1,30,1,1,0,1,1,1,0,1
304,46,44,0,0,0,0,0,1,1,1
1399,11,313,0,0,0,0,0,12,0,1
50,7,23,0,0,0,0,0,1,0,1
154,2,40,1,1,1,1,0,1,2,1
84,20,15,0,0,0,0,0,1,2,1
293,45,46,0,0,0,0,0,1,1,1
235,41,33,0,0,0,0,0,2,0,1
399,1,82,0,0,0,0,0,5,0,1
160,9,44,1,1,2,1,0,1,2,1
179,18,40,1,1,3,1,0,1,3,1
100,3,30,0,0,2,1,0,0,2,1
532,0,111,0,0,0,0,0,10,0,1
398,64,60,0,0,2,0,0,3,1,1
86,20,14,0,0,0,0,0,0,2,1
1624,14,379,0,0,0,0,0,21,0,1
243,37,50,2,2,2,1,0,0,2,1
109,0,30,0,0,2,1,0,0,2,1
118,20,22,0,0,0,0,0,0,2,1
216,15,52,1,1,2,1,0,0,2,1
99,19,17,0,0,0,0,0,0,2,1
118,21,24,0,0,0,0,0,2,2,1
96,20,16,0,0,0,0,0,1,2,1
266,2,51,0,0,0,0,0,2,0,1
221,35,39,2,2,0,0,0,3,2,1
99,20,17,0,0,0,0,0,2,2,1
103,1,29,0,0,2,1,0,0,2,1
147,0,41,1,1,3,2,0,0,1,1
85,0,21,0,0,2,1,0,0,2,1
185,2,49,1,1,2,1,0,2,2,1
1495,16,313,0,0,0,0,0,19,0,1
88,7,19,0,0,0,0,0,0,2,1
101,20,19,0,0,0,0,0,0,2,1
257,36,39,0,0,0,0,0,2,0,1
280,41,42,0,0,0,0,0,3,1,1
205,35,41,1,1,3,1,0,1,2,1
1032,82,300,12,12,0,0,0,2,0,1
250,14,60,2,2,0,0,0,0,3,1
118,20,21,0,0,0,0,0,0,2,1
61,7,13,0,0,0,0,0,0,0,1
110,20,19,0,0,0,0,0,0,2,1
289,41,42,0,0,0,0,0,2,1,1
217,40,46,2,2,2,1,0,0,2,1
98,0,29,0,0,2,1,0,0,2,1
82,0,22,2,2,0,0,0,0,1,1
121,24,22,0,0,0,0,0,0,2,1
90,11,21,0,0,0,0,0,1,1,1
75,7,17,0,0,0,0,0,0,0,1
258,37,37,0,0,0,0,0,1,0,1
1284,1,266,0,0,0,0,0,24,0,1
183,4,49,1,1,2,1,0,0,2,1
90,19,16,0,0,0,0,0,1,2,1
319,0,67,0,0,0,0,0,4,0,1
188,2,45,1,1,1,1,0,1,3,1
311,39,60,2,2,1,1,0,0,4,1
7382,13,1589,0,0,0,0,0,97,0,1
1113,8,233,0,0,0,0,0,14,0,1
26,0,3,0,0,0,0,0,0,0,1
137,0,36,1,1,1,1,0,3,1,1
150,11,36,1,1,2,1,0,0,2,1
1051,3,220,0,0,0,0,0,12,0,1
306,0,62,0,0,0,0,0,1,0,1
148,11,39,1,1,2,0,0,0,2,1
94,9,20,0,0,2,1,0,1,2,1
1240,1,400,0,0,1,0,0,10,0,1
81,1,25,2,2,2,1,0,0,1,1
33,5,4,0,0,0,0,0,1,0,1
1404,1,275,0,0,0,0,0,20,0,1
1597,6,345,0,0,0,0,0,21,0,1
244,36,59,2,2,3,2,0,1,1,1
114,10,24,1,1,0,0,0,1,2,1
38,5,6,0,0,0,0,0,2,0,1
58,1,15,1,1,2,1,0,0,0,1
124,15,24,0,0,0,0,0,0,1,1
98,20,18,0,0,0,0,0,0,2,1
133,3,37,0,0,3,1,0,0,1,1
248,38,33,0,0,0,0,0,2,0,1
179,4,49,1,1,2,1,0,1,2,1
258,47,39,0,0,0,0,0,1,0,1
91,20,16,0,0,0,0,0,0,2,1
264,14,60,2,2,0,0,0,1,3,1
97,4,29,0,0,2,1,0,0,2,1
92,20,16,0,0,0,0,0,0,2,1
217,17,43,2,2,3,1,0,2,1,1
170,0,54,0,0,0,0,0,2,0,1
56,5,8,0,0,0,0,0,0,0,1
97,20,17,0,0,0,0,0,0,2,1
287,44,43,0,0,0,0,0,2,1,1
65,3,14,1,1,1,0,0,0,0,1
307,45,81,2,2,3,5,0,0,1,1
174,2,47,1,1,2,1,0,2,2,1
952,0,274,0,0,0,0,0,17,0,1
111,8,24,1,1,1,1,0,1,1,1
1080,100,310,10,10,6,0,0,3,1,1
118,3,28,0,0,2,1,0,0,2,1
94,11,20,0,0,2,1,0,0,2,1
136,0,33,1,1,1,1,0,1,2,1
298,50,45,0,0,0,0,0,1,1,1
241,39,33,0,0,0,0,0,4,0,1
126,15,33,1,1,2,1,0,0,1,1
38,5,6,0,0,0,0,0,2,0,1
33,5,4,0,0,0,0,0,1,0,1
281,39,40,0,0,0,0,0,4,1,1
229,34,33,0,0,0,0,0,1,0,1
332,48,54,0,0,0,0,0,1,1,1
38,5,6,0,0,0,0,0,2,0,1
233,40,32,0,0,0,0,0,4,0,1
1331,0,295,0,0,0,0,0,10,0,1
91,20,16,0,0,0,0,0,0,2,1
74,20,14,0,0,0,0,0,0,2,1
147,6,38,1,1,2,1,0,0,2,1
173,31,44,1,1,0,1,0,2,1,1
86,10,14,0,0,0,0,0,1,1,1
290,0,109,2,2,3,0,0,1,0,1
111,15,24,1,1,1,1,0,0,1,1
283,43,43,0,0,0,0,0,1,1,1
434,0,89,0,0,0,0,0,5,0,1
33,5,4,0,0,0,0,0,1,0,1
90,0,21,2,2,2,1,0,0,1,1
1100,5,244,0,0,0,0,0,12,0,1
122,14,31,1,1,2,1,0,0,2,1
313,48,48,0,0,0,0,0,1,1,1
1026,8,208,0,0,0,0,0,11,0,1
104,20,21,0,0,0,0,0,1,2,1
171,2,47,1,1,2,1,0,2,2,1
24173,272,7361,48,48,0,0,0,37,0,1
80,19,16,0,0,0,0,0,0,2,1
130,8,27,1,1,2,1,0,2,1,1
55,7,8,0,0,0,0,0,0,0,1
100,20,19,0,0,0,0,0,0,2,1
453,0,90,0,0,0,0,0,5,0,1
124,15,24,0,0,0,0,0,0,1,1
133,0,35,1,1,2,0,0,0,3,1
2739,14,591,0,0,0,0,0,47,0,1
1253,32,381,7,7,3,1,0,0,2,1
59,1,8,0,0,0,0,0,0,0,1
279,27,62,2,2,2,1,0,1,2,1
152,15,28,0,0,3,1,0,0,1,1
92,20,16,0,0,0,0,0,1,2,1
111,10,18,0,0,0,0,0,0,1,1
60,6,8,0,0,0,0,0,0,0,1
124,14,26,1,1,2,1,0,1,1,1
250,41,34,0,0,0,0,0,5,0,1
148,20,26,0,0,0,0,0,1,2,1
122,0,31,0,0,2,1,0,0,2,1
164,21,42,1,1,2,1,0,0,1,1
38,5,6,0,0,0,0,0,2,0,1
206,8,41,1,1,2,1,0,1,2,1
34,1,12,1,1,1,1,0,0,0,1
869,8,179,0,0,0,0,0,11,0,1
187,34,42,1,1,2,1,0,0,1,1
968,5,204,0,0,0,0,0,14,0,1
715,3,154,0,0,0,0,0,5,0,1
89,24,16,0,0,0,0,0,0,2,1
1097,4,231,0,0,0,0,0,17,0,1
183,6,49,1,1,3,1,0,0,2,1
120,22,22,0,0,0,0,0,2,2,1
719,7,140,0,0,0,0,0,4,0,1
90,20,16,0,0,0,0,0,0,2,1
594,2,117,0,0,0,0,0,10,0,1
1662,7,345,0,0,0,0,0,33,0,1
259,41,39,0,0,0,0,0,3,0,1
53,2,8,0,0,0,0,0,1,0,1
128,2,31,1,1,1,1,0,0,2,1
75,20,14,0,0,0,0,0,0,2,1
179,12,36,1,1,0,0,0,0,2,1
43,1,11,1,1,2,1,0,0,0,1
150,1,35,1,1,3,1,0,0,2,1
33,5,4,0,0,0,0,0,1,0,1
140,24,26,0,0,0,0,0,1,2,1
95,19,19,0,0,0,0,0,0,2,1
134,14,33,1,1,2,1,0,1,2,1
91,8,22,0,0,2,1,0,0,2,1
88,20,15,0,0,0,0,0,0,2,1
107,20,17,0,0,0,0,0,0,2,1
63,7,9,0,0,0,0,0,0,0,1
116,12,22,0,0,0,0,0,0,1,1
118,14,18,0,0,0,0,0,0,1,1
367,8,82,0,0,0,0,0,8,0,1
80,20,15,0,0,0,0,0,0,2,1
151,11,33,1,1,3,0,0,0,2,1
156,3,34,0,0,0,0,0,2,0,1
92,20,17,0,0,0,0,0,0,2,1
190,0,33,0,0,0,0,0,2,0,1
239,39,35,0,0,0,0,0,1,0,1
88,0,21,0,0,2,1,0,0,1,1
122,18,31,1,1,2,1,0,0,1,1
212,56,39,1,1,0,1,1,1,2,1
33,5,4,0,0,0,0,0,1,0,1
174,15,36,1,1,0,0,0,3,2,1
1036,3,222,0,0,0,0,0,12,0,1
175,0,40,0,0,0,0,0,3,0,1
763,5,162,0,0,0,0,0,16,0,1
116,6,27,1,1,1,1,0,0,1,1
85,20,15,0,0,0,0,0,1,2,1
140,17,31,1,1,2,1,0,0,2,1
67,2,26,4,4,3,1,0,0,0,1
91,20,18,0,0,0,0,0,0,2,1
65,8,39,0,0,0,0,0,0,0,1
744,0,154,0,0,0,0,0,15,0,1
25,0,3,0,0,0,0,0,0,0,1
75,3,14,0,0,1,1,0,0,1,1
54,0,24,5,5,2,1,0,0,0,1
207,0,53,1,1,4,1,0,0,2,1
274,4,51,0,0,0,0,0,3,0,1
183,20,44,1,1,3,1,0,0,3,1
115,11,22,0,0,0,0,0,0,1,1
105,20,17,0,0,0,0,0,0,2,1
256,37,37,0,0,0,0,0,1,0,1
299,42,46,0,0,0,0,0,1,1,1
308,6,73,0,0,0,0,0,5,0,1
108,20,18,0,0,0,0,0,0,2,1
93,20,16,0,0,0,0,0,0,2,1
86,20,16,0,0,0,0,0,0,2,1
279,104,84,2,2,0,0,0,1,1,1
241,26,47,2,2,2,1,0,2,1,1
298,47,47,0,0,0,0,0,1,1,1
628,3,132,0,0,0,0,0,15,0,1
87,20,16,0,0,0,0,0,0,2,1
93,20,17,0,0,0,0,0,0,2,1
97,9,20,0,0,2,1,0,1,1,1
451,0,99,0,0,0,0,0,8,0,1
110,8,24,1,1,1,1,0,2,1,1
59,6,9,0,0,0,0,0,0,0,1
663,5,143,0,0,0,0,0,12,0,1
214,43,48,1,1,1,0,0,1,2,1
2808,2,601,0,0,0,0,0,29,0,1
310,0,69,0,0,0,0,0,8,0,1
272,32,69,2,2,1,1,0,2,1,1
86,20,15,0,0,0,0,0,0,2,1
88,20,16,0,0,0,0,0,0,2,1
1694,9,374,0,0,0,0,0,19,0,1
252,42,36,0,0,0,0,0,4,0,1
92,20,15,0,0,0,0,0,0,2,1
3779,11,811,0,0,0,0,0,60,0,1
1964,5,440,0,0,0,0,0,26,0,1
241,8,79,0,0,4,0,0,4,0,1
86,10,14,0,0,0,0,0,1,1,1
112,0,20,1,1,0,0,0,2,2,1
117,10,30,0,0,2,1,0,0,1,1
288,40,41,0,0,0,0,0,2,1,1
154,31,35,1,1,3,1,0,0,1,1
98,0,19,2,2,2,1,0,0,2,1
38,0,4,0,0,0,0,0,0,0,1
118,24,23,0,0,0,0,0,2,2,1
194,2,50,1,1,2,1,0,0,2,1
110,22,20,0,0,0,0,0,0,2,1
303,44,46,0,0,0,0,0,1,1,1
76,19,14,0,0,0,0,0,0,2,1
121,1,31,0,0,2,1,0,0,2,1
183,23,36,1,1,2,1,0,0,2,1
4987,707,1711,0,0,0,0,0,8,0,1
11858,41,3557,10,4,0,0,0,227,1,1
133,3,30,1,1,0,0,0,0,4,1
85,19,16,0,0,0,0,0,1,2,1
118,20,22,0,0,0,0,0,0,2,1
182,2,49,1,1,2,1,0,0,2,1
130,19,27,1,1,0,1,0,0,1,1
742,2,147,0,0,0,0,0,14,0,1
662,0,140,0,0,0,0,0,6,0,1
1792,13,364,0,0,0,0,0,20,0,1
33,5,4,0,0,0,0,0,1,0,1
310,41,46,0,0,0,0,0,3,1,1
143,15,30,1,1,1,1,0,1,2,1
1286,0,270,0,0,0,0,0,19,0,1
151,0,39,1,1,2,1,0,2,2,1
137,3,35,0,0,2,1,0,2,2,1
109,14,23,1,1,1,1,0,1,1,1
858,8,167,0,0,0,0,0,10,0,1
105,20,19,0,0,0,0,0,0,2,1
83,19,15,0,0,0,0,0,0,2,1
121,13,22,0,0,0,0,0,0,1,1
95,20,16,0,0,0,0,0,0,2,1
95,1,18,0,0,0,0,0,2,2,1
163,34,36,1,1,2,1,0,0,1,1
140,15,30,1,1,1,1,0,0,2,1
1578,14,325,0,0,0,0,0,19,0,1
261,112,79,2,2,0,0,0,0,2,1
103,20,18,0,0,0,0,0,1,2,1
2041,15,642,1,0,0,0,0,7,3,1
314,15,73,2,2,2,1,0,4,3,1
229,0,48,0,0,0,0,0,2,0,1
185,34,40,1,1,2,1,0,2,1,1
37,0,13,1,1,1,1,0,0,0,1
97,20,18,0,0,0,0,0,1,2,1
265,19,62,2,2,2,1,0,2,2,1
89,20,16,0,0,0,0,0,0,2,1
91,10,16,0,0,0,0,0,2,1,1
56,3,9,0,0,0,0,0,0,0,1
5821,25,1356,2,4,0,0,0,45,2,1
78,20,14,0,0,0,0,0,0,2,1
98,20,17,0,0,0,0,0,0,2,1
1137,10,237,0,0,0,0,0,19,0,1
86,10,14,0,0,0,0,0,1,1,1
681,6,201,0,0,0,0,0,4,0,1
105,0,29,0,0,2,1,0,0,2,1
127,0,31,0,0,2,1,0,2,2,1
94,20,16,0,0,0,0,0,0,2,1
137,1,37,0,0,0,0,0,1,0,1
115,21,21,0,0,0,0,0,1,2,1
96,20,18,0,0,0,0,0,0,2,1
262,39,38,0,0,0,0,0,3,0,1
71,3,18,2,2,1,1,0,0,0,1
94,20,17,0,0,0,0,0,0,2,1
90,20,15,0,0,0,0,0,0,2,1
298,41,42,0,0,0,0,0,3,1,1
298,47,45,0,0,0,0,0,1,1,1
87,7,22,0,0,2,1,0,1,2,1
110,7,24,1,1,1,1,0,1,2,1
86,20,15,0,0,0,0,0,0,2,1
151,24,34,1,1,2,1,0,0,2,1
149,12,37,1,1,2,0,0,1,3,1
38,0,12,3,4,2,1,0,1,0,1
54,1,8,0,0,0,0,0,0,0,1
106,22,19,0,0,0,0,0,0,2,1
105,19,20,0,0,0,0,0,0,2,1
282,0,55,0,0,0,0,0,4,0,1
101,20,18,0,0,0,0,0,0,2,1
37,3,6,1,1,0,0,0,0,0,1
60,7,13,0,0,0,0,0,1,0,1
333,5,109,5,5,2,0,0,4,2,1
551,2,112,0,0,0,0,0,10,0,1
49,4,8,0,0,0,0,0,0,0,1
258,17,66,2,2,2,1,0,2,1,1
1398,61,386,3,4,2,0,0,5,0,1
188,4,51,1,1,2,1,0,0,1,1
308,0,63,0,0,0,0,0,3,0,1
77,20,13,0,0,0,0,0,0,2,1
118,21,20,0,0,0,0,0,2,2,1
314,2,66,0,0,0,0,0,4,0,1
67,0,12,0,0,0,0,0,0,1,1
245,45,33,0,0,0,0,0,1,0,1
33,5,4,0,0,0,0,0,1,0,1
118,16,25,1,1,2,1,0,1,2,1
98,22,18,0,0,0,0,0,0,2,1
19,0,2,0,0,0,0,0,0,0,1
56,5,8,0,0,0,0,0,0,0,1
86,20,16,0,0,0,0,0,1,2,1
38,5,6,0,0,0,0,0,2,0,1
663,5,138,0,0,0,0,0,7,0,1
1103,3,205,0,0,0,0,0,19,0,1
120,2,30,0,0,2,1,0,0,2,1
262,39,38,0,0,0,0,0,2,0,1
53,7,12,0,0,0,0,0,0,0,1
107,20,20,0,0,0,0,0,0,2,1
110,20,21,0,0,0,0,0,1,2,1
150,15,27,1,1,2,1,0,1,1,1
254,34,34,0,0,0,0,0,1,0,1
82,13,17,0,0,2,1,0,0,1,1
180,34,41,1,1,0,1,1,1,2,1
111,19,20,0,0,0,0,0,1,2,1
105,5,26,0,0,2,1,0,0,1,1
57,5,9,0,0,0,0,0,1,0,1
1216,0,251,0,0,0,0,0,18,0,1
43,0,8,0,0,0,0,0,0,0,1
80,20,14,0,0,0,0,0,1,2,1
297,41,45,0,0,0,0,0,2,1,1
599,5,119,0,0,0,0,0,9,0,1
102,20,17,0,0,0,0,0,0,2,1
379,21,91,3,3,2,1,0,1,2,1
319,88,87,2,2,0,0,0,1,1,1
111,8,22,1,1,1,1,0,2,2,1
1460,14,336,0,0,0,0,0,6,0,1
103,0,27,0,0,2,1,0,0,2,1
92,2,24,0,0,2,1,0,0,1,1
285,43,45,0,0,0,0,0,2,1,1
63,1,13,0,0,1,1,0,0,1,1
92,20,17,0,0,0,0,0,0,2,1
278,41,68,3,3,3,0,0,0,0,1
85,20,16,0,0,0,0,0,0,2,1
114,0,30,0,0,2,1,0,0,2,1
89,22,15,0,0,0,0,0,0,2,1
38,0,4,0,0,0,0,0,0,0,1
416,1,78,0,0,0,0,0,12,0,1
251,14,60,2,2,0,0,0,1,3,1
115,12,18,0,0,0,0,0,0,1,1
298,44,45,0,0,0,0,0,1,1,1
83,5,17,0,0,2,1,0,1,1,1
91,19,16,0,0,0,0,0,1,2,1
561,74,116,5,5,1,1,0,7,4,1
79,20,15,0,0,0,0,0,0,2,1
721,3,146,0,0,0,0,0,13,0,1
258,36,39,0,0,0,0,0,2,0,1
119,11,19,0,0,0,0,0,0,1,1
103,2,26,2,3,2,1,0,1,2,1
485,2,103,0,0,0,0,0,8,0,1
116,11,28,1,1,0,0,0,0,3,1
186,40,43,1,1,0,1,0,3,2,1
92,20,16,0,0,0,0,0,1,2,1
83,21,16,0,0,0,0,0,0,2,1
102,12,26,0,0,0,0,0,0,2,1
125,20,21,0,0,0,0,0,0,2,1
3625,15,1270,0,1,0,0,0,66,1,1
723,4,149,0,0,0,0,0,8,0,1
762,1,319,12,12,0,0,0,6,0,1
95,20,17,0,0,0,0,0,0,2,1
93,20,17,0,0,0,0,0,0,2,1
111,19,18,0,0,0,0,0,0,2,1
1239,13,258,0,0,0,0,0,24,0,1
1345,16,298,0,0,0,0,0,23,0,1
240,41,34,0,0,0,0,0,3,0,1
125,14,30,2,1,0,0,0,0,0,1
48,6,11,0,0,0,0,0,1,0,1
212,30,41,2,2,2,1,0,3,1,1
255,26,57,2,2,0,0,0,0,2,1
711,0,138,0,0,0,0,0,11,0,1
370,8,120,0,0,0,0,0,4,0,1
77,19,15,0,0,0,0,0,1,2,1
86,1,24,0,0,2,1,0,0,1,1
74,1,20,2,3,2,1,0,0,1,1
94,20,16,0,0,0,0,0,0,2,1
1160,4,270,0,0,0,0,0,17,0,1
92,20,15,0,0,0,0,0,0,2,1
86,19,15,0,0,0,0,0,0,2,1
572,8,127,0,0,0,0,0,5,0,1
233,39,32,0,0,0,0,0,2,0,1
109,20,20,0,0,0,0,0,0,2,1
110,20,21,0,0,0,0,0,2,2,1
95,5,29,0,0,2,1,0,0,1,1
115,0,26,0,0,2,1,0,2,2,1
313,44,86,2,2,8,0,0,0,4,1
1012,4,206,0,0,0,0,0,18,0,1
251,39,36,0,0,0,0,0,1,0,1
153,23,30,0,0,0,0,0,0,2,1
160,13,35,1,1,3,0,0,0,3,1
91,10,16,0,0,0,0,0,2,1,1
98,6,29,0,0,2,1,0,0,1,1
84,20,15,0,0,0,0,0,1,2,1
118,12,18,0,0,0,0,0,0,1,1
95,20,17,0,0,0,0,0,0,2,1
118,21,22,0,0,0,0,0,0,2,1
797,2,162,0,0,0,0,0,11,0,1
1547,2,314,0,0,0,0,0,23,0,1
71,3,14,1,1,1,0,0,0,0,1
1757,16,365,0,0,0,0,0,33,0,1
289,49,44,0,0,0,0,0,2,1,1
892,8,198,0,0,0,0,0,12,0,1
116,13,18,0,0,0,0,0,0,1,1
6477,49,1390,0,0,0,0,0,105,0,1
95,20,17,0,0,0,0,0,0,2,1
301,14,68,3,3,0,2,0,1,2,1
234,43,36,0,0,0,0,0,1,0,1
99,22,17,0,0,0,0,0,0,2,1
674,0,147,0,0,0,0,0,7,0,1
1500,0,320,0,0,0,0,0,13,0,1
313,48,47,0,0,0,0,0,3,1,1
117,20,20,0,0,0,0,0,0,2,1
123,14,24,0,0,0,0,0,0,1,1
173,10,48,1,1,3,1,0,1,2,1
194,28,48,1,1,2,1,0,0,2,1
106,5,26,0,0,2,1,0,0,1,1
342,4,72,0,0,0,0,0,5,0,1
37,4,6,0,0,0,0,0,2,0,1
38,5,6,0,0,0,0,0,2,0,1
83,20,15,0,0,0,0,0,1,2,1
255,42,36,0,0,0,0,0,1,0,1
64,0,11,0,0,0,0,0,2,0,1
169,10,37,1,1,2,1,0,1,2,1
423,4,82,0,0,0,0,0,4,0,1
183,18,43,1,1,3,0,0,1,3,1
136,19,28,0,0,2,1,0,1,2,1
3128,11,640,0,0,0,0,0,50,0,1
2936,4,603,0,0,0,0,0,30,0,1
189,2,52,1,1,2,1,0,1,2,1
246,39,38,0,0,0,0,0,3,0,1
83,20,15,0,0,0,0,0,1,2,1
317,42,45,0,0,0,0,0,3,1,1
230,43,33,0,0,0,0,0,2,0,1
141,20,26,0,0,0,0,0,0,2,1
146,32,38,1,1,2,1,0,1,2,1
261,36,35,0,0,0,0,0,1,0,1
104,0,26,0,0,2,1,0,0,1,1
287,6,61,0,0,0,0,0,5,0,1
6270,20,2356,4,2,0,0,0,40,0,1
103,20,18,0,0,0,0,0,2,2,1
721,0,222,0,0,0,0,0,4,0,1
176,16,35,1,1,1,0,0,3,3,1
190,2,50,1,1,1,1,0,1,2,1
476,135,135,4,4,3,5,0,1,2,1
114,6,18,0,0,0,0,0,0,1,1
722,5,154,0,0,0,0,0,14,0,1
121,13,22,0,0,0,0,0,0,1,1
323,43,48,0,0,0,0,0,4,1,1
324,44,48,0,0,0,0,0,2,1,1
142,21,26,1,1,0,0,0,0,2,1
233,37,35,0,0,0,0,0,3,0,1
133,6,34,1,1,1,1,0,2,2,1
197,23,40,1,1,3,0,0,0,3,1
130,0,31,0,0,2,1,0,1,2,1
118,6,18,0,0,0,0,0,0,1,1
158,17,30,1,1,2,1,0,3,1,1
45,6,17,0,0,0,0,0,1,0,1
298,45,44,0,0,0,0,0,2,1,1
116,8,18,0,0,0,0,0,1,1,1
365,80,67,0,0,1,0,0,0,2,1
87,20,14,0,0,0,0,0,0,2,1
649,0,135,0,0,0,0,0,8,0,1
83,19,15,0,0,0,0,0,0,2,1
130,5,29,1,1,2,1,0,1,2,1
776,9,231,0,1,0,0,0,9,3,1
55,1,8,0,0,0,0,0,0,0,1
113,2,30,0,0,2,1,0,0,2,1
110,0,31,0,0,2,1,0,0,2,1
95,20,18,0,0,0,0,0,1,2,1
95,19,20,0,0,0,0,0,0,2,1
1048,0,222,0,0,0,0,0,15,0,1
145,18,37,1,1,2,1,0,0,2,1
86,19,16,0,0,0,0,0,0,2,1
318,46,51,0,0,0,0,0,1,1,1
736,258,154,6,6,2,5,0,0,4,1
113,6,19,0,0,0,0,0,0,1,1
587,74,118,5,5,1,1,0,0,1,1
47,7,10,0,0,0,0,0,1,0,1
124,4,40,3,3,3,0,0,0,2,1
159,4,38,1,1,3,1,0,0,2,1
45,8,9,0,0,0,0,0,0,0,1
87,2,15,0,0,0,0,0,0,2,1
84,20,16,0,0,0,0,0,0,2,1
135,0,32,1,1,2,1,0,1,2,1
66,0,15,0,0,0,0,0,0,3,1
251,44,36,0,0,0,0,0,1,0,1
95,20,17,0,0,0,0,0,0,2,1
83,19,16,0,0,0,0,0,0,2,1
1889,18,395,0,0,0,0,0,28,0,1
117,0,28,0,0,2,1,0,0,2,1
86,20,16,0,0,0,0,0,0,2,1
94,20,18,0,0,0,0,0,1,2,1
33,5,4,0,0,0,0,0,1,0,1
509,3,102,0,0,0,0,0,8,0,1
214,24,38,0,0,1,1,0,0,4,1
95,0,27,0,0,2,1,0,1,1,1
1081,9,236,0,0,0,0,0,13,0,1
110,20,18,0,0,0,0,0,0,2,1
85,20,15,0,0,0,0,0,0,2,1
931,7,204,0,0,0,0,0,7,0,1
262,39,39,0,0,0,0,0,3,0,1
1062,3,223,0,0,0,0,0,14,0,1
1062,0,240,0,0,0,0,0,14,0,1
147,21,28,1,1,2,1,0,1,2,1
66,20,12,0,0,0,0,0,0,2,1
825,4,201,22,22,6,0,0,13,14,1
380,10,135,0,1,0,0,0,5,0,1
116,12,22,0,0,0,0,0,0,1,1
311,46,47,0,0,0,0,0,1,1,1
167,18,39,1,1,3,1,0,0,3,1
130,12,28,1,1,2,1,0,0,2,1
229,38,32,0,0,0,0,0,2,0,1
79,19,14,0,0,0,0,0,0,2,1
97,11,19,0,0,1,1,0,1,1,1
116,12,22,0,0,0,0,0,0,1,1
583,5,114,0,0,0,0,0,14,0,1
130,20,22,0,0,0,0,0,1,2,1
19,0,2,0,0,0,0,0,0,0,1
85,9,14,0,0,0,0,0,1,1,1
1223,230,256,11,11,17,10,0,0,6,1
86,19,14,0,0,0,0,0,0,2,1
105,0,29,0,0,2,1,0,0,2,1
120,12,22,0,0,0,0,0,0,1,1
33,5,4,0,0,0,0,0,1,0,1
250,2,53,0,0,0,0,0,4,0,1
1019,13,213,0,0,0,0,0,13,0,1
144,3,30,0,0,0,0,0,0,0,1
210,25,42,1,1,2,1,0,1,1,1
80,19,15,0,0,0,0,0,0,2,1
102,0,38,0,0,0,0,0,3,0,1
198,18,45,1,1,3,2,0,0,2,1
558,0,117,0,0,0,0,0,6,0,1
94,21,17,0,0,0,0,0,0,2,1
92,2,23,0,0,1,0,0,1,2,1
91,11,24,0,0,0,1,0,0,2,1
98,7,22,0,0,1,1,0,1,1,1
449,0,86,0,0,0,0,0,7,0,1
53,0,11,1,1,3,0,0,0,0,1
256,0,49,0,0,0,0,0,5,0,1
78,20,14,0,0,0,0,0,0,2,1
204,2,49,1,1,2,1,0,2,2,1
116,10,19,0,0,0,0,0,0,1,1
83,14,19,0,0,2,1,0,0,2,1
56,0,7,0,0,1,0,0,0,0,1
416,12,147,2,2,3,0,0,2,1,1
120,0,26,0,0,2,1,0,0,2,1
103,0,27,0,0,3,1,0,0,2,1
1059,5,215,0,0,0,0,0,18,0,1
109,21,18,0,0,0,0,0,0,2,1
294,46,41,0,0,0,0,0,2,1,1
115,7,18,0,0,0,0,0,0,1,1
141,12,29,1,1,2,1,0,0,1,1
47,6,10,0,0,0,0,0,0,0,1
297,46,43,0,0,0,0,0,2,1,1
143,0,32,1,1,2,1,0,1,1,1
224,41,35,0,0,0,0,0,1,0,1
1030,14,219,0,0,0,0,0,16,0,1
255,1,62,0,0,0,0,0,6,0,1
33,5,4,0,0,0,0,0,1,0,1
871,2,178,0,0,0,0,0,16,0,1
38,5,6,0,0,0,0,0,2,0,1
155,6,37,1,1,2,1,0,2,2,1
466,2,96,0,0,0,0,0,8,0,1
393,8,90,0,0,0,0,0,1,0,1
150,3,34,1,1,2,1,0,1,1,1
1001,0,210,0,0,0,0,0,20,0,1
91,20,16,0,0,0,0,0,2,2,1
33,5,4,0,0,0,0,0,1,0,1
87,2,24,2,3,2,1,0,0,1,1
80,20,15,0,0,0,0,0,0,2,1
119,7,26,1,1,2,1,0,1,2,1
301,39,65,2,2,0,0,0,1,3,1
93,20,16,0,0,0,0,0,0,2,1
84,19,15,0,0,0,0,0,0,2,1
80,19,15,0,0,0,0,0,0,2,1
281,41,43,0,0,0,0,0,1,1,1
118,10,27,1,1,0,0,0,0,2,1
84,1,26,0,0,0,1,1,1,2,1
321,45,47,0,0,0,0,0,1,1,1
326,6,70,0,0,0,0,0,5,0,1
1966,12,589,4,4,0,0,0,14,2,1
1711,2,369,0,0,0,0,0,28,0,1
111,19,21,0,0,0,0,0,0,2,1
114,1,30,0,0,2,1,0,1,1,1
2081,12,464,0,0,0,0,0,27,0,1
79,20,14,0,0,0,0,0,0,2,1
134,17,29,1,1,2,1,0,1,2,1
296,42,43,0,0,0,0,0,3,1,1
250,40,35,0,0,0,0,0,3,0,1
106,1,30,0,0,2,1,0,0,1,1
114,15,23,1,1,2,1,0,1,2,1
1247,4,248,0,0,0,0,0,16,0,1
1420,13,294,0,0,0,0,0,17,0,1
108,0,26,0,0,2,1,0,1,2,1
289,39,42,0,0,0,0,0,3,1,1
109,21,22,0,0,0,0,0,0,2,1
37,4,6,0,0,0,0,0,2,0,1
132,0,35,0,0,2,1,0,0,1,1
192,26,45,1,1,2,1,0,1,2,1
292,42,43,0,0,0,0,0,3,1,1
93,20,19,0,0,0,0,0,0,2,1
108,20,19,0,0,0,0,0,1,2,1
263,35,37,0,0,0,0,0,1,0,1
767,30,254,6,6,3,5,0,7,1,1
95,4,26,0,0,2,1,0,0,1,1
770,4,154,0,0,0,0,0,10,0,1
56,7,8,0,0,0,0,0,0,0,1
1952,16,428,0,0,0,0,0,24,0,1
103,20,17,0,0,0,0,0,0,2,1
86,10,14,0,0,0,0,0,1,1,1
114,24,21,0,0,0,0,0,0,2,1
48,0,11,0,0,0,0,0,1,0,1
126,17,33,1,1,2,1,0,2,1,1
791,0,161,0,0,0,0,0,13,0,1
253,39,37,0,0,0,0,0,2,0,1
121,12,27,1,1,2,1,0,0,2,1
109,0,32,0,0,2,1,0,1,2,1
90,20,16,0,0,0,0,0,0,2,1
90,9,16,0,0,0,0,0,2,1,1
187,16,37,1,1,1,1,0,2,2,1
789,4,165,0,0,0,0,0,6,0,1
170,0,45,1,1,1,1,0,1,1,1
111,0,28,0,0,2,1,0,0,1,1
241,38,32,0,0,0,0,0,4,0,1
877,0,176,0,0,0,0,0,11,0,1
626,3,193,0,0,0,0,0,2,2,1
178,3,51,1,1,2,1,0,0,2,1
299,44,42,0,0,0,0,0,1,1,1
156,31,30,1,1,0,1,0,0,1,1
57,0,12,0,0,1,0,0,0,0,1
95,20,16,0,0,0,0,0,0,2,1
95,20,17,0,0,0,0,0,0,2,1
124,19,21,0,0,0,0,0,0,2,1
87,20,15,0,0,0,0,0,1,2,1
54,1,8,0,0,0,0,0,0,0,1
1070,6,206,0,0,0,0,0,19,0,1
133,14,27,1,1,2,1,0,1,2,1
123,14,24,0,0,0,0,0,0,1,1
325,50,52,0,0,0,0,0,2,1,1
157,13,31,1,1,2,1,0,1,1,1
99,19,17,0,0,0,0,0,1,2,1
921,2,180,0,0,0,0,0,22,0,1
99,20,18,0,0,0,0,0,1,1,1
92,20,18,0,0,0,0,0,0,2,1
237,41,36,0,0,0,0,0,2,0,1
93,20,18,0,0,0,0,0,0,2,1
112,6,22,1,1,1,1,0,1,1,1
118,13,29,0,0,3,1,0,0,1,1
274,0,57,0,0,0,0,0,5,0,1
115,0,25,0,0,2,1,0,1,2,1
86,10,14,0,0,0,0,0,1,1,1
979,2,212,0,0,0,0,0,15,0,1
123,14,24,0,0,0,0,0,0,1,1
248,0,67,0,0,0,0,0,4,0,1
114,26,20,0,0,0,0,0,1,2,1
80,20,16,0,0,0,0,0,0,2,1
82,0,18,2,3,2,1,0,0,0,1
57,7,14,0,0,0,0,0,0,0,1
54,1,8,0,0,0,0,0,0,0,1
124,7,24,1,1,2,1,0,1,2,1
114,20,21,0,0,0,0,0,0,2,1
93,19,17,0,0,0,0,0,1,2,1
253,40,34,0,0,0,0,0,2,0,1
121,20,25,0,0,0,0,0,0,2,1
111,0,28,0,0,2,1,0,0,2,1
124,15,24,0,0,0,0,0,0,1,1
240,37,35,0,0,0,0,0,3,0,1
98,1,27,0,0,2,1,0,1,2,1
107,20,17,0,0,0,0,0,1,2,1
159,16,41,5,7,2,1,0,0,2,1
1692,3,331,0,0,0,0,0,29,0,1
215,20,40,1,1,3,0,0,4,2,1
86,10,14,0,0,0,0,0,1,1,1
151,8,35,1,1,0,0,0,0,2,1
452,2,87,0,0,0,0,0,7,0,1
70,8,46,0,0,0,0,0,0,0,1
783,14,163,0,0,0,0,0,12,0,1
312,44,49,0,0,0,0,0,2,1,1
115,11,22,0,0,0,0,0,0,1,1
357,76,82,3,3,3,5,0,0,2,1
121,0,31,0,0,2,1,0,1,2,1
317,3,69,0,0,0,0,0,2,0,1
59,8,16,0,0,0,0,0,0,0,1
278,42,41,0,0,0,0,0,3,1,1
93,6,25,2,3,2,1,0,0,1,1
166,5,42,1,1,2,1,0,0,2,1
3390,21,711,0,0,0,0,0,43,0,1
38,5,6,0,0,0,0,0,2,0,1
38,5,6,0,0,0,0,0,2,0,1
83,5,21,3,3,1,1,0,0,0,1
38,0,13,2,2,2,1,0,0,0,1
1279,2,274,0,0,0,0,0,16,0,1
296,7,62,2,2,0,1,0,1,3,1
38,5,6,0,0,0,0,0,2,0,1
246,42,32,0,0,0,0,0,2,0,1
262,47,38,0,0,0,0,0,4,0,1
231,37,34,0,0,0,0,0,1,0,1
3114,13,687,0,0,0,0,0,46,0,1
396,9,121,3,3,7,0,0,2,0,1
33,5,4,0,0,0,0,0,1,0,1
64,7,14,0,0,0,0,0,1,0,1
2624,3,573,0,0,0,0,0,33,0,1
163,1,42,0,0,0,0,0,4,0,1
88,19,18,0,0,0,0,0,0,2,1
139,7,35,1,1,1,1,0,0,1,1
239,0,43,0,0,0,0,0,3,0,1
883,10,189,0,0,0,0,0,12,0,1
121,0,26,1,1,1,1,0,3,2,1
125,8,31,1,1,2,0,0,0,3,1
181,4,50,1,1,3,2,0,1,3,1
58,1,8,0,0,0,0,0,0,0,1
256,40,36,0,0,0,0,0,1,0,1
83,20,15,0,0,0,0,0,0,2,1
125,4,31,1,1,2,1,0,1,2,1
111,11,29,1,1,2,1,0,0,1,1
99,8,20,0,0,0,1,1,1,1,1
261,41,39,0,0,0,0,0,2,0,1
99,7,21,0,0,2,1,0,0,2,1
129,20,22,0,0,0,0,0,0,2,1
228,6,47,1,1,2,1,0,1,1,1
241,41,31,0,0,0,0,0,2,0,1
181,2,49,1,1,2,1,0,1,2,1
90,20,15,0,0,0,0,0,0,2,1
54,1,8,0,0,0,0,0,0,0,1
788,2,162,0,0,0,0,0,11,0,1
92,11,21,0,0,2,1,0,0,2,1
165,0,32,0,0,0,0,0,3,0,1
300,44,42,0,0,0,0,0,2,1,1
958,1,197,0,0,0,0,0,14,0,1
80,4,19,0,0,1,0,0,1,3,1
286,46,42,0,0,0,0,0,4,1,1
285,44,44,0,0,1,0,0,1,1,1
1277,2,274,0,0,0,0,0,24,0,1
195,31,45,1,1,2,1,0,0,1,1
111,2,29,0,0,2,1,0,0,2,1
117,12,18,0,0,0,0,0,0,1,1
239,0,45,0,0,0,0,0,1,0,1
127,16,26,1,1,2,1,0,0,1,1
96,19,18,0,0,0,0,0,0,2,1
333,1,71,0,0,0,0,0,4,0,1
60,0,19,2,2,0,0,0,0,1,1
193,2,49,1,1,2,1,0,1,2,1
118,20,22,0,0,0,0,0,0,2,1
446,14,90,0,0,0,0,0,7,0,1
113,4,30,0,0,2,1,0,1,2,1
38,5,6,0,0,0,0,0,2,0,1
90,20,15,0,0,0,0,0,0,2,1
202,28,37,1,1,1,1,0,0,1,1
117,23,23,0,0,0,0,0,0,2,1
58,9,9,0,0,0,0,0,0,0,1
95,20,19,0,0,0,0,0,0,2,1
113,0,25,0,0,2,1,0,1,2,1
102,20,19,0,0,0,0,0,1,2,1
973,6,190,0,0,0,0,0,13,0,1
101,20,18,0,0,0,0,0,3,2,1
91,10,16,0,0,0,0,0,2,1,1
113,9,31,1,1,2,1,0,0,2,1
260,40,38,0,0,0,0,0,2,0,1
122,15,31,1,1,2,1,0,0,2,1
120,12,22,0,0,0,0,0,0,1,1
109,20,19,0,0,0,0,0,0,2,1
115,0,26,0,0,2,1,0,1,2,1
319,0,62,0,0,0,0,0,4,0,1
8924,49,3273,20,18,0,0,0,30,0,1
1080,4,222,0,0,0,0,0,17,0,1
367,185,120,3,3,0,0,0,0,2,1
988,4,219,0,0,0,0,0,12,0,1
94,20,17,0,0,0,0,0,0,2,1
111,5,25,1,1,1,0,0,1,2,1
998,9,210,0,0,0,0,0,10,0,1
243,45,36,0,0,0,0,0,1,0,1
704,5,132,0,0,0,0,0,12,0,1
458,184,136,4,4,0,0,0,1,1,1
54,1,8,0,0,0,0,0,0,0,1
163,7,39,1,1,2,1,0,1,1,1
116,12,22,0,0,0,0,0,0,1,1
116,12,22,0,0,0,0,0,0,1,1
84,20,16,0,0,0,0,0,0,2,1
165,12,39,1,1,4,1,0,0,1,1
83,19,15,0,0,0,0,0,0,2,1
1231,0,266,0,0,0,0,0,15,0,1
285,45,42,0,0,0,0,0,3,1,1
51,4,8,0,0,0,0,0,0,0,1
463,3,103,0,0,0,0,0,9,0,1
78,19,15,0,0,0,0,0,0,2,1
94,20,15,0,0,0,0,0,0,2,1
107,1,25,0,0,2,1,0,2,1,1
182,1,42,1,1,2,1,0,1,2,1
112,0,30,0,0,2,1,0,1,2,1
254,37,36,0,0,0,0,0,2,0,1
1849,5,392,0,0,0,0,0,29,0,1
120,22,23,0,0,0,0,0,1,2,1
862,0,187,0,0,0,0,0,22,0,1
1960,10,449,0,0,0,0,0,34,0,1
92,20,16,0,0,0,0,0,0,2,1
33,5,4,0,0,0,0,0,1,0,1
119,25,23,0,0,0,0,0,0,2,1
89,12,22,0,0,2,1,0,0,1,1
158,22,40,1,1,1,1,0,3,2,1
89,20,17,0,0,0,0,0,1,2,1
116,0,28,0,0,2,1,0,1,2,1
90,20,15,0,0,0,0,0,0,2,1
83,20,16,0,0,0,0,0,0,2,1
88,0,16,0,0,0,0,0,0,0,1
124,19,28,0,0,0,0,0,0,2,1
1597,4,351,0,0,0,0,0,23,0,1
215,2,67,0,0,0,0,0,1,1,1
291,40,42,0,0,0,0,0,1,1,1
58,1,11,1,0,1,0,0,0,0,1
171,2,48,1,1,2,1,0,1,2,1
122,0,29,0,0,2,1,0,0,2,1
38,5,6,0,0,0,0,0,2,0,1
294,42,41,0,0,0,0,0,1,1,1
184,2,48,1,1,2,1,0,0,2,1
459,10,97,0,0,0,0,0,7,0,1
117,13,26,1,1,2,1,0,1,1,1
78,19,14,0,0,0,0,0,0,2,1
326,43,51,0,0,0,0,0,1,1,1
247,36,36,0,0,0,0,0,2,0,1
38,5,6,0,0,0,0,0,2,0,1
93,20,17,0,0,0,0,0,0,2,1
658,1,153,0,0,0,0,0,10,0,1
246,23,50,2,2,2,1,0,2,3,1
266,48,39,0,0,0,0,0,1,0,1
86,20,15,0,0,0,0,0,0,2,1
85,6,18,0,0,0,0,0,0,2,1
193,0,43,0,0,0,0,0,4,0,1
93,22,22,0,0,2,1,0,0,1,1
81,9,18,0,0,2,1,0,0,2,1
80,20,13,0,0,0,0,0,0,2,1
59,8,11,0,0,0,0,0,0,0,1
302,49,45,0,0,0,0,0,2,1,1
418,0,94,0,0,0,0,0,4,0,1
131,14,27,1,1,2,0,0,0,2,1
621,2,127,0,0,0,0,0,13,0,1
145,3,37,1,1,1,1,0,3,2,1
292,48,45,0,0,0,0,0,2,1,1
205,24,50,1,1,2,1,0,1,1,1
45,1,10,1,1,2,1,0,0,0,1
93,20,16,0,0,0,0,0,0,2,1
101,0,25,0,0,2,1,0,0,2,1
33,5,4,0,0,0,0,0,1,0,1
32,0,6,0,0,0,0,0,0,0,1
84,20,16,0,0,0,0,0,0,2,1
84,20,16,0,0,0,0,0,0,2,1
110,25,21,0,0,0,0,0,0,2,1
84,20,15,0,0,0,0,0,0,2,1
97,20,17,0,0,0,0,0,1,2,1
120,1,30,0,0,0,0,0,1,0,1
310,44,49,0,0,0,0,0,2,1,1
141,17,29,1,1,2,1,0,0,1,1
1055,3,228,0,0,0,0,0,15,0,1
1139,3,254,0,0,0,0,0,10,0,1
263,7,53,0,0,0,0,0,7,0,1
342,2,76,0,0,0,0,0,4,0,1
96,8,22,0,0,0,0,0,1,3,1
90,20,15,0,0,0,0,0,1,2,1
137,14,28,1,1,2,1,0,0,2,1
674,0,137,0,0,0,0,0,8,0,1
122,0,36,0,0,2,1,0,0,2,1
1876,17,399,0,0,0,0,0,31,0,1
96,0,24,0,0,0,1,0,0,2,1
225,27,45,2,2,2,0,0,1,4,1
105,12,22,1,1,2,1,0,0,2,1
94,7,22,0,0,2,1,0,0,2,1
312,42,44,0,0,0,0,0,2,1,1
253,37,35,0,0,0,0,0,1,0,1
275,18,69,2,2,1,1,0,1,1,1
205,0,61,1,2,1,0,0,0,0,1
854,4,196,0,0,0,0,0,9,0,1
61,1,8,0,0,0,0,0,0,0,1
596,12,219,0,0,0,0,0,10,0,1
172,25,39,1,1,0,1,0,2,3,1
88,20,15,0,0,0,0,0,0,2,1
11880,29,3716,18,5,0,0,0,139,0,1
28,0,8,0,0,0,0,0,0,0,1
237,31,53,2,2,2,1,0,2,2,1
87,1,21,0,0,0,1,0,1,2,1
104,0,28,0,0,2,1,0,1,1,1
170,2,48,1,1,2,1,0,2,2,1
96,19,18,0,0,0,0,0,2,2,1
101,24,20,0,0,0,0,0,0,2,1
778,6,164,0,0,0,0,0,15,0,1
59,5,17,1,1,1,0,1,1,0,1
1457,2,298,0,0,0,0,0,17,0,1
293,42,41,0,0,0,0,0,4,1,1
278,0,59,0,0,0,0,0,6,0,1
242,39,36,0,0,0,0,0,3,0,1
114,0,30,0,0,2,1,0,0,1,1
114,0,29,0,0,2,1,0,1,2,1
688,0,144,0,0,0,0,0,12,0,1
329,48,48,0,0,0,0,0,2,1,1
116,12,22,0,0,0,0,0,0,1,1
232,7,48,0,0,0,0,0,2,0,1
257,34,35,0,0,0,0,0,3,0,1
53,2,8,0,0,0,0,0,0,0,1
664,1,215,1,1,0,0,0,1,0,1
310,42,42,0,0,0,0,0,5,1,1
584,5,130,0,0,0,0,0,6,0,1
1187,2,256,0,0,0,0,0,21,0,1
38,5,6,0,0,0,0,0,2,0,1
116,7,18,0,0,0,0,0,1,1,1
240,0,47,0,0,0,0,0,2,0,1
115,11,23,1,1,2,1,0,0,2,1
70,8,15,0,0,0,0,0,0,0,1
80,19,15,0,0,0,0,0,1,2,1
91,19,15,0,0,0,0,0,0,2,1
673,358,212,6,6,2,0,0,0,3,1
8750,110,3238,5,2,43,0,0,33,1,1
114,20,20,0,0,0,0,0,1,2,1
2289,202,781,18,17,0,0,0,55,3,1
113,13,22,1,1,2,1,0,0,1,1
93,20,15,0,0,0,0,0,0,2,1
112,6,18,0,0,0,0,0,0,1,1
61,0,9,0,0,0,0,0,2,2,1
420,175,119,4,4,2,1,0,2,3,1
108,4,26,0,0,2,1,0,1,1,1
68,2,20,1,1,1,0,0,0,0,1
159,4,38,1,1,3,1,0,0,2,1
2954,14,619,0,0,0,0,0,50,0,1
7116,17,2211,6,4,2,0,0,35,1,1
41,7,10,0,0,0,0,0,0,0,1
259,37,37,0,0,0,0,0,4,0,1
71,3,20,0,0,0,1,0,0,2,1
174,2,49,1,1,2,1,0,1,2,1
164,6,32,2,2,4,0,0,1,1,1
113,21,22,0,0,0,0,0,1,2,1
252,38,38,0,0,0,0,0,2,0,1
1765,13,572,10,15,0,0,0,9,4,1
41,7,10,0,0,0,0,0,0,0,1
85,20,15,0,0,0,0,0,0,2,1
115,11,25,1,1,3,1,0,2,1,1
206,1,38,0,0,0,0,0,1,0,1
74,7,15,0,0,0,0,0,0,0,1
112,2,30,0,0,2,1,0,1,2,1
296,42,44,0,0,0,0,0,2,1,1
95,20,16,0,0,0,0,0,0,2,1
250,41,35,0,0,0,0,0,3,0,1
116,1,31,1,2,1,1,1,1,0,1
151,0,24,0,0,0,0,0,1,0,1
93,22,16,0,0,0,0,0,0,2,1
96,20,15,0,0,0,0,0,0,2,1
143,11,33,1,1,3,0,0,1,3,1
95,20,17,0,0,0,0,0,0,2,1
652,0,137,0,0,0,0,0,10,0,1
670,6,138,0,0,0,0,0,12,0,1
1069,8,241,0,0,0,0,0,21,0,1
104,20,19,0,0,0,0,0,0,2,1
191,15,36,1,1,2,1,0,0,2,1
132,8,33,1,1,2,1,0,0,2,1
93,20,16,0,0,0,0,0,1,2,1
116,6,19,0,0,0,0,0,0,1,1
89,20,17,0,0,0,0,0,0,2,1
134,0,29,1,1,2,1,0,1,2,1
308,47,49,0,0,0,0,0,2,1,1
121,1,32,0,0,2,1,0,1,2,1
821,0,167,0,0,0,0,0,17,0,1
461,2,102,0,0,0,0,0,3,0,1
173,2,48,1,1,2,1,0,1,2,1
112,21,18,0,0,0,0,0,0,2,1
80,20,14,0,0,0,0,0,0,2,1
91,10,16,0,0,0,0,0,2,1,1
48,5,8,0,0,0,0,0,0,1,1
3499,7,726,0,0,0,0,0,41,0,1
102,20,17,0,0,0,0,0,1,2,1
5272,33,1101,0,0,0,0,0,70,2,1
98,14,19,0,0,2,1,0,0,2,1
288,45,44,0,0,0,0,0,2,1,1
104,0,28,0,0,2,1,0,0,2,1
254,40,36,0,0,0,0,0,2,0,1
91,20,16,0,0,0,0,0,0,2,1
341,65,95,3,3,3,5,0,0,2,1
1335,23,282,0,0,0,0,0,18,0,1
79,8,19,0,0,0,0,0,0,0,1
316,20,81,2,2,2,1,0,8,2,1
428,0,82,0,0,0,0,0,6,0,1
80,20,14,0,0,0,0,0,0,2,1
100,20,17,0,0,0,0,0,1,2,1
127,6,29,1,1,2,1,0,1,1,1
38,5,6,0,0,0,0,0,2,0,1
296,50,46,0,0,0,0,0,2,1,1
45,1,11,2,2,1,1,0,0,0,1
714,1,147,0,0,0,0,0,8,0,1
131,12,26,1,1,2,1,0,0,2,1
138,14,29,1,1,2,1,0,0,1,1
85,20,16,0,0,0,0,0,0,2,1
170,4,43,1,1,0,0,0,0,4,1
251,14,58,2,2,0,0,0,1,2,1
188,7,57,1,1,2,1,0,0,2,1
123,0,30,0,0,2,1,0,1,2,1
150,18,36,1,1,1,1,0,1,2,1
313,46,46,0,0,0,0,0,1,1,1
196,28,46,1,1,1,0,0,0,2,1
158,2,37,1,1,2,0,0,2,2,1
97,22,17,0,0,0,0,0,1,2,1
121,20,22,0,0,0,0,0,1,2,1
68,1,15,0,0,1,1,0,1,1,1
119,1,31,0,0,3,1,0,0,2,1
173,2,47,1,1,2,1,0,2,2,1
33,5,4,0,0,0,0,0,1,0,1
114,1,29,0,0,2,1,0,1,2,1
55,0,16,1,1,1,1,0,0,0,1
483,83,100,4,4,2,0,0,0,2,1
114,20,20,0,0,0,0,0,0,2,1
130,1,32,1,1,1,1,0,1,1,1
275,42,65,2,2,2,1,0,1,2,1
125,0,31,0,0,2,1,0,0,2,1
648,123,144,5,5,7,4,0,0,2,1
1082,7,208,0,0,0,0,0,18,0,1
131,16,32,2,2,3,0,0,0,0,1
124,1,32,0,0,2,1,0,0,2,1
137,4,28,0,0,0,0,0,2,0,1
188,2,51,1,1,2,1,0,1,2,1
82,19,15,0,0,0,0,0,1,2,1
88,3,21,0,0,2,1,0,0,2,1
253,46,36,0,0,0,0,0,2,0,1
320,7,79,2,2,8,2,0,1,2,1
93,19,17,0,0,0,0,0,2,2,1
787,0,155,0,0,0,0,0,13,0,1
80,8,22,0,0,2,1,0,0,1,1
190,34,44,1,1,1,1,0,0,2,1
128,19,22,0,0,0,0,0,2,2,1
1265,7,264,0,0,0,0,0,14,0,1
109,20,22,0,0,0,0,0,0,2,1
111,10,25,1,1,1,1,0,0,2,1
576,0,113,0,0,0,0,0,9,0,1
159,21,39,1,1,2,1,0,1,1,1
52,0,9,0,0,0,0,0,0,0,1
94,20,17,0,0,0,0,0,0,2,1
2188,4,464,0,0,0,0,0,26,0,1
113,1,29,0,0,2,1,0,0,2,1
82,19,15,0,0,0,0,0,0,2,1
178,39,44,1,1,0,1,0,2,2,1
79,20,15,0,0,0,0,0,0,2,1
96,19,16,0,0,0,0,0,0,2,1
241,44,35,0,0,0,0,0,4,0,1
230,40,32,0,0,0,0,0,2,0,1
83,19,16,0,0,0,0,0,0,2,1
96,17,21,0,0,1,1,1,1,2,1
776,1,162,0,0,0,0,0,8,0,1
102,20,18,0,0,0,0,0,1,2,1
45,8,9,0,0,0,0,0,1,0,1
38,5,6,0,0,0,0,0,2,0,1
105,13,21,0,0,0,1,0,1,2,1
1627,4,337,0,0,0,0,0,23,0,1
4176,29,873,0,0,0,0,0,55,0,1
820,9,166,0,0,0,0,0,16,0,1
86,10,14,0,0,0,0,0,1,1,1
199,2,53,1,1,1,1,0,0,2,1
261,11,65,2,2,6,0,0,2,3,1
117,13,28,1,1,2,1,0,0,2,1
1006,16,221,0,0,0,0,0,14,0,1
200,3,54,1,1,2,1,0,0,2,1
28134,196,7876,7,8,0,1,0,224,0,1
99,20,18,0,0,0,0,0,1,2,1
113,6,18,0,0,0,0,0,0,1,1
281,0,51,0,0,0,0,0,5,0,1
261,105,70,2,2,2,1,0,0,2,1
115,7,18,0,0,0,0,0,0,1,1
102,20,17,0,0,0,0,0,1,2,1
56,2,8,0,0,0,0,0,0,0,1
187,30,38,1,1,2,1,0,1,2,1
33,5,4,0,0,0,0,0,1,0,1
114,20,22,0,0,0,0,0,0,2,1
253,5,66,2,2,3,1,0,2,3,1
501,0,97,0,0,0,0,0,6,0,1
1653,13,326,0,0,0,0,0,30,0,1
216,12,47,1,1,1,1,0,4,1,1
293,67,64,0,0,2,1,0,0,1,1
86,20,16,0,0,0,0,0,0,2,1
92,11,21,0,0,0,1,0,0,2,1
1536,1,329,0,0,0,0,0,22,0,1
1799,8,386,0,0,0,0,0,20,0,1
119,6,18,0,0,0,0,0,0,1,1
153,2,31,0,0,0,0,0,4,0,1
164,6,32,2,2,4,0,0,1,1,1
244,39,37,0,0,0,0,0,3,0,1
292,45,44,0,0,0,0,0,2,1,1
1349,1,290,0,0,0,0,0,20,0,1
59,3,9,0,0,0,0,0,0,0,1
338,2,70,0,0,0,0,0,7,0,1
159,4,32,1,1,2,1,0,1,1,1
91,0,22,0,0,0,0,0,0,1,1
259,38,39,0,0,0,0,0,2,0,1
325,6,80,2,2,8,2,0,1,3,1
550,85,99,5,5,1,1,0,0,2,1
173,2,47,1,1,2,1,0,2,2,1
92,4,18,0,0,0,1,0,2,2,1
229,33,52,2,2,2,1,0,0,2,1
310,53,45,0,0,0,0,0,2,1,1
99,24,18,0,0,0,0,0,0,2,1
188,9,100,1,1,3,1,0,0,2,1
85,21,15,0,0,0,0,0,0,2,1
108,20,19,0,0,0,0,0,1,2,1
82,20,15,0,0,0,0,0,0,2,1
83,20,15,0,0,0,0,0,0,2,1
168,32,37,1,1,2,1,0,1,2,1
76,0,17,0,0,0,0,0,0,2,1
38,5,6,0,0,0,0,0,2,0,1
3164,11,629,0,0,0,0,0,54,0,1
99,14,19,0,0,2,1,0,1,2,1
698,0,133,0,0,0,0,0,11,0,1
95,1,27,0,0,2,1,0,0,2,1
86,25,17,0,0,0,0,0,0,2,1
419,21,128,0,0,1,0,0,0,0,1
295,46,43,0,0,0,0,0,2,1,1
34,3,11,1,1,0,1,1,1,0,1
113,20,21,0,0,0,0,0,2,2,1
302,47,46,0,0,0,0,0,2,1,1
247,9,64,1,1,4,2,0,1,2,1
141,0,31,1,1,2,1,0,1,2,1
291,45,45,0,0,0,0,0,2,1,1
81,20,14,0,0,0,0,0,0,2,1
184,4,49,1,1,2,1,0,0,2,1
113,20,19,0,0,0,0,0,1,2,1
4362,12,841,0,0,0,0,0,32,2,1
104,20,17,0,0,0,0,0,0,2,1
237,38,35,0,0,0,0,0,1,0,1
551,2,113,0,0,0,0,0,10,0,1
286,40,42,0,0,0,0,0,1,1,1
93,20,17,0,0,0,0,0,0,2,1
193,23,45,1,1,2,1,0,0,4,1
170,2,48,1,1,2,1,0,0,2,1
110,19,21,0,0,0,0,0,0,2,1
2413,122,836,17,17,5,0,1,4,5,1
621,1,133,0,0,0,0,0,9,0,1
124,12,30,1,1,2,0,0,0,2,1
4456,14,882,0,0,0,0,0,71,0,1
85,1,23,0,0,2,1,0,0,2,1
62,5,9,0,0,0,0,0,0,0,1
90,9,16,0,0,0,0,0,2,1,1
1631,1,338,0,0,0,0,0,14,0,1
160,36,36,1,1,2,1,0,0,1,1
1360,11,278,0,0,0,0,0,21,0,1
116,8,30,1,1,2,0,0,0,3,1
112,20,20,0,0,0,0,0,0,2,1
4308,77,954,0,0,0,0,0,54,0,1
272,0,54,0,0,0,0,0,4,0,1
103,20,18,0,0,0,0,0,0,2,1
467,1,98,0,0,0,0,0,7,0,1
102,0,29,0,0,2,1,0,0,2,1
272,2,61,2,2,2,1,0,0,1,1
94,20,16,0,0,0,0,0,0,2,1
117,20,20,0,0,0,0,0,0,2,1
116,11,29,0,0,0,0,0,0,3,1
95,19,16,0,0,0,0,0,1,2,1
148,10,36,1,1,0,0,0,0,2,1
110,23,27,1,1,1,1,0,0,2,1
983,4,213,0,0,0,0,0,9,0,1
301,45,48,0,0,0,0,0,1,1,1
271,1,99,14,14,1,1,0,2,0,1
50,7,9,0,0,0,0,0,0,0,1
92,7,19,0,0,2,1,0,1,1,1
589,0,122,0,0,0,0,0,11,0,1
162,16,32,1,1,2,1,0,0,1,1
101,20,17,0,0,0,0,0,1,2,1
113,24,23,0,0,0,0,0,0,2,1
106,14,24,1,1,2,1,0,0,2,1
123,0,23,0,0,2,1,0,1,2,1
687,1,137,0,0,0,0,0,12,0,1
104,20,19,0,0,0,0,0,0,2,1
115,0,28,0,0,2,1,0,0,1,1
121,0,32,0,0,2,1,0,2,2,1
33,5,4,0,0,0,0,0,1,0,1
84,19,16,0,0,0,0,0,0,2,1
166,18,40,1,1,3,1,0,1,3,1
133,0,30,1,1,2,1,0,0,2,1
248,42,37,0,0,0,0,0,1,0,1
91,20,17,0,0,0,0,0,1,2,1
92,20,15,0,0,0,0,0,1,2,1
418,0,94,0,0,0,0,0,6,0,1
94,20,18,0,0,0,0,0,0,2,1
156,0,45,1,1,3,1,0,0,2,1
112,6,18,0,0,0,0,0,0,1,1
90,20,15,0,0,0,0,0,0,2,1
137,1,32,1,1,2,1,0,1,2,1
299,41,41,0,0,0,0,0,1,1,1
267,44,41,0,0,0,0,0,3,0,1
6338,26,1355,0,0,0,0,0,80,0,1
85,20,15,0,0,0,0,0,1,2,1
184,18,41,1,1,3,1,0,1,1,1
528,0,96,0,0,0,0,0,8,0,1
197,3,48,1,1,1,1,0,4,1,1
970,0,202,0,0,0,0,0,15,0,1
78,0,16,0,0,0,0,0,0,2,1
288,47,45,0,0,0,0,0,2,1,1
33,5,4,0,0,0,0,0,1,0,1
124,15,24,0,0,0,0,0,0,1,1
528,7,107,0,0,0,0,0,13,0,1
44,7,10,0,0,0,0,0,0,0,1
253,42,38,0,0,0,0,0,4,0,1
252,38,35,0,0,0,0,0,3,0,1
102,20,17,0,0,0,0,0,0,2,1
109,21,19,0,0,0,0,0,1,2,1
113,11,18,0,0,0,0,0,0,1,1
173,1,41,1,1,1,1,0,0,1,1
87,20,18,0,0,0,0,0,0,2,1
93,3,18,0,0,0,0,0,1,2,1
81,8,19,0,0,0,1,0,0,2,1
336,0,66,0,0,0,0,0,6,0,1
105,0,24,0,0,2,1,0,2,2,1
309,4,67,0,0,0,0,0,3,0,1
897,7,197,0,0,0,0,0,10,0,1
105,7,23,1,1,0,0,0,1,3,1
458,7,95,0,0,0,0,0,8,0,1
124,0,32,0,0,2,1,0,1,1,1
33,5,4,0,0,0,0,0,1,0,1
43,1,15,1,1,0,0,0,0,0,1
89,8,26,0,0,0,1,0,0,2,1
178,20,40,1,1,4,2,0,0,4,1
557,5,111,0,0,0,0,0,6,0,1
83,20,15,0,0,0,0,0,0,2,1
82,20,14,0,0,0,0,0,0,2,1
270,0,77,0,0,0,0,0,5,0,1
86,20,16,0,0,0,0,0,0,2,1
123,14,24,0,0,0,0,0,0,1,1
291,9,61,0,0,0,0,0,4,0,1
109,20,20,0,0,0,0,0,1,2,1
274,55,54,2,2,0,0,0,1,2,1
851,2,181,0,0,0,0,0,13,0,1
300,0,57,0,0,0,0,0,4,0,1
122,20,19,0,0,0,0,0,0,2,1
87,0,22,0,0,2,1,0,0,2,1
88,20,16,0,0,0,0,0,0,2,1
636,4,133,0,0,0,0,0,14,0,1
233,38,34,0,0,0,0,0,1,0,1
116,12,22,0,0,0,0,0,0,1,1
150,7,35,1,1,2,1,0,0,3,1
1879,14,408,0,0,0,0,0,21,0,1
523,0,102,0,0,0,0,0,6,0,1
112,22,24,0,1,1,0,0,0,0,1
92,19,17,0,0,0,0,0,0,2,1
130,4,29,1,1,1,1,0,1,2,1
314,47,47,0,0,0,0,0,3,1,1
82,20,14,0,0,0,0,0,1,2,1
149,28,34,1,1,0,0,0,0,2,1
115,0,30,0,0,2,1,0,1,2,1
115,19,20,0,0,0,0,0,0,2,1
76,20,14,0,0,0,0,0,0,2,1
123,14,24,0,0,0,0,0,0,1,1
109,22,19,0,0,0,0,0,0,2,1
83,20,14,0,0,0,0,0,0,2,1
1477,15,314,0,0,0,0,0,14,0,1
98,20,18,0,0,0,0,0,0,2,1
57,0,11,0,0,0,0,0,1,0,1
108,0,25,0,0,2,1,0,0,2,1
309,34,74,2,2,2,0,0,1,3,1
169,8,44,1,1,0,0,0,0,4,1
147,17,41,1,1,1,1,0,0,2,1
123,14,24,0,0,0,0,0,0,1,1
820,0,164,0,0,0,0,0,11,0,1
232,40,33,0,0,0,0,0,1,0,1
99,11,19,0,0,0,1,0,0,1,1
335,4,76,0,0,0,0,0,5,0,1
75,8,53,0,0,0,0,0,0,0,1
91,10,16,0,0,0,0,0,2,1,1
116,9,18,0,0,0,0,0,0,1,1
86,20,16,0,0,0,0,0,0,2,1
247,0,72,0,0,0,0,0,1,0,1
301,46,46,0,0,0,0,0,1,1,1
34,0,5,0,0,0,0,0,1,0,1
10,0,1,0,0,0,0,0,0,0,1
66,1,14,3,3,1,1,0,0,0,1
97,20,16,0,0,0,0,0,0,2,1
439,0,85,0,0,0,0,0,2,0,1
103,20,18,0,0,0,0,0,0,2,1
316,45,48,0,0,0,0,0,2,1,1
96,20,16,0,0,0,0,0,1,2,1
83,0,19,2,2,2,0,0,0,1,1
1556,9,331,0,0,0,0,0,13,0,1
47,1,16,3,4,3,1,0,0,0,1
101,21,20,0,0,0,0,0,0,2,1
108,0,25,0,0,2,1,0,0,2,1
185,2,52,1,1,2,1,0,1,2,1
151,2,39,1,1,2,1,0,1,2,1
96,17,22,0,0,2,1,0,0,2,1
120,0,33,0,0,2,1,0,0,2,1
103,0,30,0,0,2,1,0,0,2,1
161,16,35,1,1,2,1,0,2,2,1
71,7,24,2,2,3,1,0,0,0,1
109,14,23,1,1,1,1,0,1,1,1
54,3,9,0,0,0,0,0,0,0,1
324,59,84,2,2,2,1,0,0,1,1
127,11,30,0,0,3,1,0,1,1,1
952,7,205,0,0,0,0,0,9,0,1
418,191,130,3,3,0,0,0,0,1,1
92,20,16,0,0,0,0,0,0,2,1
86,19,14,0,0,0,0,0,1,2,1
38,5,6,0,0,0,0,0,2,0,1
75,0,11,0,0,0,0,0,0,0,1
100,10,25,0,0,2,1,0,0,1,1
86,10,14,0,0,0,0,0,1,1,1
139,20,27,0,0,0,0,0,0,2,1
957,4,201,0,0,0,0,0,10,0,1
1618,4,339,0,0,0,0,0,18,0,1
45,0,10,0,0,0,0,0,1,0,1
254,20,56,2,2,2,1,0,1,2,1
92,19,17,0,0,0,0,0,1,2,1
59,6,9,0,0,0,0,0,0,0,1
289,1,53,0,0,0,0,0,3,0,1
98,20,20,0,0,0,0,0,0,2,1
104,20,20,0,0,0,0,0,0,2,1
112,10,18,0,0,0,0,0,0,1,1
57,5,8,0,0,0,0,0,1,0,1
93,19,21,0,0,2,1,0,0,2,1
108,7,23,1,1,0,0,0,1,3,1
172,0,37,0,0,0,0,0,2,0,1
194,35,47,1,1,3,1,0,0,1,1
141,35,33,0,0,2,1,0,0,2,1
53,1,9,0,0,0,0,0,0,0,1
95,20,19,0,0,0,0,0,0,2,1
77,20,14,0,0,0,0,0,0,2,1
148,0,36,1,1,2,1,0,0,2,1
89,20,16,0,0,0,0,0,0,2,1
113,9,18,0,0,0,0,0,0,1,1
297,40,45,0,0,0,0,0,1,1,1
2095,104,758,5,3,3,4,0,28,0,1
115,0,30,0,0,2,1,0,0,2,1
112,0,29,0,0,2,1,0,1,2,1
138,1,29,0,0,0,0,0,3,0,1
475,1,106,0,0,0,0,0,4,0,1
106,22,25,1,1,2,1,0,0,2,1
39,7,10,0,0,0,0,0,0,0,1
87,10,23,0,0,1,0,0,1,2,1
101,19,18,0,0,0,0,0,1,2,1
107,17,24,0,0,2,1,0,0,2,1
35,0,5,0,0,0,0,0,0,0,1
563,0,129,0,0,0,0,0,8,0,1
218,25,51,2,2,2,1,0,2,2,1
38,5,6,0,0,0,0,0,2,0,1
290,0,58,0,0,0,0,0,4,0,1
243,39,31,0,0,0,0,0,1,0,1
113,27,12,0,0,2,1,0,3,0,1
197,29,42,1,1,2,0,0,1,2,1
1554,19,336,0,0,0,0,0,21,0,1
258,36,38,0,0,0,0,0,4,0,1
367,91,86,3,3,3,5,0,0,1,1
52,7,10,0,0,0,0,0,0,0,1
250,1,52,0,0,0,0,0,3,0,1
156,21,36,1,1,0,1,0,0,2,1
115,20,21,0,0,0,0,0,0,2,1
175,5,46,1,1,2,1,0,2,1,1
55,1,8,0,0,0,0,0,0,0,1
99,20,17,0,0,0,0,0,0,2,1
85,20,14,0,0,0,0,0,0,2,1
104,0,29,0,0,2,1,0,0,1,1
87,20,16,0,0,0,0,0,0,2,1
110,6,18,0,0,0,0,0,0,1,1
116,12,22,0,0,0,0,0,0,1,1
349,0,75,0,0,0,0,0,7,0,1
83,20,16,0,0,0,0,0,1,2,1
50,7,10,0,0,0,0,0,1,0,1
120,12,22,0,0,0,0,0,0,1,1
112,8,21,1,1,1,1,0,2,1,1
560,7,225,0,0,0,0,0,3,0,1
98,20,17,0,0,0,0,0,0,2,1
101,20,19,0,0,0,0,0,0,2,1
149,2,35,1,1,2,1,0,2,2,1
42,8,9,0,0,0,0,0,0,0,1
86,20,14,0,0,0,0,0,0,2,1
82,20,15,0,0,0,0,0,0,2,1
227,41,52,2,2,2,1,0,0,2,1
42,7,10,0,0,0,0,0,0,0,1
279,57,45,0,0,2,1,0,2,0,1
125,20,23,0,0,0,0,0,1,2,1
113,7,25,1,1,2,1,0,1,2,1
81,22,15,0,0,0,0,0,1,2,1
106,4,24,0,0,2,1,0,0,1,1
133,12,24,1,1,2,1,0,1,1,1
98,7,21,0,0,2,1,0,0,2,1
129,37,29,1,1,0,0,0,0,2,1
89,13,20,0,0,2,1,0,0,1,1
644,1,127,0,0,0,0,0,6,0,1
78,19,13,0,0,0,0,0,0,2,1
1175,2,228,0,0,0,0,0,11,0,1
176,22,35,1,1,2,1,0,1,2,1
88,20,15,0,0,0,0,0,0,2,1
97,0,28,0,0,2,1,0,0,1,1
1733,4,370,0,0,0,0,0,22,0,1
165,2,47,1,1,2,1,0,1,2,1
87,20,15,0,0,0,0,0,0,2,1
83,20,17,0,0,0,0,0,0,2,1
652,121,136,6,6,5,1,0,6,2,1
549,74,115,5,5,2,1,0,7,5,1
163,6,43,1,1,1,1,0,0,1,1
104,0,18,0,0,0,0,0,1,0,1
156,4,39,1,1,3,1,0,0,2,1
111,2,27,0,0,2,1,0,0,2,1
112,22,19,0,0,0,0,0,0,2,1
144,20,34,1,1,2,1,0,0,2,1
131,2,37,1,1,2,0,0,1,3,1
70,0,14,0,0,0,0,0,0,0,1
93,19,19,0,0,0,0,0,1,2,1
95,3,25,0,0,0,1,0,1,2,1
80,19,15,0,0,0,0,0,0,2,1
115,3,24,1,1,1,0,0,1,3,1
44,8,9,0,0,0,0,0,0,0,1
303,47,47,0,0,0,0,0,3,1,1
1607,10,347,0,0,0,0,0,24,0,1
96,17,24,0,0,2,1,0,1,2,1
112,7,24,1,1,1,1,0,0,2,1
110,20,22,0,0,0,0,0,0,2,1
106,20,21,0,0,0,0,0,2,2,1
88,20,15,0,0,0,0,0,0,2,1
295,0,55,0,0,0,0,0,5,0,1
152,11,34,1,1,2,1,0,0,2,1
167,2,50,1,1,2,1,0,0,2,1
55,1,8,0,0,0,0,0,0,0,1
220,0,47,0,0,0,0,0,4,0,1
143,22,28,0,0,0,0,0,0,2,1
1409,6,280,0,0,0,0,0,11,0,1
139,0,34,1,1,1,1,0,1,2,1
78,19,15,0,0,0,0,0,2,2,1
83,1,24,0,0,2,1,0,0,1,1
115,0,28,0,0,0,0,0,1,0,1
87,20,15,0,0,0,0,0,0,2,1
82,0,19,0,0,0,0,0,0,4,1
109,14,23,1,1,1,1,0,1,2,1
179,2,49,1,1,2,1,0,0,2,1
138,10,25,1,1,2,1,0,0,2,1
102,0,22,0,0,0,0,0,0,1,1
81,1,16,2,2,2,1,0,0,0,1
2393,12,490,0,0,0,0,0,26,0,1
113,20,19,0,0,0,0,0,2,2,1
212,87,50,0,0,0,1,0,0,2,1
161,2,42,1,1,2,1,0,1,2,1
32,1,6,0,0,0,0,0,0,0,1
185,18,41,1,1,2,1,0,0,2,1
89,20,16,0,0,0,0,0,0,2,1
141,23,34,1,1,2,0,0,0,2,1
1873,0,415,0,0,0,0,0,17,0,1
1855,3,396,0,0,0,0,0,29,0,1
237,42,33,0,0,0,0,0,2,0,1
90,1,16,2,2,2,1,0,0,0,1
123,14,24,0,0,0,0,0,0,1,1
403,7,159,0,0,0,0,0,4,4,1
125,20,22,0,0,0,0,0,0,2,1
98,20,18,0,0,0,0,0,0,2,1
90,24,16,0,0,0,0,0,0,2,1
197,45,41,1,1,2,1,0,0,1,1
112,13,18,0,0,0,0,0,0,1,1
1420,3,290,0,0,0,0,0,21,0,1
91,10,16,0,0,0,0,0,2,1,1
78,13,17,0,0,2,1,0,0,1,1
90,20,16,0,0,0,0,0,1,2,1
92,20,15,0,0,0,0,0,0,2,1
113,20,26,1,1,2,1,0,0,2,1
3802,9,1067,25,25,0,0,0,13,0,1
77,20,14,0,0,0,0,0,0,2,1
181,2,48,1,1,2,1,0,1,2,1
95,20,18,0,0,0,0,0,0,2,1
117,0,31,0,0,2,1,0,0,2,1
147,9,35,1,1,2,1,0,3,1,1
136,0,34,1,1,1,1,0,1,2,1
76,19,14,0,0,0,0,0,1,2,1
75,8,19,0,0,2,1,0,0,1,1
98,8,22,0,0,2,1,0,2,2,1
155,0,34,1,1,2,1,0,3,1,1
288,43,45,0,0,0,0,0,1,1,1
111,20,22,0,0,0,0,0,0,2,1
160,23,34,1,1,2,1,0,0,2,1
1391,0,292,0,0,0,0,0,17,0,1
216,35,32,0,0,0,0,0,1,0,1
33,1,7,1,1,1,1,0,0,0,1
169,3,44,1,1,1,1,0,0,2,1
139,2,38,1,1,0,1,0,1,3,1
1662,1,338,0,0,0,0,0,23,0,1
328,4,69,0,0,0,0,0,4,0,1
1582,6,368,0,0,0,0,0,18,0,1
171,2,50,1,1,2,1,0,0,2,1
86,8,18,0,0,2,1,0,3,1,1
148,14,33,1,1,2,1,0,0,2,1
70,4,18,0,0,2,1,0,0,2,1
106,20,17,0,0,0,0,0,0,2,1
55,3,8,0,0,0,0,0,0,0,1
122,3,31,0,0,2,1,0,0,2,1
181,2,43,1,1,2,1,0,0,2,1
156,0,57,11,11,0,1,0,1,0,1
76,8,15,0,0,0,0,0,0,0,1
518,7,104,0,0,0,0,0,6,0,1
116,20,19,0,0,0,0,0,1,2,1
97,20,19,0,0,0,0,0,0,2,1
2831,39,629,0,0,0,0,0,62,0,1
111,22,19,0,0,0,0,0,0,2,1
534,0,101,0,0,0,0,0,13,0,1
98,8,20,0,0,0,0,0,0,3,1
519,0,117,0,0,0,0,0,11,0,1
1455,13,304,0,0,0,0,0,15,0,1
1280,4,260,0,0,0,0,0,19,0,1
131,1,29,1,1,2,1,0,2,2,1
177,1,37,1,1,0,0,0,1,4,1
85,20,14,0,0,0,0,0,0,2,1
85,1,17,0,0,1,0,0,0,2,1
114,20,21,0,0,0,0,0,1,2,1
84,20,15,0,0,0,0,0,0,2,1
489,122,107,4,4,2,5,0,0,1,1
1385,4,274,0,0,0,0,0,26,0,1
292,43,44,0,0,0,0,0,1,1,1
106,0,31,0,0,2,1,0,0,2,1
107,1,23,1,1,1,0,0,0,2,1
146,8,38,1,1,2,1,0,3,2,1
38,5,6,0,0,0,0,0,2,0,1
92,23,18,0,0,0,0,0,0,2,1
81,20,14,0,0,0,0,0,1,2,1
307,40,45,0,0,0,0,0,3,1,1
93,21,16,0,0,0,0,0,1,2,1
81,20,15,0,0,0,0,0,1,2,1
123,14,24,0,0,0,0,0,0,1,1
185,2,51,1,1,2,1,0,0,2,1
91,20,15,0,0,0,0,0,0,2,1
505,6,108,0,0,0,0,0,8,0,1
607,1,128,0,0,0,0,0,10,0,1
564,0,122,0,0,0,0,0,7,0,1
32,4,4,0,0,0,0,0,1,0,1
97,11,21,0,0,2,1,0,0,1,1
81,0,15,0,0,0,0,0,1,0,1
418,191,130,3,3,0,0,0,0,2,1
95,0,21,2,2,2,1,0,0,1,1
106,8,17,1,1,0,0,0,0,2,1
81,19,16,0,0,0,0,0,1,2,1
86,20,14,0,0,0,0,0,0,2,1
90,7,19,0,0,2,1,0,0,2,1
532,43,84,4,4,2,1,0,8,1,1
93,19,17,0,0,0,0,0,1,2,1
109,1,29,0,0,2,1,0,0,2,1
124,22,24,0,0,0,0,0,1,2,1
113,0,30,0,0,2,1,0,0,2,1
87,20,15,0,0,0,0,0,0,2,1
236,38,33,0,0,0,0,0,1,0,1
187,2,48,1,1,2,1,0,2,2,1
48,5,8,0,0,0,0,0,0,1,1
115,8,23,1,1,2,1,0,0,1,1
261,36,34,0,0,0,0,0,2,0,1
75,19,14,0,0,0,0,0,0,2,1
107,11,23,1,1,2,1,0,0,2,1
8,0,0,0,0,0,0,0,0,0,1
33,5,4,0,0,0,0,0,1,0,1
107,20,18,0,0,0,0,0,0,2,1
260,29,59,2,2,0,0,0,0,2,1
335,23,72,0,0,0,0,0,4,0,1
303,51,46,0,0,0,0,0,3,1,1
96,0,28,0,0,2,1,0,1,1,1
212,4,57,2,2,2,1,0,1,2,1
68,13,16,0,0,2,1,0,0,1,1
164,17,34,1,1,0,1,0,2,2,1
1078,5,216,0,0,0,0,0,14,0,1
94,19,17,0,0,0,0,0,0,2,1
135,4,38,1,1,1,1,0,0,1,1
33,5,4,0,0,0,0,0,1,0,1
78,20,15,0,0,0,0,0,0,2,1
309,3,64,2,2,2,1,0,5,1,1
149,30,32,0,0,2,1,0,0,1,1
205,3,52,1,1,2,1,0,0,2,1
108,1,26,0,0,2,1,0,0,2,1
251,43,35,0,0,0,0,0,1,0,1
118,11,21,1,1,2,1,0,0,2,1
296,46,48,0,0,0,0,0,1,1,1
519,1,107,0,0,0,0,0,9,0,1
297,49,42,0,0,0,0,0,2,1,1
573,2,114,0,0,0,0,0,14,0,1
86,19,15,0,0,0,0,0,0,2,1
995,0,221,0,0,0,0,0,15,0,1
149,16,34,1,1,2,1,0,0,2,1
253,41,34,0,0,0,0,0,1,0,1
100,15,22,0,0,2,1,0,0,1,1
114,6,20,0,0,0,0,0,0,1,1
168,2,41,1,1,2,1,0,1,3,1
91,20,17,0,0,0,0,0,0,2,1
93,9,19,0,0,2,1,0,2,2,1
86,7,23,0,0,2,1,0,0,2,1
91,10,16,0,0,0,0,0,2,1,1
111,0,26,0,0,2,1,0,1,2,1
153,13,33,1,1,2,0,0,1,3,1
248,41,39,0,0,0,0,0,2,0,1
83,20,15,0,0,0,0,0,1,2,1
428,0,88,0,0,0,0,0,10,0,1
91,20,16,0,0,0,0,0,0,2,1
90,7,21,0,0,0,0,0,0,4,1
98,20,16,0,0,0,0,0,0,2,1
134,3,34,0,0,2,1,0,2,2,1
143,26,31,1,1,2,1,0,0,2,1
112,20,19,0,0,0,0,0,0,2,1
38,5,6,0,0,0,0,0,2,0,1
123,12,29,1,1,1,0,0,2,2,1
84,20,15,0,0,0,0,0,0,2,1
41,0,7,0,0,0,0,0,1,0,1
60,1,8,0,0,0,0,0,0,0,1
32,4,4,0,0,0,0,0,1,0,1
139,0,34,1,1,3,1,0,1,2,1
89,5,19,0,0,0,0,0,1,3,1
308,47,44,0,0,0,0,0,1,1,1
95,9,22,0,0,2,1,0,1,1,1
1181,23,242,0,0,0,0,0,20,0,1
345,155,92,3,3,3,0,0,1,1,1
195,3,43,1,1,2,1,0,1,2,1
107,19,19,0,0,0,0,0,1,2,1
94,0,22,0,0,2,1,0,1,2,1
106,11,22,1,1,2,1,0,0,1,1
514,2,109,0,0,0,0,0,6,0,1
111,1,29,0,0,2,1,0,0,1,1
290,42,45,0,0,0,0,0,2,1,1
289,46,42,0,0,0,0,0,1,1,1
94,20,17,0,0,0,0,0,0,2,1
94,19,18,0,0,0,0,0,0,2,1
130,1,31,0,0,2,1,0,1,2,1
124,15,24,0,0,0,0,0,0,1,1
60,1,16,3,1,3,1,0,1,0,1
81,3,19,0,0,2,1,0,0,1,1
238,43,32,0,0,0,0,0,1,0,1
105,20,19,0,0,0,0,0,0,2,1
177,2,49,1,1,2,1,0,1,2,1
404,182,129,3,3,0,0,0,0,1,1
85,20,15,0,0,0,0,0,0,2,1
85,20,15,0,0,0,0,0,0,2,1
110,4,20,1,1,1,1,0,0,2,1
1109,9,251,0,0,1,0,0,13,0,1
159,13,33,1,1,2,1,0,0,2,1
92,5,22,0,0,2,1,0,0,2,1
485,0,104,0,0,0,0,0,11,0,1
54,5,8,0,0,0,0,0,0,0,1
89,7,22,0,0,2,1,0,0,2,1
86,0,17,0,0,0,0,0,0,2,1
86,10,14,0,0,0,0,0,1,1,1
77,19,13,0,0,0,0,0,0,2,1
86,19,15,0,0,0,0,0,0,2,1
92,20,16,0,0,0,0,0,1,2,1
91,1,26,0,0,2,1,0,1,2,1
37,0,12,1,1,0,1,0,0,0,1
112,20,18,0,0,0,0,0,1,2,1
94,20,17,0,0,0,0,0,1,2,1
248,41,37,0,0,0,0,0,1,0,1
62,2,15,0,0,0,0,0,0,2,1
247,40,37,0,0,0,0,0,3,0,1
80,19,15,0,0,0,0,0,0,2,1
52,5,8,0,0,0,0,0,0,0,1
311,43,47,0,0,0,0,0,5,1,1
95,5,29,0,0,2,1,0,0,1,1
258,41,37,0,0,0,0,0,2,0,1
6373,12,1805,1,0,5,0,0,11,0,1
52,1,8,0,0,0,0,0,0,0,1
2921,9,592,0,0,0,0,0,40,0,1
148,20,30,1,1,2,1,0,3,2,1
86,20,16,0,0,0,0,0,0,2,1
60,7,10,0,0,0,0,0,0,0,1
470,184,139,4,4,1,0,0,1,1,1
305,19,50,2,2,3,1,0,2,1,1
182,15,39,1,1,2,0,0,1,3,1
117,14,28,1,1,0,0,0,0,1,1
62,0,14,0,0,0,0,0,0,1,1
382,61,92,3,3,2,1,0,1,1,1
33,5,4,0,0,0,0,0,1,0,1
139,16,32,1,1,2,1,0,1,2,1
2038,45,641,76,76,6,0,0,23,1,1
112,12,24,1,1,1,1,0,0,2,1
115,6,18,0,0,0,0,0,0,1,1
242,42,33,0,0,0,0,0,2,0,1
57,8,14,0,0,0,0,0,0,0,1
122,9,26,1,1,1,1,0,1,1,1
309,44,47,0,0,0,0,0,1,1,1
38,5,6,0,0,0,0,0,2,0,1
49,10,11,0,0,0,0,0,0,0,1
185,11,39,1,1,2,0,0,1,2,1
299,46,44,0,0,0,0,0,1,1,1
81,19,15,0,0,0,0,0,1,2,1
116,1,29,0,0,2,1,0,1,1,1
124,0,32,0,0,2,1,0,1,2,1
377,0,80,0,0,0,0,0,3,0,1
2350,15,499,0,0,0,0,0,37,0,1
93,20,17,0,0,0,0,0,0,2,1
46,3,12,1,0,0,0,2,2,0,1
185,2,49,1,1,2,1,0,0,1,1
8882,31,1941,0,0,0,0,0,101,0,1
93,0,27,0,0,2,1,0,0,1,1
116,12,22,0,0,0,0,0,0,1,1
90,20,15,0,0,0,0,0,0,2,1
302,43,45,0,0,0,0,0,2,1,1
100,0,19,0,0,0,0,0,0,3,1
429,25,74,0,0,2,1,0,1,2,1
114,2,30,0,0,2,1,0,0,2,1
42,8,10,0,0,0,0,0,0,0,1
84,19,16,0,0,0,0,0,1,2,1
106,1,26,0,0,2,1,0,0,1,1
74,3,13,0,0,1,1,0,0,2,1
482,4,96,0,0,0,0,0,10,0,1
4047,12,843,0,0,0,0,0,72,0,1
110,24,22,0,0,0,0,0,0,2,1
94,20,17,0,0,0,0,0,0,2,1
168,6,35,1,1,2,1,0,1,2,1
1913,14,416,0,0,0,0,0,26,0,1
142,1,27,0,0,0,0,0,2,0,1
959,9,198,0,0,0,0,0,16,0,1
38,5,6,0,0,0,0,0,2,0,1
90,20,17,0,0,0,0,0,0,2,1
241,43,37,0,0,0,0,0,1,0,1
90,9,16,0,0,0,0,0,2,1,1
57,2,9,0,0,0,0,0,0,0,1
1780,24,384,0,0,0,0,0,25,0,1
43,0,11,0,0,0,0,0,0,2,1
193,2,48,1,1,2,1,0,0,2,1
80,20,15,0,0,0,0,0,0,2,1
86,10,14,0,0,0,0,0,1,1,1
91,10,16,0,0,0,0,0,2,1,1
191,6,51,1,1,2,1,0,0,2,1
128,12,27,2,2,3,0,0,1,1,1
155,21,35,0,0,4,2,0,0,1,1
196,16,43,1,1,2,1,0,0,2,1
144,31,33,0,0,0,0,0,0,2,1
87,20,16,0,0,0,0,0,0,2,1
84,0,22,0,0,0,0,0,0,2,1
2539,7,708,12,13,1,0,0,6,0,1
113,20,21,0,0,0,0,0,2,2,1
156,2,41,1,1,1,1,0,0,2,1
124,18,28,1,1,2,1,0,0,1,1
91,19,16,0,0,0,0,0,0,2,1
166,2,47,1,1,2,1,0,2,1,1
86,20,16,0,0,0,0,0,0,2,1
660,5,140,0,0,0,0,0,10,0,1
111,10,18,0,0,0,0,0,0,1,1
397,0,81,0,0,0,0,0,10,0,1
112,11,19,0,0,0,0,0,0,1,1
276,44,41,0,0,0,0,0,2,1,1
1087,2,231,0,0,0,0,0,11,0,1
17656,40,5467,13,13,1,0,0,142,1,1
110,0,28,0,0,2,1,0,0,2,1
925,2,197,0,0,0,0,0,19,0,1
190,2,49,1,1,2,1,0,0,1,1
110,20,18,0,0,0,0,0,0,2,1
88,5,17,0,0,2,1,0,1,2,1
66,0,12,0,0,0,0,0,0,0,1
224,6,73,12,18,11,6,0,0,0,1
106,0,29,0,0,2,1,0,0,2,1
1338,7,272,0,0,0,0,0,20,0,1
1999,4,417,0,0,0,0,0,26,0,1
79,2,13,0,0,1,1,0,1,1,1
204,34,48,1,1,2,1,0,1,1,1
93,20,18,0,0,0,0,0,0,2,1
115,22,27,0,1,1,0,0,0,0,1
115,11,19,0,0,0,0,0,0,1,1
110,8,85,0,0,0,0,0,0,0,1
86,20,16,0,0,0,0,0,1,2,1
87,20,16,0,0,0,0,0,0,2,1
156,14,30,1,1,2,1,0,0,1,1
105,20,18,0,0,0,0,0,0,2,1
100,20,18,0,0,0,0,0,1,2,1
865,5,179,0,0,0,0,0,13,0,1
33,5,4,0,0,0,0,0,1,0,1
117,20,21,0,0,0,0,0,2,2,1
53,1,21,2,3,2,1,0,0,0,1
252,40,33,0,0,0,0,0,1,0,1
418,0,90,0,0,0,0,0,5,0,1
197,4,75,2,2,2,1,0,2,0,1
90,22,18,0,0,0,0,0,1,2,1
94,20,17,0,0,0,0,0,0,2,1
742,6,162,0,0,0,0,0,10,0,1
579,1,160,0,0,0,0,0,2,2,1
147,24,33,1,1,2,1,0,0,2,1
52,4,8,0,0,0,0,0,0,0,1
53,1,8,0,0,0,0,0,0,0,1
483,2,99,0,0,0,0,0,12,0,1
103,19,18,0,0,0,0,0,1,2,1
82,20,15,0,0,0,0,0,1,2,1
243,38,34,0,0,0,0,0,3,0,1
164,2,39,1,1,2,1,0,1,1,1
98,17,23,0,0,2,1,0,0,2,1
596,0,229,2,2,0,0,0,5,1,1
96,20,17,0,0,0,0,0,1,2,1
95,20,18,0,0,0,0,0,0,2,1
257,14,60,2,2,0,0,0,0,2,1
52,2,9,0,0,0,0,0,0,0,1
94,20,16,0,0,0,0,0,0,2,1
117,13,22,0,0,0,0,0,0,1,1
131,16,31,1,1,3,1,0,0,2,1
225,11,48,1,1,2,1,0,2,1,1
140,20,26,0,0,0,0,0,1,2,1
83,20,15,0,0,0,0,0,0,2,1
245,41,35,0,0,0,0,0,2,0,1
105,1,27,0,0,2,1,0,3,2,1
92,8,22,0,0,2,1,0,0,1,1
105,20,19,0,0,0,0,0,0,2,1
95,15,21,0,0,2,1,0,1,2,1
116,10,28,1,1,0,0,0,0,2,1
286,19,62,2,2,0,1,1,3,2,1
113,11,18,0,0,0,0,0,0,1,1
128,12,28,1,1,2,1,0,2,1,1
115,10,18,0,0,0,0,0,0,1,1
86,10,14,0,0,0,0,0,1,1,1
147,3,36,1,1,0,0,0,1,2,1
1721,9,376,0,0,0,0,0,15,0,1
108,20,21,0,0,0,0,0,1,2,1
33,0,9,0,0,1,1,0,0,0,1
60,6,8,0,0,0,0,0,0,0,1
202,2,51,1,1,2,1,0,1,2,1
383,153,114,3,3,0,0,0,0,2,1
317,0,67,0,0,0,0,0,5,0,1
201,15,33,1,1,1,1,0,3,2,1
84,20,15,0,0,0,0,0,0,2,1
53,2,8,0,0,0,0,0,0,0,1
234,38,31,0,0,0,0,0,2,0,1
118,1,32,0,0,2,1,0,0,2,1
109,20,20,0,0,0,0,0,0,2,1
597,0,124,0,0,0,0,0,8,0,1
93,20,16,0,0,0,0,0,0,2,1
206,10,58,1,1,1,1,0,2,2,1
122,1,32,0,0,2,1,0,1,2,1
712,0,135,0,0,0,0,0,16,0,1
532,0,111,0,0,0,0,0,1,0,1
116,12,21,0,0,2,1,0,2,2,1
5780,83,1649,2,0,6,0,0,109,3,1
520,0,91,0,0,0,0,0,9,0,1
663,3,150,0,0,0,0,0,8,0,1
502,66,62,4,4,2,1,0,0,2,1
639,3,125,0,0,0,0,0,8,0,1
120,13,26,1,1,2,1,0,1,2,1
101,0,27,0,0,2,1,0,0,1,1
317,43,47,0,0,0,0,0,2,1,1
385,43,55,0,0,2,0,0,7,2,1
102,20,20,0,0,0,0,0,1,2,1
168,32,37,0,0,1,1,0,0,3,1
159,0,37,1,1,2,1,0,0,2,1
121,11,27,1,1,2,1,0,0,2,1
271,0,55,0,0,0,0,0,4,0,1
260,44,37,0,0,0,0,0,2,0,1
230,4,50,0,0,0,0,0,3,0,1
86,10,14,0,0,0,0,0,1,1,1
106,0,25,0,0,2,1,0,0,2,1
211,19,31,0,0,0,1,0,0,2,1
134,14,30,1,1,2,1,0,1,2,1
57,6,8,0,0,0,0,0,0,0,1
78,19,14,0,0,0,0,0,0,2,1
120,15,27,1,1,2,1,0,0,2,1
100,20,20,0,0,0,0,0,0,2,1
83,20,16,0,0,0,0,0,0,2,1
1053,0,207,0,0,0,0,0,15,0,1
2642,31,554,0,0,0,0,0,40,0,1
1097,1,233,0,0,0,0,0,19,0,1
82,20,16,0,0,0,0,0,0,2,1
123,11,21,1,1,2,1,0,3,1,1
86,10,14,0,0,0,0,0,1,1,1
1178,12,254,0,0,0,0,0,18,0,1
133,11,29,1,1,2,1,0,3,2,1
91,6,17,0,0,0,0,0,0,2,1
82,19,15,0,0,0,0,0,0,2,1
110,14,22,1,1,1,1,0,0,2,1
127,20,25,0,0,0,0,0,1,2,1
297,42,43,0,0,0,0,0,2,1,1
100,20,17,0,0,0,0,0,0,2,1
703,1,155,0,0,0,0,0,9,0,1
317,52,49,0,0,0,0,0,1,1,1
124,0,32,0,0,2,1,0,1,2,1
118,3,27,0,0,2,1,0,1,2,1
2141,47,788,4,3,0,0,0,8,0,1
687,4,140,0,0,0,0,0,13,0,1
159,9,40,1,1,1,1,0,0,2,1
86,10,14,0,0,0,0,0,1,1,1
535,11,114,0,0,0,0,0,10,0,1
315,42,45,0,0,0,0,0,4,1,1
131,18,33,1,1,2,1,0,2,1,1
84,20,15,0,0,0,0,0,0,2,1
288,43,41,0,0,0,0,0,4,1,1
96,22,17,0,0,0,0,0,0,2,1
79,20,15,0,0,0,0,0,0,2,1
104,22,17,0,0,0,0,0,0,2,1
945,14,338,1,3,0,0,0,6,2,1
477,2,99,0,0,0,0,0,4,0,1
85,21,17,0,0,0,0,0,0,2,1
137,14,34,1,1,2,1,0,2,3,1
1338,9,284,0,0,0,0,0,21,0,1
33,5,4,0,0,0,0,0,1,0,1
156,7,38,1,1,2,1,0,0,1,1
109,0,28,0,0,2,1,0,0,1,1
1045,23,408,1,0,8,0,0,7,0,1
100,19,22,0,0,2,1,0,0,2,1
533,0,111,0,0,0,0,0,3,0,1
125,0,32,0,0,2,1,0,1,2,1
192,30,42,1,1,2,0,0,1,3,1
93,0,26,0,0,2,1,0,0,2,1
249,38,37,0,0,0,0,0,1,0,1
33,5,4,0,0,0,0,0,1,0,1
66,7,15,0,0,0,0,0,1,0,1
135,1,32,1,1,2,1,0,0,1,1
2247,22,483,0,0,0,0,0,25,0,1
104,0,28,0,0,2,1,0,0,2,1
86,20,15,0,0,0,0,0,1,2,1
436,3,93,0,0,0,0,0,5,0,1
73,2,23,4,4,0,0,0,0,2,1
104,0,28,0,0,1,0,0,0,3,1
114,7,24,1,1,0,0,0,1,3,1
117,8,26,1,1,2,1,0,0,2,1
110,14,25,1,1,2,1,0,2,2,1
309,42,45,0,0,0,0,0,4,1,1
104,20,19,0,0,0,0,0,1,2,1
107,0,29,0,0,2,1,0,1,2,1
1892,8,410,0,0,0,0,0,32,0,1
139,16,31,1,1,2,1,0,0,2,1
520,3,113,0,0,0,0,0,4,0,1
114,9,19,0,0,0,0,0,2,1,1
3144,16,706,0,0,0,0,0,54,0,1
696,1,152,0,0,0,0,0,8,0,1
120,13,19,0,0,0,0,0,0,1,1
135,0,28,1,1,0,0,0,1,2,1
422,8,80,0,0,0,0,0,6,0,1
179,2,48,1,1,2,1,0,0,1,1
73,7,20,0,0,2,1,0,0,1,1
38,5,6,0,0,0,0,0,2,0,1
169,2,47,1,1,2,1,0,1,2,1
116,8,27,1,1,1,1,0,0,1,1
296,42,41,0,0,0,0,0,1,1,1
108,0,18,0,0,0,0,0,2,0,1
475,0,84,0,0,0,0,0,4,0,1
284,40,42,0,0,0,0,0,2,1,1
120,10,28,1,1,2,1,0,1,1,1
9313,49,3020,3,3,0,0,0,32,1,1
139,12,27,1,1,2,1,0,0,1,1
190,2,48,1,1,1,1,0,1,2,1
238,36,33,0,0,0,0,0,2,0,1
134,0,25,0,0,0,0,0,2,0,1
93,9,19,0,0,2,1,0,1,2,1
714,0,150,0,0,0,0,0,10,0,1
163,13,38,1,1,0,1,0,1,2,1
188,35,43,1,1,2,1,0,0,2,1
157,18,33,1,1,2,1,0,0,2,1
99,20,18,0,0,0,0,0,1,2,1
162,4,37,2,3,2,1,0,2,2,1
256,40,36,0,0,0,0,0,2,0,1
54,3,8,0,0,0,0,0,0,0,1
113,6,18,0,0,0,0,0,0,1,1
410,4,87,0,0,0,0,0,5,0,1
56,0,11,0,0,0,0,0,1,0,1
252,28,61,2,2,2,3,0,0,1,1
124,0,31,0,0,2,1,0,0,1,1
248,14,59,2,2,0,0,0,0,2,1
90,20,16,0,0,0,0,0,0,2,1
329,44,49,0,0,0,0,0,1,1,1
133,3,35,0,0,2,1,0,2,2,1
3066,15,628,0,0,0,0,0,48,0,1
904,1,196,0,0,0,0,0,20,0,1
262,43,40,0,0,0,0,0,1,0,1
1448,5,527,1,9,0,0,0,9,0,1
90,20,16,0,0,0,0,0,0,2,1
106,0,28,0,0,2,1,0,1,2,1
83,20,15,0,0,0,0,0,0,2,1
135,13,29,1,1,2,1,0,0,2,1
167,5,43,1,1,1,1,0,1,2,1
188,2,49,1,1,2,1,0,1,2,1
38,5,6,0,0,0,0,0,2,0,1
392,0,82,0,0,0,0,0,3,0,1
4538,23,1380,0,1,3,0,0,38,0,1
110,12,20,0,0,2,1,0,0,2,1
192,14,43,1,1,2,1,0,2,2,1
1331,1,261,0,0,0,0,0,19,0,1
81,19,15,0,0,0,0,0,0,2,1
159,0,33,2,2,2,0,0,2,0,1
26,0,0,0,0,0,0,0,0,0,1
506,60,94,4,4,2,1,0,8,2,1
764,0,158,0,0,0,0,0,12,0,1
79,19,14,0,0,0,0,0,0,2,1
32,0,5,0,0,0,0,0,0,0,1
305,44,46,0,0,0,0,0,2,1,1
175,2,48,1,1,2,1,0,1,2,1
89,0,14,0,0,0,0,0,1,0,1
102,20,19,0,0,0,0,0,1,2,1
296,42,44,0,0,0,0,0,3,1,1
90,0,25,0,0,2,1,0,1,2,1
84,24,17,0,0,0,0,0,0,2,1
122,13,24,0,0,0,0,0,0,1,1
261,38,53,2,2,0,0,0,4,1,1
318,2,65,0,0,0,0,0,3,0,1
126,11,25,1,1,0,0,0,0,3,1
86,20,16,0,0,0,0,0,0,2,1
105,19,20,0,0,0,0,0,0,2,1
86,10,14,0,0,0,0,0,1,1,1
1005,10,409,9,6,1,0,0,4,0,1
40,0,6,0,0,0,0,0,0,0,1
79,2,21,0,0,0,0,0,1,2,1
171,2,48,1,1,2,1,0,1,2,1
2051,16,820,3,5,0,0,0,14,7,1
1117,6,237,0,0,0,0,0,20,0,1
90,9,16,0,0,0,0,0,2,1,1
79,8,16,0,0,0,0,0,1,3,1
9512,9,2483,0,1,1,0,0,174,0,1
101,0,25,0,0,2,1,0,0,2,1
120,10,30,1,1,1,1,0,1,1,1
126,17,28,1,1,2,1,0,1,2,1
445,0,88,0,0,0,0,0,9,0,1
876,0,180,0,0,0,0,0,5,0,1
140,16,29,1,1,2,1,0,0,1,1
94,20,18,0,0,0,0,0,0,2,1
326,43,48,0,0,0,0,0,3,1,1
662,8,148,0,0,0,0,0,10,0,1
90,17,21,0,0,0,1,0,0,2,1
404,12,144,2,2,3,0,0,2,1,1
185,2,49,1,1,2,1,0,0,2,1
271,0,48,0,0,0,0,0,3,0,1
38,5,6,0,0,0,0,0,2,0,1
358,1,70,0,0,0,0,0,4,0,1
143,16,29,1,1,2,1,0,1,1,1
117,1,31,0,0,2,1,0,1,2,1
263,14,61,2,2,0,0,0,0,3,1
102,20,17,0,0,0,0,0,1,2,1
93,3,24,0,0,0,1,0,2,2,1
1771,7,622,0,0,0,0,0,10,1,1
106,19,25,1,1,2,1,0,0,1,1
58,5,8,0,0,0,0,0,1,0,1
123,13,29,1,1,2,1,0,0,1,1
90,13,22,0,0,2,1,0,0,2,1
254,14,59,2,2,0,0,0,1,3,1
136,0,44,0,0,0,0,0,2,0,1
99,20,17,0,0,0,0,0,1,2,1
120,12,22,0,0,0,0,0,0,1,1
300,50,46,0,0,0,0,0,1,1,1
1140,0,250,0,0,0,0,0,19,0,1
110,5,25,1,1,1,0,0,0,2,1
310,44,48,0,0,0,0,0,2,1,1
2606,11,556,0,0,0,0,0,33,0,1
93,1,26,0,0,2,1,0,0,1,1
55,1,8,0,0,0,0,0,0,0,1
234,39,33,0,0,0,0,0,2,0,1
106,20,19,0,0,0,0,0,0,2,1
70,6,16,0,0,0,1,0,1,1,1
97,13,28,0,0,2,1,0,2,1,1
116,0,28,0,0,2,1,0,0,2,1
10274,11,2514,2,2,21,0,0,43,3,1
829,6,178,0,0,0,0,0,14,0,1
311,35,66,2,2,2,1,0,1,2,1
85,21,16,0,0,0,0,0,1,2,1
467,2,98,0,0,0,0,0,2,0,1
226,35,31,0,0,0,0,0,2,0,1
123,15,28,1,1,2,1,0,0,1,1
178,11,44,1,1,2,1,0,1,2,1
126,0,29,1,1,1,1,0,1,2,1
1075,9,236,0,0,0,0,0,13,0,1
51,0,9,0,0,0,0,0,1,0,1
103,5,21,0,0,0,0,0,2,2,1
79,9,17,0,0,2,1,0,0,1,1
88,19,16,0,0,0,0,0,0,2,1
116,22,22,0,0,0,0,0,1,2,1
465,0,100,0,0,0,0,0,6,0,1
1014,13,219,0,0,0,0,0,14,0,1
173,16,35,1,1,2,1,0,1,1,1
100,20,18,0,0,0,0,0,0,2,1
90,21,17,0,0,0,0,0,0,2,1
321,0,69,0,0,0,0,0,4,0,1
115,9,16,0,0,3,1,0,1,0,1
1529,2,625,26,26,0,0,0,12,0,1
107,20,19,0,0,0,0,0,0,2,1
1954,0,423,0,0,0,0,0,26,0,1
107,5,26,0,0,2,1,0,0,1,1
124,0,30,0,0,2,1,0,2,2,1
229,38,49,2,2,1,1,0,0,2,1
173,2,48,1,1,2,1,0,0,2,1
3070,1,831,0,0,3,0,0,20,0,1
1742,7,383,0,0,0,0,0,27,0,1
181,20,43,1,1,2,1,0,2,2,1
42,8,9,0,0,0,0,0,0,0,1
100,21,20,0,0,0,0,0,0,2,1
38,5,6,0,0,0,0,0,2,0,1
1299,5,273,0,0,0,0,0,22,0,1
405,4,86,0,0,0,0,0,5,0,1
109,5,26,0,0,2,1,0,0,1,1
114,14,32,1,1,2,1,0,0,2,1
1926,6,439,0,0,0,0,0,33,0,1
268,43,40,0,0,0,0,0,2,0,1
59,1,9,0,0,0,0,0,1,0,1
2128,35,426,0,0,0,0,0,20,0,1
235,39,32,0,0,0,0,0,5,0,1
125,0,30,0,0,2,1,0,2,2,1
88,19,16,0,0,0,0,0,0,2,1
686,1,137,0,0,0,0,0,7,0,1
137,9,31,1,1,2,0,0,1,3,1
162,1,38,1,1,2,0,0,0,2,1
115,20,19,0,0,0,0,0,0,2,1
97,20,17,0,0,0,0,0,0,2,1
95,20,17,0,0,0,0,0,1,2,1
1071,0,232,0,0,0,0,0,14,0,1
187,33,39,1,1,1,0,0,0,4,1
120,12,22,0,0,0,0,0,0,1,1
237,43,35,0,0,0,0,0,3,0,1
108,20,19,0,0,0,0,0,0,2,1
130,22,25,0,0,0,0,0,1,2,1
576,0,120,0,0,0,0,0,9,0,1
107,0,25,0,0,2,1,0,0,2,1
100,0,29,0,0,2,1,0,0,2,1
103,13,20,0,0,0,0,0,2,2,1
96,20,19,0,0,0,0,0,0,2,1
1305,11,276,0,0,0,0,0,23,0,1
290,42,43,0,0,0,0,0,2,1,1
1237,4,270,0,0,0,0,0,17,0,1
119,19,27,1,1,2,1,0,0,2,1
198,25,36,1,1,3,0,0,0,3,1
90,20,16,0,0,0,0,0,0,2,1
1767,3,373,0,0,0,0,0,23,0,1
1785,6,375,0,0,0,0,0,30,0,1
129,11,30,1,1,2,1,0,0,3,1
55,1,8,0,0,0,0,0,0,0,1
105,13,21,0,0,2,1,0,0,2,1
107,0,28,0,0,2,1,0,1,2,1
59,8,12,0,0,0,0,0,0,0,1
1542,12,315,0,0,0,0,0,18,0,1
789,3,152,0,0,0,0,0,11,0,1
328,43,48,0,0,0,0,0,2,1,1
61,0,19,2,2,2,0,0,1,1,1
101,4,25,0,0,0,1,0,2,2,1
167,12,16,1,1,4,1,0,2,1,1
300,47,46,0,0,0,0,0,2,1,1
427,76,98,4,4,1,1,0,2,4,1
142,0,37,1,1,2,1,0,1,1,1
76,15,15,0,0,2,0,0,0,1,1
78,19,13,0,0,0,0,0,0,2,1
152,2,39,1,1,2,1,0,1,2,1
759,2,147,0,0,0,0,0,13,0,1
91,20,16,0,0,0,0,0,0,2,1
2531,43,554,0,0,0,0,0,35,0,1
114,20,21,0,0,0,0,0,1,2,1
93,19,17,0,0,0,0,0,0,2,1
90,20,15,0,0,0,0,0,1,2,1
1320,2,286,0,0,0,0,0,18,0,1
127,0,23,0,0,0,0,0,1,0,1
230,37,33,0,0,0,0,0,2,0,1
16,1,10,0,0,0,1,0,0,0,1
100,0,15,0,0,0,0,0,0,0,1
765,6,160,0,0,0,0,0,8,0,1
133,2,33,1,1,1,1,0,0,2,1
136,17,28,1,1,0,0,0,1,2,1
580,4,121,0,0,0,0,0,7,0,1
718,121,149,6,6,4,1,0,7,3,1
40,1,9,1,1,1,1,0,0,0,1
472,0,99,0,0,0,0,0,0,0,1
209,2,48,2,2,0,0,0,0,0,1
153,4,30,0,0,0,0,0,2,0,1
730,10,152,0,0,0,0,0,13,0,1
230,37,32,0,0,0,0,0,1,0,1
802,0,163,0,0,0,0,0,10,0,1
86,20,16,0,0,0,0,0,0,2,1
241,5,63,7,7,0,0,0,0,0,1
115,4,31,0,0,2,1,0,0,2,1
95,5,29,0,0,2,1,0,0,1,1
91,10,16,0,0,0,0,0,2,1,1
117,0,31,0,0,2,1,0,2,1,1
100,20,18,0,0,0,0,0,0,2,1
98,20,19,0,0,0,0,0,1,2,1
830,7,178,0,0,0,0,0,17,0,1
108,20,18,0,0,0,0,0,0,2,1
458,6,108,0,0,0,0,0,8,0,1
162,13,32,1,1,0,1,1,4,2,1
80,19,15,0,0,0,0,0,0,2,1
87,5,21,0,0,1,0,0,0,2,1
287,45,45,0,0,0,0,0,1,1,1
171,11,36,1,1,3,0,0,0,2,1
184,30,42,1,1,2,1,0,1,2,1
264,0,63,0,0,0,0,0,3,0,1
82,20,15,0,0,0,0,0,1,2,1
79,20,14,0,0,0,0,0,0,2,1
155,27,34,1,1,2,1,0,1,1,1
120,12,22,0,0,0,0,0,0,1,1
238,39,34,0,0,0,0,0,1,0,1
108,16,26,0,1,1,0,0,0,0,1
101,20,19,0,0,0,0,0,0,2,1
1012,5,214,0,0,0,0,0,19,0,1
103,20,19,0,0,0,0,0,0,2,1
95,0,23,0,0,2,1,0,2,1,1
1380,17,289,0,0,0,0,0,23,0,1
149,5,35,1,1,2,1,0,1,2,1
1498,11,295,0,0,0,0,0,23,0,1
59,2,9,0,0,0,0,0,0,0,1
75,20,13,0,0,0,0,0,0,2,1
52,1,8,0,0,0,0,0,0,0,1
142,0,36,1,1,1,1,0,1,2,1
52,9,16,2,2,1,0,0,1,0,1
113,14,27,1,1,2,1,0,2,1,1
85,20,16,0,0,0,0,0,0,2,1
86,20,15,0,0,0,0,0,0,2,1
246,38,36,0,0,0,0,0,2,0,1
122,18,29,1,1,2,1,0,0,1,1
63,6,12,0,0,0,0,0,1,0,1
81,20,14,0,0,0,0,0,0,2,1
111,1,16,2,2,2,1,0,0,0,1
69,20,12,0,0,0,0,0,0,2,1
111,20,20,0,0,0,0,0,0,2,1
263,41,34,0,0,0,0,0,3,0,1
89,13,20,0,0,2,1,0,0,1,1
115,11,22,0,0,0,0,0,0,1,1
101,20,18,0,0,0,0,0,2,2,1
236,38,34,0,0,0,0,0,2,0,1
120,19,20,0,0,0,0,0,0,2,1
95,0,27,0,0,2,1,0,0,1,1
86,10,14,0,0,0,0,0,1,1,1
143,27,32,1,1,2,1,0,0,2,1
869,1,171,0,0,0,0,0,6,0,1
37,1,7,1,1,1,1,0,0,0,1
2045,4,429,0,0,0,0,0,19,0,1
305,0,66,0,0,0,0,0,6,0,1
176,27,39,1,1,0,0,0,0,3,1
83,20,16,0,0,0,0,0,0,2,1
59,2,9,0,0,0,0,0,0,0,1
86,22,17,0,0,0,0,0,0,2,1
142,1,34,1,1,2,1,0,1,2,1
207,1,46,0,0,0,0,0,1,0,1
143,8,31,1,1,2,1,0,1,2,1
83,20,16,0,0,0,0,0,0,2,1
1570,10,329,0,0,0,0,0,15,0,1
16919,182,5990,8,0,0,0,0,118,0,1
228,38,34,0,0,0,0,0,2,0,1
89,20,16,0,0,0,0,0,0,2,1
90,14,23,0,0,2,1,0,0,2,1
1016,6,207,0,0,0,0,0,12,0,1
113,8,18,0,0,0,0,0,0,1,1
505,2,102,0,0,0,0,0,8,0,1
33,5,4,0,0,0,0,0,1,0,1
421,0,86,0,0,0,0,0,6,0,1
85,20,15,0,0,0,0,0,0,2,1
159,3,36,0,0,0,0,0,2,0,1
243,40,35,0,0,0,0,0,2,0,1
1127,3,230,0,0,0,0,0,20,0,1
996,1,208,0,0,0,0,0,15,0,1
138,25,18,0,0,2,1,0,1,1,1
73,19,13,0,0,0,0,0,0,2,1
115,0,28,0,0,2,1,0,0,2,1
29,0,5,0,0,0,0,0,0,0,1
90,7,21,0,0,2,1,0,0,1,1
289,43,45,0,0,0,0,0,1,1,1
287,46,43,0,0,0,0,0,3,1,1
2073,3,429,0,0,0,0,0,26,0,1
180,15,32,1,1,2,1,0,1,1,1
74,8,51,0,0,0,0,0,0,0,1
165,4,37,1,1,2,0,0,1,1,1
224,9,42,1,1,2,1,0,0,1,1
89,15,17,0,0,1,1,0,0,1,1
52,1,9,0,0,0,0,0,0,0,1
126,11,34,1,1,2,0,0,0,1,1
132,24,24,1,1,2,1,0,2,2,1
254,16,61,2,2,0,0,0,0,4,1
84,20,17,0,0,0,0,0,0,2,1
255,30,47,2,2,4,2,0,1,2,1
111,20,19,0,0,0,0,0,0,2,1
64,0,14,0,0,0,0,0,1,4,1
76,7,20,0,0,2,1,0,0,1,1
298,48,44,0,0,0,0,0,1,1,1
83,20,15,0,0,0,0,0,0,2,1
1084,12,239,0,0,0,0,0,13,0,1
482,0,94,0,0,0,0,0,5,0,1
954,1,200,0,0,0,0,0,14,0,1
81,20,15,0,0,0,0,0,0,2,1
141,11,32,1,1,1,1,0,0,1,1
195,2,50,1,1,2,1,0,2,2,1
300,41,45,0,0,0,0,0,1,1,1
122,0,32,0,0,2,1,0,1,2,1
1011,3,205,0,0,0,0,0,10,0,1
1377,21,308,0,0,0,0,0,16,0,1
91,20,17,0,0,0,0,0,0,2,1
113,21,25,0,0,0,0,0,0,2,1
2642,33,982,0,0,0,0,0,11,4,1
84,20,15,0,0,0,0,0,0,2,1
95,20,17,0,0,0,0,0,0,2,1
86,20,16,0,0,0,0,0,0,2,1
190,2,47,1,1,1,1,0,3,2,1
102,20,17,0,0,0,0,0,0,2,1
128,3,34,0,0,2,1,0,2,1,1
58,3,8,0,0,0,0,0,0,0,1
112,0,22,0,0,0,0,0,1,0,1
887,12,184,0,0,0,0,0,14,0,1
4500,47,1007,0,0,0,0,0,60,0,1
612,3,132,0,0,0,0,0,9,0,1
86,10,14,0,0,0,0,0,1,1,1
129,13,28,1,1,3,1,0,4,1,1
118,20,22,0,0,0,0,0,1,2,1
173,20,50,1,1,2,2,0,0,2,1
298,46,44,0,0,0,0,0,1,1,1
2716,26,815,4,2,0,0,0,13,2,1
88,20,16,0,0,0,0,0,0,2,1
749,4,162,0,0,0,0,0,11,0,1
81,20,15,0,0,0,0,0,1,2,1
455,0,94,0,0,0,0,0,10,0,1
95,4,25,0,0,0,1,0,0,2,1
2667,2,732,12,12,0,0,0,16,0,1
117,10,18,0,0,0,0,0,0,1,1
111,3,34,0,0,2,1,0,0,1,1
90,0,22,0,0,2,1,0,1,2,1
85,20,15,0,0,0,0,0,0,2,1
89,20,17,0,0,0,0,0,1,2,1
211,33,38,1,1,4,2,0,1,2,1
116,6,19,0,0,0,0,0,0,1,1
97,20,17,0,0,0,0,0,0,2,1
89,20,16,0,0,0,0,0,0,2,1
122,3,31,0,0,2,1,0,0,2,1
940,5,198,0,0,0,0,0,12,0,1
159,0,36,1,1,3,0,0,1,3,1
619,1,128,0,0,0,0,0,6,0,1
713,9,209,2,3,2,0,0,1,0,1
78,19,14,0,0,0,0,0,1,2,1
93,20,17,0,0,0,0,0,1,2,1
101,22,18,0,0,0,0,0,0,2,1
104,8,20,1,1,2,1,0,1,2,1
81,6,17,0,0,2,1,0,1,2,1
876,11,186,0,0,0,0,0,19,0,1
267,39,39,0,0,0,0,0,4,0,1
102,23,17,0,0,0,0,0,0,2,1
90,20,18,0,0,0,0,0,0,2,1
378,8,78,0,0,0,0,0,4,0,1
96,0,27,0,0,2,1,0,0,1,1
131,1,34,1,1,2,1,0,2,2,1
58,7,12,0,0,0,0,0,2,0,1
123,14,24,0,0,0,0,0,0,1,1
256,44,35,0,0,0,0,0,3,0,1
234,43,32,0,0,0,0,0,2,0,1
32,4,4,0,0,0,0,0,1,0,1
395,191,127,3,3,0,0,0,1,1,1
91,20,17,0,0,0,0,0,0,2,1
152,0,39,1,1,2,1,0,0,1,1
91,10,16,0,0,0,0,0,2,1,1
118,0,29,0,0,2,1,0,2,1,1
839,4,169,0,0,0,0,0,13,0,1
99,7,24,0,0,2,1,0,1,2,1
519,0,105,0,0,0,0,0,5,0,1
318,44,66,2,2,4,2,0,0,2,1
100,11,22,0,0,0,0,0,0,3,1
130,10,30,1,1,2,1,0,0,2,1
88,7,18,0,0,2,1,0,1,1,1
403,4,86,0,0,0,0,0,5,0,1
172,15,34,1,1,2,1,0,1,2,1
79,20,14,0,0,0,0,0,0,2,1
183,27,55,0,0,0,0,0,2,1,1
895,7,185,0,0,0,0,0,13,0,1
237,24,55,1,1,2,1,0,1,2,1
86,20,17,0,0,0,0,0,0,2,1
111,7,18,0,0,0,0,0,0,1,1
94,20,16,0,0,0,0,0,0,2,1
74,0,14,0,0,0,0,0,0,0,1
114,9,18,0,0,0,0,0,0,1,1
728,0,161,0,0,0,0,0,11,0,1
86,10,14,0,0,0,0,0,1,1,1
237,37,33,0,0,0,0,0,2,0,1
113,16,28,1,1,2,0,0,1,3,1
166,2,50,1,1,2,1,0,0,1,1
33,5,4,0,0,0,0,0,1,0,1
313,46,49,0,0,0,0,0,2,1,1
431,0,96,0,0,0,0,0,10,0,1
96,18,22,0,0,0,0,0,1,2,1
90,20,16,0,0,0,0,0,0,2,1
109,0,30,0,0,2,1,0,0,2,1
137,21,30,1,1,2,1,0,1,2,1
150,14,35,1,1,2,1,0,0,2,1
86,20,17,0,0,0,0,0,0,2,1
116,0,22,2,2,2,1,0,1,2,1
59,2,8,0,0,0,0,0,1,0,1
119,0,30,0,0,2,1,0,0,2,1
622,3,123,0,0,0,0,0,6,0,1
176,30,38,1,1,2,1,0,1,2,1
565,0,110,0,0,0,0,0,7,0,1
53,5,8,0,0,0,0,0,0,0,1
1233,0,255,0,0,0,0,0,16,0,1
456,1,125,0,0,0,0,0,1,0,1
335,45,88,3,3,3,5,0,0,1,1
123,2,35,0,0,2,1,0,0,1,1
2334,5,505,0,0,0,0,0,40,0,1
173,2,48,1,1,2,1,0,1,2,1
83,8,19,0,0,2,1,0,0,2,1
247,6,56,0,0,0,0,0,3,0,1
117,21,29,2,2,3,0,0,0,0,1
70,20,13,0,0,0,0,0,0,2,1
99,8,24,0,0,2,1,0,0,2,1
254,14,61,2,2,0,0,0,0,3,1
98,22,18,0,0,0,0,0,0,2,1
73,12,21,0,0,0,0,0,0,2,1
12,1,6,0,0,0,1,0,0,0,1
117,6,19,0,0,0,0,0,0,1,1
104,0,25,0,0,2,1,0,3,2,1
705,0,139,0,0,0,0,0,10,0,1
85,20,16,0,0,0,0,0,0,2,1
153,16,33,1,1,4,2,0,0,2,1
73,0,16,0,0,0,0,0,1,2,1
914,2,195,0,0,0,0,0,21,0,1
127,4,32,0,0,2,1,0,1,2,1
1978,25,695,0,0,0,0,0,0,0,1
50,2,19,2,2,3,1,0,0,0,1
87,20,15,0,0,0,0,0,0,2,1
85,20,16,0,0,0,0,0,0,2,1
51,0,6,0,0,0,0,0,1,0,1
330,50,47,0,0,0,0,0,2,1,1
2482,0,492,0,0,0,0,0,32,0,1
129,17,31,1,1,1,0,0,0,4,1
80,20,13,0,0,0,0,0,0,2,1
48,8,13,0,0,0,0,0,0,0,1
126,0,35,0,0,2,1,0,0,2,1
91,19,17,0,0,0,0,0,1,2,1
93,13,21,0,0,2,1,0,0,2,1
252,34,34,0,0,0,0,0,1,0,1
950,0,206,0,0,0,0,0,15,0,1
82,20,15,0,0,0,0,0,0,2,1
96,16,22,0,0,2,1,0,0,2,1
100,7,25,0,0,2,1,0,1,2,1
110,20,18,0,0,0,0,0,2,2,1
80,19,14,0,0,0,0,0,0,2,1
78,4,18,0,0,2,1,0,0,2,1
123,14,24,0,0,0,0,0,0,1,1
91,10,16,0,0,0,0,0,2,1,1
570,4,111,0,0,0,0,0,12,0,1
87,20,17,0,0,0,0,0,0,2,1
33,5,4,0,0,0,0,0,1,0,1
109,20,20,0,0,0,0,0,1,2,1
5465,43,1105,0,0,0,0,0,85,0,1
111,6,18,0,0,0,0,0,0,1,1
244,39,35,0,0,0,0,0,3,0,1
44,8,10,0,0,0,0,0,0,0,1
32,0,4,0,0,0,0,0,1,0,1
91,20,18,0,0,0,0,0,0,2,1
71,21,9,0,0,0,0,0,0,1,1
91,3,26,0,0,2,1,0,0,2,1
145,31,34,1,1,0,0,0,1,3,1
77,0,23,4,4,1,1,0,0,0,1
219,39,49,2,2,0,1,0,3,2,1
85,20,16,0,0,0,0,0,0,2,1
112,6,19,0,0,0,0,0,1,1,1
332,8,75,0,0,0,0,0,4,0,1
80,20,14,0,0,0,0,0,0,2,1
112,20,19,0,0,0,0,0,2,2,1
101,20,19,0,0,0,0,0,0,2,1
153,26,34,1,1,2,1,0,0,2,1
125,21,24,0,0,0,0,0,1,2,1
390,25,69,3,3,1,1,0,1,2,1
91,7,13,1,1,0,0,0,0,0,1
82,20,15,0,0,0,0,0,1,2,1
80,20,15,0,0,0,0,0,0,2,1
219,30,56,2,2,2,1,0,1,1,1
127,14,26,1,1,3,1,0,0,1,1
33,5,4,0,0,0,0,0,1,0,1
105,20,19,0,0,0,0,0,1,2,1
83,20,15,0,0,0,0,0,0,2,1
123,20,22,0,0,0,0,0,0,2,1
91,10,16,0,0,0,0,0,2,1,1
917,2,198,0,0,0,0,0,11,0,1
230,37,30,0,0,0,0,0,3,0,1
77,20,13,0,0,0,0,0,0,2,1
133,26,28,1,1,2,1,0,2,1,1
317,43,48,0,0,0,0,0,2,1,1
289,45,80,2,2,3,5,0,0,1,1
1738,4,342,0,0,0,0,0,29,0,1
85,10,18,0,0,0,1,0,1,2,1
1360,0,448,0,0,0,0,0,9,0,1
127,0,31,0,0,2,1,0,0,2,1
105,24,18,0,0,0,0,0,1,2,1
87,20,15,0,0,0,0,0,0,2,1
111,20,18,0,0,0,0,0,0,2,1
114,8,28,1,1,1,1,0,0,1,1
155,2,39,1,1,1,1,0,1,2,1
218,42,32,0,0,0,0,0,2,0,1
1458,3,300,0,0,0,0,0,19,0,1
359,53,90,3,3,3,5,0,2,2,1
545,3,119,0,0,0,0,0,7,0,1
38,5,6,0,0,0,0,0,2,0,1
95,20,17,0,0,0,0,0,0,2,1
309,50,45,0,0,0,0,0,1,1,1
308,45,46,0,0,0,0,0,3,1,1
54,0,22,0,0,0,0,0,0,0,1
372,0,75,0,0,0,0,0,6,0,1
142,22,33,1,1,0,0,0,0,1,1
634,3,136,0,0,0,0,0,11,0,1
255,37,37,0,0,0,0,0,2,0,1
84,20,15,0,0,0,0,0,0,2,1
169,27,36,1,1,2,0,0,0,3,1
33,5,4,0,0,0,0,0,1,0,1
124,3,33,0,0,2,1,0,2,3,1
74,8,15,0,0,2,1,0,0,1,1
46,8,9,0,0,0,0,0,1,0,1
320,44,45,0,0,0,0,0,3,1,1
134,1,32,1,1,1,1,0,0,1,1
96,13,18,0,0,0,0,0,0,2,1
222,40,33,0,0,0,0,0,2,0,1
1765,16,382,0,0,0,0,0,21,0,1
866,19,172,0,0,0,0,0,9,0,1
88,21,17,0,0,0,0,0,0,2,1
350,0,76,0,0,0,0,0,2,0,1
114,20,20,0,0,0,0,0,2,2,1
122,10,29,1,1,2,0,0,1,3,1
116,2,32,0,0,2,1,0,0,2,1
119,0,31,0,0,2,1,0,0,1,1
158,3,40,1,1,2,1,0,1,4,1
159,22,33,1,1,2,1,0,2,2,1
91,20,17,0,0,0,0,0,0,2,1
173,2,47,1,1,2,1,0,2,2,1
212,0,46,0,0,0,0,0,4,0,1
1545,1,332,0,0,0,0,0,15,0,1
128,2,30,1,1,1,1,0,1,1,1
91,10,16,0,0,0,0,0,2,1,1
153,14,31,1,1,2,1,0,2,2,1
370,45,94,3,3,3,4,0,1,2,1
81,20,15,0,0,0,0,0,0,2,1
44,7,10,0,0,0,0,0,0,0,1
98,20,18,0,0,0,0,0,0,2,1
1514,6,323,0,0,0,0,0,21,0,1
191,4,52,1,1,2,1,0,0,2,1
123,13,24,1,1,2,1,0,0,2,1
57,2,8,0,0,0,0,0,0,0,1
98,20,18,0,0,0,0,0,1,2,1
92,20,17,0,0,0,0,0,0,2,1
83,19,14,0,0,0,0,0,0,2,1
136,21,23,0,0,2,0,0,0,1,1
160,17,37,0,0,2,1,0,0,2,1
111,1,26,0,0,2,1,0,0,2,1
65,0,13,0,0,0,0,0,1,0,1
490,1,102,0,0,0,0,0,8,0,1
97,10,21,0,0,2,1,0,1,1,1
242,22,49,2,2,2,1,0,1,1,1
242,37,31,0,0,0,0,0,1,0,1
97,19,17,0,0,0,0,0,0,2,1
119,12,30,1,1,2,1,0,0,2,1
113,8,18,0,0,0,0,0,0,1,1
106,19,19,0,0,0,0,0,0,2,1
1548,5,298,0,0,0,0,0,30,0,1
109,0,29,0,0,2,1,0,0,2,1
535,131,111,4,4,3,6,0,1,2,1
113,9,26,1,1,2,1,0,1,3,1
188,4,49,1,1,2,1,0,1,2,1
318,42,47,0,0,0,0,0,2,1,1
2134,14,455,0,0,0,0,0,22,0,1
134,5,24,0,0,0,0,0,3,0,1
123,14,24,0,0,0,0,0,0,1,1
117,0,29,0,0,2,1,0,0,2,1
1223,6,250,0,0,0,0,0,23,0,1
110,20,19,0,0,0,0,0,1,2,1
204,36,43,0,0,2,1,0,0,1,1
86,10,14,0,0,0,0,0,1,1,1
493,18,104,0,0,0,0,0,8,0,1
74,20,14,0,0,0,0,0,0,2,1
1746,2,566,0,0,0,0,0,8,0,1
1485,9,281,0,0,0,0,0,24,0,1
398,59,75,3,3,2,0,0,1,2,1
217,19,54,1,1,2,1,0,0,2,1
84,20,15,0,0,0,0,0,0,2,1
219,0,75,0,0,0,0,0,2,0,1
293,43,42,0,0,0,0,0,2,1,1
86,20,15,0,0,0,0,0,0,2,1
101,20,19,0,0,0,0,0,0,2,1
791,3,175,0,0,0,0,0,11,0,1
144,0,32,2,2,2,0,0,0,0,1
233,41,30,0,0,0,0,0,1,0,1
440,6,99,0,0,0,0,0,3,0,1
125,23,27,1,1,2,1,0,0,1,1
2261,1,480,0,0,0,0,0,32,0,1
1095,2,238,0,0,0,0,0,9,0,1
59,7,9,0,0,0,0,0,0,0,1
183,28,37,1,1,2,1,0,2,2,1
953,5,202,0,0,0,0,0,11,0,1
98,19,20,0,0,0,0,0,0,2,1
118,0,32,0,0,2,1,0,1,1,1
109,0,28,0,0,2,1,0,0,1,1
33,5,4,0,0,0,0,0,1,0,1
50,2,8,0,0,0,0,0,0,0,1
91,10,16,0,0,0,0,0,2,1,1
93,20,16,0,0,0,0,0,0,2,1
129,0,30,0,0,2,1,0,0,1,1
96,8,20,0,0,2,1,0,1,1,1
91,20,17,0,0,0,0,0,0,2,1
76,19,15,0,0,0,0,0,0,2,1
58,4,8,0,0,0,0,0,0,0,1
122,11,24,1,1,2,1,0,1,2,1
127,11,30,1,1,0,0,1,1,2,1
255,37,40,0,0,0,0,0,1,0,1
102,0,19,2,3,2,1,0,1,1,1
1532,2,345,0,0,0,0,0,20,0,1
235,37,30,0,0,0,0,0,3,0,1
64,10,8,0,0,0,0,0,0,0,1
87,20,16,0,0,0,0,0,0,2,1
95,21,18,0,0,0,0,0,1,2,1
268,42,40,0,0,0,0,0,3,0,1
121,20,22,0,0,0,0,0,0,2,1
105,0,25,0,0,2,1,0,0,2,1
461,0,92,0,0,0,0,0,3,0,1
403,192,131,3,3,0,0,0,1,1,1
101,20,18,0,0,0,0,0,0,2,1
986,14,215,0,0,0,0,0,8,0,1
281,25,57,2,2,2,0,0,3,3,1
131,19,31,1,1,1,1,0,0,1,1
297,1,67,0,0,0,0,0,3,0,1
1047,6,235,0,0,0,0,0,14,0,1
47,0,7,0,0,0,0,0,0,0,1
177,18,41,1,1,3,1,0,0,3,1
142,22,33,1,1,0,0,0,0,1,1
116,6,18,0,0,0,0,0,0,1,1
109,14,23,1,1,1,1,0,1,1,1
185,2,49,1,1,2,1,0,2,3,1
293,43,44,0,0,0,0,0,3,1,1
274,53,60,2,2,0,0,1,1,2,1
111,7,22,1,1,1,1,0,0,1,1
213,1,46,0,0,0,0,0,1,0,1
65,3,14,1,1,1,0,0,0,0,1
1885,2,404,0,0,0,0,0,21,0,1
252,44,37,0,0,0,0,0,2,0,1
112,7,27,1,1,1,1,0,0,2,1
76,8,15,0,0,0,0,0,1,0,1
123,14,24,0,0,0,0,0,0,1,1
1014,10,212,0,0,0,0,0,12,0,1
119,7,20,0,0,0,0,0,0,1,1
910,0,226,0,0,0,0,0,12,6,1
64,2,9,0,0,0,0,0,0,0,1
889,11,182,0,0,0,0,0,12,0,1
178,7,47,1,1,2,1,0,1,2,1
84,19,14,0,0,0,0,0,0,2,1
110,7,23,1,1,0,0,0,1,3,1
409,2,83,0,0,0,0,0,9,0,1
147,20,33,1,1,0,0,0,0,2,1
3264,32,1092,0,2,0,0,0,7,1,1
111,8,21,1,1,1,1,0,1,2,1
33,5,4,0,0,0,0,0,1,0,1
181,7,55,1,1,2,1,0,0,1,1
143,14,33,1,1,2,2,0,1,1,1
229,49,56,2,2,2,1,0,0,1,1
449,0,82,0,0,0,0,0,11,0,1
90,20,16,0,0,0,0,0,0,2,1
1007,2,203,0,0,0,0,0,18,0,1
132,22,12,1,1,0,0,0,0,1,1
305,7,68,0,0,0,0,0,6,0,1
261,39,34,0,0,0,0,0,2,0,1
455,1,86,0,0,0,0,0,8,0,1
1088,10,238,0,0,0,0,0,13,0,1
99,20,16,0,0,0,0,0,0,2,1
73,20,15,0,0,0,0,0,0,2,1
252,40,35,0,0,0,0,0,1,0,1
1017,13,397,14,15,0,0,0,3,5,1
260,37,34,0,0,0,0,0,2,0,1
255,2,55,0,0,0,0,0,5,0,1
86,20,16,0,0,0,0,0,0,2,1
90,9,16,0,0,0,0,0,2,1,1
353,3,68,0,0,0,0,0,2,0,1
139,11,36,1,1,2,0,0,0,3,1
111,13,27,1,1,1,1,0,1,2,1
264,47,60,0,0,2,1,0,1,1,1
104,20,17,0,0,0,0,0,1,2,1
113,20,20,0,0,0,0,0,2,2,1
298,44,45,0,0,0,0,0,3,1,1
81,6,16,0,0,1,1,0,0,1,1
258,43,35,0,0,0,0,0,2,0,1
111,6,18,0,0,0,0,0,0,1,1
64,6,14,1,1,1,1,0,0,0,1
147,10,37,1,1,3,0,0,0,3,1
96,20,16,0,0,0,0,0,0,2,1
84,0,17,0,0,0,0,0,2,4,1
1503,2,490,0,0,0,0,0,4,0,1
91,12,20,0,0,2,1,0,1,1,1
78,20,14,0,0,0,0,0,0,2,1
138,0,28,0,0,0,0,0,1,0,1
485,0,108,0,0,0,0,0,4,0,1
120,4,21,1,1,2,1,0,1,2,1
204,2,42,0,0,0,0,0,4,0,1
112,20,21,0,0,0,0,0,1,2,1
100,9,27,2,2,3,0,0,0,1,1
393,0,82,0,0,0,0,0,6,0,1
154,18,27,1,1,2,1,0,2,2,1
83,20,15,0,0,0,0,0,0,2,1
75,20,14,0,0,0,0,0,0,2,1
307,46,45,0,0,0,0,0,1,1,1
202,19,38,1,1,2,0,0,1,2,1
38,5,6,0,0,0,0,0,2,0,1
1452,13,314,0,0,0,0,0,25,0,1
176,11,40,1,1,3,1,0,0,1,1
1636,5,345,0,0,0,0,0,22,0,1
91,20,15,0,0,0,0,0,0,2,1
95,5,29,0,0,2,1,0,0,1,1
70,6,16,0,0,0,0,0,0,0,1
239,39,32,0,0,0,0,0,1,0,1
155,13,32,1,1,2,1,0,0,1,1
215,21,48,2,2,4,1,0,1,3,1
89,20,17,0,0,0,0,0,1,2,1
113,6,18,0,0,0,0,0,0,1,1
25,0,5,0,0,0,0,0,1,0,1
59,7,8,0,0,0,0,0,0,0,1
94,20,19,0,0,0,0,0,0,2,1
163,31,38,1,1,2,1,0,0,1,1
54,1,8,0,0,0,0,0,0,0,1
95,20,18,0,0,0,0,0,0,2,1
23,0,3,0,0,0,0,0,0,0,1
689,5,151,0,0,0,0,0,13,0,1
555,74,116,5,5,2,1,0,6,4,1
214,9,55,0,0,0,0,0,1,0,1
91,10,16,0,0,0,0,0,2,1,1
117,13,22,0,0,0,0,0,0,1,1
97,20,18,0,0,0,0,0,1,2,1
59,5,23,2,2,3,1,0,0,0,1
96,16,19,0,0,2,1,0,1,2,1
1150,4,228,0,0,0,0,0,16,0,1
941,4,198,0,0,0,0,0,15,0,1
32,4,4,0,0,0,0,0,1,0,1
135,9,36,1,1,2,1,0,0,2,1
116,11,18,0,0,0,0,0,0,1,1
102,20,18,0,0,0,0,0,1,2,1
392,2,84,0,0,0,0,0,3,0,1
100,0,23,0,0,0,1,0,0,2,1
80,8,17,0,0,2,1,0,1,1,1
1141,3,248,0,0,0,0,0,13,0,1
94,20,16,0,0,0,0,0,1,2,1
465,5,107,0,0,0,0,0,3,0,1
924,4,193,0,0,0,0,0,10,0,1
117,13,22,0,0,0,0,0,0,1,1
55,1,8,0,0,0,0,0,0,0,1
285,48,51,0,0,2,2,0,1,3,1
71,1,23,0,0,2,1,0,0,2,1
147,0,36,0,0,2,1,0,0,2,1
125,13,28,1,1,2,1,0,0,1,1
1116,3,250,0,0,0,0,0,22,0,1
409,11,85,0,0,0,0,0,6,0,1
114,19,26,1,1,2,1,0,0,1,1
184,1,43,1,1,2,1,0,0,2,1
143,19,31,1,1,2,1,0,0,2,1
120,13,25,1,1,2,1,0,0,1,1
107,20,18,0,0,0,0,0,0,2,1
249,43,37,0,0,0,0,0,1,0,1
116,8,19,0,0,0,0,0,0,1,1
2585,25,537,0,0,0,0,0,28,0,1
464,0,101,0,0,0,0,0,5,0,1
2801,7,580,0,0,0,0,0,40,0,1
294,45,43,0,0,0,0,0,3,1,1
352,0,119,0,12,0,0,0,1,0,1
92,19,16,0,0,0,0,0,0,2,1
457,72,41,4,4,2,0,0,1,2,1
114,20,19,0,0,0,0,0,0,2,1
135,2,33,1,1,1,0,0,0,2,1
146,13,31,1,1,3,0,0,4,2,1
105,20,18,0,0,0,0,0,0,2,1
130,6,33,0,0,2,1,0,0,1,1
189,35,42,1,1,2,0,0,1,2,1
101,20,18,0,0,0,0,0,1,2,1
85,6,15,0,0,0,0,0,2,0,1
647,5,126,0,0,0,0,0,9,0,1
432,0,100,0,0,0,0,0,2,0,1
98,20,17,0,0,0,0,0,0,2,1
179,30,38,1,1,2,1,0,2,2,1
93,4,19,0,0,2,1,0,0,2,1
234,23,54,2,2,4,2,1,1,4,1
100,20,19,0,0,0,0,0,0,2,1
123,14,24,0,0,0,0,0,0,1,1
76,20,14,0,0,0,0,0,0,2,1
100,20,18,0,0,0,0,0,1,2,1
98,0,25,2,2,3,0,0,1,1,1
75,20,13,0,0,0,0,0,0,2,1
88,20,15,0,0,0,0,0,0,2,1
282,43,43,0,0,0,0,0,1,1,1
83,1,17,0,0,0,0,0,0,0,1
171,16,45,1,1,2,0,0,2,3,1
123,0,31,0,0,2,1,0,1,2,1
483,0,102,0,0,0,0,0,2,0,1
91,10,16,0,0,0,0,0,2,1,1
236,38,35,0,0,0,0,0,1,0,1
95,20,16,0,0,0,0,0,0,2,1
116,16,22,1,1,2,1,0,0,2,1
271,31,62,2,2,1,1,0,1,1,1
470,5,89,0,0,0,0,0,7,0,1
317,48,49,0,0,0,0,0,3,1,1
97,20,18,0,0,0,0,0,0,2,1
101,21,20,0,0,0,0,0,0,2,1
1069,0,224,0,0,0,0,0,15,0,1
103,2,31,0,0,2,1,0,0,1,1
91,20,15,0,0,0,0,0,0,2,1
575,6,123,0,0,0,0,0,6,0,1
121,19,20,0,0,0,0,0,1,2,1
53,0,7,0,0,0,0,0,3,0,1
77,20,14,0,0,0,0,0,0,2,1
318,44,45,0,0,0,0,0,2,1,1
296,43,47,0,0,0,0,0,2,1,1
78,19,15,0,0,0,0,0,1,2,1
559,0,97,0,0,0,0,0,10,0,1
454,192,140,4,4,0,0,0,0,2,1
33,5,4,0,0,0,0,0,1,0,1
286,0,58,0,0,0,0,0,6,0,1
78,20,16,0,0,0,0,0,0,2,1
80,20,14,0,0,0,0,0,0,2,1
297,43,44,0,0,0,0,0,2,1,1
289,46,44,0,0,0,0,0,1,1,1
108,18,27,1,1,1,0,0,0,4,1
123,6,26,1,1,0,1,0,1,2,1
90,7,22,0,0,2,1,0,1,2,1
507,5,112,0,0,0,0,0,7,0,1
97,0,18,0,0,0,0,0,0,4,1
120,7,29,0,0,2,0,0,0,2,1
1061,13,264,0,0,0,0,0,10,0,1
98,20,20,0,0,0,0,0,1,2,1
97,19,18,0,0,0,0,0,1,2,1
86,22,16,0,0,0,0,0,0,2,1
312,39,47,0,0,0,0,0,1,1,1
120,12,22,0,0,0,0,0,0,1,1
1871,6,386,0,0,0,0,0,27,0,1
242,2,54,0,0,0,0,0,5,0,1
103,9,27,0,0,2,1,0,0,2,1
124,15,24,0,0,0,0,0,0,1,1
91,20,17,0,0,0,0,0,0,2,1
37,4,6,0,0,0,0,0,2,0,1
124,4,25,1,1,1,0,0,0,2,1
1237,7,276,0,0,0,0,0,16,0,1
86,10,14,0,0,0,0,0,1,1,1
87,8,22,0,0,2,1,0,0,2,1
738,2,168,0,0,0,0,0,8,0,1
277,47,40,0,0,0,0,0,2,1,1
77,19,14,0,0,0,0,0,0,2,1
249,14,59,2,2,0,0,0,0,2,1
95,20,16,0,0,0,0,0,1,2,1
91,20,16,0,0,0,0,0,0,2,1
110,0,28,0,0,2,1,0,0,2,1
84,14,19,0,0,2,1,0,0,1,1
100,7,29,0,0,2,1,0,1,2,1
56,2,22,1,0,0,1,0,0,0,1
315,7,89,2,2,8,4,0,2,2,1
2014,4,792,0,0,0,0,2,27,0,1
126,13,28,1,1,0,1,0,1,1,1
395,3,88,0,0,0,0,0,3,0,1
28557,183,10040,32,27,1,0,0,177,7,1
270,108,70,2,2,0,1,1,1,1,1
4578,1450,2296,4,3,0,0,0,2,0,1
38,5,6,0,0,0,0,0,2,0,1
126,13,28,1,1,2,1,0,0,2,1
80,20,14,0,0,0,0,0,0,2,1
58,5,8,0,0,0,0,0,0,0,1
95,19,17,0,0,0,0,0,0,2,1
114,0,28,0,0,2,1,0,1,1,1
109,16,23,1,1,1,1,0,0,2,1
123,9,27,1,1,2,1,0,0,2,1
107,0,29,0,0,2,1,0,0,2,1
233,0,44,0,0,0,0,0,2,0,1
398,2,77,0,0,0,0,0,7,0,1
297,36,43,0,0,0,0,0,1,0,1
280,39,39,0,0,0,0,0,3,0,1
433,0,93,0,0,0,0,0,3,0,1
179,7,50,1,1,2,1,0,1,2,1
32,0,5,0,0,0,0,0,0,0,1
54,1,8,0,0,0,0,0,1,0,1
120,7,24,1,1,2,1,0,1,2,1
89,19,14,0,0,0,0,0,0,2,1
86,10,14,0,0,0,0,0,1,1,1
132,43,52,1,1,0,0,0,0,0,1
1050,0,212,0,0,0,0,0,19,0,1
145,0,42,1,1,4,2,0,1,1,1
82,20,15,0,0,0,0,0,0,2,1
440,7,85,0,0,0,0,0,6,0,1
624,6,119,0,0,0,0,0,10,0,1
86,20,15,0,0,0,0,0,1,2,1
306,48,45,0,0,0,0,0,2,1,1
125,0,31,1,1,2,1,0,0,2,1
114,19,25,1,1,2,1,0,0,2,1
151,23,32,1,1,3,1,0,0,1,1
93,20,17,0,0,0,0,0,0,2,1
292,43,60,2,2,2,1,0,2,2,1
382,5,116,16,16,7,0,0,2,0,1
1187,0,256,0,0,0,0,0,17,0,1
231,40,30,0,0,0,0,0,1,0,1
120,12,22,0,0,0,0,0,0,1,1
89,20,18,0,0,0,0,0,1,2,1
406,5,77,0,0,0,0,0,6,0,1
308,41,47,0,0,0,0,0,2,1,1
189,17,37,1,1,2,0,0,0,2,1
258,2,51,0,0,0,0,0,2,0,1
87,20,15,0,0,0,0,0,0,2,1
89,8,17,2,2,1,0,0,0,1,1
713,3,150,0,0,0,0,0,14,0,1
108,17,25,1,1,1,1,0,0,2,1
334,35,69,2,2,4,2,0,1,2,1
129,3,34,0,0,2,1,0,2,2,1
314,40,47,0,0,0,0,0,3,1,1
282,32,77,2,2,0,0,0,1,2,1
1170,4,255,0,0,0,0,0,22,0,1
4791,33,1068,0,0,0,0,0,83,0,1
96,5,25,0,0,2,1,0,1,1,1
93,20,16,0,0,0,0,0,0,2,1
97,22,18,0,0,0,0,0,0,2,1
310,47,47,0,0,0,0,0,3,1,1
135,7,33,1,1,2,1,0,0,2,1
50,7,11,0,0,0,0,0,1,0,1
944,0,241,0,0,0,0,0,8,0,1
87,20,14,0,0,0,0,0,1,2,1
111,20,22,0,0,0,0,0,1,2,1
89,7,22,0,0,2,1,0,0,1,1
98,6,19,0,0,2,1,0,0,1,1
90,20,15,0,0,0,0,0,0,2,1
1510,18,314,0,0,0,0,0,30,0,1
136,4,35,1,1,2,1,0,1,2,1
100,7,19,0,0,2,1,0,3,1,1
94,0,42,9,7,0,1,0,0,0,1
217,36,40,1,1,2,1,0,1,1,1
110,20,18,0,0,0,0,0,0,2,1
118,1,28,0,0,2,1,0,0,2,1
175,0,42,1,1,1,1,0,0,2,1
418,87,71,3,3,1,1,0,6,2,1
307,45,43,0,0,0,0,0,2,1,1
3274,11,688,0,0,0,0,0,49,0,1
168,2,50,1,1,2,1,0,0,2,1
653,5,131,0,0,0,0,0,12,0,1
132,11,31,1,1,2,0,0,1,4,1
234,37,34,0,0,0,0,0,2,0,1
775,14,185,0,0,4,0,0,7,8,1
116,20,19,0,0,0,0,0,0,2,1
38,7,9,0,0,0,0,0,0,0,1
253,0,49,0,0,0,0,0,7,0,1
86,10,14,0,0,0,0,0,1,1,1
92,20,17,0,0,0,0,0,0,2,1
119,0,28,0,0,2,1,0,2,1,1
59,8,12,0,0,0,0,0,1,0,1
11913,76,4657,151,228,0,0,0,78,1,1
1075,28,374,3,3,3,0,0,15,0,1
83,19,15,0,0,0,0,0,0,2,1
168,2,48,1,1,2,1,0,1,2,1
120,19,22,0,0,0,0,0,0,2,1
302,45,47,0,0,0,0,0,1,1,1
140,14,32,0,0,1,1,0,1,4,1
116,12,22,0,0,0,0,0,0,1,1
299,45,45,0,0,0,0,0,2,1,1
925,0,194,0,0,0,0,0,11,0,1
99,20,17,0,0,0,0,0,0,2,1
757,0,151,0,0,0,0,0,10,1,1
91,10,16,0,0,0,0,0,2,1,1
842,4,187,0,0,0,0,0,11,0,1
7552,26,2358,0,0,0,4,0,167,2,1
139,33,37,1,1,0,0,0,1,2,1
32,4,4,0,0,0,0,0,1,0,1
100,0,29,0,0,2,1,0,0,2,1
95,19,17,0,0,0,0,0,0,2,1
373,2,74,0,0,0,0,0,9,0,1
1908,8,428,0,0,0,0,0,23,0,1
116,6,18,0,0,0,0,0,0,1,1
188,2,49,1,1,2,1,0,0,2,1
117,13,22,0,0,0,0,0,0,1,1
293,32,68,2,2,8,4,0,2,1,1
1929,6,419,0,0,0,0,0,28,0,1
968,2,188,0,0,0,0,0,10,0,1
311,45,43,0,0,0,0,0,2,1,1
248,2,58,1,1,2,1,0,0,2,1
111,10,18,0,0,0,0,0,0,1,1
1374,3,288,0,0,0,0,0,23,0,1
93,20,16,0,0,0,0,0,0,2,1
1923,11,432,0,0,0,0,0,33,0,1
83,5,17,0,0,2,1,0,2,1,1
121,6,18,0,0,0,0,0,0,1,1
104,0,29,0,0,2,1,0,2,2,1
49,0,14,2,2,1,1,0,0,0,1
94,0,22,0,0,2,1,0,0,2,1
38,5,6,0,0,0,0,0,2,0,1
193,2,49,1,1,2,1,0,0,2,1
86,8,20,0,0,0,0,0,1,2,1
95,22,19,0,0,0,0,0,0,2,1
114,8,27,1,1,1,0,0,1,3,1
98,1,15,0,0,0,0,0,0,0,1
91,10,16,0,0,0,0,0,2,1,1
322,42,46,0,0,0,0,0,1,1,1
97,20,16,0,0,0,0,0,0,2,1
1581,13,330,0,0,0,0,0,19,0,1
89,20,16,0,0,0,0,0,0,2,1
252,33,37,0,0,0,0,0,2,0,1
76,0,17,0,0,0,0,0,0,3,1
113,8,28,1,1,1,1,0,0,2,1
529,4,108,0,0,0,0,0,13,0,1
88,20,16,0,0,0,0,0,0,2,1
108,5,26,0,0,2,1,0,0,1,1
93,1,16,0,0,0,0,0,1,3,1
33,5,4,0,0,0,0,0,1,0,1
261,48,37,0,0,0,0,0,5,0,1
56,7,17,0,0,0,0,0,1,0,1
153,35,25,0,0,2,1,0,1,0,1
97,20,19,0,0,0,0,0,1,2,1
111,25,21,0,0,0,0,0,0,2,1
2342,6,512,0,0,0,0,0,32,0,1
91,10,16,0,0,0,0,0,2,1,1
1357,4,300,0,0,0,0,0,15,0,1
124,15,24,0,0,0,0,0,0,1,1
109,14,23,1,1,1,1,0,1,1,1
116,8,30,1,1,1,0,0,0,2,1
69,0,32,1,1,0,1,1,1,0,1
109,0,28,0,0,2,1,0,2,2,1
53,0,8,0,0,0,0,0,1,0,1
120,0,31,0,0,2,1,0,0,1,1
56,1,8,0,0,0,0,0,0,0,1
89,20,16,0,0,0,0,0,0,2,1
96,5,29,2,2,3,0,0,0,1,1
114,0,27,0,0,2,1,0,0,1,1
101,20,18,0,0,0,0,0,0,2,1
298,51,54,2,2,2,0,0,0,2,1
112,20,19,0,0,0,0,0,1,2,1
262,46,37,0,0,0,0,0,3,0,1
92,7,18,0,0,2,1,0,1,1,1
113,2,30,0,0,2,1,0,0,2,1
571,23,131,2,2,3,0,0,0,0,1
911,7,211,0,0,0,0,0,10,0,1
832,2,172,0,0,0,0,0,13,0,1
167,21,45,1,1,4,0,0,0,2,1
226,41,31,0,0,0,0,0,2,0,1
477,3,95,0,0,0,0,0,8,0,1
117,0,22,0,0,0,0,0,1,0,1
639,4,209,0,0,0,0,0,2,2,1
78,20,15,0,0,2,1,0,0,0,1
107,5,26,0,0,2,1,0,1,1,1
236,100,77,2,2,0,0,0,0,1,1
63,11,8,0,0,0,0,0,0,0,1
435,4,96,0,0,0,0,0,8,0,1
98,4,21,0,0,2,1,0,0,2,1
315,47,48,0,0,0,0,0,3,1,1
1492,5,324,0,0,0,0,0,15,0,1
970,5,208,0,0,0,0,0,15,0,1
404,190,129,3,3,0,0,0,0,2,1
201,27,40,1,1,2,1,0,0,1,1
118,0,27,0,0,2,1,0,0,2,1
86,5,20,0,0,0,0,0,0,3,1
404,69,94,3,3,4,1,0,4,1,1
111,24,20,0,0,0,0,0,1,2,1
88,20,17,0,0,0,0,0,0,2,1
96,0,27,0,0,2,1,0,0,1,1
247,43,35,0,0,0,0,0,2,0,1
1007,2,193,0,0,0,0,0,13,0,1
124,0,30,0,0,2,1,0,0,1,1
36,0,15,3,3,2,1,0,0,0,1
96,20,17,0,0,0,0,0,1,2,1
182,2,49,1,1,2,1,0,2,2,1
63,7,19,0,0,0,1,0,1,2,1
33,5,4,0,0,0,0,0,1,0,1
55,8,12,0,0,0,0,0,0,0,1
33,5,4,0,0,0,0,0,1,0,1
833,0,182,0,0,0,0,0,14,0,1
339,27,73,3,3,9,0,0,3,4,1
112,6,18,0,0,0,0,0,0,1,1
250,44,36,0,0,0,0,0,3,0,1
440,50,117,3,3,6,1,0,0,3,1
98,20,16,0,0,0,0,0,0,2,1
96,1,18,0,0,0,0,0,1,2,1
75,5,16,0,0,2,1,0,1,1,1
157,4,37,1,1,3,1,0,0,1,1
80,22,15,0,0,0,0,0,1,2,1
229,40,32,0,0,0,0,0,2,0,1
123,14,24,0,0,0,0,0,0,1,1
281,49,58,2,2,2,1,0,0,2,1
230,33,55,2,2,0,0,0,0,5,1
86,20,16,0,0,0,0,0,0,2,1
524,5,108,0,0,0,0,0,8,0,1
4113,159,1563,16,16,7,0,1,8,8,1
141,29,22,1,1,2,0,0,0,2,1
117,4,27,1,1,0,0,0,1,2,1
121,23,20,0,0,0,0,0,0,2,1
1247,9,262,0,0,0,0,0,17,0,1
57,6,8,0,0,0,0,0,0,0,1
116,1,27,0,0,2,1,0,1,1,1
86,10,14,0,0,0,0,0,1,1,1
2363,771,659,56,57,0,0,0,1,1,1
147,9,30,0,0,0,0,0,0,0,1
198,18,48,1,1,2,1,0,0,1,1
80,14,21,0,0,0,0,0,0,2,1
1037,2,217,0,0,0,0,0,12,0,1
103,20,21,0,0,0,0,0,2,2,1
32,4,4,0,0,0,0,0,1,0,1
91,10,16,0,0,0,0,0,2,1,1
86,15,18,0,0,0,0,0,1,1,1
109,14,23,1,1,1,1,0,1,1,1
119,0,30,0,0,2,1,0,1,1,1
96,20,18,0,0,0,0,0,0,2,1
120,0,28,0,0,2,1,0,1,1,1
163,11,32,1,1,0,0,0,1,3,1
115,10,18,0,0,0,0,0,0,1,1
1492,7,300,0,0,0,0,0,19,0,1
103,25,20,0,0,0,0,0,0,2,1
62,1,8,0,0,0,0,0,0,0,1
128,20,25,0,0,0,0,0,1,2,1
2166,0,427,0,0,0,0,0,37,0,1
84,17,19,0,0,0,1,0,0,1,1
115,6,18,0,0,0,0,0,0,1,1
201,13,44,1,1,2,1,0,3,2,1
100,19,17,0,0,0,0,0,0,2,1
249,38,33,0,0,0,0,0,4,0,1
133,1,32,2,2,2,0,0,0,0,1
54,7,8,0,0,0,0,0,0,0,1
297,44,43,0,0,0,0,0,3,1,1
201,31,46,1,1,0,0,1,2,2,1
44,8,9,0,0,0,0,0,0,0,1
54,1,8,0,0,0,0,0,1,0,1
340,31,67,0,0,3,0,0,1,2,1
85,9,14,0,0,0,0,0,1,1,1
134,0,33,0,0,2,1,0,1,1,1
286,4,61,0,0,0,0,0,5,0,1
90,20,16,0,0,0,0,0,0,2,1
290,4,87,0,0,0,0,0,1,0,1
1247,7,247,0,0,0,0,0,7,0,1
202,42,37,0,0,2,1,0,1,1,1
90,20,16,0,0,0,0,0,0,2,1
112,22,21,0,0,0,0,0,0,2,1
18120,164,5887,40,41,1,0,0,89,11,1
40,8,10,0,0,0,0,0,0,0,1
188,7,56,1,1,2,1,0,0,1,1
148,19,30,1,1,0,0,0,2,2,1
117,13,22,0,0,0,0,0,0,1,1
124,14,25,1,1,2,1,0,1,1,1
2707,14,572,0,0,0,0,0,23,0,1
153,3,39,1,1,1,1,0,0,1,1
181,4,48,1,1,2,1,0,1,2,1
86,2,20,0,0,0,1,0,0,2,1
332,6,81,2,2,8,2,0,0,2,1
94,20,15,0,0,0,0,0,0,2,1
95,20,17,0,0,0,0,0,0,2,1
245,38,34,0,0,0,0,0,3,0,1
412,90,93,3,3,6,3,0,1,1,1
55,1,8,0,0,0,0,0,1,0,1
2943,22,591,0,0,0,0,0,35,0,1
266,16,60,2,2,0,0,0,0,3,1
326,42,58,3,3,0,0,0,0,1,1
90,2,25,2,2,3,0,0,0,1,1
109,1,26,0,0,2,1,0,0,1,1
987,4,215,0,0,0,0,0,10,0,1
315,50,50,0,0,0,0,0,1,1,1
100,12,19,0,0,2,1,0,1,2,1
305,46,47,0,0,0,0,0,1,1,1
190,0,43,0,0,0,0,0,1,0,1
106,0,24,0,0,2,1,0,1,1,1
995,0,215,0,0,0,0,0,12,0,1
353,91,84,3,3,3,4,0,0,2,1
88,20,14,0,0,0,0,0,0,2,1
246,40,38,0,0,0,0,0,1,0,1
262,38,52,2,2,2,1,0,1,1,1
420,0,84,0,0,0,0,0,5,0,1
91,12,19,0,0,2,1,0,0,1,1
21,1,6,1,1,0,1,0,0,0,1
100,20,17,0,0,0,0,0,0,2,1
301,41,42,0,0,0,0,0,3,1,1
205,15,41,1,1,0,0,0,3,3,1
86,10,14,0,0,0,0,0,1,1,1
83,0,22,2,2,2,0,0,1,1,1
120,12,22,0,0,0,0,0,0,1,1
113,6,18,0,0,0,0,0,1,1,1
38,5,6,0,0,0,0,0,2,0,1
840,0,171,0,0,0,0,0,9,0,1
186,40,43,1,1,0,1,0,3,2,1
189,0,44,0,0,0,0,0,1,0,1
130,11,31,1,1,0,0,0,0,2,1
186,2,50,1,1,2,1,0,1,1,1
115,9,19,0,0,0,0,0,0,1,1
274,3,61,0,0,0,0,0,4,0,1
88,20,15,0,0,0,0,0,0,2,1
69,8,18,0,0,0,0,0,0,0,1
201,2,54,1,1,2,1,0,0,1,1
42,8,9,0,0,0,0,0,0,0,1
97,0,40,0,0,0,0,0,0,0,1
82,0,23,0,0,2,1,0,1,1,1
84,20,15,0,0,0,0,0,0,2,1
217,22,45,2,2,4,2,0,1,2,1
198,12,45,1,1,0,0,0,0,2,1
87,20,16,0,0,0,0,0,0,2,1
111,0,28,0,0,2,1,0,1,2,1
252,41,37,0,0,0,0,0,2,0,1
91,20,16,0,0,0,0,0,1,2,1
118,6,18,0,0,0,0,0,0,1,1
1285,12,297,0,0,0,0,0,20,0,1
129,22,31,1,1,0,1,0,1,2,1
201,34,47,1,1,2,1,0,3,2,1
162,15,35,0,0,1,1,0,0,4,1
138,1,31,1,1,2,1,0,1,1,1
460,2,103,0,0,0,0,0,5,0,1
87,5,25,0,0,2,1,0,0,2,1
319,42,49,0,0,0,0,0,1,1,1
105,20,18,0,0,0,0,0,0,2,1
98,20,17,0,0,0,0,0,0,2,1
84,20,15,0,0,0,0,0,0,2,1
85,20,16,0,0,0,0,0,0,2,1
57,0,18,1,1,1,1,0,0,0,1
784,0,161,0,0,0,0,0,9,0,1
272,39,40,0,0,0,0,0,3,0,1
136,22,30,2,2,3,0,0,0,0,1
1159,4,226,0,0,0,0,0,16,0,1
127,2,33,1,1,2,1,0,0,1,1
120,12,22,0,0,0,0,0,0,1,1
104,20,17,0,0,0,0,0,0,2,1
72,20,13,0,0,0,0,0,0,2,1
117,7,19,0,0,0,0,0,0,1,1
1651,11,338,0,0,0,0,0,20,0,1
1486,1,298,0,0,0,0,0,25,0,1
91,10,16,0,0,0,0,0,2,1,1
113,0,27,0,0,2,1,0,1,2,1
159,5,34,1,1,2,1,0,2,2,1
60,7,12,0,0,0,0,0,0,0,1
123,20,21,0,0,0,0,0,1,2,1
907,0,187,0,0,0,0,0,13,0,1
57,1,8,0,0,0,0,0,0,0,1
267,2,51,0,0,0,0,0,3,0,1
179,2,48,1,1,2,1,0,1,2,1
33,5,4,0,0,0,0,0,1,0,1
246,43,35,0,0,0,0,0,1,0,1
101,24,19,0,0,0,0,0,2,2,1
566,0,110,0,0,0,0,0,15,0,1
700,0,133,0,0,0,0,0,11,0,1
33,5,4,0,0,0,0,0,1,0,1
173,2,48,1,1,2,1,0,1,2,1
251,40,37,0,0,0,0,0,1,0,1
119,13,19,0,0,0,0,0,0,1,1
94,20,15,0,0,0,0,0,0,2,1
231,37,32,0,0,0,0,0,1,0,1
635,5,145,0,0,0,0,0,8,0,1
307,46,45,0,0,0,0,0,1,1,1
87,20,15,0,0,0,0,0,0,2,1
96,3,28,0,0,3,1,0,0,1,1
317,0,64,0,0,0,0,0,2,0,1
100,0,25,0,0,2,1,0,0,2,1
98,20,19,0,0,0,0,0,0,2,1
715,0,145,0,0,1,0,0,5,0,1
85,0,25,0,0,0,0,0,0,1,1
189,4,49,1,1,2,1,0,0,2,1
92,24,19,0,0,0,0,0,0,2,1
482,0,97,0,0,0,0,0,8,0,1
3616,9,774,0,0,0,0,0,34,0,1
1349,5,273,0,0,0,0,0,20,0,1
465,68,98,4,4,4,1,0,5,3,1
114,14,28,1,1,2,1,0,0,2,1
91,21,16,0,0,0,0,0,1,2,1
91,10,16,0,0,0,0,0,2,1,1
230,40,34,0,0,0,0,0,2,0,1
55,0,15,2,2,1,1,0,0,0,1
142,5,36,1,1,0,1,0,0,2,1
152,12,33,1,1,0,0,0,4,1,1
262,5,61,0,0,0,0,0,5,0,1
232,34,33,0,0,0,0,0,3,0,1
316,42,49,0,0,0,0,0,1,1,1
258,41,38,0,0,0,0,0,1,0,1
110,18,19,0,0,2,1,0,0,0,1
287,45,42,0,0,0,0,0,1,1,1
123,5,33,0,0,2,1,0,0,1,1
72,19,13,0,0,0,0,0,0,2,1
112,21,21,0,0,0,0,0,1,2,1
544,3,110,0,0,0,0,0,14,0,1
4356,5,1353,0,0,0,0,0,19,0,1
2396,5,502,0,0,0,0,0,36,0,1
731,16,171,0,0,0,0,0,16,0,1
94,20,16,0,0,0,0,0,0,2,1
111,11,26,1,1,1,1,0,0,1,1
308,44,47,0,0,0,0,0,2,1,1
82,20,15,0,0,0,0,0,0,2,1
314,44,46,0,0,0,0,0,2,1,1
254,40,35,0,0,0,0,0,1,0,1
143,3,37,1,1,2,1,0,2,2,1
304,46,44,0,0,0,0,0,1,1,1
176,35,41,1,1,2,1,0,0,2,1
151,13,32,1,1,0,1,0,0,2,1
394,190,127,3,3,0,0,0,1,2,1
1118,3,245,0,0,0,0,0,11,0,1
101,0,24,0,0,2,1,0,0,2,1
864,9,166,0,0,0,0,0,21,0,1
105,0,24,0,0,2,1,0,1,1,1
114,1,28,0,0,2,1,0,0,2,1
187,22,43,1,1,4,1,0,1,3,1
169,31,37,1,1,2,1,0,0,1,1
116,10,28,1,1,0,0,0,0,2,1
2682,5,587,0,0,0,0,0,38,0,1
874,3,170,0,0,0,0,0,12,0,1
259,88,86,2,2,0,0,0,1,2,1
682,8,134,0,0,0,0,0,8,0,1
114,24,20,0,0,0,0,0,0,2,1
160,18,34,1,1,2,1,0,0,1,1
308,49,46,0,0,0,0,0,1,1,1
252,3,53,0,0,0,0,0,4,0,1
172,2,40,1,1,2,1,0,1,2,1
89,19,16,0,0,0,0,0,1,2,1
462,0,164,0,0,0,0,0,4,0,1
75,0,16,0,0,0,0,0,0,0,1
91,10,16,0,0,0,0,0,2,1,1
589,4,129,0,0,0,0,0,11,0,1
960,2,192,0,0,0,0,0,16,0,1
120,12,22,0,0,0,0,0,0,1,1
94,11,20,0,0,0,1,1,2,1,1
243,41,35,0,0,0,0,0,3,0,1
56,1,10,0,0,0,0,0,0,0,1
123,14,24,0,0,0,0,0,0,1,1
76,19,13,0,0,0,0,0,0,2,1
262,16,61,2,2,0,0,0,0,3,1
145,18,28,0,0,2,1,0,0,2,1
236,41,32,0,0,0,0,0,2,0,1
328,6,80,2,2,8,2,0,2,2,1
86,10,14,0,0,0,0,0,1,1,1
106,19,20,0,0,0,0,0,0,2,1
108,22,21,0,0,0,0,0,0,2,1
94,20,18,0,0,0,0,0,0,2,1
81,20,14,0,0,0,0,0,0,2,1
93,20,17,0,0,0,0,0,0,2,1
6848,206,2187,16,7,0,1,0,13,0,1
755,9,154,0,0,0,0,0,14,0,1
48,5,8,0,0,0,0,0,0,1,1
181,13,38,1,1,2,1,0,0,1,1
91,20,17,0,0,0,0,0,1,2,1
363,1,74,0,0,0,0,0,3,0,1
1030,5,206,0,0,0,0,0,20,0,1
76,7,15,0,0,0,0,0,1,0,1
511,0,102,0,0,0,0,0,8,0,1
33,5,4,0,0,0,0,0,1,0,1
27990,105,10203,24,9,0,0,0,104,7,1
93,0,25,0,0,0,1,0,0,2,1
2447,3,511,0,0,0,0,0,23,0,1
297,40,42,0,0,0,0,0,3,1,1
83,20,15,0,0,0,0,0,0,2,1
83,20,15,0,0,0,0,0,1,2,1
96,20,19,0,0,0,0,0,0,2,1
220,62,50,2,2,3,0,0,1,2,1
87,21,17,0,0,0,0,0,0,2,1
79,20,14,0,0,0,0,0,0,2,1
80,19,16,0,0,0,0,0,0,2,1
839,2,164,0,0,0,0,0,8,0,1
1350,2,273,0,0,0,0,0,18,0,1
90,19,16,0,0,0,0,0,1,2,1
151,8,36,1,1,4,2,0,1,1,1
175,16,36,1,1,2,1,0,0,1,1
133,10,36,1,1,2,1,0,0,3,1
428,6,140,0,0,0,0,0,3,0,1
87,20,16,0,0,0,0,0,0,2,1
757,2,157,0,0,0,0,0,11,0,1
40,0,6,0,0,0,0,0,1,0,1
218,30,52,2,2,2,1,0,0,1,1
146,22,36,1,1,0,1,0,2,1,1
95,20,16,0,0,0,0,0,0,2,1
525,1,107,0,0,0,0,0,6,0,1
85,9,14,0,0,0,0,0,1,1,1
90,1,26,0,0,2,1,0,0,1,1
383,88,73,0,0,2,1,0,1,1,1
426,5,89,0,0,0,0,0,7,0,1
254,0,70,0,0,0,0,0,1,0,1
83,20,16,0,0,0,0,0,0,2,1
86,19,17,0,0,0,0,0,0,2,1
255,4,87,0,0,0,0,0,0,0,1
83,20,14,0,0,0,0,0,0,2,1
261,16,61,2,2,0,0,0,0,3,1
302,43,44,0,0,0,0,0,1,1,1
77,20,14,0,0,0,0,0,0,2,1
96,20,16,0,0,0,0,0,0,2,1
672,15,147,0,0,0,0,0,10,0,1
110,20,20,0,0,0,0,0,1,2,1
117,1,26,0,0,2,1,0,1,1,1
78,20,14,0,0,0,0,0,0,2,1
15602,36,6987,1,3,8,0,0,11,0,1
307,44,48,0,0,0,0,0,1,1,1
99,20,19,0,0,0,0,0,0,2,1
139,0,33,1,1,1,1,0,0,2,1
156,4,38,1,1,3,1,0,0,2,1
185,2,50,1,1,2,1,0,1,2,1
129,0,30,1,1,1,1,0,2,1,1
89,20,16,0,0,0,0,0,0,2,1
99,20,17,0,0,0,0,0,0,2,1
531,0,101,0,0,0,0,0,8,0,1
98,20,18,0,0,0,0,0,0,2,1
86,10,14,0,0,0,0,0,1,1,1
101,20,19,0,0,0,0,0,2,2,1
1281,5,303,0,0,0,0,0,7,0,1
86,10,14,0,0,0,0,0,1,1,1
128,17,27,1,1,1,1,0,0,1,1
93,19,18,0,0,0,0,0,1,2,1
259,37,35,0,0,0,0,0,2,0,1
1703,5,348,0,0,0,0,0,29,0,1
129,12,33,1,1,2,0,0,0,2,1
132,19,28,0,0,0,0,0,0,2,1
86,10,14,0,0,0,0,0,1,1,1
1027,8,321,0,0,1,0,0,3,0,1
200,2,55,1,1,2,1,0,0,2,1
407,0,86,0,0,0,0,0,7,0,1
173,31,38,1,1,3,2,0,0,2,1
958,1,210,0,0,0,0,0,16,0,1
295,44,44,0,0,0,0,0,2,1,1
306,46,48,0,0,0,0,0,2,1,1
246,42,35,0,0,0,0,0,1,0,1
181,2,49,1,1,2,1,0,0,1,1
81,20,15,0,0,0,0,0,0,2,1
297,0,59,0,0,0,0,0,4,0,1
116,0,25,0,0,2,1,0,1,2,1
443,3,93,0,0,0,0,0,6,0,1
219,36,30,0,0,0,0,0,2,0,1
113,8,23,1,1,2,1,0,0,2,1
293,48,44,0,0,0,0,0,2,1,1
522,2,98,0,0,0,0,0,9,0,1
131,23,25,0,0,0,0,0,1,2,1
307,44,45,0,0,0,0,0,1,1,1
86,20,14,0,0,0,0,0,1,2,1
94,19,18,0,0,0,0,0,1,2,1
191,0,36,0,0,0,0,0,0,0,1
96,19,18,0,0,0,0,0,0,2,1
804,14,167,0,0,0,0,0,7,0,1
122,12,28,1,1,2,1,0,2,1,1
109,20,21,0,0,0,0,0,1,2,1
1489,0,313,0,0,0,0,0,25,0,1
106,21,21,0,0,0,0,0,0,2,1
1165,2,244,0,0,0,0,0,17,0,1
841,0,162,0,0,0,0,0,6,0,1
315,45,50,0,0,0,0,0,1,1,1
143,20,25,0,0,0,0,0,2,2,1
696,3,144,0,0,0,0,0,9,0,1
347,68,67,3,3,2,1,0,0,2,1
44,6,8,0,0,0,0,0,0,1,1
36,3,6,0,0,0,0,0,2,0,1
1297,9,280,0,0,0,0,0,16,0,1
957,4,198,0,0,0,0,0,12,0,1
85,20,14,0,0,0,0,0,0,2,1
131,20,24,0,0,0,0,0,0,2,1
94,20,16,0,0,0,0,0,2,2,1
2278,6,501,0,0,0,0,0,33,0,1
131,5,33,1,1,2,1,0,0,1,1
118,0,28,0,0,2,1,0,0,2,1
1569,15,328,0,0,0,0,0,24,0,1
129,20,23,0,0,0,0,0,1,2,1
678,0,127,0,0,0,0,0,11,0,1
116,10,19,0,0,0,0,0,1,1,1
212,56,39,1,1,0,1,1,1,2,1
561,24,118,0,0,0,0,0,8,0,1
316,38,72,3,3,3,2,0,1,2,1
63,0,25,2,2,2,0,0,0,0,1
1322,5,268,0,0,0,0,0,18,0,1
111,7,25,1,1,2,1,0,2,1,1
115,6,26,1,1,2,1,0,1,2,1
87,20,16,0,0,0,0,0,0,2,1
291,49,45,0,0,0,0,0,1,1,1
41,7,11,0,0,0,0,0,0,0,1
229,26,57,2,2,2,2,0,1,2,1
85,20,15,0,0,0,0,0,0,2,1
54,1,8,0,0,0,0,0,1,0,1
85,20,16,0,0,0,0,0,2,2,1
90,9,16,0,0,0,0,0,2,1,1
87,20,16,0,0,0,0,0,0,2,1
86,10,14,0,0,0,0,0,1,1,1
334,10,77,0,0,0,0,0,8,0,1
107,20,20,0,0,0,0,0,1,2,1
84,19,15,0,0,0,0,0,0,2,1
152,5,27,1,1,2,0,0,1,3,1
1473,0,332,0,0,0,0,0,18,0,1
88,4,24,1,1,1,0,0,0,0,1
1235,5,264,0,0,0,0,0,22,0,1
305,45,43,0,0,0,0,0,1,1,1
93,20,16,0,0,0,0,0,0,2,1
997,5,206,0,0,0,0,0,13,0,1
80,0,23,2,2,2,0,0,0,0,1
86,20,16,0,0,0,0,0,0,2,1
109,0,29,0,0,2,1,0,0,2,1
163,5,42,1,1,2,1,0,0,2,1
193,0,45,1,1,2,1,0,2,2,1
79,20,14,0,0,0,0,0,0,2,1
126,19,23,0,0,0,0,0,0,2,1
155,2,28,0,0,0,0,0,1,0,1
157,20,28,0,0,0,0,0,2,2,1
55,4,8,0,0,0,0,0,0,0,1
111,7,24,1,1,2,1,0,0,2,1
127,15,31,1,1,2,1,0,0,2,1
98,14,23,0,0,2,1,0,0,1,1
129,2,36,0,0,2,1,0,0,1,1
99,20,17,0,0,0,0,0,0,2,1
76,19,14,0,0,0,0,0,0,2,1
560,3,118,0,0,0,0,0,7,0,1
103,0,18,0,0,0,0,0,0,0,1
164,21,42,1,1,2,1,0,0,1,1
99,2,25,0,0,2,1,0,0,2,1
58,1,8,0,0,0,0,0,0,0,1
91,3,22,0,0,0,0,0,0,3,1
678,3,133,0,0,0,0,0,11,0,1
1377,0,272,0,0,0,0,0,10,0,1
125,19,26,1,1,2,1,0,0,1,1
96,1,18,0,0,0,1,0,1,2,1
410,21,115,0,1,1,0,0,0,0,1
92,12,18,0,0,2,1,0,2,1,1
6553,51,2278,24,17,0,0,0,31,1,1
104,0,28,0,0,2,1,0,0,2,1
182,27,54,0,0,0,0,0,2,1,1
89,20,16,0,0,0,0,0,0,2,1
117,20,20,0,0,0,0,0,2,2,1
918,6,181,0,0,0,0,0,8,0,1
86,19,16,0,0,0,0,0,0,2,1
648,0,124,0,0,0,0,0,12,0,1
93,20,17,0,0,0,0,0,1,2,1
168,2,50,1,1,2,1,0,1,2,1
128,0,39,0,0,0,0,0,1,2,1
111,6,18,0,0,0,0,0,0,1,1
94,19,18,0,0,0,0,0,0,2,1
92,20,18,0,0,0,0,0,0,2,1
33,5,4,0,0,0,0,0,1,0,1
116,12,22,0,0,0,0,0,0,1,1
91,10,16,0,0,0,0,0,2,1,1
31,0,4,0,0,0,0,0,0,0,1
167,12,16,1,1,4,1,0,2,1,1
224,25,40,2,2,2,1,0,1,2,1
86,10,14,0,0,0,0,0,1,1,1
82,19,15,0,0,0,0,0,0,2,1
38,0,13,3,3,2,1,0,0,0,1
160,0,40,1,1,2,1,0,1,1,1
406,12,83,0,0,0,0,0,4,0,1
184,2,51,1,1,2,1,0,0,2,1
87,20,16,0,0,0,0,0,0,2,1
41,0,9,0,0,0,0,0,0,0,1
1027,4,223,0,0,0,0,0,9,0,1
180,11,34,1,1,2,1,0,0,2,1
4796,47,1012,0,0,0,0,0,61,0,1
180,37,41,1,1,1,1,0,0,2,1
247,40,36,0,0,0,0,0,1,0,1
45,8,9,0,0,0,0,0,0,0,1
1002,0,214,0,0,0,0,0,11,0,1
102,0,27,0,0,2,1,0,0,2,1
116,7,27,1,1,2,1,0,0,1,1
117,23,20,0,0,0,0,0,2,2,1
102,20,19,0,0,0,0,0,2,2,1
116,20,20,0,0,0,0,0,0,2,1
106,7,17,1,1,0,0,1,1,0,1
123,9,34,0,0,2,1,0,0,2,1
84,5,19,0,0,2,1,0,0,1,1
94,20,17,0,0,0,0,0,1,2,1
95,1,31,0,0,2,1,0,0,2,1
193,4,50,1,1,2,1,0,0,2,1
2599,1262,1096,4,3,2,0,0,1,0,1
105,20,19,0,0,0,0,0,0,2,1
320,44,49,0,0,0,0,0,3,1,1
433,3,91,0,0,0,0,0,7,0,1
257,14,59,2,2,0,0,0,0,2,1
251,26,57,2,2,0,0,0,0,1,1
81,19,14,0,0,0,0,0,0,2,1
113,6,18,0,0,0,0,0,0,1,1
115,20,20,0,0,0,0,0,0,2,1
82,20,14,0,0,0,0,0,0,2,1
84,20,15,0,0,0,0,0,1,2,1
4272,20,967,0,0,0,0,0,40,0,1
87,19,15,0,0,0,0,0,0,2,1
680,0,138,0,0,0,0,0,5,0,1
154,21,39,3,3,5,0,0,0,0,1
107,20,20,0,0,0,0,0,0,2,1
164,11,31,1,1,2,1,0,5,2,1
96,20,17,0,0,0,0,0,0,2,1
294,41,41,0,0,0,0,0,2,1,1
95,1,23,0,0,2,1,0,0,1,1
110,0,30,0,0,2,1,0,0,2,1
103,20,18,0,0,0,0,0,0,2,1
162,4,42,4,5,2,1,0,0,3,1
112,0,32,0,0,3,1,0,1,2,1
253,42,36,0,0,0,0,0,1,0,1
116,0,27,0,0,2,1,0,1,1,1
55,1,8,0,0,0,0,0,0,0,1
252,45,37,0,0,0,0,0,2,0,1
255,38,34,0,0,0,0,0,2,0,1
3924,4,802,0,0,0,0,0,50,0,1
116,8,27,1,1,1,1,0,0,2,1
171,10,40,1,1,3,1,0,1,2,1
183,2,46,1,1,2,1,0,2,1,1
99,19,23,0,0,2,1,0,0,2,1
298,44,44,0,0,0,0,0,2,1,1
285,44,47,0,0,0,0,0,1,1,1
540,0,117,0,0,0,0,0,6,0,1
89,20,16,0,0,0,0,0,0,2,1
360,0,68,0,0,0,0,0,4,0,1
114,9,26,1,1,2,1,0,0,2,1
1285,13,281,0,0,0,0,0,17,0,1
132,4,36,1,1,2,1,0,1,2,1
142,20,26,0,0,0,0,0,0,2,1
3148,17,1388,2,2,0,0,0,25,5,1
23172,29,6690,220,218,21,0,0,156,1,1
1160,0,241,0,0,0,0,0,20,0,1
107,0,29,0,0,2,1,0,0,2,1
115,11,22,0,0,0,0,0,0,1,1
234,38,35,0,0,0,0,0,2,0,1
255,40,36,0,0,0,0,0,2,0,1
857,1,193,0,0,0,0,0,10,0,1
81,19,15,0,0,0,0,0,0,2,1
120,13,25,1,1,2,1,0,0,1,1
114,6,18,0,0,0,0,0,0,1,1
1205,8,248,0,0,0,0,0,17,0,1
452,2,86,0,0,0,0,0,8,0,1
89,20,15,0,0,0,0,0,0,2,1
141,22,34,2,2,3,0,0,0,0,1
38,5,6,0,0,0,0,0,2,0,1
33,5,4,0,0,0,0,0,1,0,1
296,45,45,0,0,0,0,0,1,1,1
291,41,69,2,2,2,1,0,0,2,1
109,21,18,0,0,0,0,0,0,2,1
78,19,16,0,0,0,0,0,0,2,1
1169,11,236,0,0,0,0,0,14,0,1
291,48,45,0,0,0,0,0,4,1,1
425,0,92,0,0,0,0,0,5,0,1
1546,16,337,0,0,0,0,0,18,0,1
90,20,15,0,0,1,0,0,2,2,1
66,3,12,0,0,0,0,0,0,1,1
82,0,15,2,2,2,0,0,0,0,1
92,20,16,0,0,0,0,0,0,2,1
125,19,21,0,0,0,0,0,2,2,1
320,46,68,2,2,3,1,0,2,1,1
78,19,14,0,0,0,0,0,0,2,1
201,11,42,1,1,0,0,0,0,4,1
1095,2,304,0,0,0,0,0,8,0,1
215,25,51,2,2,2,0,0,1,2,1
1251,0,232,0,0,0,0,0,8,0,1
87,5,24,0,0,2,1,0,0,1,1
93,21,17,0,0,0,0,0,0,2,1
284,43,42,0,0,0,0,0,1,1,1
91,20,15,0,0,0,0,0,1,2,1
57,1,9,0,0,0,0,0,0,0,1
37,4,6,0,0,0,0,0,2,0,1
97,20,17,0,0,0,0,0,0,2,1
369,18,126,0,0,0,0,0,1,1,1
74,20,13,0,0,0,0,0,0,2,1
75,0,22,0,0,0,1,0,0,2,1
60,8,12,0,0,0,0,0,2,0,1
254,3,57,0,0,0,0,0,6,0,1
116,13,18,0,0,0,0,0,1,1,1
250,0,78,0,0,0,0,0,7,0,1
45,6,12,0,0,0,0,0,0,0,1
121,21,32,0,0,2,1,0,0,2,1
313,48,47,0,0,0,0,0,1,1,1
184,10,40,1,1,3,1,0,0,1,1
95,5,29,0,0,2,1,0,0,1,1
110,1,27,0,0,2,1,0,0,2,1
91,20,17,0,0,0,0,0,0,2,1
292,48,45,0,0,0,0,0,2,1,1
106,20,21,0,0,0,0,0,0,2,1
29,0,4,0,0,0,0,0,0,0,1
317,66,69,3,3,2,2,0,0,2,1
33,7,8,0,0,0,0,0,0,0,1
143,0,28,1,1,1,0,0,2,3,1
84,20,15,0,0,0,0,0,0,2,1
173,8,41,1,1,0,0,0,0,3,1
73,20,13,0,0,0,0,0,0,2,1
180,3,37,1,1,2,1,0,1,2,1
60,3,9,0,0,0,0,0,0,0,1
237,38,35,0,0,0,0,0,1,0,1
316,0,70,0,0,0,0,0,4,0,1
531,3,111,0,0,0,0,0,5,0,1
121,13,22,0,0,0,0,0,0,1,1
45,7,11,0,0,0,0,0,0,0,1
55,2,17,2,2,0,0,0,0,0,1
250,38,37,0,0,0,0,0,1,0,1
459,77,97,4,4,2,1,0,4,5,1
174,5,43,1,1,1,1,1,2,0,1
237,56,44,2,2,2,1,0,1,2,1
84,20,15,0,0,0,0,0,1,2,1
252,0,45,0,0,0,0,0,4,0,1
380,0,74,0,0,0,0,0,6,0,1
189,3,49,1,1,2,1,0,4,2,1
102,20,21,0,0,0,0,0,0,2,1
77,6,16,0,0,1,1,0,0,1,1
88,20,17,0,0,0,0,0,0,2,1
663,3,126,0,0,0,0,0,9,0,1
310,45,44,0,0,0,0,0,1,1,1
890,3,177,0,0,0,0,0,10,0,1
40,0,11,1,1,1,1,0,0,0,1
91,10,16,0,0,0,0,0,2,1,1
152,9,37,1,1,0,0,0,0,3,1
99,0,25,0,0,0,1,1,1,2,1
456,3,138,14,14,14,0,0,1,2,1
107,21,17,0,0,0,0,0,0,2,1
1170,0,436,0,8,0,0,0,5,0,1
86,10,14,0,0,0,0,0,1,1,1
1067,9,334,12,12,6,0,0,3,0,1
79,12,10,0,0,0,0,0,0,2,1
207,5,62,2,2,2,0,0,1,0,1
59,4,9,0,0,0,0,0,0,0,1
111,6,18,0,0,0,0,0,0,1,1
83,20,16,0,0,0,0,0,0,2,1
469,1,104,0,0,0,0,0,7,0,1
94,7,20,0,0,2,1,0,0,2,1
188,1,47,1,1,2,1,0,0,2,1
194,2,49,1,1,1,1,0,2,2,1
76,19,13,0,0,0,0,0,0,2,1
86,20,15,0,0,0,0,0,0,2,1
276,22,81,1,1,4,2,0,0,1,1
40,1,8,1,1,2,1,0,0,0,1
51,0,11,0,0,0,0,0,0,0,1
1236,9,263,0,0,0,0,0,15,0,1
398,1,93,0,0,0,0,0,10,0,1
120,24,27,3,3,1,1,0,0,0,1
135,10,25,1,1,2,1,0,1,2,1
2033,22,662,1,0,0,0,0,35,3,1
178,2,49,1,1,2,1,0,1,1,1
96,20,18,0,0,0,0,0,0,2,1
197,8,45,1,1,2,1,0,1,2,1
221,20,45,2,2,2,1,0,1,2,1
93,3,25,0,0,2,1,0,0,2,1
286,46,44,0,0,0,0,0,3,1,1
85,1,21,2,2,2,1,0,0,0,1
55,2,8,0,0,0,0,0,0,0,1
104,0,29,0,0,2,1,0,0,1,1
207,23,45,1,1,4,2,0,2,2,1
674,0,137,0,0,0,0,0,8,0,1
90,5,18,0,0,2,1,0,1,2,1
99,20,18,0,0,0,0,0,1,2,1
261,38,38,0,0,0,0,0,2,0,1
93,20,17,0,0,0,0,0,0,2,1
161,29,36,1,1,2,1,0,0,2,1
795,8,166,0,0,0,0,0,11,0,1
86,10,14,0,0,0,0,0,1,1,1
109,20,20,0,0,0,0,0,1,2,1
86,10,14,0,0,0,0,0,1,1,1
135,7,30,1,1,2,1,0,1,2,1
174,0,30,0,0,0,0,0,2,0,1
114,20,22,0,0,0,0,0,0,2,1
95,12,23,0,0,0,0,0,0,3,1
110,20,18,0,0,0,0,0,0,2,1
344,17,52,3,3,0,1,0,1,2,1
131,3,33,1,1,2,1,0,2,2,1
304,51,45,0,0,0,0,0,3,1,1
105,17,23,1,1,0,1,0,1,1,1
100,20,19,0,0,0,0,0,0,2,1
790,4,164,0,0,0,0,0,15,0,1
313,43,46,0,0,0,0,0,1,1,1
95,1,27,0,0,2,1,0,0,2,1
111,6,18,0,0,0,0,0,0,1,1
116,3,26,0,0,2,1,0,0,1,1
123,22,20,0,0,0,0,0,1,2,1
242,3,49,0,0,0,0,0,5,0,1
92,10,17,0,0,0,1,0,0,1,1
33,5,4,0,0,0,0,0,1,0,1
171,14,36,1,1,2,1,0,1,2,1
80,19,14,0,0,0,0,0,1,2,1
249,21,50,2,2,2,0,0,1,3,1
91,10,16,0,0,0,0,0,2,1,1
292,43,45,0,0,0,0,0,2,1,1
118,0,31,0,0,2,1,0,0,2,1
92,8,18,0,0,2,1,0,0,2,1
88,20,15,0,0,0,0,0,0,2,1
54,5,8,0,0,0,0,0,0,0,1
396,4,81,0,0,0,0,0,4,0,1
139,20,22,0,0,0,0,0,2,2,1
33,5,4,0,0,0,0,0,1,0,1
823,2,177,0,0,0,0,0,10,0,1
74,0,13,0,0,0,0,0,2,0,1
410,57,97,3,3,4,2,0,0,2,1
116,12,18,0,0,0,0,0,0,1,1
135,15,28,1,1,0,0,0,1,2,1
1785,14,395,0,0,0,0,0,28,0,1
113,6,18,0,0,0,0,0,0,1,1
56,1,8,0,0,0,0,0,0,0,1
280,52,61,2,2,1,1,0,2,2,1
89,20,15,0,0,0,0,0,0,2,1
315,104,84,2,2,3,1,0,1,1,1
25,1,5,0,0,0,0,0,0,0,1
331,6,80,2,2,8,2,0,2,2,1
156,30,35,1,1,2,1,0,0,1,1
192,0,33,0,0,0,0,0,3,0,1
116,0,30,0,0,2,1,0,0,2,1
633,7,127,0,0,0,0,0,13,0,1
125,0,30,0,0,2,1,0,0,2,1
87,0,23,2,2,3,0,0,0,1,1
140,0,32,1,1,2,1,0,0,2,1
49,0,15,2,1,1,0,0,1,1,1
80,20,14,0,0,0,0,0,0,2,1
90,20,16,0,0,0,0,0,0,2,1
4329,11,889,0,0,0,0,0,51,0,1
87,20,17,0,0,0,0,0,0,2,1
299,42,45,0,0,0,0,0,5,1,1
216,0,41,0,0,0,0,0,3,0,1
33,5,4,0,0,0,0,0,1,0,1
86,0,14,0,0,0,0,0,3,0,1
187,2,51,1,1,2,1,0,0,2,1
93,19,18,0,0,0,0,0,0,2,1
247,14,59,2,2,0,0,0,1,3,1
49,0,17,1,1,0,1,0,0,0,1
110,7,18,0,0,0,0,0,0,1,1
2702,16,567,0,0,0,0,0,20,0,1
107,8,24,1,1,2,1,0,1,2,1
1737,5,367,0,0,0,0,0,24,0,1
109,0,28,0,0,2,1,0,1,2,1
116,12,22,0,0,0,0,0,0,1,1
108,20,19,0,0,0,0,0,0,2,1
362,137,90,3,3,0,0,0,3,2,1
52,0,10,0,0,0,0,0,0,0,1
95,20,16,0,0,0,0,0,0,2,1
73,20,13,0,0,0,0,0,0,2,1
135,20,25,0,0,0,0,0,1,2,1
694,0,158,0,0,0,0,0,4,0,1
93,20,17,0,0,0,0,0,0,2,1
86,20,15,0,0,0,0,0,0,2,1
117,14,18,0,0,0,0,0,0,1,1
623,149,119,5,5,8,5,0,0,1,1
114,4,28,0,0,2,1,0,1,2,1
111,13,27,1,1,2,1,0,0,2,1
181,0,35,1,1,2,1,0,1,2,1
208,0,36,0,0,0,0,0,0,0,1
173,23,44,1,1,2,0,0,0,3,1
56,7,8,0,0,0,0,0,0,0,1
258,40,35,0,0,0,0,0,2,0,1
184,2,52,1,1,2,1,0,0,2,1
100,20,17,0,0,0,0,0,1,2,1
95,20,17,0,0,0,0,0,1,2,1
907,4,188,0,0,0,0,0,12,0,1
103,20,18,0,0,0,0,0,0,2,1
262,39,35,0,0,0,0,0,1,0,1
115,29,29,0,0,2,0,0,0,0,1
339,0,72,0,0,0,0,0,4,0,1
38,5,6,0,0,0,0,0,2,0,1
202,4,54,1,1,1,1,0,2,2,1
1005,5,204,0,0,0,0,0,12,0,1
369,91,80,0,0,3,5,0,1,1,1
1172,1,243,0,0,0,0,0,15,0,1
696,0,238,0,0,0,0,0,8,0,1
503,2,101,0,0,0,0,0,5,0,1
136,9,27,1,1,1,1,0,0,1,1
20723,250,9029,0,1,1,0,0,125,2,1
122,1,31,0,0,2,1,0,1,2,1
177,20,35,1,1,5,3,0,1,1,1
313,44,47,0,0,0,0,0,3,1,1
134,11,31,1,1,1,1,0,2,1,1
60,4,10,0,0,0,0,0,0,0,1
110,0,21,1,1,0,0,0,1,2,1
512,5,109,0,0,0,0,0,11,0,1
86,10,14,0,0,0,0,0,1,1,1
120,22,24,1,1,2,0,0,1,1,1
466,3,101,0,0,0,0,0,7,0,1
107,20,21,0,0,0,0,0,0,2,1
279,8,65,0,0,0,0,0,2,0,1
446,5,95,0,0,0,0,0,4,0,1
91,21,17,0,0,0,0,0,0,2,1
269,44,36,0,0,0,0,0,1,0,1
182,27,41,1,1,3,1,0,0,1,1
120,24,22,0,0,0,0,0,1,2,1
581,0,122,0,0,0,0,0,6,0,1
413,6,79,0,0,0,0,0,9,0,1
92,8,22,0,0,2,1,0,0,2,1
112,8,24,1,1,1,1,0,1,2,1
83,8,18,0,0,2,1,0,0,1,1
111,9,28,1,1,2,1,0,0,2,1
104,5,45,0,0,0,0,0,1,1,1
116,0,31,0,0,2,1,0,0,1,1
111,0,30,0,0,2,1,0,0,2,1
117,13,22,0,0,0,0,0,0,1,1
105,21,17,0,0,0,0,0,1,2,1
98,20,18,0,0,0,0,0,0,2,1
88,20,17,0,0,0,0,0,0,2,1
82,20,14,0,0,0,0,0,0,2,1
282,43,41,0,0,0,0,0,2,0,1
116,12,22,0,0,0,0,0,0,1,1
504,2,108,0,0,0,0,0,7,0,1
120,0,30,0,0,2,1,0,0,2,1
377,57,81,3,3,0,0,0,5,2,1
110,0,21,0,0,0,0,0,1,0,1
117,0,26,1,1,2,1,0,0,1,1
152,3,34,1,1,2,1,0,0,2,1
303,39,43,0,0,0,0,0,2,1,1
683,1,145,0,0,0,0,0,8,0,1
649,11,138,0,0,0,0,0,5,0,1
94,20,18,0,0,0,0,0,0,2,1
95,5,29,0,0,2,1,0,0,1,1
86,20,16,0,0,0,0,0,0,2,1
86,0,26,0,0,2,1,0,0,2,1
749,10,179,0,0,0,0,0,8,0,1
165,1,38,1,1,2,1,0,1,2,1
1121,3,238,0,0,0,0,0,18,0,1
95,3,25,0,0,0,1,0,1,2,1
1137,2,230,0,0,0,0,0,14,0,1
83,19,16,0,0,0,0,0,0,2,1
83,12,16,0,0,2,1,0,0,2,1
106,0,28,0,0,2,1,0,1,2,1
84,20,15,0,0,0,0,0,0,2,1
182,2,48,1,1,2,1,0,1,2,1
80,20,14,0,0,0,0,0,0,2,1
113,20,20,0,0,0,0,0,0,2,1
86,19,16,0,0,0,0,0,0,2,1
105,0,26,0,0,2,1,0,0,2,1
385,9,118,2,2,6,0,0,2,0,1
62,7,15,0,0,0,0,0,0,0,1
120,14,28,1,1,2,1,0,0,1,1
178,2,48,1,1,2,1,0,0,2,1
3298,19,722,0,0,0,0,0,42,0,1
1147,8,304,0,0,0,0,0,7,0,1
102,20,18,0,0,0,0,0,0,2,1
61,5,15,0,0,2,1,0,0,1,1
195,2,53,1,1,2,1,0,0,2,1
189,10,100,1,1,3,1,0,0,2,1
98,20,18,0,0,0,0,0,1,2,1
1086,7,224,0,0,0,0,0,14,0,1
262,41,37,0,0,0,0,0,1,0,1
92,20,18,0,0,0,0,0,1,2,1
497,10,98,0,0,0,0,0,10,0,1
113,9,29,1,1,2,1,0,1,1,1
7320,68,2416,2,2,0,0,0,102,4,1
81,11,18,0,0,3,1,0,0,2,1
117,12,29,1,1,2,1,0,0,2,1
81,20,16,0,0,0,0,0,0,2,1
109,20,20,0,0,0,0,0,0,2,1
247,37,35,0,0,0,0,0,1,0,1
88,20,16,0,0,0,0,0,1,2,1
79,20,14,0,0,0,0,0,0,2,1
617,19,131,0,0,0,0,0,10,0,1
516,1,143,0,0,0,0,0,1,2,1
121,0,30,0,0,2,1,0,0,1,1
1418,5,284,0,0,0,0,0,20,0,1
228,4,62,1,1,4,2,0,2,2,1
91,10,16,0,0,0,0,0,2,1,1
86,20,16,0,0,0,0,0,1,2,1
102,0,20,0,0,0,0,0,1,0,1
89,20,14,0,0,0,0,0,1,2,1
477,1,97,0,0,0,0,0,4,0,1
85,20,16,0,0,0,0,0,0,2,1
109,0,26,0,0,2,1,0,1,2,1
53,1,8,0,0,0,0,0,0,0,1
1054,1,220,0,0,0,0,0,8,0,1
157,11,32,1,1,3,0,0,0,3,1
120,12,22,0,0,0,0,0,0,1,1
72,1,16,2,2,2,1,0,0,0,1
283,45,40,0,0,0,0,0,2,1,1
89,20,16,0,0,0,0,0,0,2,1
933,2,203,0,0,0,0,0,12,0,1
337,5,76,0,0,0,0,0,4,0,1
225,41,50,2,2,0,0,0,3,2,1
157,30,36,1,1,2,1,0,0,1,1
113,20,21,0,0,0,0,0,0,2,1
141,16,34,1,1,2,0,0,0,1,1
640,145,121,5,5,8,5,0,0,2,1
84,20,14,0,0,0,0,0,0,2,1
700,0,137,0,0,0,0,0,13,0,1
516,2,117,0,0,0,0,0,6,0,1
262,14,60,2,2,0,0,0,1,3,1
98,20,18,0,0,0,0,0,0,2,1
314,40,47,0,0,0,0,0,3,1,1
138,0,23,0,0,0,0,0,2,0,1
93,9,31,2,2,3,0,0,0,0,1
185,5,49,1,1,2,1,0,0,2,1
120,13,22,1,1,3,1,0,0,1,1
172,2,47,1,1,2,1,0,1,2,1
112,20,21,0,0,0,0,0,0,2,1
525,4,110,0,0,0,0,0,9,0,1
274,47,41,0,0,0,0,0,3,1,1
120,21,21,0,0,0,0,0,1,2,1
119,9,20,0,0,0,0,0,0,1,1
88,0,24,0,0,2,1,0,0,2,1
47,8,10,0,0,0,0,0,1,0,1
1234,6,271,0,0,0,0,0,12,0,1
1270,2,292,0,0,0,0,0,17,0,1
72,7,16,0,0,0,0,0,0,0,1
68,0,13,0,0,0,0,0,3,0,1
123,11,22,0,0,0,1,0,2,1,1
351,0,72,0,0,0,0,0,2,0,1
317,64,69,3,3,3,2,0,0,2,1
33,5,4,0,0,0,0,0,1,0,1
51,0,13,1,1,1,1,0,0,0,1
300,0,56,0,0,0,0,0,4,0,1
127,20,21,0,0,0,0,0,2,2,1
114,20,20,0,0,0,0,0,0,2,1
116,10,19,0,0,0,0,0,0,1,1
80,19,14,0,0,0,0,0,1,2,1
33,5,4,0,0,0,0,0,1,0,1
133,14,32,1,1,0,0,0,1,3,1
137,21,30,1,1,1,1,0,1,1,1
55,4,8,0,0,0,0,0,1,0,1
98,20,17,0,0,0,0,0,1,2,1
568,2,125,0,0,0,0,0,7,0,1
63,0,15,0,0,0,0,0,0,3,1
86,0,24,0,0,0,0,0,1,3,1
247,37,33,0,0,0,0,0,2,0,1
91,15,20,0,0,2,1,0,0,1,1
356,152,108,3,3,0,0,0,0,2,1
128,0,32,0,0,2,1,0,1,2,1
110,20,18,0,0,0,0,0,1,2,1
3064,19,668,0,0,0,0,0,32,0,1
514,0,94,0,0,0,0,0,6,0,1
105,0,24,0,0,2,1,0,1,1,1
96,20,17,0,0,0,0,0,0,2,1
115,8,18,0,0,0,0,0,0,1,1
102,0,28,0,0,2,1,0,0,2,1
90,20,16,0,0,0,0,0,1,2,1
105,12,21,1,1,2,1,0,0,2,1
7704,77,2539,2,2,0,0,0,104,4,1
86,10,14,0,0,0,0,0,1,1,1
77,19,13,0,0,0,0,0,0,2,1
166,0,39,1,1,2,1,0,1,1,1
186,21,45,1,1,1,1,0,0,1,1
239,44,38,0,0,0,0,0,1,0,1
194,6,49,1,1,2,1,0,1,2,1
76,20,15,0,0,0,0,0,0,2,1
107,4,17,0,0,0,0,0,0,1,1
66,1,13,0,0,0,0,0,1,2,1
788,6,165,0,0,0,0,0,8,0,1
91,10,16,0,0,0,0,0,2,1,1
92,20,16,0,0,0,0,0,0,2,1
123,15,28,1,1,0,0,0,0,2,1
159,19,33,1,1,1,1,0,2,2,1
243,60,46,2,2,2,1,0,4,1,1
416,191,129,3,3,0,0,0,0,2,1
239,43,35,0,0,0,0,0,1,0,1
226,40,34,0,0,0,0,0,2,0,1
79,20,14,0,0,0,0,0,0,2,1
91,0,24,0,0,0,0,0,1,3,1
95,12,20,0,0,2,1,0,0,2,1
780,6,164,0,0,0,0,0,16,0,1
562,9,149,3,3,6,4,0,7,2,1
106,20,21,0,0,0,0,0,1,2,1
92,6,25,2,3,2,1,0,1,1,1
90,20,17,0,0,0,0,0,1,2,1
127,9,28,1,1,2,0,0,0,3,1
134,1,33,1,1,2,1,0,1,2,1
238,3,51,0,0,0,0,0,3,0,1
1119,7,242,0,0,0,0,0,16,0,1
9460,16,2831,1,6,2,0,0,30,0,1
126,13,26,1,1,1,1,0,1,2,1
247,40,35,0,0,0,0,0,3,0,1
91,6,29,0,0,2,1,0,0,1,1
88,20,15,0,0,0,0,0,1,2,1
122,2,29,1,1,2,1,0,1,2,1
95,20,16,0,0,0,0,0,0,2,1
115,7,18,0,0,0,0,0,1,1,1
154,1,49,4,4,5,0,0,0,0,1
495,4,111,0,0,0,0,0,7,0,1
80,19,15,0,0,0,0,0,1,2,1
92,20,16,0,0,0,0,0,1,2,1
225,25,48,2,2,4,2,0,2,1,1
77,20,15,0,0,0,0,0,1,2,1
58,2,9,0,0,0,0,0,0,0,1
171,0,33,1,1,2,1,0,0,2,1
538,38,93,4,4,4,0,0,6,3,1
669,4,138,0,0,0,0,0,15,0,1
38,5,6,0,0,0,0,0,2,0,1
248,37,31,0,0,0,0,0,3,0,1
779,13,165,0,0,0,0,0,3,0,1
89,20,16,0,0,0,0,0,0,2,1
80,20,15,0,0,0,0,0,0,2,1
71,8,48,0,0,0,0,0,0,0,1
204,2,54,1,1,2,1,0,0,2,1
88,1,24,0,0,2,1,0,1,2,1
1433,0,449,0,0,0,0,0,1,15,1
116,12,22,0,0,0,0,0,0,1,1
86,20,14,0,0,0,0,0,0,2,1
128,2,31,0,0,2,1,0,1,1,1
2088,7,434,0,0,0,0,0,29,0,1
228,23,46,1,1,2,1,0,2,2,1
92,0,34,4,4,0,0,0,2,0,1
86,10,14,0,0,0,0,0,1,1,1
53,1,21,2,2,1,1,1,1,0,1
76,20,13,0,0,0,0,0,0,2,1
115,10,18,0,0,0,0,0,0,1,1
81,20,14,0,0,0,0,0,0,2,1
240,2,63,7,7,3,1,0,1,0,1
90,20,16,0,0,0,0,0,1,2,1
113,10,18,0,0,0,0,0,0,1,1
96,20,16,0,0,0,0,0,1,2,1
76,20,14,0,0,0,0,0,0,2,1
159,0,31,1,1,2,1,0,4,2,1
1278,3,282,0,0,0,0,0,18,0,1
122,13,24,0,0,0,0,0,0,1,1
248,38,35,0,0,0,0,0,1,0,1
860,4,174,0,0,0,0,0,12,0,1
65,1,8,0,0,0,0,0,1,0,1
1126,17,403,1,0,0,0,0,6,3,1
1810,11,383,0,0,0,0,0,29,0,1
109,20,20,0,0,0,0,0,1,2,1
220,40,31,0,0,0,0,0,1,0,1
88,20,16,0,0,0,0,0,1,2,1
259,41,36,0,0,0,0,0,1,0,1
263,40,39,0,0,0,0,0,1,0,1
80,5,18,0,0,0,0,0,0,3,1
164,10,41,1,1,2,1,0,2,1,1
85,19,16,0,0,0,0,0,1,2,1
89,20,17,0,0,0,0,0,0,2,1
113,9,18,0,0,0,0,0,0,1,1
95,11,22,0,0,2,1,0,1,2,1
97,20,17,0,0,0,0,0,1,2,1
87,20,15,0,0,0,0,0,0,2,1
118,0,28,0,0,2,1,0,0,1,1
56,2,12,1,1,1,1,0,0,0,1
98,20,18,0,0,0,0,0,1,2,1
146,7,42,1,1,2,1,0,1,2,1
159,13,34,1,1,0,0,0,1,4,1
96,20,15,0,0,0,0,0,0,2,1
574,3,115,0,0,0,0,0,4,0,1
134,14,33,1,1,2,1,0,1,2,1
191,15,52,1,1,2,1,0,2,2,1
94,6,27,2,2,2,0,0,0,0,1
113,2,30,0,0,2,1,0,0,2,1
104,20,18,0,0,0,0,0,2,2,1
77,1,19,2,3,2,1,0,0,2,1
184,2,49,1,1,2,1,0,0,2,1
1472,2,306,0,0,0,0,0,26,0,1
83,21,15,0,0,0,0,0,0,2,1
91,10,16,0,0,0,0,0,2,1,1
245,37,37,0,0,0,0,0,2,0,1
419,0,90,0,0,0,0,0,4,0,1
121,14,30,1,1,2,1,0,0,2,1
86,20,15,0,0,0,0,0,0,2,1
91,10,16,0,0,0,0,0,2,1,1
94,21,17,0,0,0,0,0,2,2,1
101,20,19,0,0,0,0,0,1,2,1
88,19,17,0,0,0,0,0,0,2,1
50,7,13,0,0,0,0,0,1,0,1
80,7,22,0,0,2,1,0,0,2,1
552,0,113,0,0,0,0,0,8,0,1
79,20,14,0,0,0,0,0,0,2,1
97,11,21,0,0,2,1,0,1,2,1
118,0,25,0,0,2,1,0,0,2,1
181,1,35,0,0,0,0,0,5,0,1
33,5,4,0,0,0,0,0,1,0,1
42,7,9,0,0,0,0,0,0,0,1
96,19,20,0,0,0,0,0,1,2,1
224,43,33,0,0,0,0,0,2,0,1
169,23,35,1,1,2,1,0,1,1,1
183,32,36,1,1,2,1,0,0,1,1
150,0,32,1,1,2,1,0,1,1,1
186,2,48,1,1,2,1,0,2,2,1
112,33,29,2,2,1,0,1,1,0,1
311,46,51,0,0,0,0,0,5,1,1
1374,0,271,0,0,0,0,0,22,0,1
287,44,44,0,0,0,0,0,1,1,1
160,16,38,1,1,2,0,0,0,2,1
86,10,14,0,0,0,0,0,1,1,1
979,22,333,0,0,0,0,0,2,3,1
579,84,119,5,5,0,0,0,4,1,1
1200,3,243,0,0,0,0,0,15,0,1
538,8,103,0,0,0,0,0,10,0,1
164,10,36,1,1,2,1,0,0,1,1
106,0,28,0,0,2,1,0,1,2,1
379,190,124,3,3,0,0,0,0,2,1
6822,144,2286,1,0,0,0,0,102,0,1
188,3,48,1,1,2,1,0,0,1,1
110,2,26,0,0,2,1,0,0,2,1
1029,0,204,0,0,0,0,0,15,0,1
319,2,69,0,0,0,0,0,3,0,1
64,3,10,0,0,0,0,0,0,2,1
306,2,63,0,0,0,0,0,6,0,1
5238,29,1621,89,90,1,0,0,23,1,1
790,3,159,0,0,0,0,0,11,0,1
195,33,44,1,1,0,1,1,2,2,1
120,12,22,0,0,0,0,0,0,1,1
53,5,8,0,0,0,0,0,0,0,1
55,6,8,0,0,0,0,0,1,0,1
196,36,43,1,1,2,1,0,0,2,1
218,1,53,1,1,3,1,0,1,5,1
91,20,16,0,0,0,0,0,0,2,1
102,19,19,0,0,0,0,0,1,2,1
344,0,73,0,0,0,0,0,2,0,1
80,0,14,0,0,0,0,0,0,0,1
172,10,38,1,1,2,1,0,2,2,1
336,49,71,2,2,2,1,0,5,1,1
302,4,62,0,0,0,0,0,4,0,1
121,13,22,0,0,0,0,0,0,1,1
85,20,15,0,0,0,0,0,0,2,1
95,21,17,0,0,0,0,0,0,2,1
1036,0,198,0,0,0,0,0,9,0,1
285,0,51,0,0,0,0,0,5,0,1
357,1,68,0,0,0,0,0,6,0,1
81,20,16,0,0,0,0,0,1,2,1
11538,17,3851,0,1,0,0,0,46,2,1
112,11,23,1,1,1,1,0,0,1,1
78,1,22,2,2,2,0,0,0,2,1
85,20,15,0,0,0,0,0,0,2,1
114,18,29,1,1,2,1,0,1,2,1
172,9,98,1,1,3,1,0,0,1,1
121,16,29,1,1,2,1,0,0,2,1
95,0,25,0,0,0,0,0,1,2,1
127,0,31,0,0,2,1,0,1,2,1
842,0,171,0,0,0,0,0,13,0,1
112,1,26,0,0,2,1,0,0,1,1
1013,7,210,0,0,0,0,0,19,0,1
86,21,15,0,0,0,0,0,0,2,1
1177,4,259,0,0,0,0,0,15,0,1
103,20,21,0,0,0,0,0,0,2,1
314,43,46,0,0,0,0,0,2,1,1
70,20,14,0,0,0,0,0,0,2,1
260,44,33,0,0,0,0,0,2,0,1
88,20,16,0,0,0,0,0,0,2,1
1217,16,249,0,0,0,0,0,22,0,1
517,0,113,0,0,0,0,0,7,0,1
1175,13,256,0,0,0,0,0,16,0,1
105,21,26,0,0,0,0,0,0,2,1
428,0,91,0,0,0,0,0,8,0,1
234,38,34,0,0,0,0,0,1,0,1
105,21,26,0,0,0,0,0,0,2,1
208,4,55,1,1,2,1,0,0,2,1
421,4,93,0,0,0,0,0,6,0,1
749,1,163,0,0,0,0,0,5,0,1
1235,2,249,0,0,0,0,0,17,0,1
591,10,122,0,0,0,0,0,9,0,1
85,17,20,0,0,2,1,0,0,1,1
51,1,8,0,0,0,0,0,0,0,1
19650,86,5663,31,9,0,0,0,549,0,1
109,11,24,1,1,1,1,0,2,2,1
466,135,132,4,4,3,4,0,0,2,1
263,38,37,0,0,0,0,0,1,0,1
161,3,43,1,1,1,0,0,1,4,1
124,2,27,0,0,0,0,0,3,0,1
81,20,14,0,0,0,0,0,0,2,1
202,17,55,1,1,2,1,0,0,1,1
59,2,9,0,0,0,0,0,1,0,1
173,2,40,1,1,1,1,0,1,1,1
84,20,15,0,0,0,0,0,0,2,1
462,0,89,0,0,0,0,0,7,0,1
178,2,49,1,1,2,1,0,1,2,1
250,38,36,0,0,0,0,0,4,0,1
92,20,17,0,0,0,0,0,0,2,1
117,32,34,0,0,0,0,0,0,1,1
78,1,16,2,2,5,1,0,0,0,1
451,1,92,0,0,0,0,0,4,0,1
413,0,84,0,0,0,0,0,6,0,1
594,2,122,0,0,0,0,0,7,0,1
242,39,32,0,0,0,0,0,1,0,1
163,7,95,1,1,2,1,0,0,1,1
80,1,18,0,0,0,0,0,0,4,1
101,0,28,0,0,2,1,0,0,1,1
245,39,33,0,0,0,0,0,1,0,1
118,4,31,0,0,2,1,0,1,2,1
1124,1,228,0,0,0,0,0,13,0,1
96,20,14,0,0,0,0,0,0,2,1
87,20,15,0,0,0,0,0,0,2,1
37,0,7,0,0,0,0,0,1,0,1
177,2,49,1,1,2,1,0,2,2,1
137,11,28,1,1,2,1,0,2,2,1
1206,8,251,0,0,0,0,0,12,0,1
1978,13,424,0,0,0,0,0,34,0,1
1434,7,307,0,0,0,0,0,22,0,1
191,4,50,1,1,2,1,0,0,1,1
90,22,16,0,0,0,0,0,1,2,1
330,43,50,0,0,0,0,0,2,1,1
114,20,21,0,0,0,0,0,0,2,1
131,17,33,1,1,2,1,0,2,1,1
263,42,37,0,0,0,0,0,3,0,1
1784,6,353,0,0,0,0,0,25,0,1
114,6,19,0,0,0,0,0,0,1,1
1065,0,215,0,0,0,0,0,10,0,1
97,21,18,0,0,0,0,0,1,2,1
290,50,41,0,0,0,0,0,3,1,1
1397,10,302,0,0,0,0,0,16,0,1
363,0,73,0,0,0,0,0,5,0,1
124,15,24,0,0,0,0,0,0,1,1
106,4,31,0,0,2,1,0,0,2,1
394,69,84,3,3,6,3,0,0,4,1
558,2,116,0,0,0,0,0,10,0,1
96,23,19,0,0,0,0,0,1,2,1
99,0,24,0,0,2,1,0,0,2,1
4001,106,1482,0,0,0,0,0,51,0,1
1870,2,501,0,0,0,0,0,18,0,1
249,14,59,2,2,0,0,0,1,3,1
63,8,12,0,0,0,0,0,0,0,1
319,0,60,0,0,0,0,0,2,0,1
197,0,39,0,0,0,0,0,0,0,1
109,20,22,0,0,0,0,0,0,2,1
16144,90,5447,20,18,0,0,0,120,1,1
254,38,35,0,0,0,0,0,3,0,1
177,0,36,0,0,0,0,0,2,0,1
83,20,15,0,0,0,0,0,0,2,1
87,19,16,0,0,0,0,0,1,2,1
232,43,33,0,0,0,0,0,2,0,1
227,38,31,0,0,0,0,0,3,0,1
108,0,25,0,0,2,1,0,3,1,1
98,1,24,0,0,2,1,0,1,2,1
670,4,130,0,0,0,0,0,9,0,1
97,20,17,0,0,0,0,0,0,2,1
110,7,26,1,1,1,1,0,0,1,1
3311,10,596,0,0,0,0,0,60,0,1
754,8,38,7,7,0,0,0,37,2,1
581,0,158,0,0,0,0,0,9,0,1
58,6,8,0,0,0,0,0,0,0,1
56,6,8,0,0,0,0,0,0,0,1
83,20,15,0,0,0,0,0,0,2,1
146,21,34,1,1,2,1,0,0,1,1
3071,34,1055,0,0,0,0,0,19,3,1
87,20,15,0,0,0,0,0,0,2,1
86,10,14,0,0,0,0,0,1,1,1
128,0,33,1,1,2,0,0,0,3,1
135,3,38,0,0,2,1,0,0,2,1
1282,10,270,0,0,0,0,0,23,0,1
87,3,27,0,0,3,1,0,0,1,1
382,0,85,0,0,0,0,0,6,0,1
79,20,15,0,0,0,0,0,0,2,1
95,19,18,0,0,0,0,0,1,2,1
244,36,35,0,0,0,0,0,3,0,1
119,1,30,0,0,2,1,0,1,2,1
29,0,3,0,0,0,0,0,1,0,1
46,0,8,0,0,0,0,0,1,0,1
82,22,15,0,0,0,0,0,0,2,1
110,4,19,0,0,0,0,0,1,0,1
97,0,28,0,0,2,1,0,0,2,1
247,44,35,0,0,0,0,0,1,0,1
91,20,16,0,0,0,0,0,0,2,1
268,12,56,2,2,0,1,0,2,2,1
109,20,19,0,0,0,0,0,1,2,1
297,44,46,0,0,0,0,0,1,1,1
90,20,16,0,0,0,0,0,0,2,1
113,0,30,0,0,2,1,0,1,2,1
1350,6,271,0,0,0,0,0,13,0,1
106,20,21,0,0,0,0,0,1,2,1
814,0,162,0,0,0,0,0,14,0,1
33,5,4,0,0,0,0,0,1,0,1
148,2,36,1,1,2,1,0,0,2,1
112,22,20,0,0,0,0,0,0,2,1
860,0,178,0,0,0,0,0,16,0,1
109,4,20,1,1,1,1,0,1,2,1
111,7,18,0,0,0,0,0,0,1,1
243,37,31,0,0,0,0,0,1,0,1
287,42,45,0,0,0,0,0,2,1,1
298,0,58,0,0,0,0,0,6,0,1
381,2,75,0,0,0,0,0,8,0,1
248,37,37,0,0,0,0,0,2,0,1
119,20,19,0,0,0,0,0,0,2,1
898,5,192,0,0,0,0,0,9,0,1
188,4,49,1,1,2,1,0,1,2,1
109,14,23,1,1,1,1,0,1,1,1
373,182,120,3,3,0,0,0,0,2,1
96,20,17,0,0,0,0,0,1,2,1
430,35,54,0,0,0,1,0,1,0,1
92,20,16,0,0,0,0,0,0,2,1
1241,76,415,10,8,0,0,0,1,1,1
90,20,15,0,0,0,0,0,1,2,1
261,1,46,0,0,0,0,0,2,0,1
298,41,44,0,0,0,0,0,3,0,1
1982,9,422,0,0,0,0,0,30,0,1
107,0,28,0,0,2,1,0,1,2,1
280,43,37,0,0,0,0,0,2,0,1
114,6,18,0,0,0,0,0,1,1,1
862,2,167,0,0,0,0,0,11,0,1
175,4,48,1,1,2,1,0,1,1,1
100,0,25,0,0,2,1,0,0,2,1
76,20,14,0,0,0,0,0,0,2,1
88,7,22,0,0,2,1,0,1,2,1
117,6,18,0,0,0,0,0,1,1,1
940,0,180,0,0,0,0,0,17,0,1
89,20,16,0,0,0,0,0,0,2,1
116,12,22,0,0,0,0,0,0,1,1
383,0,86,0,0,0,0,0,3,0,1
410,77,83,3,3,2,1,0,2,4,1
91,20,17,0,0,0,0,0,0,2,1
1309,2,259,0,0,0,0,0,15,0,1
194,35,47,1,1,3,1,0,0,1,1
101,19,18,0,0,0,0,0,0,2,1
305,46,50,0,0,0,0,0,1,1,1
280,1,55,0,0,0,0,0,5,0,1
747,157,143,0,0,2,1,0,2,3,1
576,1,129,0,0,0,0,0,10,0,1
123,7,26,1,1,3,1,0,1,2,1
44,8,8,0,0,0,0,0,0,0,1
56,1,12,2,2,2,1,1,1,0,1
67,20,12,0,0,0,0,0,0,2,1
234,41,34,0,0,0,0,0,1,0,1
59,2,8,0,0,0,0,0,1,0,1
103,20,18,0,0,0,0,0,0,2,1
236,56,37,2,2,0,0,0,1,2,1
300,45,44,0,0,0,0,0,3,1,1
180,2,50,1,1,2,1,0,0,2,1
109,0,29,0,0,2,1,0,0,2,1
293,49,44,0,0,0,0,0,3,1,1
1341,2,281,0,0,0,0,0,19,0,1
155,20,26,0,0,2,1,0,0,1,1
288,43,43,0,0,0,0,0,2,1,1
328,50,68,2,2,2,1,0,3,2,1
109,2,28,0,0,2,1,0,0,2,1
136,4,39,1,1,1,1,0,3,2,1
101,20,19,0,0,0,0,0,0,2,1
101,0,26,0,0,2,1,0,0,2,1
969,0,198,0,0,0,0,0,13,0,1
133,0,31,1,1,1,1,0,0,2,1
97,20,17,0,0,0,0,0,1,2,1
402,3,84,0,0,0,0,0,3,0,1
71,1,23,0,0,2,1,0,0,1,1
164,2,46,1,1,2,1,0,1,1,1
102,20,19,0,0,0,0,0,0,2,1
233,36,33,0,0,0,0,0,1,0,1
120,2,29,0,0,2,1,0,2,3,1
344,7,117,0,0,1,0,0,2,1,1
112,0,23,2,3,2,1,0,1,1,1
511,2,99,0,0,0,0,0,5,0,1
94,5,19,0,0,3,1,0,2,2,1
85,8,19,0,0,0,1,0,1,2,1
405,115,97,3,3,2,1,0,1,2,1
815,8,169,0,0,0,0,0,9,0,1
43,0,7,0,0,0,0,0,0,0,1
116,10,28,1,1,0,0,0,0,2,1
2177,20,436,0,0,0,0,0,23,0,1
138,13,26,1,1,2,1,0,0,2,1
100,22,19,0,0,0,0,0,0,2,1
70,3,14,1,1,1,0,0,1,0,1
280,42,40,0,0,0,0,0,5,1,1
164,17,38,1,1,0,0,0,0,1,1
440,30,117,0,0,0,0,0,3,3,1
115,1,26,0,0,2,1,0,0,1,1
234,37,34,0,0,0,0,0,2,0,1
8688,40,2478,4,3,0,0,0,102,0,1
123,21,28,2,2,3,0,0,0,0,1
104,0,25,0,0,2,1,0,0,2,1
38,5,6,0,0,0,0,0,2,0,1
92,13,16,0,0,1,1,0,0,2,1
186,2,44,6,6,4,2,0,0,1,1
175,27,40,1,1,2,1,0,0,1,1
69,4,16,0,0,2,1,0,2,2,1
297,41,43,0,0,0,0,0,2,1,1
113,2,30,0,0,2,1,0,0,2,1
571,4,113,0,0,0,0,0,9,0,1
252,44,36,0,0,0,0,0,3,0,1
57,5,8,0,0,0,0,0,0,1,1
94,20,15,0,0,0,0,0,0,2,1
70,7,16,0,0,0,0,0,0,3,1
264,45,35,0,0,0,0,0,2,0,1
186,0,69,2,2,2,0,0,0,0,1
266,32,65,2,2,1,0,0,1,3,1
84,20,15,0,0,0,0,0,0,2,1
3477,11,761,0,0,0,0,0,53,0,1
113,10,27,1,1,0,0,0,0,2,1
262,44,38,0,0,0,0,0,1,0,1
187,1,36,0,0,0,0,0,2,0,1
81,20,14,0,0,0,0,0,0,2,1
319,11,82,2,2,2,1,0,0,2,1
105,8,24,1,1,2,1,0,0,2,1
744,0,159,0,0,0,0,0,10,0,1
219,39,43,1,1,2,0,0,2,2,1
152,12,36,1,1,2,1,0,2,2,1
234,41,33,0,0,0,0,0,3,0,1
80,1,18,0,0,0,0,0,0,4,1
78,20,14,0,0,0,0,0,1,2,1
1105,9,242,0,0,0,0,0,18,0,1
108,7,23,1,1,0,0,0,1,3,1
32,0,4,0,0,0,0,0,0,0,1
122,23,31,1,1,2,1,0,0,2,1
324,43,47,0,0,0,0,0,2,1,1
123,11,29,1,1,2,1,0,1,2,1
123,0,32,0,0,2,1,0,0,2,1
129,0,35,0,0,2,1,0,0,1,1
91,20,16,0,0,0,0,0,0,2,1
2087,11,429,0,0,0,0,0,31,1,1
1314,12,277,0,0,0,0,0,9,0,1
38,0,11,1,1,1,1,0,0,0,1
56,3,8,0,0,0,0,0,0,0,1
109,0,29,0,0,2,1,0,1,2,1
72,10,16,0,0,0,0,0,0,0,1
127,0,28,0,0,0,0,0,1,0,1
1130,1,225,0,0,0,0,0,15,0,1
106,20,18,0,0,0,0,0,0,2,1
85,19,16,0,0,0,0,0,0,2,1
100,20,18,0,0,0,0,0,0,2,1
277,12,67,2,2,6,1,0,0,3,1
465,7,86,0,0,0,0,0,7,0,1
120,12,22,0,0,0,0,0,0,1,1
84,19,15,0,0,0,0,0,1,2,1
9768,1801,2661,25,24,1,0,0,25,2,1
129,16,25,1,1,3,1,0,0,2,1
108,20,20,0,0,0,0,0,0,2,1
100,20,20,0,0,0,0,0,1,2,1
81,19,15,0,0,0,0,0,0,2,1
240,42,35,0,0,0,0,0,2,0,1
299,46,46,0,0,0,0,0,1,1,1
590,0,119,0,0,0,0,0,6,0,1
260,14,59,2,2,0,0,0,2,3,1
1262,17,258,0,0,0,0,0,23,0,1
110,0,21,0,0,0,0,0,1,0,1
114,0,31,0,0,3,1,0,0,2,1
376,59,50,3,3,2,0,0,0,2,1
80,20,15,0,0,0,0,0,0,2,1
123,5,33,0,0,2,1,0,0,1,1
107,0,30,0,0,2,1,0,0,2,1
181,13,38,1,1,2,1,0,0,1,1
298,49,44,0,0,0,0,0,3,1,1
1479,6,308,0,0,0,0,0,16,0,1
1640,0,342,0,0,0,0,0,22,0,1
52,2,20,0,2,2,1,0,0,0,1
101,20,19,0,0,0,0,0,0,2,1
33,5,4,0,0,0,0,0,1,0,1
83,20,15,0,0,0,0,0,0,2,1
146,19,30,1,1,0,0,0,1,1,1
109,14,23,1,1,1,1,0,1,1,1
92,20,17,0,0,0,0,0,0,2,1
134,16,31,1,1,2,1,0,1,2,1
126,20,30,1,1,2,1,0,1,2,1
161,22,34,1,1,2,1,0,1,2,1
38,5,6,0,0,0,0,0,2,0,1
2025,10,411,0,0,0,0,0,32,0,1
85,19,16,0,0,0,0,0,0,2,1
380,91,87,3,3,2,5,0,0,1,1
71,20,13,0,0,0,0,0,0,2,1
111,0,24,0,0,3,1,0,1,2,1
115,0,29,0,0,2,1,0,0,1,1
921,3,184,0,0,0,0,0,17,0,1
59,6,9,0,0,0,0,0,0,0,1
444,66,99,4,4,3,2,0,2,1,1
164,13,33,1,1,2,1,0,1,2,1
103,20,22,0,0,0,0,0,0,2,1
1021,2,216,0,0,0,0,0,12,0,1
28529,98,9093,29,13,0,0,0,72,0,1
225,30,54,2,2,2,1,0,0,1,1
114,0,30,0,0,2,1,0,0,2,1
94,20,16,0,0,0,0,0,0,2,1
317,0,67,0,0,0,0,0,5,0,1
81,20,15,0,0,0,0,0,0,2,1
115,13,18,0,0,0,0,0,0,1,1
255,41,38,0,0,0,0,0,3,0,1
135,16,28,1,1,2,1,0,0,2,1
65,1,13,0,0,1,1,0,0,1,1
142,20,44,1,1,1,0,0,1,1,1
102,20,18,0,0,0,0,0,1,2,1
131,11,26,1,1,0,1,0,1,2,1
55,3,8,0,0,0,0,0,0,0,1
89,19,16,0,0,0,0,0,0,2,1
112,6,18,0,0,0,0,0,0,1,1
106,1,22,0,0,0,1,0,0,1,1
126,16,31,1,1,0,0,1,1,1,1
99,21,20,0,0,0,0,0,1,2,1
475,0,104,0,0,0,0,0,4,0,1
2754,1,555,0,0,0,0,0,44,0,1
954,6,199,0,0,0,0,0,15,0,1
292,43,43,0,0,0,0,0,1,1,1
237,40,37,0,0,0,0,0,2,0,1
112,1,27,0,0,2,1,0,0,2,1
129,17,28,1,1,0,1,0,1,2,1
157,6,42,1,1,2,1,0,0,2,1
86,19,16,0,0,0,0,0,1,2,1
114,20,18,0,0,0,0,0,1,2,1
871,2,176,0,0,0,0,0,11,0,1
95,20,15,0,0,0,0,0,1,2,1
254,40,36,0,0,0,0,0,3,0,1
25,0,4,0,0,0,0,0,2,0,1
97,20,18,0,0,0,0,0,0,2,1
93,20,16,0,0,0,0,0,1,2,1
180,30,39,1,1,2,1,0,0,2,1
1063,3,226,0,0,0,0,0,11,0,1
81,5,16,0,0,2,1,0,0,1,1
863,2,181,0,0,0,0,0,12,0,1
524,0,107,0,0,0,0,0,5,0,1
1460,8,543,0,0,0,0,0,0,1,1
404,1,135,0,8,0,0,0,0,0,1
129,25,28,0,0,0,0,0,1,2,1
262,16,61,2,2,0,0,0,0,3,1
189,1,41,1,1,2,1,0,0,2,1
101,15,22,0,0,2,1,0,0,1,1
59,2,8,0,0,0,0,0,0,0,1
73,20,13,0,0,0,0,0,0,2,1
691,0,156,0,0,0,0,0,11,0,1
117,4,31,0,0,2,1,0,0,2,1
91,20,17,0,0,0,0,0,0,2,1
92,20,16,0,0,0,0,0,0,2,1
1053,1,217,0,0,0,0,0,14,0,1
136,0,31,1,1,1,1,0,2,1,1
197,25,43,1,1,1,1,0,2,1,1
2086,6,427,0,0,0,0,0,28,0,1
90,20,16,0,0,0,0,0,0,2,1
300,45,47,0,0,0,0,0,3,1,1
100,20,18,0,0,0,0,0,0,2,1
110,22,21,0,0,0,0,0,1,2,1
91,20,17,0,0,0,0,0,0,2,1
118,20,21,0,0,0,0,0,0,2,1
114,12,18,0,0,0,0,0,0,1,1
93,19,17,0,0,0,0,0,1,2,1
214,29,45,2,2,2,0,0,1,2,1
274,13,68,2,2,2,1,0,0,1,1
90,20,16,0,0,0,0,0,0,2,1
196,18,46,1,1,2,0,0,2,3,1
1131,0,239,0,0,0,0,0,16,0,1
702,0,148,0,0,0,0,0,8,0,1
129,8,23,1,1,2,1,0,1,2,1
105,13,26,1,1,2,1,0,0,2,1
277,41,43,0,0,0,0,0,2,1,1
83,20,15,0,0,0,0,0,0,2,1
562,0,96,0,0,0,0,0,16,0,1
82,0,24,0,0,2,1,0,0,1,1
36,0,11,1,1,1,0,0,0,0,1
369,4,72,0,0,0,0,0,9,0,1
93,20,16,0,0,0,0,0,2,2,1
86,20,15,0,0,0,0,0,0,2,1
1482,279,213,0,0,0,0,0,0,0,1
91,10,16,0,0,0,0,0,2,1,1
104,20,17,0,0,0,0,0,0,2,1
1438,0,284,0,0,0,0,0,18,0,1
123,14,24,0,0,0,0,0,0,1,1
118,9,30,1,1,2,0,0,0,2,1
255,36,36,0,0,0,0,0,2,0,1
91,10,16,0,0,0,0,0,2,1,1
92,20,15,0,0,0,0,0,0,2,1
246,40,33,0,0,0,0,0,2,0,1
1494,2,306,0,0,0,0,0,22,0,1
503,0,92,0,0,0,0,0,11,0,1
119,3,27,0,0,2,1,0,2,2,1
56,0,9,0,0,0,0,0,0,0,1
3001,8,641,0,0,0,0,0,33,0,1
133,14,29,1,1,2,1,0,2,2,1
293,40,44,0,0,0,0,0,1,1,1
2183,6,432,0,0,0,0,0,29,0,1
77,20,14,0,0,0,0,0,1,2,1
313,33,73,2,2,2,0,0,3,2,1
183,17,35,1,1,2,1,0,0,2,1
116,9,18,0,0,0,0,0,0,1,1
214,3,54,1,1,0,1,0,0,1,1
2854,2,574,0,0,0,0,0,49,0,1
53,2,8,0,0,0,0,0,0,0,1
144,13,32,1,1,2,0,0,1,3,1
6724,46,1495,0,0,0,0,0,97,0,1
95,5,29,0,0,2,1,0,0,1,1
647,0,128,0,0,0,0,0,6,0,1
1210,3,259,0,0,0,0,0,10,0,1
108,1,26,0,0,2,1,0,2,2,1
89,8,18,0,0,2,1,0,0,2,1
71,0,12,1,1,1,1,0,0,0,1
91,10,16,0,0,0,0,0,2,1,1
222,0,51,1,1,3,1,0,0,3,1
94,20,16,0,0,0,0,0,0,2,1
296,47,48,0,0,0,0,0,2,1,1
112,11,23,1,1,1,1,0,0,2,1
320,46,48,0,0,0,0,0,3,1,1
919,2,192,0,0,0,0,0,19,0,1
634,0,123,0,0,0,0,0,9,0,1
819,11,177,0,0,0,0,0,7,0,1
68,4,13,0,0,0,0,0,0,1,1
194,5,47,1,1,2,1,0,1,2,1
96,20,16,0,0,0,0,0,1,2,1
823,6,165,0,0,0,0,0,4,0,1
1186,7,255,0,0,0,0,0,22,0,1
204,1,55,2,2,0,1,0,2,1,1
93,19,16,0,0,0,0,0,1,2,1
72,11,17,0,0,2,1,0,0,2,1
110,0,20,0,0,0,0,0,2,0,1
91,19,16,0,0,0,0,0,0,2,1
134,3,34,0,0,2,1,0,3,2,1
106,0,27,0,0,2,1,0,1,2,1
84,19,16,0,0,0,0,0,1,2,1
195,1,54,0,0,0,0,0,4,0,1
95,11,21,0,0,3,1,0,0,2,1
283,40,70,2,2,0,0,0,0,3,1
99,20,21,0,0,0,0,0,1,2,1
98,20,17,0,0,0,0,0,0,2,1
10,0,1,0,0,0,0,0,0,0,1
41,1,9,1,0,2,1,0,0,0,1
263,42,36,0,0,0,0,0,4,0,1
298,40,43,0,0,0,0,0,2,1,1
458,135,132,4,4,3,5,0,0,1,1
594,2,129,0,0,0,0,0,9,0,1
135,0,30,1,1,2,1,0,0,2,1
149,24,29,0,0,0,0,0,2,2,1
500,1,109,0,0,0,0,0,6,0,1
91,10,16,0,0,0,0,0,2,1,1
1417,1,299,0,0,0,0,0,18,0,1
113,20,21,0,0,0,0,0,0,2,1
288,42,41,0,0,0,0,0,2,1,1
281,46,44,0,0,0,0,0,4,1,1
107,17,21,1,1,1,0,0,0,2,1
125,22,29,1,1,2,1,0,0,1,1
87,20,16,0,0,0,0,0,0,2,1
291,49,42,0,0,0,0,0,1,1,1
137,1,32,1,1,2,1,0,3,2,1
202,2,51,1,1,2,1,0,0,2,1
92,20,17,0,0,0,0,0,0,2,1
67,0,15,0,0,0,0,0,0,3,1
185,21,42,1,1,0,0,0,1,1,1
80,7,17,0,0,2,1,0,2,2,1
283,40,41,0,0,0,0,0,2,1,1
79,9,19,0,0,2,1,0,0,1,1
108,5,25,1,1,1,0,0,0,2,1
81,19,16,0,0,0,0,0,0,2,1
94,20,16,0,0,0,0,0,1,2,1
89,20,16,0,0,0,0,0,0,2,1
107,2,29,0,0,2,1,0,0,2,1
84,20,15,0,0,0,0,0,0,2,1
117,20,24,0,0,0,0,0,0,2,1
88,20,15,0,0,0,0,0,0,2,1
123,0,31,0,0,2,1,0,1,2,1
168,7,32,1,1,2,1,0,2,2,1
115,0,30,0,0,2,1,0,2,2,1
275,42,41,0,0,0,0,0,2,0,1
57,7,8,0,0,0,0,0,0,0,1
1652,7,360,0,0,0,0,0,23,0,1
112,7,19,0,0,0,0,0,0,1,1
1058,0,229,0,0,0,0,0,15,0,1
298,0,56,0,0,0,0,0,7,0,1
319,48,88,3,3,3,5,0,0,2,1
112,0,31,0,0,2,1,0,0,2,1
98,20,19,0,0,0,0,0,0,2,1
1290,4,270,0,0,0,0,0,22,0,1
630,0,133,0,0,0,0,0,7,0,1
65,6,12,0,0,0,0,0,2,0,1
114,20,21,0,0,0,0,0,0,2,1
7609,246,2875,0,0,0,0,0,30,0,1
89,20,16,0,0,0,0,0,0,2,1
265,14,50,2,2,3,0,0,1,3,1
76,20,15,0,0,0,0,0,0,2,1
86,20,15,0,0,0,0,0,0,2,1
95,20,16,0,0,0,0,0,0,2,1
1076,21,231,0,0,0,0,0,11,0,1
175,13,42,1,1,3,0,0,1,3,1
1518,13,608,1,1,0,0,0,13,4,1
108,3,24,1,1,1,0,0,2,2,1
164,20,34,1,1,1,1,0,1,1,1
81,19,15,0,0,0,0,0,0,2,1
155,19,32,1,1,3,1,0,1,2,1
180,2,49,1,1,2,1,0,1,1,1
33,5,4,0,0,0,0,0,1,0,1
130,13,27,1,1,2,1,0,0,2,1
260,38,36,0,0,0,0,0,5,0,1
94,20,18,0,0,0,0,0,0,2,1
129,14,27,1,1,2,1,0,0,2,1
118,2,29,0,0,2,1,0,0,2,1
195,42,44,1,1,2,0,0,0,2,1
91,20,15,0,0,0,0,0,0,2,1
78,3,24,1,1,1,1,0,1,0,1
306,47,47,0,0,0,0,0,3,1,1
305,42,47,0,0,0,0,0,3,1,1
93,21,20,0,0,0,0,0,0,2,1
307,47,46,0,0,0,0,0,1,1,1
59,8,12,0,0,0,0,0,0,0,1
1551,0,336,0,0,0,0,0,18,0,1
91,20,15,0,0,0,0,0,0,2,1
216,2,54,1,1,2,1,0,0,2,1
290,40,70,2,2,0,0,0,0,3,1
113,5,25,1,1,2,0,0,0,3,1
244,40,36,0,0,0,0,0,2,0,1
91,10,16,0,0,0,0,0,2,1,1
57,5,8,0,0,0,0,0,0,0,1
539,3,114,0,0,0,0,0,5,0,1
114,13,25,1,1,2,1,0,0,2,1
91,11,20,0,0,2,1,0,1,2,1
1093,1,228,0,0,0,0,0,15,0,1
111,9,27,1,1,1,1,0,0,1,1
78,6,17,0,0,0,1,1,1,1,1
1243,2,268,0,0,0,0,0,21,0,1
7223,20,2034,8,5,0,0,0,61,3,1
40,7,9,0,0,0,0,0,0,0,1
154,11,30,1,1,2,1,0,0,2,1
11238,27,2492,0,0,0,0,0,157,0,1
114,0,26,1,1,0,1,0,0,2,1
87,20,15,0,0,0,0,0,0,2,1
80,8,16,0,0,0,0,0,2,0,1
82,20,16,0,0,0,0,0,0,2,1
125,9,26,1,1,0,1,0,3,2,1
928,0,178,0,0,0,0,0,21,0,1
95,20,16,0,0,0,0,0,0,2,1
119,8,24,1,1,2,1,0,1,1,1
99,9,24,0,0,2,1,0,1,2,1
345,34,68,3,3,4,1,0,2,2,1
105,8,22,1,1,2,1,0,1,2,1
164,38,36,1,1,1,1,0,0,2,1
321,0,69,0,0,0,0,0,6,0,1
1380,5,300,0,0,0,0,0,23,0,1
189,2,49,1,1,2,1,0,1,2,1
286,42,43,0,0,0,0,0,2,1,1
38,5,6,0,0,0,0,0,2,0,1
3664,12,769,0,0,0,0,0,36,0,1
88,20,15,0,0,0,0,0,0,2,1
847,0,172,0,0,0,0,0,12,0,1
95,21,18,0,0,0,0,0,1,2,1
4351,5,940,0,0,0,0,0,74,0,1
101,19,19,0,0,0,0,0,2,2,1
97,0,25,0,0,2,1,0,0,1,1
99,19,22,0,0,2,1,0,0,1,1
729,2,145,0,0,0,0,0,14,0,1
88,20,17,0,0,0,0,0,0,2,1
109,20,21,0,0,0,0,0,0,2,1
109,9,29,1,1,0,0,0,0,4,1
85,9,14,0,0,0,0,0,1,1,1
335,6,75,0,0,0,0,0,3,0,1
103,1,22,0,0,2,1,0,2,1,1
240,37,35,0,0,0,0,0,2,0,1
204,2,52,1,1,2,1,0,1,2,1
113,20,20,0,0,0,0,0,1,2,1
95,20,18,0,0,0,0,0,1,2,1
108,11,23,1,1,1,1,0,0,2,1
192,8,50,1,1,1,1,0,1,1,1
91,10,16,0,0,0,0,0,2,1,1
125,15,32,1,1,2,0,0,1,2,1
105,19,18,0,0,0,0,0,0,2,1
93,20,18,0,0,0,0,0,0,2,1
641,2,122,0,0,0,0,0,9,0,1
244,42,33,0,0,0,0,0,2,0,1
131,14,29,1,1,2,1,0,0,2,1
91,10,16,0,0,0,0,0,2,1,1
1727,6,358,0,0,0,0,0,19,0,1
100,0,29,0,0,2,1,0,0,2,1
238,6,58,1,1,2,0,0,4,4,1
35,1,8,1,1,0,0,0,0,0,1
101,0,27,0,0,2,1,0,2,1,1
122,10,29,1,1,2,1,0,0,2,1
98,20,17,0,0,0,0,0,0,2,1
93,20,16,0,0,0,0,0,0,2,1
104,0,28,0,0,2,1,0,0,2,1
103,0,25,0,0,2,1,0,0,2,1
113,7,18,0,0,0,0,0,0,1,1
189,2,49,1,1,2,1,0,0,2,1
246,12,57,1,1,2,1,0,1,2,1
94,20,17,0,0,0,0,0,0,2,1
366,2,76,0,0,0,0,0,12,0,1
167,47,41,1,1,0,1,1,1,2,1
132,1,36,0,0,2,1,0,1,1,1
86,10,14,0,0,0,0,0,1,1,1
76,7,17,0,0,2,1,0,1,2,1
744,0,157,0,0,0,0,0,6,0,1
125,3,38,0,0,2,1,0,0,2,1
293,42,46,0,0,0,0,0,1,1,1
980,1,207,0,0,0,0,0,12,0,1
120,12,22,0,0,0,0,0,0,1,1
1540,2,319,0,0,0,0,0,18,0,1
239,42,36,0,0,0,0,0,1,0,1
92,20,17,0,0,0,0,0,0,2,1
431,2,94,0,0,0,0,0,6,0,1
17273,356,5306,20,20,2,0,0,77,5,1
76,9,18,0,0,2,1,0,0,2,1
240,47,33,0,0,0,0,0,3,0,1
247,1,49,0,0,0,0,0,3,0,1
1882,14,402,0,0,0,0,0,22,0,1
2961,48,911,2,1,0,0,0,16,1,1
91,10,16,0,0,0,0,0,2,1,1
33,5,4,0,0,0,0,0,1,0,1
243,44,53,2,2,3,3,0,0,2,1
86,10,14,0,0,0,0,0,1,1,1
252,42,36,0,0,0,0,0,1,0,1
113,6,18,0,0,0,0,0,0,1,1
51,7,15,0,0,0,0,0,0,0,1
696,2,144,0,0,0,0,0,12,0,1
90,20,17,0,0,0,0,0,1,2,1
106,20,20,0,0,0,0,0,2,2,1
466,45,102,4,4,2,1,0,0,2,1
796,5,146,0,0,0,0,0,16,0,1
141,23,29,1,1,0,0,0,0,2,1
97,20,19,0,0,0,0,0,0,2,1
546,5,174,0,0,0,0,0,1,0,1
1031,8,209,0,0,0,0,0,18,0,1
90,0,20,0,0,2,1,0,0,1,1
80,20,15,0,0,0,0,0,0,2,1
238,38,34,0,0,0,0,0,2,0,1
853,0,171,0,0,0,0,0,11,0,1
253,3,54,2,2,0,1,1,2,1,1
565,21,91,4,4,2,1,0,9,2,1
141,6,37,1,1,2,1,0,1,1,1
85,20,15,0,0,0,0,0,0,2,1
124,4,30,0,0,2,1,0,0,2,1
162,29,37,1,1,2,1,0,0,2,1
101,24,18,0,0,0,0,0,0,2,1
896,4,187,0,0,0,0,0,7,0,1
80,20,13,0,0,0,0,0,1,2,1
91,10,16,0,0,0,0,0,2,1,1
93,20,17,0,0,0,0,0,0,2,1
52,1,13,1,1,1,1,0,0,0,1
108,7,23,1,1,0,0,0,1,3,1
313,46,45,0,0,0,0,0,3,1,1
38,5,6,0,0,0,0,0,2,0,1
113,6,18,0,0,0,0,0,0,1,1
106,0,28,0,0,2,1,0,1,2,1
256,12,57,1,1,2,1,0,2,2,1
839,4,170,0,0,0,0,0,13,0,1
95,7,22,0,0,2,1,0,0,2,1
118,11,19,0,0,0,0,0,0,1,1
701,1,148,0,0,0,0,0,9,0,1
59,1,11,2,2,2,1,0,0,0,1
393,190,128,3,3,0,0,0,0,2,1
85,19,16,0,0,0,0,0,0,2,1
299,65,57,2,2,6,3,0,0,1,1
236,41,33,0,0,0,0,0,2,0,1
95,19,17,0,0,0,0,0,1,2,1
116,12,22,0,0,0,0,0,0,1,1
3061,10,635,0,0,0,0,0,40,0,1
102,20,19,0,0,0,0,0,0,2,1
99,11,13,0,0,0,1,0,1,0,1
369,2,78,0,0,0,0,0,6,0,1
74,20,14,0,0,0,0,0,0,2,1
52,8,15,0,0,0,0,0,0,0,1
72,21,13,0,0,0,0,0,0,2,1
98,9,21,0,0,2,1,0,0,2,1
1105,5,234,0,0,0,0,0,12,0,1
97,20,19,0,0,0,0,0,0,2,1
33,0,4,0,0,0,0,0,2,0,1
20,1,13,0,0,0,1,0,0,0,1
116,12,22,0,0,0,0,0,0,1,1
1280,2,281,0,0,0,0,0,17,0,1
792,15,161,0,0,0,0,0,10,0,1
93,20,15,0,0,0,0,0,1,2,1
131,17,25,0,0,0,1,0,0,2,1
276,24,72,1,1,2,1,0,0,1,1
679,0,148,0,0,0,0,0,12,0,1
95,0,21,0,0,2,1,0,2,1,1
138,22,31,1,1,2,1,0,0,2,1
133,9,31,1,1,0,0,0,1,2,1
125,14,29,1,1,2,1,0,0,2,1
98,20,17,0,0,0,0,0,0,2,1
298,42,45,0,0,0,0,0,3,1,1
735,11,166,0,0,0,0,0,4,0,1
86,10,14,0,0,0,0,0,1,1,1
81,20,15,0,0,0,0,0,0,2,1
263,0,52,0,0,0,0,0,6,0,1
232,60,46,2,2,2,1,0,2,2,1
78,19,14,0,0,0,0,0,0,2,1
731,6,170,0,0,0,0,0,10,0,1
207,14,40,1,1,0,0,0,2,2,1
255,45,104,2,2,2,1,0,1,1,1
90,20,16,0,0,0,0,0,1,2,1
297,45,42,0,0,0,0,0,2,1,1
100,0,25,0,0,2,1,0,1,2,1
233,40,33,0,0,0,0,0,1,0,1
315,0,63,0,0,0,0,0,6,0,1
95,20,17,0,0,0,0,0,1,2,1
163,2,41,1,1,1,1,0,1,3,1
58,1,8,0,0,0,0,0,0,0,1
119,20,21,0,0,0,0,0,0,2,1
226,29,45,2,2,2,0,0,1,2,1
791,0,161,0,0,0,0,0,9,0,1
66,6,11,0,0,0,0,0,0,1,1
90,20,16,0,0,0,0,0,0,2,1
66,16,15,0,0,2,1,0,0,0,1
163,13,32,1,1,2,1,0,1,1,1
64,5,14,1,1,1,1,0,0,0,1
95,20,16,0,0,0,0,0,0,2,1
105,20,19,0,0,0,0,0,0,2,1
184,2,40,0,0,0,0,0,0,0,1
177,1,37,0,0,0,0,0,6,0,1
123,17,16,1,1,0,0,0,1,2,1
110,7,26,1,1,1,1,0,1,1,1
2344,13,521,0,0,0,0,0,38,0,1
33,5,4,0,0,0,0,0,1,0,1
8114,150,2773,13,1,0,0,0,33,2,1
105,13,27,1,1,2,1,0,0,2,1
153,15,31,1,1,2,1,0,1,2,1
120,12,22,0,0,0,0,0,0,1,1
37,0,9,0,0,0,0,0,1,0,1
950,5,193,0,0,0,0,0,11,0,1
957,12,212,0,0,0,0,0,25,0,1
83,0,22,2,3,2,1,0,0,1,1
1416,10,285,0,0,0,0,0,19,0,1
158,6,36,1,1,3,1,0,1,2,1
235,47,36,0,0,0,0,0,2,0,1
105,19,17,0,0,0,0,0,1,2,1
90,20,18,0,0,0,0,0,0,2,1
2824,397,781,54,56,12,2,0,9,0,1
135,0,30,1,1,3,1,0,2,2,1
82,22,15,0,0,0,0,0,0,2,1
86,19,16,0,0,0,0,0,1,2,1
50,0,12,0,0,0,0,0,1,0,1
83,20,15,0,0,0,0,0,0,2,1
132,3,35,0,0,2,1,0,2,2,1
1395,7,304,0,0,0,0,0,16,0,1
254,42,37,0,0,0,0,0,2,0,1
1526,49,551,6,1,1,0,0,10,5,1
274,45,43,0,0,0,0,0,2,0,1
112,4,26,0,0,2,1,0,0,2,1
282,21,62,2,2,2,1,0,0,8,1
104,20,19,0,0,0,0,0,0,2,1
1697,9,360,0,0,0,0,0,23,0,1
124,15,24,0,0,0,0,0,0,1,1
164,4,37,1,1,2,1,0,2,4,1
108,13,21,1,1,1,1,0,1,1,1
121,13,22,0,0,0,0,0,0,1,1
763,5,163,0,0,0,0,0,12,2,1
87,20,14,0,0,0,0,0,0,2,1
98,20,17,0,0,0,0,0,2,2,1
290,31,70,3,3,4,0,0,0,2,1
475,69,104,4,4,2,1,0,5,4,1
107,6,18,0,0,0,0,0,0,1,1
56,5,10,0,0,0,0,0,0,0,1
161,21,29,0,0,2,1,0,3,2,1
184,2,49,1,1,2,1,0,0,2,1
109,20,18,0,0,0,0,0,0,2,1
189,16,38,1,1,2,1,0,0,2,1
134,24,30,1,1,2,0,0,0,3,1
116,17,30,1,1,2,1,0,0,1,1
115,20,21,0,0,0,0,0,2,2,1
65,1,13,0,0,1,1,0,0,1,1
95,20,15,0,0,0,0,0,0,2,1
107,20,19,0,0,0,0,0,0,2,1
41,7,8,0,0,0,0,0,0,0,1
1016,6,213,0,0,0,0,0,8,0,1
180,33,40,1,1,1,0,0,3,4,1
146,21,30,1,1,2,0,0,0,2,1
196,0,50,1,1,4,2,0,1,2,1
674,7,140,0,0,0,0,0,13,0,1
99,1,28,1,1,2,0,0,2,0,1
311,42,43,0,0,0,0,0,2,1,1
87,20,15,0,0,0,0,0,1,2,1
228,41,47,2,2,2,1,0,0,1,1
97,13,20,0,0,2,1,0,1,2,1
200,24,42,1,1,2,1,0,0,2,1
177,22,39,1,1,3,0,0,0,3,1
89,20,17,0,0,0,0,0,1,2,1
132,17,28,2,2,3,0,0,0,0,1
1022,7,207,0,0,0,0,0,13,0,1
83,20,15,0,0,0,0,0,0,2,1
269,3,61,0,0,0,0,0,6,0,1
188,2,65,6,5,2,0,0,0,0,1
163,34,37,1,1,2,1,0,0,2,1
1289,9,257,0,0,0,0,0,20,0,1
118,10,28,0,0,2,1,0,0,2,1
102,20,19,0,0,0,0,0,3,2,1
127,14,35,1,1,1,0,0,0,2,1
120,12,22,0,0,0,0,0,0,1,1
125,0,30,0,0,2,1,0,2,1,1
125,4,21,1,1,2,1,0,2,1,1
511,0,104,0,0,0,0,0,7,0,1
3038,3,622,0,0,0,0,0,40,0,1
113,0,27,0,0,2,1,0,0,2,1
100,3,25,0,0,0,1,0,2,1,1
112,18,25,1,1,1,1,0,1,2,1
1121,10,237,0,0,0,0,0,26,0,1
240,41,33,0,0,0,0,0,1,0,1
249,26,57,2,2,0,0,0,0,2,1
89,20,16,0,0,0,0,0,0,2,1
103,20,17,0,0,0,0,0,1,2,1
210,0,41,0,0,0,0,0,4,0,1
162,0,27,0,0,0,0,0,1,0,1
301,43,46,0,0,0,0,0,1,1,1
119,13,25,1,1,3,1,0,1,2,1
59,7,21,1,1,1,0,0,0,0,1
177,2,47,1,1,2,1,0,2,2,1
1368,6,296,0,0,0,0,0,16,0,1
262,44,39,0,0,0,0,0,2,0,1
142,18,27,1,1,2,1,0,2,2,1
114,21,23,3,3,1,1,0,0,0,1
13064,59,3736,2,2,0,0,0,40,2,1
322,44,47,0,0,0,0,0,3,1,1
117,13,22,0,0,0,0,0,0,1,1
33,5,4,0,0,0,0,0,1,0,1
82,20,15,0,0,0,0,0,0,2,1
272,44,61,2,2,2,0,0,1,2,1
130,20,22,0,0,0,0,0,0,2,1
61,1,13,0,0,1,1,0,0,1,1
115,11,23,1,1,2,1,0,0,2,1
109,0,31,0,0,3,1,0,0,2,1
294,0,48,0,0,0,0,0,5,0,1
701,255,144,6,6,3,5,0,0,2,1
64,2,13,2,2,3,1,0,0,0,1
462,5,92,0,0,0,0,0,7,0,1
109,18,24,1,1,1,1,0,1,2,1
87,20,16,0,0,0,0,0,0,2,1
86,20,16,0,0,0,0,0,0,2,1
99,20,17,0,0,0,0,0,0,2,1
53,4,12,0,0,0,0,0,0,1,1
963,2,199,0,0,0,0,0,10,0,1
56,1,8,0,0,0,0,0,1,0,1
56,1,9,0,0,0,0,0,0,0,1
976,10,296,0,0,0,0,0,0,0,1
54,2,8,0,0,0,0,0,1,0,1
90,20,17,0,0,0,0,0,0,2,1
58,8,34,0,0,0,0,0,0,0,1
113,7,19,0,0,0,0,0,0,1,1
312,43,48,0,0,0,0,0,2,1,1
92,20,16,0,0,0,0,0,0,2,1
38,5,6,0,0,0,0,0,2,0,1
81,3,17,0,0,0,0,0,1,0,1
118,4,27,0,0,2,1,0,2,2,1
2731,33,624,0,0,0,0,0,28,0,1
161,41,39,1,1,2,2,0,0,2,1
135,9,32,1,1,3,2,0,0,1,1
321,0,70,0,0,0,0,0,1,0,1
42,8,9,0,0,0,0,0,0,0,1
69,0,16,0,0,1,1,0,0,2,1
41,1,17,2,2,2,1,0,0,0,1
178,24,33,0,0,0,0,0,1,2,1
104,0,28,0,0,2,1,0,1,2,1
188,2,49,1,1,2,1,0,0,2,1
318,47,47,0,0,0,0,0,2,1,1
241,41,37,0,0,0,0,0,1,0,1
261,0,51,0,0,0,0,0,5,0,1
127,17,32,1,1,1,1,0,0,1,1
260,7,57,0,0,0,0,0,4,0,1
956,2,223,0,0,0,0,0,16,0,1
735,0,160,0,0,0,0,0,11,0,1
248,50,56,2,2,2,0,0,0,2,1
131,10,34,1,1,2,0,0,1,2,1
73,10,17,0,0,2,1,0,1,2,1
1229,8,249,0,0,0,0,0,11,0,1
198,5,53,1,1,2,1,0,3,1,1
82,19,15,0,0,0,0,0,0,2,1
118,19,22,0,0,0,0,0,0,2,1
173,0,41,1,1,1,1,0,0,1,1
98,23,20,0,0,0,0,0,1,2,1
55,1,8,0,0,0,0,0,0,0,1
85,19,15,0,0,0,0,0,0,2,1
49,1,8,0,0,0,0,0,0,0,1
113,15,22,1,1,2,1,0,1,2,1
88,20,16,0,0,0,0,0,0,2,1
1072,9,230,0,0,0,0,0,10,0,1
403,0,77,0,0,0,0,0,9,0,1
240,38,35,0,0,0,0,0,2,0,1
310,41,48,0,0,0,0,0,2,1,1
108,1,28,0,0,0,1,1,1,2,1
319,0,69,0,0,0,0,0,3,0,1
112,7,19,0,0,0,0,0,0,1,1
107,2,30,0,0,2,1,0,0,2,1
302,42,45,0,0,0,0,0,1,1,1
286,42,44,0,0,0,0,0,2,1,1
355,28,58,0,0,3,0,0,1,2,1
995,4,220,0,0,0,0,0,10,0,1
321,46,52,0,0,0,0,0,2,1,1
1190,7,257,0,0,0,0,0,19,0,1
175,16,36,1,1,1,1,0,2,2,1
91,10,16,0,0,0,0,0,2,1,1
92,21,16,0,0,0,0,0,1,2,1
49,1,15,1,0,0,1,1,2,0,1
108,20,19,0,0,0,0,0,1,2,1
543,0,106,0,0,0,0,0,8,0,1
88,13,22,0,0,2,1,0,0,2,1
94,0,27,0,0,2,1,0,0,1,1
149,10,34,1,1,3,0,0,1,3,1
90,20,18,0,0,0,0,0,0,2,1
107,1,25,0,0,2,1,0,1,2,1
188,3,50,1,1,2,1,0,4,1,1
118,0,28,0,0,2,1,0,1,1,1
1061,0,219,0,0,0,0,0,10,0,1
839,0,183,0,0,0,0,0,17,0,1
172,2,48,1,1,2,1,0,1,2,1
164,2,47,1,1,2,1,0,1,2,1
96,20,16,0,0,0,0,0,1,2,1
86,20,16,0,0,0,0,0,1,2,1
112,11,18,0,0,0,0,0,0,1,1
115,0,26,0,0,2,1,0,1,2,1
108,20,18,0,0,0,0,0,0,3,1
326,6,80,2,2,8,2,0,1,3,1
175,39,44,1,1,0,1,0,2,2,1
805,3,167,0,0,0,0,0,15,0,1
245,38,37,0,0,0,0,0,3,0,1
1779,12,387,0,0,0,0,0,27,0,1
92,20,18,0,0,0,0,0,0,2,1
185,0,34,0,0,0,0,0,2,0,1
268,38,37,0,0,0,0,0,1,0,1
83,19,14,0,0,0,0,0,0,2,1
958,3,198,0,0,0,0,0,8,0,1
1002,4,211,0,0,0,0,0,11,0,1
297,42,45,0,0,0,0,0,2,1,1
377,2,76,0,0,0,0,0,6,0,1
85,24,17,0,0,0,0,0,0,2,1
784,4,172,0,0,0,0,0,9,0,1
110,20,18,0,0,0,0,0,0,2,1
33,5,4,0,0,0,0,0,1,0,1
1626,2,345,0,0,0,0,0,30,0,1
88,20,17,0,0,0,0,0,0,2,1
90,19,16,0,0,0,0,0,2,2,1
4619,21,1342,19,38,0,0,0,68,2,1
32,4,4,0,0,0,0,0,1,0,1
3902,11,821,0,0,0,0,0,52,0,1
260,16,61,2,2,0,0,0,0,4,1
170,13,37,1,1,2,1,0,2,2,1
38,5,6,0,0,0,0,0,2,0,1
83,20,14,0,0,0,0,0,0,2,1
89,20,17,0,0,0,0,0,0,2,1
94,20,18,0,0,0,0,0,0,2,1
136,9,31,1,1,0,0,0,0,4,1
268,45,36,0,0,0,0,0,2,0,1
335,2,72,0,0,0,0,0,2,0,1
133,2,40,1,1,4,2,0,1,1,1
240,35,33,0,0,0,0,0,2,0,1
107,24,21,0,0,0,0,0,1,2,1
1228,8,257,0,0,0,1,0,11,0,1
229,37,34,0,0,0,0,0,2,0,1
102,0,29,0,0,2,1,0,2,2,1
174,2,47,1,1,2,1,0,1,2,1
86,10,14,0,0,0,0,0,1,1,1
75,0,17,0,0,0,0,0,1,2,1
87,20,14,0,0,0,0,0,0,2,1
102,1,27,0,0,2,1,0,2,2,1
136,0,32,1,1,1,1,0,1,1,1
840,3,178,0,0,0,0,0,10,0,1
395,9,72,0,0,0,0,0,6,0,1
118,0,31,0,0,2,1,0,0,2,1
87,12,18,0,0,2,1,0,0,1,1
40,0,9,0,0,0,0,0,0,0,1
78,2,13,0,0,1,1,0,0,1,1
322,2,106,1,1,0,0,0,7,1,1
386,2,86,0,0,0,0,0,3,0,1
95,20,17,0,0,0,0,0,0,2,1
108,10,26,1,1,1,1,0,0,2,1
452,4,100,0,0,0,0,0,5,0,1
4013,24,880,0,0,0,0,0,67,0,1
33,5,4,0,0,0,0,0,1,0,1
264,3,60,0,0,0,0,0,4,0,1
324,41,47,0,0,0,0,0,3,1,1
116,12,22,0,0,0,0,0,0,1,1
88,20,16,0,0,0,0,0,0,2,1
91,10,16,0,0,0,0,0,2,1,1
94,22,16,0,0,0,0,0,0,2,1
254,14,59,2,2,0,0,0,0,3,1
127,13,25,1,1,2,1,0,0,1,1
245,37,35,0,0,0,0,0,1,0,1
86,10,14,0,0,0,0,0,1,1,1
86,11,19,0,0,2,1,0,0,2,1
104,20,18,0,0,0,0,0,0,2,1
125,32,31,1,1,1,1,0,0,1,1
203,32,45,1,1,2,1,0,0,2,1
94,20,15,0,0,0,0,0,0,2,1
378,2,79,0,0,0,0,0,3,0,1
128,15,28,1,1,2,1,0,0,1,1
119,0,30,0,0,2,1,0,1,1,1
170,21,40,0,0,2,1,0,0,1,1
430,56,88,3,3,2,0,0,0,4,1
111,9,18,0,0,0,0,0,1,1,1
92,7,25,2,3,2,1,0,1,1,1
256,41,40,0,0,0,0,0,1,0,1
173,2,44,1,1,1,1,0,1,1,1
183,1,33,0,0,0,0,0,2,0,1
90,21,17,0,0,0,0,0,1,2,1
240,41,47,2,2,2,1,0,0,3,1
265,40,38,0,0,0,0,0,2,0,1
88,20,16,0,0,0,0,0,0,2,1
245,36,34,0,0,0,0,0,1,0,1
92,21,17,0,0,0,0,0,1,2,1
109,5,26,0,0,2,1,0,1,1,1
114,20,21,0,0,0,0,0,1,2,1
125,19,25,0,0,0,0,0,1,2,1
375,8,211,0,0,0,0,0,4,1,1
111,22,22,0,0,0,0,0,0,2,1
230,44,37,0,0,0,0,0,1,0,1
471,76,118,4,4,1,1,0,1,1,1
93,20,17,0,0,0,0,0,0,2,1
385,1,80,0,0,0,0,0,5,0,1
105,9,26,1,1,2,1,0,0,1,1
125,0,35,0,0,2,1,0,0,2,1
332,44,51,0,0,0,0,0,1,1,1
291,43,42,0,0,0,0,0,4,1,1
33,5,4,0,0,0,0,0,1,0,1
122,4,36,0,0,0,1,0,0,1,1
91,19,19,0,0,0,0,0,1,2,1
934,8,199,0,0,0,0,0,14,0,1
2756,21,618,0,0,0,0,0,31,0,1
111,1,27,0,0,2,1,0,1,1,1
33,1,10,1,1,0,1,1,1,0,1
1231,2,273,0,0,0,0,0,15,0,1
314,76,69,2,2,2,1,0,2,2,1
189,30,39,1,1,2,0,0,0,2,1
40,7,9,0,0,0,0,0,0,0,1
117,0,27,0,0,2,1,0,1,2,1
57,2,8,0,0,0,0,0,0,0,1
965,0,211,0,0,0,0,0,13,0,1
168,22,39,1,1,2,1,0,0,2,1
179,3,49,1,1,2,1,0,4,2,1
1030,0,194,0,0,0,0,0,23,0,1
89,19,16,0,0,0,0,0,0,2,1
1049,5,227,0,0,0,0,0,8,0,1
108,4,22,1,1,1,1,0,0,1,1
144,52,30,1,1,2,1,0,0,2,1
112,20,20,0,0,0,0,0,1,2,1
225,1,46,0,0,0,0,0,6,0,1
302,44,46,0,0,0,0,0,6,1,1
96,2,24,2,3,2,1,0,1,2,1
115,9,26,1,1,2,1,0,1,2,1
146,2,40,1,1,2,1,0,1,1,1
66,0,14,0,0,0,0,0,1,0,1
63,0,25,11,9,5,1,0,0,0,1
237,35,52,2,2,2,1,0,0,2,1
55,2,8,0,0,0,0,0,0,0,1
691,16,163,0,0,1,0,0,7,0,1
1199,7,259,0,0,0,0,0,15,0,1
889,5,174,0,0,0,0,0,10,0,1
97,19,38,2,1,2,0,0,0,0,1
229,100,71,2,2,0,0,0,0,2,1
85,19,15,0,0,0,0,0,0,2,1
87,20,15,0,0,0,0,0,0,2,1
958,5,199,0,0,0,0,0,18,0,1
241,47,32,0,0,0,0,0,1,0,1
727,1,164,0,0,0,0,0,11,0,1
249,14,59,2,2,0,0,0,1,3,1
88,20,15,0,0,0,0,0,1,2,1
85,20,15,0,0,0,0,0,0,2,1
211,2,46,0,0,0,0,0,6,0,1
177,19,37,1,1,2,1,0,0,2,1
302,41,43,0,0,0,0,0,3,1,1
118,6,18,0,0,0,0,0,0,1,1
177,24,36,1,1,1,1,0,0,2,1
78,20,14,0,0,0,0,0,0,2,1
237,39,33,0,0,0,0,0,3,0,1
246,14,59,2,2,0,0,0,0,3,1
87,20,17,0,0,0,0,0,0,2,1
112,1,29,2,2,3,0,0,3,0,1
102,19,19,0,0,0,0,0,0,2,1
2849,0,583,0,0,0,0,0,37,0,1
1426,3,320,0,0,0,0,0,12,0,1
254,39,38,0,0,0,0,0,1,0,1
796,4,162,0,0,0,0,0,14,0,1
249,7,64,1,1,4,1,0,6,1,1
91,10,16,0,0,0,0,0,2,1,1
102,19,20,0,0,0,0,0,0,2,1
42,7,10,0,0,0,0,0,0,0,1
306,44,47,0,0,0,0,0,1,1,1
98,1,29,0,0,2,1,0,0,1,1
730,6,174,0,0,0,0,0,9,0,1
32,0,12,4,2,2,0,0,0,0,1
312,40,47,0,0,0,0,0,1,1,1
83,20,15,0,0,0,0,0,0,2,1
256,41,33,0,0,0,0,0,2,0,1
100,4,21,0,0,2,1,0,1,2,1
50,2,8,0,0,0,0,0,0,0,1
254,43,35,0,0,0,0,0,2,0,1
100,20,18,0,0,0,0,0,0,2,1
89,20,16,0,0,0,0,0,1,2,1
118,6,19,0,0,0,0,0,0,1,1
93,20,16,0,0,0,0,0,0,2,1
154,0,31,0,0,0,0,0,3,0,1
402,0,83,0,0,0,0,0,2,0,1
119,11,22,0,0,0,0,0,0,1,1
116,11,87,0,0,0,0,0,0,0,1
117,0,27,0,0,2,1,0,0,2,1
99,20,17,0,0,0,0,0,0,2,1
81,20,14,0,0,0,0,0,0,2,1
186,17,40,1,1,2,1,0,1,1,1
89,20,16,0,0,0,0,0,0,2,1
211,7,53,1,1,2,1,0,0,1,1
364,0,71,0,0,0,0,0,5,0,1
303,44,45,0,0,0,0,0,2,1,1
168,17,35,1,1,1,1,0,1,2,1
179,18,40,1,1,2,1,0,0,2,1
83,20,16,0,0,0,0,0,0,2,1
97,1,22,0,0,2,1,0,0,1,1
129,14,24,0,0,2,1,0,0,2,1
128,6,32,0,0,2,1,0,2,1,1
289,46,43,0,0,0,0,0,2,1,1
93,20,16,0,0,0,0,0,0,2,1
249,37,37,0,0,0,0,0,1,0,1
53,1,8,0,0,0,0,0,0,0,1
126,20,25,0,0,0,0,0,0,2,1
123,14,24,0,0,0,0,0,0,1,1
5210,271,1594,0,4,2,0,0,11,17,1
84,20,16,0,0,0,0,0,0,2,1
291,0,56,0,0,0,0,0,5,0,1
114,10,18,0,0,0,0,0,1,1,1
107,20,19,0,0,0,0,0,1,2,1
116,12,22,0,0,0,0,0,0,1,1
38,5,6,0,0,0,0,0,2,0,1
115,10,19,0,0,0,0,0,0,1,1
552,74,116,5,5,2,0,0,8,4,1
226,3,54,1,1,2,1,0,1,4,1
103,0,29,0,0,2,1,0,1,2,1
80,20,15,0,0,0,0,0,0,2,1
2504,19,551,0,0,0,0,0,35,0,1
89,20,16,0,0,0,0,0,1,2,1
144,17,34,1,1,2,0,0,0,2,1
119,8,18,0,0,0,0,0,1,1,1
234,97,77,2,2,0,0,0,1,2,1
121,8,24,1,1,2,0,0,4,1,1
38,5,6,0,0,0,0,0,2,0,1
221,16,58,1,1,5,1,0,0,3,1
138,3,34,0,0,2,1,0,2,2,1
1102,10,242,0,0,0,0,0,11,0,1
90,0,22,0,0,2,1,0,0,1,1
88,20,16,0,0,0,0,0,0,2,1
97,0,25,0,0,2,1,0,0,1,1
82,19,15,0,0,0,0,0,0,2,1
80,20,14,0,0,0,0,0,0,2,1
1804,7,376,0,0,0,0,0,23,0,1
89,20,16,0,0,0,0,0,0,2,1
123,11,27,1,1,3,1,0,1,1,1
38,5,6,0,0,0,0,0,2,0,1
2516,15,541,0,0,0,0,0,33,0,1
108,20,20,0,0,0,0,0,1,2,1
112,20,22,0,0,0,0,0,0,2,1
107,8,22,1,1,2,1,0,1,2,1
137,17,36,1,1,2,1,0,0,1,1
1278,5,275,0,0,0,0,0,16,0,1
105,20,20,0,0,0,0,0,1,2,1
119,20,23,0,0,0,0,0,1,2,1
54,4,8,0,0,0,0,0,0,0,1
71,8,18,0,0,0,0,0,0,0,1
158,19,35,1,1,1,1,0,0,1,1
91,10,16,0,0,0,0,0,2,1,1
155,1,40,1,1,2,1,0,3,1,1
3150,18,690,0,0,0,0,0,47,0,1
239,39,34,0,0,0,0,0,1,0,1
83,20,14,0,0,0,0,0,0,2,1
166,17,40,5,7,2,1,0,2,2,1
1812,6,355,0,0,0,0,0,30,0,1
91,10,16,0,0,0,0,0,2,1,1
238,38,36,0,0,0,0,0,1,0,1
120,1,31,0,0,2,1,0,2,2,1
755,2,158,0,0,0,0,0,13,0,1
1,0,0,0,0,0,0,0,0,0,1
956,4,205,0,0,0,0,0,16,0,1
99,19,18,0,0,0,0,0,0,2,1
150,12,36,1,1,2,1,0,0,2,1
152,0,37,1,1,2,1,0,1,2,1
157,0,34,1,1,2,1,0,2,2,1
255,41,41,0,0,0,0,0,2,0,1
1319,0,277,0,0,0,0,0,15,0,1
86,10,14,0,0,0,0,0,1,1,1
137,10,38,1,1,2,1,0,0,2,1
246,42,36,0,0,0,0,0,3,0,1
148,0,26,0,0,1,0,0,2,3,1
1309,7,431,1,0,0,0,0,4,1,1
117,2,20,1,1,0,0,0,1,2,1
927,2,186,0,0,0,0,0,18,0,1
198,47,45,1,1,0,1,0,3,2,1
83,7,21,0,0,2,1,0,1,2,1
86,20,16,0,0,0,0,0,0,2,1
415,56,97,3,3,4,2,0,0,2,1
367,0,77,0,0,0,0,0,5,0,1
1807,10,624,2,4,0,0,0,4,1,1
174,21,44,1,1,2,1,0,0,2,1
465,0,92,0,0,0,0,0,11,0,1
83,8,13,0,0,0,0,0,0,0,1
551,1,115,0,0,0,0,0,6,0,1
204,8,54,5,10,6,3,0,0,2,1
1764,6,387,0,0,0,0,0,22,0,1
100,16,22,0,0,2,1,0,0,2,1
122,15,29,1,1,2,1,0,0,2,1
122,0,42,3,3,3,0,0,0,2,1
1090,0,212,0,0,0,0,0,11,0,1
1752,9,383,0,0,0,0,0,24,0,1
125,0,34,0,0,2,1,0,1,2,1
122,14,31,1,1,2,1,0,0,2,1
102,0,29,0,0,2,1,0,0,1,1
90,9,16,0,0,0,0,0,2,1,1
118,21,19,0,0,0,0,0,0,2,1
89,7,21,0,0,2,1,0,2,1,1
53,0,7,0,0,0,0,0,0,0,1
189,3,49,1,1,2,1,0,1,2,1
128,11,29,1,1,0,0,0,0,3,1
33,5,4,0,0,0,0,0,1,0,1
114,3,23,0,0,2,1,0,2,1,1
109,19,19,0,0,0,0,0,0,2,1
109,14,23,1,1,1,1,0,1,1,1
89,19,19,0,0,0,0,0,1,2,1
108,20,19,0,0,0,0,0,0,2,1
81,20,14,0,0,0,0,0,0,2,1
100,0,28,0,0,2,1,0,0,2,1
187,23,36,1,1,2,1,0,0,2,1
70,20,13,0,0,0,0,0,0,2,1
106,0,30,0,0,2,1,0,0,2,1
113,2,30,0,0,2,1,0,0,2,1
184,17,46,1,1,4,2,0,1,1,1
344,48,92,3,3,3,5,0,0,2,1
303,39,44,0,0,0,0,0,1,1,1
33,5,4,0,0,0,0,0,1,0,1
124,15,24,0,0,0,0,0,0,1,1
178,33,41,1,1,2,1,0,0,1,1
315,44,43,0,0,0,0,0,3,1,1
55,4,8,0,0,0,0,0,0,0,1
193,0,29,0,0,0,0,0,4,0,1
86,10,14,0,0,0,0,0,1,1,1
38,5,6,0,0,0,0,0,2,0,1
163,7,32,2,2,4,0,0,1,1,1
141,12,26,1,1,2,1,0,1,2,1
875,0,174,0,0,0,0,0,14,0,1
138,2,39,1,1,2,1,0,0,1,1
1855,0,383,0,0,0,0,0,24,0,1
109,14,23,1,1,1,1,0,1,1,1
152,38,23,1,1,2,1,0,0,2,1
199,3,51,1,1,1,1,0,0,2,1
251,38,36,0,0,0,0,0,1,0,1
247,39,37,0,0,0,0,0,3,0,1
220,5,65,2,2,3,0,0,4,0,1
347,7,68,0,0,0,0,0,9,0,1
206,22,45,1,1,2,0,0,0,3,1
126,2,31,1,1,1,1,0,2,3,1
78,20,15,0,0,0,0,0,0,2,1
911,2,191,0,0,0,0,0,15,0,1
1940,1,399,0,0,0,0,0,18,0,1
180,2,49,1,1,2,1,0,2,2,1
174,4,47,1,1,2,1,0,0,1,1
176,9,98,1,1,3,1,0,0,1,1
192,5,51,1,1,2,1,0,0,1,1
95,20,17,0,0,0,0,0,1,2,1
756,5,145,0,0,0,0,0,9,0,1
97,19,17,0,0,0,0,0,0,2,1
120,10,29,1,1,1,1,0,0,2,1
188,2,47,1,1,2,1,0,2,1,1
153,26,36,1,1,2,0,0,1,1,1
101,20,19,0,0,0,0,0,0,2,1
236,32,49,2,2,2,1,0,1,2,1
334,43,46,0,0,0,0,0,4,1,1
261,44,38,0,0,0,0,0,4,0,1
45,7,10,0,0,0,0,0,0,0,1
90,20,16,0,0,0,0,0,0,2,1
776,6,174,0,0,0,0,0,17,0,1
89,2,22,0,0,0,0,0,2,0,1
195,2,49,1,1,1,1,0,0,1,1
95,5,29,0,0,2,1,0,0,1,1
119,20,22,0,0,0,0,0,0,2,1
94,20,16,0,0,0,0,0,1,2,1
104,20,20,0,0,0,0,0,0,2,1
109,20,18,0,0,0,0,0,0,2,1
93,20,17,0,0,0,0,0,0,2,1
254,39,49,2,2,5,3,0,1,1,1
247,39,37,0,0,0,0,0,1,0,1
1343,6,293,0,0,0,0,0,10,0,1
76,19,13,0,0,0,0,0,0,2,1
133,20,21,0,0,0,0,0,2,2,1
296,42,46,0,0,0,0,0,1,1,1
247,45,35,0,0,0,0,0,1,0,1
143,8,31,1,1,0,0,0,0,1,1
82,20,14,0,0,0,0,0,1,2,1
585,6,250,0,0,0,0,0,2,3,1
257,14,61,2,2,0,0,0,0,4,1
91,10,16,0,0,0,0,0,2,1,1
293,41,44,0,0,0,0,0,1,1,1
133,19,23,0,0,0,0,0,2,2,1
86,20,15,0,0,0,0,0,1,2,1
85,20,17,0,0,0,0,0,0,2,1
668,1,134,0,0,0,0,0,4,0,1
86,10,14,0,0,0,0,0,1,1,1
93,20,16,0,0,0,0,0,0,2,1
331,0,71,0,0,0,0,0,2,0,1
52,1,8,0,0,0,0,0,0,0,1
80,20,14,0,0,0,0,0,1,2,1
319,44,50,0,0,0,0,0,2,1,1
274,0,53,0,0,0,0,0,4,0,1
81,20,14,0,0,0,0,0,0,2,1
136,1,33,1,1,1,1,0,1,1,1
948,3,212,0,0,0,0,0,18,0,1
1382,19,297,0,0,0,0,0,17,0,1
54,0,19,3,3,2,1,0,0,0,1
86,20,14,0,0,0,0,0,0,2,1
243,41,34,0,0,0,0,0,1,0,1
173,2,50,1,1,2,1,0,0,2,1
57,1,8,0,0,0,0,0,0,0,1
113,1,29,0,0,2,1,0,0,1,1
302,42,48,0,0,0,0,0,1,1,1
310,44,48,0,0,0,0,0,2,1,1
953,8,196,0,0,0,0,0,9,0,1
108,27,15,0,0,1,1,0,0,0,1
109,4,25,0,0,2,1,0,0,1,1
160,2,40,1,1,2,1,0,2,2,1
2299,26,527,0,0,0,0,0,23,0,1
123,1,35,0,0,0,1,1,3,2,1
100,20,17,0,0,0,0,0,0,2,1
219,0,45,0,0,0,0,0,3,0,1
194,35,47,1,1,3,1,0,0,1,1
77,20,14,0,0,0,0,0,0,2,1
309,46,47,0,0,0,0,0,2,1,1
284,0,56,0,0,0,0,0,2,0,1
117,0,24,1,1,2,1,0,1,1,1
79,21,14,0,0,0,0,0,0,2,1
102,20,17,0,0,0,0,0,1,2,1
255,39,37,0,0,0,0,0,2,0,1
23,0,4,0,0,0,0,0,0,0,1
312,44,43,0,0,0,0,0,1,1,1
88,22,16,0,0,0,0,0,0,2,1
151,23,34,1,1,2,1,0,0,2,1
120,12,22,0,0,0,0,0,0,1,1
2150,2,465,0,0,0,0,0,29,0,1
172,2,42,1,1,2,0,0,0,2,1
86,20,14,0,0,0,0,0,0,2,1
54,1,8,0,0,0,0,0,0,0,1
310,43,45,0,0,0,0,0,3,1,1
112,8,19,0,0,0,0,0,0,1,1
100,20,20,0,0,0,0,0,1,2,1
100,24,16,0,0,0,0,0,0,2,1
84,8,14,0,0,0,0,0,1,1,1
105,21,19,0,0,0,0,0,2,2,1
146,24,26,0,0,0,0,0,0,2,1
89,20,17,0,0,0,0,0,0,2,1
181,4,50,1,1,2,1,0,1,2,1
109,1,20,0,0,0,0,0,1,1,1
1556,10,332,0,0,0,0,0,31,0,1
85,14,21,0,0,2,1,0,0,2,1
859,4,183,0,0,0,0,0,11,0,1
696,0,136,0,0,0,0,0,13,0,1
81,1,16,2,2,2,1,3,3,0,1
405,39,100,3,3,4,2,0,2,1,1
115,4,34,0,0,2,1,0,0,2,1
696,0,140,0,0,0,0,0,10,0,1
258,14,61,2,2,0,0,0,0,2,1
110,0,30,0,0,2,1,0,1,3,1
32,4,4,0,0,0,0,0,1,0,1
111,7,22,1,1,1,1,0,0,2,1
300,43,47,0,0,0,0,0,1,1,1
285,42,45,0,0,0,0,0,1,1,1
1899,1,387,0,0,0,0,0,26,0,1
158,9,32,1,1,3,0,0,1,3,1
89,19,18,0,0,0,0,0,0,2,1
529,0,98,0,0,0,0,0,4,0,1
265,0,54,0,0,0,0,0,5,0,1
76,20,14,0,0,0,0,0,0,2,1
75,20,14,0,0,0,0,0,0,2,1
229,42,33,0,0,0,0,0,1,0,1
242,35,34,0,0,0,0,0,2,0,1
38,5,6,0,0,0,0,0,2,0,1
168,2,42,1,1,2,1,0,0,1,1
2573,1237,1067,3,3,2,0,0,1,0,1
252,43,33,0,0,0,0,0,2,0,1
179,2,48,1,1,2,1,0,1,2,1
102,0,25,0,0,3,1,0,2,2,1
109,5,30,0,0,3,1,0,0,1,1
139,1,35,1,1,1,1,0,2,2,1
33,5,4,0,0,0,0,0,1,0,1
136,12,26,0,0,0,1,0,1,1,1
111,9,28,1,1,2,1,0,0,2,1
111,20,20,0,0,0,0,0,0,2,1
147,19,29,1,1,0,0,0,1,2,1
212,0,46,2,2,4,0,0,0,0,1
300,49,47,0,0,0,0,0,1,1,1
668,0,139,0,0,0,0,0,9,0,1
26,0,8,1,1,0,1,0,0,0,1
1407,2,293,0,0,0,0,0,21,0,1
7442,64,2381,4,2,3,1,2,37,2,1
413,2,101,3,3,3,0,0,0,0,1
189,4,48,1,1,2,1,0,2,1,1
113,4,27,0,0,2,1,0,0,1,1
11,0,1,0,0,0,0,0,0,0,1
33,5,4,0,0,0,0,0,1,0,1
231,2,52,0,0,0,0,0,5,0,1
87,7,16,0,0,0,0,0,1,2,1
769,7,158,0,0,0,0,0,7,0,1
38,5,6,0,0,0,0,0,2,0,1
1124,1,247,0,0,0,0,0,14,0,1
124,4,18,1,1,1,1,0,0,2,1
112,10,18,0,0,0,0,0,0,1,1
100,0,23,1,1,0,0,0,0,3,1
18782,107,5427,9,11,0,0,0,132,1,1
86,10,14,0,0,0,0,0,1,1,1
139,0,28,0,0,0,0,0,0,0,1
2271,26,491,0,0,0,0,0,33,0,1
91,10,16,0,0,0,0,0,2,1,1
105,20,19,0,0,0,0,0,1,2,1
96,20,18,0,0,0,0,0,1,2,1
2330,7,497,0,0,0,0,0,27,0,1
349,1,71,0,0,0,0,0,4,0,1
56,1,8,0,0,0,0,0,0,0,1
352,11,105,0,1,4,0,0,2,0,1
172,2,48,1,1,2,1,0,1,2,1
113,24,20,0,0,0,0,0,2,2,1
149,12,34,1,1,3,0,0,0,3,1
87,2,24,0,0,2,1,0,0,1,1
77,20,13,0,0,0,0,0,0,2,1
125,20,22,0,0,0,0,0,0,2,1
185,7,56,1,1,2,1,0,0,1,1
115,17,23,0,1,1,0,0,0,0,1
92,20,15,0,0,0,0,0,0,2,1
100,19,22,0,0,2,1,0,0,2,1
112,0,29,0,0,2,1,0,0,2,1
1386,12,297,0,0,0,0,0,23,0,1
143,2,34,1,1,2,1,0,0,2,1
94,19,16,0,0,0,0,0,0,2,1
177,2,41,1,1,2,1,0,0,3,1
104,20,18,0,0,0,0,0,0,2,1
748,1,153,0,0,0,0,0,13,0,1
209,5,48,1,1,3,0,0,1,2,1
179,9,44,1,1,1,1,0,1,1,1
272,44,40,0,0,0,0,0,2,1,1
94,19,17,0,0,0,0,0,1,2,1
199,7,49,1,1,2,1,0,3,2,1
75,20,13,0,0,0,0,0,0,2,1
452,0,95,0,0,0,0,0,12,0,1
140,12,31,1,1,2,1,0,0,2,1
64,2,9,0,0,0,0,0,0,0,1
33,5,4,0,0,0,0,0,1,0,1
97,20,16,0,0,0,0,0,0,2,1
109,0,26,0,0,2,1,0,1,1,1
161,2,40,1,1,2,1,0,1,2,1
92,20,18,0,0,0,0,0,0,2,1
242,28,51,2,2,3,0,0,0,5,1
98,20,17,0,0,0,0,0,1,2,1
397,6,73,0,0,0,0,0,4,0,1
83,8,23,0,0,2,1,0,0,2,1
706,3,156,0,0,0,0,0,9,0,1
112,3,28,0,0,2,1,0,0,1,1
56,2,8,0,0,0,0,0,0,0,1
38,6,9,0,0,0,0,0,0,0,1
180,49,29,1,1,3,0,0,0,2,1
79,20,14,0,0,0,0,0,0,2,1
259,14,60,2,2,0,0,0,0,2,1
201,30,45,1,1,2,1,0,3,4,1
99,20,18,0,0,0,0,0,0,2,1
95,0,28,0,0,2,1,0,0,2,1
124,15,24,0,0,0,0,0,0,1,1
115,20,20,0,0,0,0,0,1,2,1
83,20,16,0,0,0,0,0,0,2,1
859,1,180,0,0,0,0,0,15,0,1
311,43,46,0,0,0,0,0,1,1,1
185,2,48,1,1,2,1,0,2,2,1
98,14,19,0,0,2,1,0,0,2,1
101,20,18,0,0,0,0,0,1,2,1
130,21,16,1,1,0,0,0,0,1,1
91,20,16,0,0,0,0,0,0,2,1
696,0,139,0,0,0,0,0,15,0,1
106,11,21,1,1,2,1,0,0,1,1
82,0,25,3,4,3,1,0,0,1,1
90,0,27,0,0,2,1,0,0,2,1
1099,0,226,0,0,0,0,0,18,0,1
89,20,15,0,0,0,0,0,0,2,1
110,2,30,0,0,2,1,0,0,1,1
258,37,38,0,0,0,0,0,2,0,1
106,20,19,0,0,0,0,0,0,2,1
96,0,16,0,0,0,0,0,1,0,1
98,20,17,0,0,0,0,0,2,2,1
74,20,13,0,0,0,0,0,0,2,1
423,5,85,0,0,0,0,0,4,0,1
110,22,19,0,0,0,0,0,0,2,1
994,7,212,0,0,0,0,0,14,0,1
406,4,110,0,0,0,0,0,6,0,1
160,3,39,0,0,0,0,0,3,0,1
1247,3,267,0,0,0,0,0,22,0,1
268,36,36,0,0,0,0,0,3,0,1
273,46,41,0,0,0,0,0,3,1,1
59,6,9,0,0,0,0,0,0,0,1
117,6,33,0,0,0,0,0,0,2,1
357,0,139,0,0,0,0,0,4,0,1
79,20,14,0,0,0,0,0,0,2,1
119,1,39,0,0,2,1,0,0,2,1
172,13,41,1,1,1,0,0,2,4,1
168,0,34,0,0,0,0,0,0,0,1
104,11,28,0,0,2,1,0,0,2,1
102,19,17,0,0,0,0,0,0,2,1
407,6,99,0,0,12,0,0,0,1,1
247,34,59,2,2,2,1,0,1,2,1
113,9,18,0,0,0,0,0,0,1,1
644,4,148,0,0,0,0,0,10,0,1
96,3,28,2,2,3,0,0,0,1,1
91,10,22,0,0,0,0,0,0,3,1
434,0,82,0,0,0,0,0,7,0,1
117,13,22,0,0,0,0,0,0,1,1
40,0,6,0,0,0,0,0,1,0,1
38,5,6,0,0,0,0,0,2,0,1
281,18,60,2,2,2,1,0,0,3,1
1246,0,260,0,0,0,0,0,22,0,1
2391,6,498,0,0,0,0,0,35,0,1
249,14,59,2,2,0,0,0,0,3,1
105,22,19,0,0,0,0,0,0,2,1
84,7,16,0,0,2,1,0,0,2,1
132,13,27,1,1,2,1,0,1,2,1
269,33,59,2,2,2,1,0,0,1,1
162,22,37,1,1,2,0,0,3,2,1
205,2,52,1,1,2,1,0,2,2,1
169,15,41,0,0,2,0,0,0,4,1
854,10,182,0,0,0,0,0,9,0,1
84,20,15,0,0,0,0,0,0,2,1
79,20,14,0,0,0,0,0,0,2,1
117,0,30,0,0,2,1,0,0,1,1
182,18,40,1,1,3,1,0,0,3,1
83,20,15,0,0,0,0,0,0,2,1
248,37,36,0,0,0,0,0,1,0,1
806,4,163,0,0,0,0,0,8,0,1
38,5,6,0,0,0,0,0,2,0,1
147,4,43,1,1,2,1,0,0,2,1
147,0,28,0,0,0,0,0,2,0,1
109,0,29,0,0,2,1,0,0,2,1
341,42,50,0,0,0,0,0,2,1,1
118,5,25,1,1,1,1,0,0,2,1
235,37,33,0,0,0,0,0,3,0,1
135,11,21,0,0,2,1,0,0,1,1
1189,7,260,0,0,0,0,0,16,0,1
628,4,131,0,0,0,0,0,7,0,1
127,8,33,1,1,2,1,0,1,2,1
80,19,14,0,0,0,0,0,0,2,1
99,20,19,0,0,0,0,0,1,2,1
119,11,22,0,0,0,0,0,0,1,1
255,39,36,0,0,0,0,0,1,0,1
54,1,8,0,0,0,0,0,0,0,1
191,2,51,1,1,2,1,0,1,2,1
79,1,16,0,0,0,0,0,1,3,1
174,29,37,1,1,1,1,0,1,1,1
78,19,15,0,0,0,0,0,1,2,1
126,12,28,1,1,2,1,0,2,1,1
61,0,13,0,0,0,0,0,0,0,1
86,10,14,0,0,0,0,0,1,1,1
184,3,60,0,0,0,0,0,3,1,1
123,13,22,1,1,2,1,0,0,1,1
265,44,60,2,2,0,1,0,3,4,1
649,33,136,6,6,2,0,0,5,4,1
36,0,17,1,1,1,0,0,0,0,1
632,0,131,0,0,0,0,0,5,0,1
116,20,20,0,0,0,0,0,2,2,1
272,37,36,0,0,0,0,0,1,0,1
3384,7,821,0,0,0,0,0,6,1,1
216,11,53,1,1,2,1,0,1,1,1
160,45,23,1,1,0,0,0,1,2,1
98,25,20,0,0,0,0,0,0,2,1
56,1,8,0,0,0,0,0,0,0,1
60,0,15,2,2,0,1,0,0,0,1
57,1,9,0,0,0,0,0,0,0,1
41,7,9,0,0,0,0,0,0,0,1
114,14,25,1,1,2,1,0,0,1,1
239,43,36,0,0,0,0,0,2,0,1
178,23,45,1,1,3,0,0,0,3,1
359,1,67,0,0,0,0,0,5,0,1
1074,6,222,0,0,0,0,0,17,0,1
190,34,37,1,1,0,0,0,2,2,1
222,41,33,0,0,0,0,0,3,0,1
107,13,22,1,1,2,1,0,0,2,1
122,0,32,0,0,2,1,0,0,2,1
2194,13,468,0,0,0,0,0,38,0,1
154,3,38,1,1,2,1,0,1,1,1
33,5,4,0,0,0,0,0,1,0,1
98,21,17,0,0,0,0,0,1,2,1
76,20,14,0,0,0,0,0,0,2,1
100,0,24,0,0,2,1,0,0,1,1
360,0,64,0,0,0,0,0,4,0,1
116,20,19,0,0,0,0,0,1,2,1
91,10,16,0,0,0,0,0,2,1,1
87,15,18,0,0,2,1,0,0,2,1
116,12,22,0,0,0,0,0,0,1,1
100,11,21,0,0,2,1,0,0,2,1
812,4,171,0,0,0,0,0,13,0,1
101,21,20,0,0,0,0,0,1,2,1
113,6,18,0,0,0,0,0,0,1,1
501,2,105,0,0,0,0,0,6,0,1
196,11,38,1,1,2,1,0,1,1,1
611,0,120,0,0,0,0,0,15,0,1
91,20,16,0,0,0,0,0,0,2,1
92,20,17,0,0,0,0,0,1,2,1
144,0,33,1,1,3,1,0,1,2,1
261,46,36,0,0,0,0,0,2,0,1
60,7,8,0,0,0,0,0,0,0,1
664,1,138,0,0,0,0,0,6,0,1
80,19,14,0,0,0,0,0,0,2,1
918,3,189,0,0,0,0,0,10,0,1
199,13,49,1,1,1,0,0,2,4,1
50,4,8,0,0,0,0,0,0,0,1
91,20,17,0,0,0,0,0,0,2,1
968,5,350,2,2,0,0,0,0,0,1
117,12,31,0,0,2,1,0,0,2,1
114,11,18,0,0,0,0,0,0,1,1
38,5,6,0,0,0,0,0,2,0,1
279,45,40,0,0,0,0,0,1,0,1
85,19,16,0,0,0,0,0,0,2,1
117,13,26,1,1,2,1,0,1,1,1
132,0,29,1,1,0,3,0,0,2,1
88,20,16,0,0,0,0,0,0,2,1
84,20,16,0,0,0,0,0,1,2,1
118,11,18,0,0,0,0,0,0,1,1
187,55,41,1,1,2,1,0,0,2,1
108,11,20,0,0,2,1,0,0,2,1
104,0,28,0,0,2,1,0,1,1,1
1694,6,364,0,0,0,0,0,22,0,1
242,46,34,0,0,0,0,0,1,0,1
53,1,8,0,0,0,0,0,1,0,1
287,44,45,0,0,0,0,0,3,1,1
119,2,32,0,0,2,1,0,0,1,1
86,10,14,0,0,0,0,0,1,1,1
120,12,22,0,0,0,0,0,0,1,1
79,2,24,0,0,2,1,0,0,2,1
300,45,45,0,0,0,0,0,1,1,1
379,5,77,0,0,0,0,0,6,0,1
56,4,8,0,0,0,0,0,0,0,1
557,74,116,5,5,2,1,0,7,4,1
55,4,10,0,0,0,0,0,0,0,1
239,56,52,2,2,0,0,0,1,3,1
33,5,4,0,0,0,0,0,1,0,1
132,13,27,1,1,3,1,0,0,2,1
210,2,52,1,1,2,1,0,1,1,1
59,11,28,0,0,0,0,0,0,0,1
82,20,15,0,0,0,0,0,0,2,1
748,12,158,0,0,0,0,0,11,0,1
99,20,19,0,0,0,0,0,0,2,1
94,1,22,0,0,2,1,0,0,1,1
72,19,14,0,0,0,0,0,0,2,1
140,20,36,1,1,2,0,0,1,3,1
247,45,52,2,2,0,2,0,0,1,1
293,42,48,0,0,0,0,0,2,1,1
1096,8,212,0,0,0,0,0,12,0,1
175,30,36,1,1,2,1,0,0,2,1
1259,4,276,0,0,0,0,0,16,0,1
139,29,25,0,0,0,0,0,0,3,1
85,20,16,0,0,0,0,0,0,2,1
710,0,157,0,0,0,0,0,13,0,1
112,6,18,0,0,0,0,0,0,1,1
184,38,40,1,1,2,1,0,0,2,1
115,0,29,0,0,2,1,0,0,1,1
85,20,15,0,0,0,0,0,0,2,1
188,30,42,1,1,4,2,0,1,2,1
696,2,142,0,0,0,0,0,7,0,1
2359,7,503,0,0,0,0,0,34,0,1
80,20,14,0,0,0,0,0,0,2,1
115,12,24,1,1,3,1,0,0,2,1
193,7,41,1,1,3,1,0,0,4,1
37,6,9,0,0,0,0,0,0,0,1
107,20,20,0,0,0,0,0,1,2,1
86,20,16,0,0,0,0,0,1,2,1
106,2,29,0,0,2,1,0,1,2,1
116,12,22,0,0,0,0,0,0,1,1
48,7,10,0,0,0,0,0,0,0,1
109,10,19,0,0,0,0,0,0,1,1
54,1,8,0,0,0,0,0,0,0,1
568,0,128,0,0,0,0,0,10,0,1
2807,320,785,47,47,3,0,0,12,3,1
72,0,16,0,0,0,0,0,0,3,1
91,21,18,0,0,0,0,0,0,2,1
185,18,44,1,1,1,0,0,3,3,1
110,18,18,0,0,2,0,0,0,1,1
239,40,35,0,0,0,0,0,1,0,1
94,19,16,0,0,0,0,0,2,2,1
444,16,86,3,3,2,1,0,0,2,1
66,8,12,0,0,0,0,0,0,0,1
734,2,145,0,0,0,0,0,15,0,1
710,5,154,0,0,0,0,0,9,0,1
117,13,22,0,0,0,0,0,0,1,1
2189,3,447,0,0,0,0,0,36,0,1
109,11,23,1,1,1,1,0,0,2,1
663,6,153,0,0,0,0,0,10,0,1
101,20,17,0,0,0,0,0,1,2,1
88,19,16,0,0,0,0,0,0,2,1
38,5,6,0,0,0,0,0,2,0,1
299,73,70,3,3,0,0,0,3,2,1
2044,15,450,0,0,0,0,0,32,0,1
33,5,4,0,0,0,0,0,1,0,1
111,10,18,0,0,0,0,0,0,1,1
201,27,40,1,1,2,1,0,0,1,1
1673,0,348,0,0,0,0,0,18,0,1
1023,6,212,0,0,0,0,0,11,0,1
86,10,14,0,0,0,0,0,1,1,1
93,7,21,0,0,0,0,0,0,0,1
3680,10,1126,0,0,0,0,0,3,0,1
374,0,80,0,0,0,0,0,3,0,1
99,20,17,0,0,0,0,0,0,2,1
97,20,16,0,0,1,0,0,1,2,1
91,20,17,0,0,0,0,0,0,2,1
162,20,38,1,1,2,0,0,2,3,1
108,0,27,0,0,2,1,0,0,2,1
116,7,19,0,0,0,0,0,0,1,1
5031,9,1468,2,5,0,0,0,46,0,1
112,8,18,0,0,0,0,0,0,1,1
90,20,16,0,0,0,0,0,0,2,1
237,38,33,0,0,0,0,0,2,0,1
83,20,15,0,0,0,0,0,0,2,1
58,7,12,0,0,0,0,0,0,0,1
1003,178,177,9,9,4,1,0,0,9,1
241,27,60,1,1,2,1,0,0,2,1
79,20,15,0,0,0,0,0,0,2,1
120,21,24,0,0,0,0,0,0,2,1
117,7,20,0,0,0,0,0,1,1,1
77,0,13,0,0,0,0,0,1,0,1
1121,182,215,10,10,3,1,0,5,2,1
182,2,47,1,1,2,1,0,4,2,1
79,19,15,0,0,0,0,0,0,2,1
204,36,39,1,1,2,1,0,0,1,1
84,20,15,0,0,0,0,0,0,2,1
108,20,21,0,0,0,0,0,0,2,1
37,8,9,0,0,0,0,0,0,0,1
2142,5,452,0,0,0,0,0,23,0,1
88,20,15,0,0,0,0,0,0,2,1
174,28,40,1,1,1,1,0,0,2,1
35,0,5,0,0,0,0,0,2,0,1
33,7,8,0,0,0,0,0,0,0,1
168,26,42,1,1,2,1,0,0,4,1
104,22,17,0,0,0,0,0,0,2,1
182,32,40,1,1,2,1,0,0,1,1
86,10,14,0,0,0,0,0,1,1,1
116,12,22,0,0,0,0,0,0,1,1
297,51,48,0,0,0,0,0,1,1,1
91,10,16,0,0,0,0,0,2,1,1
86,10,14,0,0,0,0,0,1,1,1
2122,12,439,0,0,0,0,0,36,0,1
65,0,20,2,2,0,0,0,1,0,1
235,40,33,0,0,0,0,0,2,0,1
113,7,18,0,0,0,0,0,0,1,1
95,19,18,0,0,0,0,0,0,2,1
83,19,15,0,0,0,0,0,0,2,1
253,43,36,0,0,0,0,0,2,0,1
333,61,82,0,0,0,0,0,1,2,1
912,4,188,0,0,0,0,0,6,0,1
169,14,42,1,1,0,1,1,1,1,1
135,9,32,1,1,3,2,0,0,1,1
83,20,16,0,0,0,0,0,0,2,1
88,2,25,1,1,1,1,0,0,1,1
998,1,208,0,0,0,0,0,12,0,1
1564,0,326,0,0,0,0,0,23,0,1
1438,14,299,0,0,0,0,0,19,0,1
1251,19,436,0,0,1,2,0,6,2,1
290,43,42,0,0,0,0,0,1,1,1
1179,11,244,0,0,0,0,0,12,0,1
86,7,16,0,0,2,1,0,0,1,1
472,0,96,0,0,0,0,0,9,0,1
112,0,26,2,2,2,0,0,2,0,1
125,1,31,0,0,2,1,0,1,2,1
120,8,19,0,0,0,0,0,0,1,1
189,4,53,1,1,2,1,0,1,2,1
118,20,21,0,0,0,0,0,0,2,1
95,20,16,0,0,0,0,0,0,2,1
53,7,11,0,0,0,0,0,1,0,1
113,6,18,0,0,0,0,0,0,1,1
104,20,18,0,0,0,0,0,1,2,1
94,20,17,0,0,0,0,0,0,2,1
344,0,108,0,0,0,0,0,4,0,1
253,37,35,0,0,0,0,0,2,0,1
96,20,17,0,0,0,0,0,0,2,1
79,20,14,0,0,0,0,0,0,2,1
314,43,47,0,0,0,0,0,1,1,1
53,3,9,0,0,0,0,0,0,0,1
720,15,147,0,0,0,0,0,5,0,1
66,0,15,0,0,0,0,0,1,0,1
250,0,48,0,0,0,0,0,7,0,1
124,15,24,0,0,0,0,0,0,1,1
116,10,28,1,1,0,0,0,0,2,1
87,20,16,0,0,0,0,0,0,2,1
71,19,14,0,0,0,0,0,0,2,1
382,0,75,0,0,0,0,0,4,0,1
56,6,8,0,0,0,0,0,0,0,1
428,0,89,0,0,0,0,0,5,0,1
1190,10,268,0,0,0,0,0,18,0,1
393,0,74,0,0,0,0,0,6,0,1
99,20,17,0,0,0,0,0,0,2,1
398,168,122,3,3,0,0,0,0,3,1
62,6,9,0,0,0,0,0,0,0,1
463,3,118,0,0,0,0,0,7,0,1
129,5,30,1,1,0,0,0,1,3,1
99,20,18,0,0,0,0,0,0,2,1
93,20,17,0,0,0,0,0,0,2,1
114,2,30,0,0,2,1,0,0,1,1
109,22,20,0,0,0,0,0,0,2,1
189,7,57,1,1,2,1,0,0,2,1
77,19,13,0,0,0,0,0,0,2,1
95,5,29,0,0,2,1,0,0,1,1
87,20,15,0,0,0,0,0,0,2,1
142,0,33,1,1,2,1,0,0,2,1
115,22,22,0,0,0,0,0,0,2,1
1603,0,349,0,0,0,0,0,24,0,1
243,8,59,2,2,2,1,0,1,1,1
187,2,51,1,1,2,1,0,1,2,1
91,20,18,0,0,0,0,0,0,2,1
729,33,231,0,0,0,0,0,0,0,1
638,11,133,0,0,0,0,0,7,0,1
99,5,22,0,0,0,0,0,2,2,1
203,11,43,1,1,3,0,0,0,3,1
677,19,173,3,3,2,0,0,2,0,1
105,0,27,0,0,2,1,0,2,1,1
108,0,28,0,0,2,1,0,2,2,1
147,5,39,6,6,2,0,0,1,0,1
907,2,192,0,0,0,0,0,8,0,1
125,15,29,1,1,2,1,0,0,2,1
84,19,15,0,0,0,0,0,0,2,1
86,10,14,0,0,0,0,0,1,1,1
93,20,15,0,0,0,0,0,0,2,1
304,43,45,0,0,0,0,0,1,1,1
252,45,34,0,0,0,0,0,4,0,1
1681,7,365,0,0,0,0,0,26,0,1
82,20,14,0,0,0,0,0,1,2,1
164,5,33,0,0,0,0,0,2,0,1
120,20,20,0,0,0,0,0,0,2,1
90,20,16,0,0,0,0,0,2,2,1
247,43,38,0,0,0,0,0,3,0,1
84,1,16,2,2,2,1,0,0,0,1
66,1,10,0,0,0,0,0,0,2,1
252,18,50,2,2,0,0,0,7,1,1
1045,4,216,0,0,0,0,0,23,0,1
102,1,25,0,0,2,1,0,1,1,1
183,2,47,1,1,2,1,0,2,2,1
118,11,22,0,0,2,1,0,0,1,1
538,1,108,0,0,0,0,0,13,0,1
66,0,10,0,0,0,0,0,0,0,1
53,1,8,0,0,0,0,0,0,0,1
107,20,21,0,0,0,0,0,0,2,1
1028,2,364,5,4,3,0,0,2,0,1
84,8,20,0,0,0,0,0,0,2,1
116,12,22,0,0,0,0,0,0,1,1
87,20,14,0,0,0,0,0,0,2,1
255,39,36,0,0,0,0,0,3,0,1
362,2,80,0,0,0,0,0,3,0,1
69,1,14,0,0,1,1,0,1,1,1
134,9,30,1,1,2,0,0,1,3,1
9251,54,6312,2,2,0,0,0,57,3,1
2508,19,901,2,0,0,0,0,8,4,1
107,0,28,0,0,2,1,0,0,2,1
90,13,17,0,0,2,1,0,1,2,1
470,0,107,0,0,0,0,0,10,0,1
114,0,20,0,0,0,0,0,1,0,1
1376,27,381,3,0,0,0,0,20,0,1
68,0,21,3,3,1,1,0,0,0,1
109,20,19,0,0,0,0,0,1,2,1
86,19,16,0,0,0,0,0,1,2,1
111,6,19,0,0,0,0,0,0,1,1
601,2,128,0,0,0,0,0,10,0,1
726,0,139,0,0,0,0,0,12,0,1
67,8,16,0,0,0,0,0,0,0,1
1108,2,240,0,0,0,0,0,16,0,1
112,7,18,0,0,0,0,0,0,1,1
112,0,31,0,0,2,1,0,0,2,1
84,19,15,0,0,0,0,0,0,2,1
236,38,33,0,0,0,0,0,2,0,1
545,0,116,0,0,0,0,0,4,0,1
100,20,17,0,0,0,0,0,0,2,1
860,6,170,0,0,0,0,0,13,0,1
258,14,57,2,2,2,1,0,0,2,1
39,2,8,2,1,3,1,0,0,0,1
101,0,29,0,0,2,1,0,0,1,1
214,0,37,0,0,0,0,0,3,0,1
312,41,46,0,0,0,0,0,1,1,1
350,0,67,0,0,0,0,0,5,0,1
2107,2,595,0,0,0,0,0,15,2,1
114,0,29,0,0,2,1,0,0,2,1
105,0,21,3,3,3,1,0,1,1,1
288,41,40,0,0,0,0,0,2,1,1
244,42,34,0,0,0,0,0,2,0,1
354,3,73,0,0,0,0,0,7,0,1
231,32,56,1,1,2,0,0,3,2,1
113,20,20,0,0,0,0,0,0,2,1
98,20,19,0,0,0,0,0,0,2,1
112,0,25,0,0,2,1,0,1,2,1
38,5,6,0,0,0,0,0,2,0,1
3148,12,903,3,2,0,0,0,12,0,1
140,25,29,0,0,3,1,0,0,1,1
338,29,75,2,2,2,1,0,10,1,1
116,11,23,1,1,2,1,0,0,2,1
115,9,18,0,0,0,0,0,1,1,1
120,12,22,0,0,0,0,0,0,1,1
155,11,40,1,1,2,0,0,0,2,1
33,5,4,0,0,0,0,0,1,0,1
394,0,87,0,0,0,0,0,7,0,1
91,14,20,0,0,2,1,0,1,1,1
91,4,14,0,0,0,0,0,1,1,1
249,38,37,0,0,0,0,0,2,0,1
63,0,11,0,0,0,0,0,0,2,1
123,14,24,0,0,0,0,0,0,1,1
139,21,32,1,1,2,0,0,0,3,1
93,20,15,0,0,0,0,0,0,2,1
82,20,15,0,0,0,0,0,0,2,1
236,36,35,0,0,0,0,0,2,0,1
263,36,37,0,0,0,0,0,2,0,1
64,8,13,0,0,0,0,0,0,0,1
177,16,34,1,1,2,0,0,1,2,1
84,6,20,0,0,1,1,0,0,1,1
163,12,38,1,1,1,1,0,0,2,1
60,3,8,0,0,0,0,0,0,0,1
104,0,28,0,0,2,1,0,0,2,1
91,10,16,0,0,0,0,0,2,1,1
911,0,196,0,0,0,0,0,7,0,1
1113,2,233,0,0,0,0,0,11,0,1
82,20,16,0,0,0,0,0,0,2,1
99,20,17,0,0,0,0,0,0,2,1
4165,10,857,0,0,0,0,0,52,0,1
38,5,6,0,0,0,0,0,2,0,1
721,1,144,0,0,0,0,0,12,0,1
123,20,21,0,0,0,0,0,1,2,1
174,4,50,1,1,2,1,0,0,2,1
227,41,34,0,0,0,0,0,2,0,1
258,36,36,0,0,0,0,0,3,0,1
97,15,21,0,0,2,1,0,0,2,1
319,43,47,0,0,0,0,0,4,1,1
302,60,67,2,2,2,2,0,0,2,1
312,47,47,0,0,0,0,0,3,1,1
240,1,58,0,0,0,0,0,1,0,1
464,0,159,11,11,6,2,0,2,0,1
235,36,32,0,0,0,0,0,1,0,1
211,23,54,1,1,4,0,0,0,2,1
169,33,38,1,1,2,1,0,0,1,1
513,0,107,0,0,0,0,0,7,0,1
118,1,32,0,0,2,1,0,0,1,1
55,8,8,0,0,0,0,0,0,0,1
1711,6,374,0,0,0,0,0,24,0,1
307,44,43,0,0,0,0,0,3,1,1
322,46,47,0,0,0,0,0,2,1,1
119,20,22,0,0,0,0,0,1,2,1
111,7,22,1,1,1,1,0,2,1,1
298,41,46,0,0,0,0,0,2,1,1
168,6,51,1,1,2,1,0,0,2,1
32,4,4,0,0,0,0,0,1,0,1
188,34,43,1,1,2,1,0,0,2,1
116,12,22,0,0,0,0,0,0,1,1
316,45,47,0,0,0,0,0,2,1,1
176,1,42,1,1,1,1,0,0,2,1
100,0,29,0,0,2,1,0,1,2,1
1601,7,340,0,0,0,0,0,18,0,1
108,3,28,0,0,0,1,0,2,2,1
120,12,22,0,0,0,0,0,0,1,1
834,5,160,0,0,0,0,0,11,0,1
294,41,42,0,0,0,0,0,1,1,1
210,5,58,1,1,2,1,0,0,2,1
242,0,43,0,0,0,0,0,2,0,1
4687,22,1015,0,0,0,0,0,72,0,1
3553,8,768,0,0,0,0,0,40,0,1
94,21,18,0,0,0,0,0,0,2,1
157,13,36,1,1,2,1,0,2,2,1
446,0,94,0,0,0,0,0,4,0,1
81,19,15,0,0,0,0,0,0,2,1
261,14,60,2,2,0,0,0,0,2,1
636,2,136,0,0,0,0,0,12,0,1
3659,31,1171,0,3,6,0,0,38,0,1
112,21,25,0,0,0,0,0,0,2,1
642,11,138,0,0,0,0,0,10,0,1
140,8,27,1,1,1,1,0,0,1,1
2190,7,462,0,0,0,0,0,27,0,1
102,20,20,0,0,0,0,0,1,2,1
139,22,31,1,1,0,0,0,0,3,1
281,3,54,0,0,0,0,0,6,0,1
129,17,29,1,1,0,0,0,0,2,1
100,20,17,0,0,0,0,0,1,2,1
91,10,16,0,0,0,0,0,2,1,1
108,10,26,1,1,1,1,0,0,2,1
139,17,31,1,1,2,1,0,0,1,1
123,14,24,0,0,0,0,0,0,1,1
38,5,6,0,0,0,0,0,2,0,1
1496,12,323,0,1,0,0,0,13,0,1
112,20,26,1,1,0,0,0,0,4,1
318,50,49,0,0,0,0,0,1,1,1
260,41,58,2,2,3,2,0,0,2,1
86,10,14,0,0,0,0,0,1,1,1
236,38,32,0,0,0,0,0,3,0,1
158,30,35,1,1,2,1,0,0,2,1
229,39,34,0,0,0,0,0,2,0,1
79,19,15,0,0,0,0,0,0,2,1
60,1,13,0,0,1,1,0,0,2,1
181,2,48,1,1,2,1,0,2,2,1
255,42,36,0,0,0,0,0,1,0,1
653,286,150,6,6,2,0,0,2,2,1
2375,14,519,0,0,0,0,0,31,0,1
90,20,16,0,0,0,0,0,0,2,1
88,19,16,0,0,0,0,0,0,2,1
117,19,20,0,0,0,0,0,0,2,1
254,43,34,0,0,0,0,0,1,0,1
258,37,37,0,0,0,0,0,2,0,1
36,8,8,0,0,0,0,0,0,0,1
127,7,28,1,1,1,0,0,3,2,1
152,14,35,1,1,2,1,0,0,1,1
105,22,18,0,0,0,0,0,0,2,1
104,1,29,6,6,3,1,0,0,0,1
87,20,16,0,0,0,0,0,0,2,1
51,1,8,0,0,0,0,0,0,0,1
376,184,122,3,3,0,0,0,2,1,1
283,41,43,0,0,0,0,0,1,1,1
90,20,16,0,0,0,0,0,0,2,1
131,5,35,0,0,2,1,0,0,2,1
2710,4,571,0,0,0,0,0,29,0,1
84,19,17,0,0,0,0,0,0,2,1
128,13,27,1,1,2,1,0,1,2,1
53,1,8,0,0,0,0,0,0,0,1
191,0,41,0,0,0,0,0,2,0,1
120,7,19,0,0,0,0,0,0,1,1
97,9,26,0,0,2,0,0,0,2,1
123,1,31,0,0,2,1,0,1,2,1
1629,2,357,0,0,0,0,0,11,0,1
102,22,19,0,0,0,0,0,1,2,1
44,8,12,0,0,0,0,1,1,0,1
104,20,18,0,0,0,0,0,0,2,1
87,20,16,0,0,0,0,0,2,2,1
124,20,22,0,0,0,0,0,1,2,1
73,7,22,0,0,0,1,0,0,2,1
253,14,60,2,2,0,0,0,0,2,1
142,22,31,1,1,2,1,0,0,2,1
1273,1,280,0,0,0,0,0,17,0,1
274,36,39,0,0,0,0,0,2,0,1
5407,3,1133,0,0,0,0,0,59,0,1
55,3,8,0,0,0,0,0,0,0,1
263,41,40,0,0,0,0,0,2,0,1
206,8,44,1,1,0,2,0,1,1,1
136,5,26,1,1,2,0,0,2,3,1
139,13,34,1,1,2,1,0,0,1,1
82,20,15,0,0,0,0,0,0,2,1
222,43,51,1,1,2,0,0,0,3,1
104,19,18,0,0,0,0,0,0,2,1
229,38,32,0,0,0,0,0,2,0,1
89,13,20,0,0,2,1,0,1,2,1
75,20,13,0,0,0,0,0,0,2,1
236,39,32,0,0,0,0,0,4,0,1
100,0,30,0,0,2,1,0,0,2,1
88,19,18,0,0,0,0,0,0,2,1
59,8,8,0,0,0,0,0,0,0,1
89,20,17,0,0,0,0,0,1,2,1
84,20,15,0,0,0,0,0,0,2,1
202,3,53,1,1,2,1,0,1,2,1
38,5,6,0,0,0,0,0,2,0,1
1359,7,273,0,0,0,0,0,23,0,1
86,10,14,0,0,0,0,0,1,1,1
170,6,32,2,2,4,0,0,1,1,1
177,30,38,1,1,2,1,0,1,1,1
132,0,29,0,0,0,0,0,5,0,1
116,2,26,0,0,2,1,0,0,1,1
110,8,18,0,0,0,0,0,0,1,1
186,7,40,0,0,0,0,0,3,0,1
119,23,24,0,0,0,0,0,1,2,1
16372,82,6647,19,18,0,0,0,124,0,1
102,20,18,0,0,0,0,0,1,2,1
52,7,14,0,0,0,0,0,0,0,1
115,0,26,0,0,2,1,0,1,2,1
202,2,52,1,1,1,1,0,0,2,1
129,2,31,0,0,2,1,0,0,2,1
141,17,28,1,1,0,0,0,1,2,1
116,12,22,0,0,0,0,0,0,1,1
200,34,41,1,1,2,1,0,1,2,1
248,42,33,0,0,0,0,0,3,0,1
86,10,14,0,0,0,0,0,1,1,1
93,20,16,0,0,0,0,0,0,2,1
203,4,52,1,1,1,1,0,0,2,1
303,59,67,2,2,2,1,0,2,2,1
114,11,19,0,0,0,0,0,0,1,1
106,20,18,0,0,0,0,0,1,2,1
120,12,18,0,0,0,0,0,0,1,1
122,14,25,1,1,2,1,0,1,2,1
171,13,32,1,1,2,0,0,1,2,1
503,1,108,0,0,0,0,0,8,0,1
91,2,24,2,3,2,1,0,0,2,1
1858,10,420,0,0,1,0,0,15,0,1
78,20,14,0,0,0,0,0,1,2,1
99,14,19,0,0,2,1,0,0,2,1
393,0,82,0,0,0,0,0,6,0,1
133,13,29,1,1,2,1,0,1,2,1
110,22,21,0,0,0,0,0,1,2,1
77,19,15,0,0,0,0,0,0,2,1
192,2,52,1,1,2,1,0,1,2,1
80,20,14,0,0,0,0,0,0,2,1
56,2,8,0,0,0,0,0,0,0,1
99,11,22,0,0,2,1,0,0,1,1
237,39,34,0,0,0,0,0,2,0,1
92,20,16,0,0,0,0,0,0,2,1
252,38,37,0,0,0,0,0,2,0,1
86,10,14,0,0,0,0,0,1,1,1
274,2,53,0,0,0,0,0,2,0,1
247,0,54,0,0,0,0,0,1,0,1
78,20,14,0,0,0,0,0,0,2,1
538,0,105,0,0,0,0,0,9,0,1
109,0,30,0,0,2,1,0,0,1,1
86,20,15,0,0,0,0,0,0,2,1
116,12,22,0,0,0,0,0,0,1,1
59,1,24,4,6,3,1,0,0,0,1
1436,16,303,0,0,0,0,0,22,0,1
834,2,278,0,13,0,0,0,5,0,1
92,20,16,0,0,0,0,0,0,2,1
98,20,18,0,0,0,0,0,0,2,1
86,10,14,0,0,0,0,0,1,1,1
91,10,16,0,0,0,0,0,2,1,1
90,3,24,0,0,0,1,0,1,2,1
203,1,51,1,1,3,1,0,1,4,1
124,7,32,1,1,2,1,0,0,2,1
123,1,31,0,0,2,1,0,1,2,1
258,40,37,0,0,0,0,0,1,0,1
807,0,167,0,0,0,0,0,15,0,1
91,10,16,0,0,0,0,0,2,1,1
32,4,4,0,0,0,0,0,1,0,1
315,11,62,2,2,2,1,0,2,1,1
935,4,186,0,0,0,0,0,11,0,1
121,13,22,0,0,0,0,0,0,1,1
248,36,35,0,0,0,0,0,1,0,1
562,0,119,0,0,0,0,0,12,0,1
25,0,4,0,0,0,0,0,0,0,1
902,0,179,0,0,0,0,0,19,0,1
101,20,17,0,0,0,0,0,0,2,1
235,40,35,0,0,0,0,0,3,0,1
95,20,17,0,0,0,0,0,0,2,1
98,20,17,0,0,0,0,0,0,2,1
96,6,23,0,0,2,1,0,0,2,1
310,42,48,0,0,0,0,0,3,1,1
299,49,45,0,0,0,0,0,2,1,1
288,43,47,0,0,0,0,0,3,1,1
1873,11,397,0,0,0,0,0,36,0,1
118,20,20,0,0,0,0,0,0,2,1
259,27,60,2,2,3,1,0,1,2,1
887,7,185,0,0,0,0,0,14,0,1
56,6,8,0,0,0,0,0,0,0,1
191,5,38,0,0,0,0,0,6,0,1
58,3,16,2,2,1,1,1,1,0,1
99,10,22,0,0,2,1,0,0,2,1
835,234,177,7,7,6,10,0,0,2,1
105,8,28,1,1,2,0,0,0,3,1
176,3,41,1,1,2,1,0,1,1,1
0,0,0,0,0,0,0,0,0,0,1
106,36,33,2,1,2,0,0,0,0,1
81,20,14,0,0,0,0,0,0,2,1
69,1,16,2,2,2,1,0,0,0,1
108,5,20,1,1,1,1,0,0,1,1
101,20,18,0,0,0,0,0,0,2,1
90,19,16,0,0,0,0,0,1,2,1
91,10,16,0,0,0,0,0,2,1,1
172,21,33,1,1,0,0,0,1,1,1
75,20,15,0,0,0,0,0,0,2,1
298,56,57,2,2,1,1,0,4,2,1
107,19,25,1,1,2,1,0,0,2,1
328,46,52,0,0,0,0,0,1,1,1
91,20,16,0,0,0,0,0,2,2,1
216,21,58,1,1,2,1,0,0,2,1
263,38,37,0,0,0,0,0,3,0,1
902,12,188,0,0,0,0,0,12,0,1
135,0,32,2,2,2,0,0,0,0,1
85,20,16,0,0,0,0,0,0,2,1
892,0,188,0,0,0,0,0,7,0,1
1167,0,245,0,0,0,0,0,15,0,1
79,20,14,0,0,0,0,0,0,2,1
419,0,84,0,0,0,0,0,8,0,1
106,7,22,1,1,2,1,0,0,1,1
51,7,11,0,0,0,0,0,2,0,1
88,19,15,0,0,0,0,0,0,2,1
1336,0,260,0,0,0,0,0,22,0,1
233,29,51,2,2,0,0,0,0,3,1
74,19,13,0,0,0,0,0,0,2,1
112,6,19,0,0,0,0,0,0,1,1
111,8,27,1,1,1,1,0,0,1,1
108,0,28,0,0,2,1,0,0,2,1
97,20,17,0,0,0,0,0,1,2,1
99,20,18,0,0,0,0,0,1,2,1
1299,2,262,0,0,0,0,0,21,0,1
57,1,8,0,0,0,0,0,0,0,1
104,20,20,0,0,0,0,0,0,2,1
90,9,16,0,0,0,0,0,2,1,1
93,0,21,0,0,2,1,0,0,1,1
316,0,68,0,0,0,0,0,3,0,1
99,19,18,0,0,0,0,0,0,2,1
218,0,40,0,0,0,0,0,4,0,1
248,39,37,0,0,0,0,0,2,0,1
88,19,15,0,0,0,0,0,1,2,1
11919,42,3439,45,41,2,2,0,79,2,1
100,20,20,0,0,0,0,0,0,2,1
102,20,18,0,0,0,0,0,1,2,1
83,20,16,0,0,0,0,0,1,2,1
290,44,44,0,0,0,0,0,1,1,1
107,25,20,0,0,0,0,0,0,2,1
86,10,14,0,0,0,0,0,1,1,1
288,18,63,2,2,0,1,0,4,1,1
324,47,48,0,0,0,0,0,2,1,1
54,8,8,0,0,0,0,0,0,0,1
101,19,19,0,0,0,0,0,1,2,1
1156,6,243,0,0,0,0,0,25,0,1
84,20,15,0,0,0,0,0,1,2,1
86,20,16,0,0,0,0,0,0,2,1
173,3,34,1,1,3,1,0,1,2,1
344,0,63,0,0,0,0,0,5,0,1
94,20,19,0,0,0,0,0,1,2,1
110,0,29,0,0,2,1,0,2,2,1
116,12,22,0,0,0,0,0,0,1,1
227,102,73,2,2,0,0,0,0,1,1
32,4,4,0,0,0,0,0,1,0,1
3481,2,1033,2,2,0,0,0,26,2,1
185,8,44,1,1,2,0,0,1,3,1
164,13,36,1,1,2,1,0,2,2,1
120,4,21,1,1,2,1,0,1,1,1
135,6,37,1,1,3,1,0,2,2,1
253,37,35,0,0,0,0,0,2,0,1
91,20,16,0,0,0,0,0,0,2,1
93,20,15,0,0,0,0,0,0,2,1
449,0,85,0,0,0,0,0,10,0,1
110,4,23,1,1,2,1,0,1,1,1
169,36,41,0,0,0,1,1,2,2,1
30,0,3,0,0,0,0,0,0,0,1
115,7,18,0,0,0,0,0,0,1,1
94,20,16,0,0,0,0,0,0,2,1
302,48,45,0,0,0,0,0,3,1,1
267,34,54,2,2,2,1,0,1,1,1
372,104,106,3,3,0,0,0,2,1,1
79,9,18,0,0,0,1,0,0,2,1
178,8,34,1,1,2,1,0,2,1,1
113,8,30,1,1,1,0,0,0,3,1
2568,21,557,0,0,0,0,0,28,0,1
43,8,9,0,0,0,0,0,0,0,1
27,3,3,0,0,0,0,0,0,0,1
88,19,17,0,0,0,0,0,0,2,1
43,2,10,1,1,0,1,1,1,0,1
667,1,140,0,0,0,0,0,4,0,1
911,6,195,0,0,0,0,0,11,0,1
177,20,38,1,1,1,1,0,1,1,1
98,0,28,0,0,2,1,0,0,1,1
77,0,14,0,0,0,0,0,0,0,1
86,19,15,0,0,0,0,0,0,2,1
297,45,41,0,0,0,0,0,1,1,1
138,8,34,1,1,2,1,0,1,2,1
7525,8,1901,4,1,0,0,0,39,0,1
90,20,15,0,0,0,0,0,1,2,1
121,0,32,0,0,2,1,0,1,2,1
237,37,32,0,0,0,0,0,2,0,1
1471,21,312,0,0,0,0,0,22,0,1
95,20,17,0,0,0,0,0,0,2,1
560,74,116,5,5,1,1,0,7,4,1
39,8,9,0,0,0,0,0,0,0,1
157,0,26,0,0,0,0,0,1,0,1
318,52,46,0,0,0,0,0,3,1,1
13,0,2,0,0,0,0,0,0,0,1
104,0,30,0,0,2,1,0,0,2,1
113,15,21,1,1,2,1,0,0,2,1
85,20,16,0,0,0,0,0,0,2,1
86,10,14,0,0,0,0,0,1,1,1
188,2,51,1,1,2,1,0,2,2,1
89,20,17,0,0,0,0,0,0,2,1
187,27,38,1,1,2,0,0,2,2,1
99,24,19,0,0,0,0,0,1,2,1
109,14,23,1,1,1,1,0,1,1,1
92,20,16,0,0,0,0,0,1,2,1
115,13,18,0,0,0,0,0,0,1,1
3242,11,972,6,6,0,0,0,39,1,1
86,10,14,0,0,0,0,0,1,1,1
85,20,17,0,0,0,0,0,0,2,1
993,15,212,0,0,0,0,0,16,0,1
33,5,4,0,0,0,0,0,1,0,1
390,230,52,3,2,0,0,0,1,0,1
86,20,16,0,0,0,0,0,0,2,1
44,0,11,1,1,1,1,0,0,0,1
2149,4,435,0,0,0,0,0,36,0,1
1589,15,328,0,0,0,0,0,23,0,1
299,47,44,0,0,0,0,0,2,1,1
248,41,38,0,0,0,0,0,2,0,1
88,20,14,0,0,0,0,0,0,2,1
137,12,30,1,1,0,1,1,1,2,1
185,24,47,1,1,2,1,0,1,1,1
303,2,61,0,0,0,0,0,7,0,1
113,4,27,2,3,2,1,0,0,1,1
86,20,15,0,0,0,0,0,3,2,1
2774,16,604,0,0,0,0,0,33,0,1
123,11,29,1,1,2,0,0,1,3,1
314,43,48,0,0,0,0,0,2,1,1
103,15,25,0,0,0,1,1,1,1,1
578,2,134,0,0,0,0,0,6,0,1
86,10,14,0,0,0,0,0,1,1,1
99,7,19,0,0,2,1,0,1,2,1
116,3,29,0,0,0,0,0,3,0,1
114,11,20,0,0,0,0,0,0,1,1
159,4,38,1,1,3,1,0,0,2,1
82,11,18,0,0,2,1,0,1,2,1
142,21,30,1,1,0,0,0,1,2,1
106,0,27,0,0,2,1,0,1,2,1
158,26,34,1,1,2,0,0,0,2,1
120,0,34,0,0,1,1,1,1,2,1
167,23,33,1,1,2,1,0,2,1,1
88,20,17,0,0,0,0,0,1,2,1
109,7,23,1,1,0,0,0,2,3,1
57,2,8,0,0,0,0,0,0,0,1
91,10,16,0,0,0,0,0,2,1,1
87,19,16,0,0,0,0,0,0,2,1
87,20,16,0,0,0,0,0,1,2,1
720,0,151,0,0,0,0,0,11,0,1
89,7,18,0,0,2,1,0,2,1,1
152,6,33,1,1,0,0,0,0,3,1
945,0,198,0,0,0,0,0,11,0,1
235,39,35,0,0,0,0,0,2,0,1
114,6,18,0,0,0,0,0,0,1,1
246,37,37,0,0,0,0,0,2,0,1
95,19,19,0,0,0,0,0,0,2,1
99,0,25,0,0,2,1,0,0,2,1
465,4,99,0,0,0,0,0,7,0,1
390,26,105,2,2,2,0,0,0,3,1
450,75,93,4,4,2,1,0,4,5,1
105,21,17,0,0,0,0,0,1,2,1
108,20,18,0,0,0,0,0,0,2,1
81,20,15,0,0,0,0,0,0,2,1
257,40,36,0,0,0,0,0,2,0,1
96,0,28,0,0,2,1,0,1,2,1
72,20,13,0,0,0,0,0,0,2,1
754,0,156,0,0,0,0,0,12,0,1
92,20,16,0,0,0,0,0,0,2,1
874,9,184,0,0,0,0,0,12,0,1
53,0,9,0,0,0,0,0,1,0,1
733,4,157,0,0,0,0,0,5,0,1
85,20,15,0,0,0,0,0,0,2,1
122,19,30,1,1,2,1,0,0,2,1
114,19,19,0,0,0,0,0,0,2,1
3295,9,728,0,0,1,0,0,48,0,1
82,20,15,0,0,0,0,0,0,2,1
54,1,8,0,0,0,0,0,1,0,1
92,13,20,0,0,2,1,0,0,2,1
2929,6,633,0,0,0,0,0,32,0,1
89,7,19,0,0,0,1,0,0,1,1
118,0,31,0,0,2,1,0,0,2,1
91,20,17,0,0,0,0,0,0,2,1
59,1,8,0,0,0,0,0,1,0,1
30,6,8,0,0,0,0,0,0,0,1
224,0,42,0,0,0,0,0,3,0,1
55,1,8,0,0,0,0,0,1,0,1
236,45,35,0,0,0,0,0,1,0,1
127,6,26,1,1,0,1,0,0,1,1
88,9,18,0,0,2,1,0,1,2,1
84,9,21,0,0,2,1,0,0,2,1
703,2,153,0,0,0,0,0,11,0,1
895,7,193,0,0,0,0,0,14,0,1
141,16,30,1,1,2,1,0,0,1,1
55,8,11,0,0,0,0,0,0,0,1
81,11,16,0,0,0,1,0,1,2,1
312,42,47,0,0,0,0,0,2,1,1
151,10,31,1,1,2,1,0,0,1,1
2604,10,534,0,0,0,0,0,36,0,1
387,3,75,0,0,0,0,0,5,0,1
91,10,16,0,0,0,0,0,2,1,1
87,20,16,0,0,0,0,0,0,2,1
124,19,28,1,1,0,0,0,0,1,1
308,49,48,0,0,0,0,0,2,1,1
299,46,44,0,0,0,0,0,3,1,1
100,0,30,0,0,2,1,0,0,1,1
91,10,16,0,0,0,0,0,2,1,1
295,37,64,2,2,3,3,0,1,2,1
77,20,13,0,0,0,0,0,1,2,1
226,39,32,0,0,0,0,0,1,0,1
80,20,16,0,0,0,0,0,0,2,1
223,36,31,0,0,0,0,0,2,0,1
301,45,45,0,0,0,0,0,1,1,1
183,0,35,0,0,0,0,0,0,0,1
125,1,31,0,0,2,1,0,1,2,1
123,14,24,0,0,0,0,0,0,1,1
1557,16,359,0,0,0,0,0,26,0,1
123,0,53,0,0,0,0,0,0,0,1
91,10,16,0,0,0,0,0,2,1,1
135,0,42,1,1,0,0,0,0,0,1
176,6,35,1,1,0,1,0,1,2,1
102,20,18,0,0,0,0,0,0,2,1
318,5,74,0,0,0,0,0,6,0,1
1537,1,318,0,0,0,0,0,19,0,1
137,2,33,1,1,2,1,0,1,2,1
113,7,18,0,0,0,0,0,0,1,1
109,14,23,1,1,1,1,0,1,1,1
291,40,61,2,2,0,1,1,3,2,1
151,2,31,1,1,0,0,0,0,2,1
82,20,15,0,0,0,0,0,1,2,1
708,3,142,0,0,0,0,0,9,0,1
164,1,40,1,1,2,1,0,0,2,1
97,0,28,0,0,2,1,0,0,2,1
863,0,171,0,0,0,0,0,14,0,1
186,0,32,0,0,0,0,0,3,0,1
101,20,17,0,0,0,0,0,0,2,1
312,42,46,0,0,0,0,0,2,1,1
114,19,20,0,0,0,0,0,1,2,1
108,11,22,1,1,1,1,0,0,2,1
303,44,47,0,0,0,0,0,3,1,1
166,2,47,1,1,2,1,0,1,2,1
245,37,36,0,0,0,0,0,3,0,1
602,0,121,0,0,0,0,0,8,0,1
1022,15,234,0,0,0,0,0,14,0,1
249,41,37,0,0,0,0,0,1,0,1
3108,13,676,0,0,0,0,0,47,0,1
2695,12,556,0,0,0,0,0,35,0,1
166,6,32,2,2,4,0,0,1,1,1
189,0,55,2,2,2,0,0,0,0,1
80,20,15,0,0,0,0,0,0,2,1
3515,16,755,0,0,0,0,0,55,0,1
153,10,38,1,1,2,0,0,1,3,1
86,10,14,0,0,0,0,0,1,1,1
99,21,22,0,0,0,0,0,1,2,1
373,0,74,0,0,0,0,0,7,0,1
178,0,30,0,0,0,0,0,2,0,1
124,15,24,0,0,0,0,0,0,1,1
59,1,8,0,0,0,0,0,0,0,1
250,38,35,0,0,0,0,0,2,0,1
123,22,24,0,0,0,0,0,0,2,1
45,0,8,0,0,0,0,0,1,0,1
238,40,35,0,0,0,0,0,2,0,1
254,40,34,0,0,0,0,0,1,0,1
211,0,40,0,0,0,0,0,2,0,1
82,8,22,0,0,2,1,0,0,1,1
289,44,43,0,0,0,0,0,1,1,1
98,20,20,0,0,0,0,0,1,2,1
47,0,14,0,0,0,0,0,1,0,1
116,0,30,0,0,2,1,0,0,2,1
2819,11,587,0,0,0,0,0,42,0,1
243,1,51,0,0,0,0,0,5,0,1
103,0,29,0,0,2,1,0,0,2,1
113,0,30,0,0,2,1,0,1,2,1
122,20,22,0,0,0,0,0,1,2,1
297,44,44,0,0,0,0,0,3,1,1
1061,8,220,0,0,0,0,0,28,0,1
146,18,30,0,0,0,1,0,1,2,1
56,5,9,0,0,0,0,0,0,0,1
114,20,20,0,0,0,0,0,0,2,1
115,0,26,0,0,2,1,0,0,1,1
144,6,31,1,1,2,0,0,2,2,1
114,20,22,0,0,0,0,0,0,2,1
291,47,44,0,0,0,0,0,2,1,1
248,35,33,0,0,0,0,0,3,0,1
72,20,13,0,0,0,0,0,0,2,1
132,11,26,1,1,2,1,0,1,2,1
207,7,44,0,0,0,0,0,3,0,1
106,1,25,0,0,2,1,0,1,1,1
64,9,14,0,0,0,0,0,1,2,1
91,20,16,0,0,0,0,0,1,2,1
88,20,16,0,0,0,0,0,0,2,1
310,46,47,0,0,0,0,0,2,1,1
109,6,18,0,0,0,0,0,1,1,1
97,8,25,0,0,2,0,0,0,2,1
112,0,28,0,0,2,1,0,0,2,1
278,27,56,2,2,2,1,0,0,2,1
100,8,23,0,0,0,0,0,1,0,1
138,0,32,1,1,1,1,0,0,1,1
251,14,59,2,2,0,0,0,1,3,1
237,35,34,0,0,0,0,0,1,0,1
87,20,15,0,0,0,0,0,0,2,1
66,1,13,0,0,0,0,0,0,2,1
1535,6,324,0,0,0,0,0,19,0,1
187,3,49,1,1,2,1,0,1,2,1
43,8,10,0,0,0,0,0,0,0,1
82,20,14,0,0,0,0,0,0,2,1
125,0,30,0,0,2,1,0,1,2,1
413,7,83,0,0,0,0,0,10,0,1
653,0,181,0,0,0,0,0,2,0,1
100,2,26,0,0,2,1,0,0,1,1
591,0,114,0,0,0,0,0,7,0,1
240,36,36,0,0,0,0,0,2,0,1
108,0,30,0,0,2,1,0,0,2,1
126,9,31,1,1,2,1,0,1,3,1
171,2,51,1,1,2,1,0,0,2,1
239,38,33,0,0,0,0,0,2,0,1
983,0,212,0,0,0,0,0,17,0,1
89,24,17,0,0,0,0,0,0,2,1
245,40,36,0,0,0,0,0,1,0,1
98,20,18,0,0,0,0,0,0,2,1
117,9,25,1,1,0,0,0,3,2,1
111,0,29,0,0,2,1,0,1,2,1
12458,81,3483,0,0,6,0,0,49,0,1
92,19,16,0,0,0,0,0,1,2,1
132,2,56,0,1,1,0,0,0,0,1
133,15,24,1,1,2,0,0,0,1,1
100,20,17,0,0,0,0,0,1,2,1
121,21,23,0,0,0,0,0,0,2,1
92,8,20,0,0,2,1,0,0,1,1
92,0,17,0,0,0,0,0,1,0,1
264,41,36,0,0,0,0,0,5,0,1
1123,30,250,0,0,0,0,0,12,0,1
112,0,28,0,0,2,1,0,0,2,1
111,6,18,0,0,0,0,0,0,1,1
139,0,25,0,0,2,1,0,0,1,1
130,0,31,0,0,2,1,0,0,1,1
273,19,62,2,2,2,0,0,0,3,1
88,20,17,0,0,0,0,0,0,2,1
208,11,38,1,1,2,0,0,3,2,1
33,5,4,0,0,0,0,0,1,0,1
111,0,25,0,0,2,1,0,0,1,1
682,4,154,0,0,0,0,0,8,0,1
218,21,59,1,1,2,1,0,0,2,1
116,20,21,0,0,0,0,0,1,2,1
106,1,30,0,0,2,1,0,0,2,1
90,9,29,2,2,1,0,1,2,0,1
298,43,43,0,0,0,0,0,4,1,1
352,91,83,3,3,3,5,0,1,2,1
102,20,17,0,0,0,0,0,1,2,1
200,33,49,1,1,3,0,0,0,3,1
845,0,175,0,0,0,0,0,14,0,1
101,23,21,0,0,2,1,0,0,2,1
92,14,22,0,0,2,1,0,0,2,1
38,5,6,0,0,0,0,0,2,0,1
100,3,28,2,2,3,0,0,0,1,1
1393,9,291,0,0,0,0,0,21,0,1
95,10,18,0,0,2,1,0,1,1,1
2146,58,794,0,0,1,0,0,10,0,1
522,2,109,0,0,0,0,0,10,0,1
126,21,31,2,2,3,0,0,0,0,1
489,5,102,0,0,0,0,0,11,0,1
36,0,8,0,0,0,0,0,0,0,1
361,83,48,0,0,1,1,0,4,0,1
247,3,58,0,0,0,0,0,2,0,1
89,20,15,0,0,0,0,0,1,2,1
155,3,40,1,1,2,1,0,2,2,1
57,2,8,0,0,0,0,0,1,0,1
256,12,48,2,2,2,0,0,2,3,1
119,12,18,0,0,0,0,0,0,1,1
252,1,55,0,0,0,0,0,4,0,1
102,22,18,0,0,0,0,0,0,2,1
46,0,7,0,0,0,0,0,0,0,1
71,19,13,0,0,0,0,0,0,2,1
113,0,29,0,0,2,1,0,0,1,1
294,1,59,0,0,0,0,0,3,0,1
314,45,50,0,0,0,0,0,3,1,1
99,20,18,0,0,0,0,0,1,2,1
99,18,21,0,0,2,1,0,0,1,1
100,9,18,0,0,2,1,0,0,2,1
364,0,70,0,0,0,0,0,9,0,1
219,37,55,2,2,3,1,0,0,3,1
97,20,17,0,0,0,0,0,0,2,1
83,19,16,0,0,0,0,0,1,2,1
945,1,187,0,0,0,0,0,16,0,1
115,16,26,1,1,1,1,0,0,1,1
665,0,138,0,0,0,0,0,9,0,1
567,3,109,0,0,0,0,0,7,0,1
251,14,59,2,2,0,0,0,0,3,1
80,2,21,0,0,0,1,0,0,2,1
362,51,90,3,3,4,1,0,0,2,1
131,2,36,0,0,2,1,0,0,2,1
1594,9,328,0,0,0,0,0,17,0,1
95,20,18,0,0,0,0,0,0,2,1
79,9,25,1,1,0,0,0,0,0,1
77,20,15,0,0,0,0,0,0,2,1
80,20,15,0,0,0,0,0,1,2,1
313,4,62,0,0,0,0,0,7,0,1
206,23,42,1,1,2,1,0,0,1,1
74,20,13,0,0,0,0,0,0,2,1
131,14,27,1,1,0,1,0,0,1,1
11548,46,3943,27,27,0,0,0,114,2,1
101,20,19,0,0,0,0,0,0,2,1
138,1,37,1,1,2,1,0,2,1,1
105,1,27,0,0,2,1,0,0,2,1
101,20,18,0,0,0,0,0,0,2,1
98,20,17,0,0,0,0,0,0,2,1
151,0,38,1,1,2,1,0,1,2,1
111,0,26,0,0,2,1,0,1,2,1
93,20,16,0,0,0,0,0,0,2,1
466,0,99,0,0,0,0,0,5,0,1
113,8,29,1,1,2,0,0,0,2,1
206,25,42,1,1,4,2,0,0,1,1
317,2,67,0,0,0,0,0,7,0,1
33,5,4,0,0,0,0,0,1,0,1
368,186,120,3,3,0,0,0,0,2,1
669,3,138,0,0,0,0,0,9,0,1
54,1,10,0,0,0,0,0,0,2,1
55,7,12,0,0,0,0,0,1,0,1
563,7,204,1,0,0,0,0,3,1,1
38,5,6,0,0,0,0,0,2,0,1
125,11,27,1,1,4,1,0,1,1,1
87,12,19,0,0,2,1,0,0,2,1
312,44,49,0,0,0,0,0,2,1,1
1578,12,318,0,0,0,0,0,26,0,1
151,13,31,1,1,2,1,0,1,2,1
62,1,8,0,0,0,0,0,0,0,1
112,1,23,0,0,0,0,0,2,2,1
444,65,96,4,4,2,1,0,4,5,1
144,3,37,1,1,1,1,0,2,2,1
113,21,22,0,0,0,0,0,0,2,1
54,4,8,0,0,0,0,0,1,0,1
108,13,26,1,1,1,0,0,1,3,1
112,33,29,2,2,1,0,1,1,0,1
77,20,15,0,0,0,0,0,0,2,1
104,17,22,0,0,2,1,0,0,2,1
92,7,21,0,0,2,1,0,0,2,1
131,5,28,1,1,2,0,0,2,3,1
155,9,41,1,1,2,1,0,2,2,1
638,0,128,0,0,0,0,0,10,0,1
94,20,17,0,0,0,0,0,0,2,1
1339,0,282,0,0,1,0,0,20,0,1
1393,10,287,0,0,0,0,0,15,0,1
80,0,22,0,0,0,0,0,0,2,1
263,14,60,2,2,0,0,0,0,3,1
99,20,17,0,0,0,0,0,2,2,1
114,9,26,1,1,0,0,0,0,2,1
112,7,18,0,0,0,0,0,0,1,1
78,24,13,0,0,0,0,0,1,2,1
150,11,43,1,1,2,1,0,1,2,1
97,20,17,0,0,0,0,0,0,2,1
143,5,34,1,1,2,1,0,0,1,1
94,20,17,0,0,0,0,0,0,2,1
177,19,36,1,1,1,0,0,1,2,1
38,5,6,0,0,0,0,0,2,0,1
123,11,26,1,1,2,1,0,0,2,1
100,20,17,0,0,0,0,0,1,2,1
143,13,36,1,1,2,0,0,0,3,1
97,20,17,0,0,0,0,0,0,2,1
198,2,36,0,0,0,0,0,2,0,1
1193,3,239,0,0,0,0,0,13,0,1
4789,21,1377,8,7,1,0,0,27,0,1
230,35,32,0,0,0,0,0,1,0,1
88,11,23,0,0,2,1,0,1,1,1
298,42,46,0,0,0,0,0,3,1,1
96,22,16,0,0,0,0,0,0,2,1
315,48,44,0,0,0,0,0,3,1,1
1440,6,306,0,0,0,0,0,16,0,1
108,20,19,0,0,0,0,0,0,2,1
91,10,16,0,0,0,0,0,2,1,1
123,22,20,0,0,0,0,0,0,2,1
251,43,37,0,0,0,0,0,1,0,1
84,0,18,0,0,0,0,0,1,0,1
6308,50,2094,10,10,0,0,0,54,1,1
89,16,18,0,0,2,1,0,1,2,1
94,3,24,2,3,3,1,0,1,2,1
228,40,31,0,0,0,0,0,3,0,1
164,16,33,1,1,1,1,0,1,1,1
197,8,50,1,1,2,1,0,1,3,1
367,80,53,3,3,2,1,0,4,1,1
126,17,28,1,1,0,0,0,1,2,1
94,7,20,0,0,2,1,0,0,1,1
90,19,17,0,0,0,0,0,1,2,1
770,7,169,0,0,0,0,0,6,0,1
875,0,173,0,0,0,0,0,9,0,1
109,13,23,1,1,0,0,0,0,1,1
253,17,56,2,2,3,0,0,0,0,1
228,42,32,0,0,0,0,0,2,0,1
93,20,16,0,0,0,0,0,1,2,1
1365,1,278,0,0,0,0,0,22,0,1
69,1,19,3,4,3,1,0,0,0,1
137,3,36,1,1,1,1,0,0,2,1
59,1,8,0,0,0,0,0,0,0,1
242,12,55,1,1,2,1,0,1,1,1
95,0,28,0,0,2,1,0,0,1,1
832,18,171,0,0,0,0,0,13,0,1
172,13,34,1,1,2,1,0,0,2,1
191,35,45,1,1,1,0,0,0,3,1
184,7,56,1,1,2,1,0,0,1,1
140,18,33,1,1,2,1,0,0,2,1
121,4,21,1,1,3,1,0,0,1,1
175,2,48,1,1,2,1,0,1,2,1
227,37,54,2,2,0,0,0,0,4,1
65,11,14,0,0,1,1,0,0,2,1
168,2,50,1,1,2,1,0,0,2,1
124,1,31,0,0,2,1,0,1,2,1
100,20,18,0,0,0,0,0,1,2,1
22,0,2,0,0,0,0,0,0,0,1
294,17,69,0,0,0,0,0,3,0,1
444,2,91,0,0,0,0,0,3,0,1
551,1,111,0,0,0,0,0,5,0,1
95,5,29,0,0,2,1,0,0,1,1
310,43,46,0,0,0,0,0,2,1,1
1919,9,393,0,0,0,0,0,18,0,1
114,1,26,0,0,0,0,0,2,0,1
96,19,16,0,0,0,0,0,1,2,1
20,0,2,0,0,0,0,0,0,0,1
160,13,35,0,0,2,1,0,1,2,1
300,41,43,0,0,0,0,0,2,1,1
150,29,36,1,1,2,1,0,0,2,1
120,1,28,0,0,2,1,0,0,2,1
108,4,27,0,0,2,1,0,0,1,1
714,0,145,0,0,0,0,0,8,0,1
1292,16,278,0,0,0,0,0,17,0,1
161,18,39,1,1,2,1,0,0,1,1
87,20,16,0,0,0,0,0,0,2,1
1513,7,338,0,0,0,0,0,18,0,1
117,13,22,0,0,0,0,0,0,1,1
28225,91,8706,5,5,0,1,0,230,2,1
91,10,16,0,0,0,0,0,2,1,1
150,13,33,1,1,2,1,0,2,2,1
769,5,159,0,0,0,0,0,16,0,1
438,0,94,0,0,0,0,0,5,0,1
263,49,37,0,0,0,0,0,1,0,1
307,46,47,0,0,0,0,0,1,1,1
62,0,10,0,0,0,0,0,0,1,1
1559,7,342,0,0,0,0,0,23,0,1
82,20,14,0,0,0,0,0,0,2,1
233,41,51,2,2,0,1,0,0,1,1
1035,4,215,0,0,0,0,0,22,0,1
80,20,13,0,0,0,0,0,0,2,1
118,0,28,0,0,2,1,0,0,2,1
163,23,33,1,1,2,1,0,0,2,1
95,20,15,0,0,0,0,0,1,2,1
822,10,181,0,0,0,0,0,16,0,1
115,7,27,1,1,2,1,0,0,2,1
33,5,4,0,0,0,0,0,1,0,1
253,14,59,2,2,0,0,0,0,2,1
290,3,62,0,0,0,0,0,2,0,1
290,0,55,0,0,0,0,0,4,0,1
92,20,17,0,0,0,0,0,1,2,1
601,3,131,0,0,0,0,0,7,0,1
227,36,53,2,2,2,0,0,1,1,1
304,47,46,0,0,0,0,0,1,1,1
115,16,29,1,1,2,1,0,1,2,1
87,20,16,0,0,0,0,0,1,2,1
118,14,25,1,1,2,1,0,0,2,1
427,9,96,0,0,0,0,0,4,0,1
1411,13,274,0,0,0,0,0,12,0,1
344,7,117,0,1,1,0,0,2,1,1
258,16,61,2,2,0,0,0,1,4,1
243,12,49,2,2,0,1,0,1,3,1
124,15,24,0,0,0,0,0,0,1,1
124,15,24,0,0,0,0,0,0,1,1
95,20,17,0,0,0,0,0,0,2,1
432,0,83,0,0,0,0,0,4,0,1
175,23,44,1,1,2,1,0,1,2,1
119,0,28,0,0,2,1,0,1,2,1
1733,12,355,0,0,0,0,0,24,0,1
381,0,87,3,3,2,1,0,4,4,1
115,6,18,0,0,0,0,0,1,1,1
189,4,50,1,1,2,1,0,1,2,1
109,0,26,0,0,2,1,0,0,2,1
399,57,88,3,3,2,1,0,3,4,1
174,18,42,1,1,3,1,0,0,3,1
300,0,59,0,0,0,0,0,3,0,1
117,19,26,1,1,2,1,0,1,2,1
118,8,30,1,1,2,0,0,0,3,1
232,19,52,2,2,1,0,0,1,4,1
240,38,33,0,0,0,0,0,4,0,1
534,4,102,0,0,0,0,0,18,0,1
112,7,26,1,1,2,1,0,0,1,1
120,13,25,1,1,2,1,0,0,1,1
466,0,100,0,0,0,0,0,5,0,1
76,20,14,0,0,0,0,0,0,2,1
68,13,14,0,0,0,0,0,0,2,1
102,20,17,0,0,0,0,0,0,2,1
1130,11,218,0,0,0,0,0,15,0,1
995,4,207,0,0,0,0,0,10,0,1
1011,5,217,0,0,0,0,0,12,0,1
427,0,85,0,0,0,0,0,6,0,1
557,3,114,0,0,0,0,0,11,0,1
124,15,24,0,0,0,0,0,0,1,1
257,40,38,0,0,0,0,0,2,0,1
181,15,47,1,1,2,1,0,0,3,1
91,20,17,0,0,0,0,0,0,2,1
271,43,37,0,0,0,0,0,2,0,1
62,1,24,1,2,1,1,0,0,0,1
90,20,16,0,0,0,0,0,0,2,1
131,17,30,1,1,0,0,0,1,2,1
38,5,6,0,0,0,0,0,2,0,1
205,29,42,1,1,2,1,0,0,2,1
252,1,47,0,0,0,0,0,3,0,1
88,20,17,0,0,0,0,0,1,2,1
276,37,38,0,0,0,0,0,3,0,1
476,65,105,4,4,2,1,0,5,5,1
258,39,34,0,0,0,0,0,3,0,1
91,0,21,0,0,2,1,0,0,2,1
111,0,20,0,0,0,0,0,0,0,1
410,143,88,0,0,0,1,0,2,2,1
335,0,76,0,0,0,0,0,2,0,1
74,8,51,0,0,0,0,0,0,0,1
659,0,134,0,0,0,0,0,8,0,1
363,56,85,3,3,2,1,0,1,2,1
1958,0,385,0,0,0,0,0,24,0,1
85,2,29,6,6,0,0,0,0,0,1
216,1,52,1,1,3,1,0,2,4,1
116,20,20,0,0,0,0,0,0,2,1
117,4,24,0,0,0,0,0,1,0,1
5364,0,1399,0,0,1,0,0,21,0,1
134,24,25,0,0,0,0,0,0,2,1
119,20,21,0,0,0,0,0,1,2,1
124,0,29,0,0,2,1,0,2,2,1
69,8,20,2,1,1,0,0,1,1,1
86,20,15,0,0,0,0,0,0,2,1
81,20,15,0,0,0,0,0,1,2,1
82,21,15,0,0,0,0,0,0,2,1
881,12,164,0,0,0,0,0,14,0,1
108,2,29,0,0,2,1,0,1,2,1
252,41,36,0,0,0,0,0,2,0,1
94,21,19,0,0,0,0,0,0,2,1
1506,6,294,0,0,0,0,0,19,0,1
89,19,16,0,0,0,0,0,0,2,1
280,44,42,0,0,0,0,0,1,1,1
29635,352,11162,79,69,5,0,2,162,14,1
98,21,17,0,0,0,0,0,0,2,1
117,8,19,0,0,0,0,0,0,1,1
121,11,23,1,1,2,1,0,1,2,1
259,38,37,0,0,0,0,0,2,0,1
129,22,23,0,0,0,0,0,1,2,1
82,19,16,0,0,0,0,0,0,2,1
54,2,8,0,0,0,0,0,0,0,1
317,46,53,0,0,0,0,0,5,1,1
66,0,12,0,0,0,0,0,1,2,1
85,0,22,0,0,2,1,0,0,2,1
122,3,32,0,0,2,1,0,0,2,1
85,20,16,0,0,0,0,0,0,2,1
95,20,18,0,0,0,0,0,1,2,1
81,1,16,2,2,2,1,0,0,0,1
82,20,15,0,0,0,0,0,0,2,1
122,9,27,1,1,0,0,0,0,1,1
238,39,33,0,0,0,0,0,2,0,1
466,0,91,0,0,0,0,0,5,0,1
91,10,16,0,0,0,0,0,2,1,1
99,7,23,0,0,2,1,0,0,2,1
341,0,71,0,0,0,0,0,1,0,1
92,19,16,0,0,0,0,0,0,2,1
117,12,19,0,0,0,0,0,0,1,1
88,20,17,0,0,0,0,0,0,2,1
1530,9,342,0,0,0,0,0,11,0,1
71,20,13,0,0,0,0,0,0,2,1
201,27,40,1,1,2,1,0,0,1,1
55,1,28,5,5,0,0,0,0,0,1
163,12,31,1,1,2,1,0,0,1,1
93,23,18,0,0,0,0,0,0,2,1
54,6,8,0,0,0,0,0,0,0,1
727,10,146,0,0,0,0,0,15,0,1
90,7,18,0,0,2,1,0,1,1,1
359,6,105,0,0,1,0,0,3,1,1
894,2,190,0,0,0,0,0,12,0,1
197,2,50,1,1,1,1,0,1,2,1
147,8,38,1,1,0,1,0,1,2,1
257,40,37,0,0,0,0,0,1,0,1
297,43,44,0,0,0,0,0,2,1,1
372,0,73,0,0,0,0,0,8,0,1
65,7,16,0,0,0,0,0,0,0,1
39,7,10,0,0,0,0,0,0,0,1
992,2,212,0,0,0,0,0,9,0,1
60,3,9,0,0,0,0,0,0,0,1
112,4,33,0,0,2,1,0,0,2,1
294,34,44,0,0,2,1,0,3,0,1
303,48,43,0,0,0,0,0,1,1,1
16844,134,6921,71,71,5,1,0,68,0,1
130,20,23,0,0,0,0,0,0,2,1
100,7,21,0,0,2,1,0,1,1,1
89,20,16,0,0,0,0,0,0,2,1
1184,0,245,0,0,0,0,0,9,0,1
35,3,14,1,2,0,0,0,0,0,1
552,282,165,5,5,2,0,0,1,2,1
83,20,14,0,0,0,0,0,0,2,1
55,3,8,0,0,0,0,0,0,0,1
2687,15,575,0,0,0,0,0,47,0,1
111,6,18,0,0,0,0,0,0,1,1
81,20,14,0,0,0,0,0,0,2,1
1360,9,282,0,0,0,0,0,12,0,1
76,0,16,2,2,2,1,0,0,1,1
97,3,24,0,0,0,1,0,2,1,1
106,20,18,0,0,0,0,0,1,2,1
4873,211,1774,3,0,0,0,0,23,0,1
183,5,51,1,1,2,1,0,1,2,1
111,0,26,0,0,2,1,0,0,2,1
550,5,113,0,0,0,0,0,11,0,1
371,0,71,0,0,0,0,0,5,0,1
180,2,49,1,1,2,1,0,1,1,1
122,1,35,0,0,3,1,0,1,2,1
778,5,156,0,0,0,0,0,11,0,1
201,27,40,1,1,2,1,0,0,1,1
87,10,22,0,0,0,1,0,1,1,1
1070,4,223,0,0,0,0,0,12,0,1
733,0,142,0,0,0,0,0,8,0,1
98,20,18,0,0,0,0,0,0,2,1
112,20,20,0,0,0,0,0,0,2,1
82,6,38,3,2,2,1,0,0,0,1
101,0,30,0,0,2,1,0,0,2,1
95,20,17,0,0,0,0,0,1,2,1
121,19,31,1,1,0,1,0,1,1,1
99,20,18,0,0,0,0,0,0,2,1
121,0,30,0,0,2,1,0,0,1,1
236,36,33,0,0,0,0,0,1,0,1
76,9,19,0,0,2,1,0,0,2,1
117,20,21,0,0,0,0,0,0,2,1
91,4,19,0,0,2,1,0,0,2,1
88,20,16,0,0,0,0,0,0,2,1
247,39,34,0,0,0,0,0,1,0,1
184,17,34,2,2,2,1,0,1,2,1
143,0,35,1,1,2,1,0,2,2,1
192,2,54,1,1,2,1,0,0,1,1
162,21,40,1,1,3,1,0,0,2,1
83,20,15,0,0,0,0,0,0,2,1
1134,11,232,0,0,0,0,0,14,0,1
289,46,45,0,0,0,0,0,2,1,1
123,14,24,0,0,0,0,0,0,1,1
98,1,25,2,2,3,0,0,0,0,1
92,18,19,0,0,2,1,0,0,1,1
116,12,22,0,0,0,0,0,0,1,1
115,20,20,0,0,0,0,0,0,2,1
258,51,54,2,2,2,1,0,0,2,1
3524,40,776,0,0,0,1,0,37,0,1
109,3,29,0,0,2,1,0,1,2,1
92,20,17,0,0,0,0,0,0,2,1
152,0,29,0,0,0,0,0,2,0,1
127,5,26,1,1,1,0,0,1,2,1
93,20,15,0,0,0,0,0,0,2,1
1328,0,259,0,0,0,0,0,17,0,1
403,184,127,3,3,0,0,0,0,2,1
299,42,42,0,0,0,0,0,1,1,1
109,12,23,1,1,2,1,0,0,1,1
104,0,29,0,0,2,1,0,0,2,1
84,20,15,0,0,0,0,0,1,2,1
130,15,23,1,1,2,1,0,1,1,1
1280,7,262,0,0,0,0,0,21,0,1
77,19,14,0,0,0,0,0,0,2,1
82,20,15,0,0,0,0,0,1,2,1
303,41,46,0,0,0,0,0,1,1,1
110,7,23,1,1,0,0,0,1,3,1
248,41,36,0,0,0,0,0,2,0,1
806,4,166,0,0,0,0,0,11,0,1
99,19,17,0,0,0,0,0,2,2,1
105,0,25,0,0,2,1,0,0,2,1
537,0,102,0,0,0,0,0,9,0,1
289,42,45,0,0,0,0,0,1,1,1
117,8,22,1,1,2,1,0,0,2,1
107,20,17,0,0,0,0,0,0,2,1
239,38,32,0,0,0,0,0,3,0,1
78,20,15,0,0,0,0,0,0,2,1
123,5,25,1,1,1,0,0,0,2,1
512,39,141,3,3,8,5,0,0,2,1
184,2,49,1,1,2,1,0,0,2,1
124,22,19,0,0,0,0,0,0,2,1
327,40,45,0,0,0,0,0,1,1,1
243,37,35,0,0,0,0,0,4,0,1
295,40,40,0,0,0,0,0,2,1,1
838,2,179,0,0,0,0,0,11,0,1
228,41,32,0,0,0,0,0,3,0,1
95,20,18,0,0,0,0,0,1,2,1
128,15,28,1,1,0,0,0,1,1,1
3182,44,900,2,1,0,0,0,16,0,1
307,45,46,0,0,0,0,0,2,1,1
406,5,78,0,0,0,0,0,4,0,1
91,20,18,0,0,0,0,0,0,2,1
33,5,4,0,0,0,0,0,1,0,1
237,42,35,0,0,0,0,0,1,0,1
291,102,74,2,2,2,1,0,2,1,1
261,40,37,0,0,0,0,0,2,0,1
87,19,15,0,0,0,0,0,0,2,1
101,2,18,0,0,0,0,0,3,0,1
145,16,30,1,1,1,0,0,1,4,1
173,23,36,1,1,0,0,0,0,1,1
184,4,50,1,1,2,1,0,0,2,1
1819,2,385,0,0,0,0,0,22,0,1
59,2,9,0,0,0,0,0,0,0,1
91,10,16,0,0,0,0,0,2,1,1
1464,195,167,13,13,2,1,0,6,2,1
578,23,223,0,1,0,0,0,3,4,1
142,1,37,1,1,2,1,0,0,1,1
99,20,18,0,0,0,0,0,1,2,1
77,19,14,0,0,0,0,0,0,2,1
84,19,14,0,0,0,0,0,0,2,1
106,0,30,0,0,2,1,0,0,2,1
240,38,33,0,0,0,0,0,4,0,1
134,0,30,1,1,2,1,0,0,2,1
123,1,31,0,0,2,1,0,1,2,1
459,3,89,0,0,0,0,0,4,0,1
78,1,16,2,2,2,1,0,0,0,1
86,10,14,0,0,0,0,0,1,1,1
1578,0,324,0,0,0,0,0,29,0,1
321,46,47,0,0,0,0,0,4,1,1
408,78,52,3,3,2,0,0,0,2,1
33,5,4,0,0,0,0,0,1,0,1
91,20,17,0,0,0,0,0,0,2,1
87,19,17,0,0,0,0,0,0,2,1
70,2,12,0,0,0,0,0,0,1,1
192,16,40,1,1,1,1,0,0,2,1
2717,6,736,9,9,0,0,0,26,0,1
116,13,26,1,1,2,1,0,0,2,1
177,30,37,1,1,1,1,0,0,2,1
52,7,11,0,0,0,0,0,1,0,1
91,10,16,0,0,0,0,0,2,1,1
1453,8,321,0,0,0,0,0,19,0,1
311,43,47,0,0,0,0,0,2,1,1
89,20,16,0,0,0,0,0,0,2,1
207,18,46,1,1,4,2,0,1,2,1
117,13,22,0,0,0,0,0,0,1,1
394,0,82,0,0,0,0,0,0,0,1
106,22,21,1,1,0,0,0,0,2,1
99,20,17,0,0,0,0,0,1,2,1
670,0,138,0,0,0,0,0,6,0,1
142,2,43,4,4,2,0,0,1,0,1
229,1,53,1,1,3,1,0,2,4,1
97,20,17,0,0,0,0,0,0,2,1
1458,2,294,0,0,0,0,0,18,0,1
111,0,28,0,0,2,1,0,0,2,1
53,1,8,0,0,0,0,0,0,0,1
44,3,19,2,2,0,0,0,0,0,1
96,20,17,0,0,0,0,0,1,2,1
88,19,16,0,0,0,0,0,0,2,1
237,37,34,0,0,0,0,0,2,0,1
180,24,39,1,1,4,2,0,0,1,1
429,0,79,0,0,0,0,0,6,0,1
168,2,47,1,1,2,1,0,1,2,1
260,91,76,2,2,0,0,0,0,2,1
72,7,14,0,0,0,0,0,0,0,1
113,10,19,0,0,0,0,0,0,1,1
79,20,15,0,0,0,0,0,0,2,1
149,28,34,1,1,0,0,0,0,2,1
81,2,13,0,0,1,1,0,0,1,1
187,12,36,1,1,0,1,0,1,1,1
263,39,38,0,0,0,0,0,3,0,1
2540,13,558,0,0,0,0,0,43,0,1
369,0,67,0,0,0,0,0,6,0,1
256,38,38,0,0,0,0,0,1,0,1
1110,8,215,0,0,0,0,0,16,0,1
91,10,16,0,0,0,0,0,2,1,1
877,60,350,3,3,2,0,0,1,1,1
113,12,24,1,1,2,1,0,1,2,1
25170,74,9163,58,59,0,0,0,298,1,1
83,8,21,0,0,2,1,0,0,1,1
90,20,15,0,0,0,0,0,0,2,1
75,19,14,0,0,0,0,0,0,2,1
119,0,22,0,0,0,0,0,0,0,1
75,20,13,0,0,0,0,0,0,2,1
193,36,47,1,1,2,2,0,0,2,1
319,43,47,0,0,0,0,0,2,1,1
243,36,34,0,0,0,0,0,2,0,1
152,13,32,1,1,2,1,0,0,1,1
856,4,190,0,0,0,0,0,13,0,1
209,0,45,0,0,0,0,0,3,0,1
103,0,24,0,0,2,1,0,0,1,1
90,0,17,0,0,0,0,0,1,0,1
946,4,206,0,0,0,0,0,14,0,1
69,20,13,0,0,0,0,0,0,2,1
95,5,29,0,0,2,1,0,0,1,1
61,4,9,0,0,0,0,0,0,0,1
91,20,16,0,0,0,0,0,0,2,1
184,7,56,1,1,2,1,0,0,1,1
190,15,43,1,1,3,0,0,0,3,1
106,20,17,0,0,0,0,0,1,2,1
886,3,189,0,0,0,0,0,11,0,1
2,0,0,0,0,0,0,0,0,0,1
7082,76,1492,0,0,0,0,0,114,0,1
79,20,16,0,0,0,0,0,0,2,1
127,20,24,0,0,0,0,0,1,2,1
120,6,18,0,0,0,0,0,0,1,1
61,3,9,0,0,0,0,0,1,0,1
246,41,34,0,0,0,0,0,3,0,1
137,18,30,1,1,2,1,0,0,2,1
101,20,18,0,0,0,0,0,0,2,1
103,20,17,0,0,0,0,0,1,2,1
290,43,42,0,0,0,0,0,3,1,1
253,14,59,2,2,0,0,0,1,2,1
18215,913,6480,7,1,0,0,0,109,0,1
90,7,26,2,3,2,1,0,0,1,1
335,0,69,0,0,0,0,0,3,0,1
434,6,185,8,7,3,0,0,1,0,1
86,20,16,0,0,0,0,0,1,2,1
98,20,18,0,0,0,0,0,0,2,1
97,20,18,0,0,0,0,0,0,2,1
164,30,37,1,1,2,1,0,0,1,1
120,20,20,0,0,0,0,0,1,2,1
186,0,38,0,0,0,0,0,1,0,1
88,20,17,0,0,0,0,0,0,2,1
250,0,46,0,0,0,0,0,2,0,1
156,14,36,1,1,2,1,0,1,2,1
23234,136,5832,3,7,0,0,0,202,3,1
132,5,26,1,1,2,0,0,2,3,1
117,7,24,1,1,2,1,0,0,2,1
148,8,41,1,1,1,1,0,1,2,1
57,7,13,0,0,0,0,0,0,0,1
258,14,59,2,2,0,0,0,0,2,1
38,5,6,0,0,0,0,0,2,0,1
1737,9,368,0,0,0,0,0,14,0,1
1157,6,268,0,0,0,0,0,18,0,1
843,2,176,0,0,0,0,0,20,0,1
88,19,14,0,0,0,0,0,0,2,1
1594,6,353,0,0,0,0,0,19,0,1
311,47,44,0,0,0,0,0,2,1,1
116,12,22,0,0,0,0,0,0,1,1
39,7,11,0,0,0,0,0,0,0,1
1218,1,249,0,0,0,0,0,15,0,1
354,48,50,0,0,0,0,0,3,1,1
907,12,185,0,0,0,0,0,14,0,1
91,9,18,0,0,2,1,0,2,2,1
173,30,36,1,1,1,1,0,0,2,1
523,4,101,0,0,0,0,0,14,0,1
436,1,85,0,0,0,0,0,3,0,1
91,10,16,0,0,0,0,0,2,1,1
68,1,17,0,0,0,0,0,2,3,1
1392,2,293,0,0,0,0,0,21,0,1
108,0,26,0,0,2,1,0,0,2,1
186,2,52,1,1,2,1,0,0,1,1
91,10,16,0,0,0,0,0,2,1,1
429,0,137,0,0,0,0,0,1,0,1
988,6,209,0,0,0,0,0,3,0,1
765,0,153,0,0,0,0,0,14,0,1
116,12,22,0,0,0,0,0,0,1,1
176,2,48,1,1,2,1,0,2,2,1
257,0,53,0,0,0,0,0,2,0,1
1853,5,370,0,0,0,0,0,33,0,1
104,0,29,0,0,2,1,0,1,2,1
112,6,19,0,0,0,0,0,0,1,1
119,11,22,0,0,0,0,0,0,1,1
185,34,41,1,1,2,1,0,0,2,1
128,0,35,1,1,2,1,0,0,2,1
33,5,4,0,0,0,0,0,1,0,1
133,1,29,4,5,2,1,0,0,2,1
167,2,47,1,1,2,1,0,0,2,1
38,5,6,0,0,0,0,0,2,0,1
141,16,32,1,1,2,1,0,0,2,1
151,0,32,0,0,0,0,0,0,0,1
99,3,23,0,0,1,1,0,0,1,1
299,43,47,0,0,0,0,0,2,1,1
38,5,6,0,0,0,0,0,2,0,1
276,39,45,0,0,0,0,0,1,1,1
294,3,83,0,0,0,0,0,2,2,1
83,20,15,0,0,0,0,0,0,2,1
87,20,16,0,0,0,0,0,0,2,1
1288,6,277,0,0,0,0,0,22,0,1
87,20,15,0,0,0,0,0,0,2,1
60,7,8,0,0,0,0,0,0,0,1
748,3,164,0,0,0,0,0,5,0,1
2616,1,542,0,0,0,0,0,33,0,1
79,19,14,0,0,0,0,0,0,2,1
112,6,18,0,0,0,0,0,0,1,1
136,9,32,1,1,3,1,0,0,1,1
86,8,22,0,0,2,1,0,0,2,1
91,10,16,0,0,0,0,0,2,1,1
452,0,139,0,0,0,0,0,2,0,1
82,20,15,0,0,0,0,0,0,2,1
247,45,36,0,0,0,0,0,2,0,1
61,8,14,0,0,0,0,0,0,0,1
5603,34,2368,39,39,6,0,0,35,0,1
192,0,43,0,0,0,0,0,3,0,1
149,3,34,1,1,0,0,0,1,3,1
106,0,24,0,0,0,0,0,1,0,1
1082,4,358,0,0,0,0,0,3,0,1
655,9,130,0,0,0,0,0,8,0,1
342,46,51,0,0,0,0,0,2,1,1
117,8,31,1,1,2,0,0,0,2,1
121,11,24,1,1,2,1,0,0,2,1
1121,3,234,0,0,0,0,0,21,0,1
550,2,121,0,0,0,0,0,7,0,1
92,13,21,0,0,2,1,0,0,1,1
139,2,41,1,1,4,2,0,1,1,1
1776,8,379,0,0,0,0,0,19,0,1
118,10,27,1,1,0,0,0,0,2,1
802,7,163,0,0,0,0,0,9,0,1
85,20,17,0,0,0,0,0,0,2,1
91,10,16,0,0,0,0,0,2,1,1
102,0,25,0,0,2,1,0,2,2,1
119,10,28,1,1,0,1,0,0,2,1
296,3,65,0,0,0,0,0,5,0,1
103,20,17,0,0,0,0,0,0,2,1
27,0,13,1,1,0,1,0,0,0,1
836,23,265,0,0,0,0,0,1,0,1
1590,3,341,0,0,0,0,0,26,0,1
113,8,18,0,0,0,0,0,0,1,1
4472,13,898,0,0,0,0,0,88,0,1
120,3,24,1,1,2,0,0,2,2,1
302,45,46,0,0,0,0,0,4,1,1
89,20,16,0,0,0,0,0,0,2,1
86,1,21,0,0,2,1,0,1,2,1
55,2,8,0,0,0,0,0,0,0,1
441,3,78,0,0,0,0,0,6,0,1
567,0,113,0,0,0,0,0,7,0,1
4066,27,901,0,0,0,0,0,62,0,1
1386,57,217,13,13,2,0,0,27,2,1
537,2,120,0,0,0,0,0,6,0,1
96,20,17,0,0,0,0,0,0,2,1
90,20,16,0,0,0,0,0,1,2,1
648,9,152,0,0,0,0,0,5,0,1
87,19,16,0,0,0,0,0,0,2,1
85,20,16,0,0,0,0,0,0,2,1
155,15,42,1,1,0,0,0,0,4,1
88,20,16,0,0,0,0,0,1,2,1
94,20,17,0,0,0,0,0,0,2,1
111,8,18,0,0,0,0,0,0,1,1
258,26,59,2,2,0,0,0,1,2,1
85,0,29,5,5,1,1,0,0,0,1
135,4,30,1,1,2,1,0,0,1,1
98,0,26,0,0,2,1,0,0,2,1
304,43,44,0,0,0,0,0,3,1,1
88,20,16,0,0,0,0,0,0,2,1
333,0,67,0,0,0,0,0,2,0,1
33,5,4,0,0,0,0,0,1,0,1
121,13,24,1,1,2,1,0,0,2,1
110,22,23,0,0,0,0,0,1,2,1
174,2,50,1,1,2,1,0,0,2,1
261,35,35,0,0,0,0,0,3,0,1
417,0,77,0,0,0,0,0,8,0,1
89,20,17,0,0,0,0,0,0,2,1
1128,0,231,0,0,0,0,0,22,0,1
135,3,34,0,0,2,1,0,2,2,1
973,0,190,0,0,0,0,0,21,0,1
254,37,35,0,0,0,0,0,2,0,1
215,41,51,2,2,2,1,0,0,2,1
116,6,18,0,0,0,0,0,0,1,1
83,20,14,0,0,0,0,0,0,2,1
3399,29,1114,1,0,0,0,0,41,19,1
104,20,20,0,0,0,0,0,2,2,1
37,0,10,0,0,0,0,0,0,0,1
1298,1,250,0,0,0,0,0,16,0,1
214,21,58,1,1,2,1,0,0,2,1
295,48,42,0,0,0,0,0,2,1,1
1495,0,294,0,0,0,0,0,15,0,1
150,35,30,1,1,0,0,0,1,2,1
325,44,46,0,0,0,0,0,2,1,1
91,10,16,0,0,0,0,0,2,1,1
167,32,38,1,1,2,1,0,1,1,1
232,30,48,2,2,2,1,0,0,1,1
255,68,59,3,3,3,1,0,2,0,1
54,5,8,0,0,0,0,0,0,0,1
118,2,25,1,1,0,0,0,0,2,1
304,51,45,0,0,0,0,0,3,1,1
82,19,14,0,0,0,0,0,0,2,1
86,1,18,0,0,0,0,0,4,0,1
300,44,44,0,0,0,0,0,1,1,1
177,3,47,1,1,2,1,0,2,2,1
240,56,51,2,2,3,0,0,1,2,1
318,48,46,0,0,0,0,0,2,1,1
122,13,24,0,0,0,0,0,0,1,1
48,8,10,0,0,0,0,0,0,0,1
113,6,18,0,0,0,0,0,0,1,1
158,14,33,1,1,2,1,0,0,1,1
120,12,31,1,1,2,1,0,0,2,1
841,175,170,7,7,8,5,0,5,2,1
113,7,18,0,0,0,0,0,0,1,1
125,9,20,0,0,0,0,0,1,1,1
125,5,33,0,0,2,1,0,0,2,1
122,11,29,1,1,0,0,0,0,3,1
1286,9,275,0,0,0,0,0,13,0,1
124,37,29,1,1,2,1,0,0,1,1
196,18,40,1,1,2,1,0,2,2,1
317,41,45,0,0,0,0,0,2,1,1
252,39,37,0,0,0,0,0,3,0,1
33,5,4,0,0,0,0,0,1,0,1
33,5,4,0,0,0,0,0,1,0,1
237,41,37,0,0,0,0,0,1,0,1
152,13,32,1,1,2,1,0,1,2,1
88,2,26,0,0,2,1,0,0,2,1
117,20,20,0,0,0,0,0,0,2,1
3312,9,675,0,0,0,0,0,40,0,1
173,2,48,1,1,2,1,0,1,2,1
135,23,34,1,1,2,1,0,0,2,1
95,20,18,0,0,0,0,0,1,2,1
81,20,15,0,0,0,0,0,0,2,1
90,20,16,0,0,0,0,0,0,2,1
116,12,22,0,0,0,0,0,0,1,1
113,9,22,1,1,2,1,0,1,1,1
129,5,34,1,1,1,0,0,0,3,1
1165,2,239,0,0,0,0,0,17,0,1
114,2,35,0,0,2,1,0,1,2,1
394,0,79,0,0,0,0,0,5,0,1
178,2,48,1,1,2,1,0,1,1,1
144,13,33,1,1,2,1,0,1,2,1
300,42,44,0,0,0,0,0,1,1,1
106,0,26,0,0,2,1,0,0,1,1
320,46,84,3,3,2,5,0,0,2,1
111,28,20,0,0,0,0,0,0,2,1
87,20,14,0,0,0,0,0,1,2,1
94,20,16,0,0,0,0,0,1,2,1
102,20,19,0,0,0,0,0,1,2,1
2547,8,546,0,0,0,0,0,35,0,1
707,0,151,0,0,0,0,0,8,0,1
945,14,366,1,0,0,0,0,10,2,1
129,9,28,1,1,2,0,0,2,3,1
177,0,32,0,0,0,0,0,2,0,1
196,3,50,1,1,1,1,0,4,2,1
293,6,54,2,2,2,1,0,2,1,1
144,0,33,1,1,2,1,0,1,2,1
235,0,41,0,0,0,0,0,5,0,1
90,0,25,0,0,2,1,0,0,1,1
253,38,36,0,0,0,0,0,2,0,1
117,12,19,0,0,0,0,0,0,1,1
96,7,20,0,0,2,1,0,1,2,1
94,20,15,0,0,0,0,0,0,2,1
93,20,17,0,0,0,0,0,2,2,1
89,20,17,0,0,0,0,0,0,2,1
617,0,126,0,0,0,0,0,10,0,1
56,1,8,0,0,0,0,0,0,0,1
826,12,190,0,0,0,0,0,8,0,1
128,2,34,0,0,2,1,0,0,3,1
153,0,40,1,1,2,1,0,0,2,1
262,38,37,0,0,0,0,0,2,0,1
91,10,16,0,0,0,0,0,2,1,1
312,45,44,0,0,0,0,0,2,1,1
56,6,8,0,0,0,0,0,1,0,1
115,10,27,1,1,0,0,0,0,3,1
119,18,24,0,0,2,1,0,0,1,1
112,2,30,0,0,2,1,0,0,2,1
292,44,45,0,0,0,0,0,4,1,1
94,21,17,0,0,0,0,0,1,2,1
4883,46,1632,17,11,0,0,0,17,1,1
708,4,137,0,0,0,0,0,9,0,1
246,48,33,0,0,0,0,0,1,0,1
101,20,18,0,0,0,0,0,0,2,1
48,1,8,2,2,2,0,0,0,0,1
137,5,36,1,1,1,1,0,0,2,1
108,20,18,0,0,0,0,0,1,2,1
56,2,12,1,1,1,1,0,0,0,1
313,42,49,0,0,0,0,0,1,1,1
295,41,43,0,0,0,0,0,1,1,1
199,2,52,1,1,1,1,0,2,1,1
311,43,45,0,0,0,0,0,2,1,1
100,21,17,0,0,0,1,0,0,2,1
1097,18,240,0,0,0,0,0,18,0,1
1274,5,269,0,0,0,0,0,16,0,1
111,0,27,0,0,2,1,0,0,1,1
900,2,186,0,0,0,0,0,16,0,1
115,7,19,0,0,0,0,0,0,1,1
142,21,27,0,0,1,1,0,0,1,1
154,0,38,1,1,2,1,0,2,2,1
236,37,37,0,0,0,0,0,1,0,1
66,8,13,0,0,0,0,0,0,0,1
129,1,33,0,0,2,1,0,1,2,1
2193,25,469,0,0,0,0,0,28,0,1
57,4,8,0,0,0,0,0,0,0,1
123,14,24,0,0,0,0,0,0,1,1
220,39,33,0,0,0,0,0,2,0,1
188,24,39,1,1,2,1,0,0,2,1
114,0,28,0,0,2,1,0,0,2,1
251,41,37,0,0,0,0,0,1,0,1
1817,2,366,0,0,0,0,0,22,0,1
768,268,197,7,7,3,2,0,1,2,1
116,12,22,0,0,0,0,0,0,1,1
295,42,44,0,0,0,0,0,1,1,1
42,1,15,1,1,1,1,0,0,0,1
107,20,21,0,0,0,0,0,1,2,1
118,0,27,0,0,2,1,0,0,2,1
1552,423,289,14,14,23,15,0,1,2,1
151,7,36,1,1,2,1,0,0,2,1
86,20,14,0,0,0,0,0,0,2,1
2143,13,452,0,0,0,0,0,30,0,1
83,20,14,0,0,0,0,0,0,2,1
286,42,41,0,0,0,0,0,1,0,1
95,0,28,0,0,3,1,0,0,2,1
291,43,43,0,0,0,0,0,1,1,1
113,6,18,0,0,0,0,0,2,1,1
94,19,17,0,0,0,0,0,0,2,1
300,44,44,0,0,0,0,0,3,1,1
91,2,27,0,0,2,1,0,1,2,1
82,20,14,0,0,0,0,0,0,2,1
482,2,108,0,0,0,0,0,3,0,1
76,20,13,0,0,0,0,0,1,2,1
697,3,133,0,0,0,0,0,13,0,1
485,1,108,0,0,0,0,0,5,0,1
89,20,15,0,0,0,0,0,0,2,1
253,43,32,0,0,0,0,0,1,0,1
157,16,39,1,1,2,1,0,0,1,1
86,20,15,0,0,0,0,0,0,2,1
110,20,21,0,0,0,0,0,1,2,1
15040,48,4961,28,31,0,0,0,82,1,1
123,20,21,0,0,0,0,0,2,2,1
133,14,25,1,1,2,1,0,1,2,1
95,20,16,0,0,0,0,0,0,2,1
132,21,21,0,0,0,0,0,1,2,1
105,1,29,0,0,0,0,0,0,3,1
159,26,39,1,1,2,1,0,0,2,1
304,45,44,0,0,0,0,0,1,1,1
616,138,135,5,5,8,4,0,0,2,1
184,3,48,1,1,2,1,0,2,2,1
377,7,88,0,0,0,0,0,3,0,1
110,0,19,0,0,0,0,0,2,0,1
135,9,32,1,1,3,2,0,0,1,1
94,1,25,0,0,2,1,0,0,2,1
383,1,86,0,0,0,0,0,5,0,1
114,6,19,0,0,0,0,0,0,1,1
91,19,18,0,0,0,0,0,1,2,1
130,2,25,0,0,0,0,0,1,0,1
468,223,119,4,4,2,1,0,0,1,1
620,1,130,0,0,0,0,0,5,0,1
82,19,16,0,0,0,0,0,0,2,1
99,20,21,0,0,0,0,0,0,2,1
103,0,28,0,0,2,1,0,0,1,1
867,4,183,0,0,0,0,0,12,0,1
83,20,14,0,0,0,0,0,0,2,1
98,15,25,0,0,0,0,0,0,1,1
110,4,25,1,1,1,1,0,1,2,1
103,0,25,0,0,0,0,0,1,0,1
112,4,20,1,1,1,1,0,1,1,1
87,20,15,0,0,0,0,0,0,2,1
117,13,18,0,0,0,0,0,0,1,1
235,31,55,2,2,2,1,0,1,2,1
326,51,48,0,0,0,0,0,2,1,1
136,3,36,0,0,2,1,0,2,2,1
108,0,28,0,0,2,1,0,2,2,1
161,2,34,1,1,2,0,0,5,2,1
181,17,35,1,1,2,1,0,0,1,1
91,10,16,0,0,0,0,0,2,1,1
14390,63,3933,4,2,0,0,0,56,2,1
134,0,34,1,1,1,1,0,2,1,1
851,9,175,0,0,0,0,0,11,0,1
753,58,93,6,6,2,1,0,6,1,1
243,39,33,0,0,0,0,0,1,0,1
143,0,36,1,1,2,1,0,0,2,1
151,25,31,1,1,2,1,0,0,2,1
574,1,167,0,0,0,0,0,2,0,1
33,5,4,0,0,0,0,0,1,0,1
972,3,195,0,0,0,0,0,10,0,1
99,19,19,0,0,0,0,0,1,2,1
445,2,97,0,0,0,0,0,3,0,1
155,38,37,1,1,2,0,0,0,2,1
192,6,50,1,1,2,1,0,0,2,1
98,17,20,0,0,2,1,0,1,1,1
249,36,34,0,0,0,0,0,2,0,1
191,25,47,1,1,0,0,0,0,6,1
95,5,29,0,0,2,1,0,0,1,1
33,5,4,0,0,0,0,0,1,0,1
230,40,31,0,0,0,0,0,1,0,1
90,21,20,0,0,0,0,0,0,2,1
33,5,4,0,0,0,0,0,1,0,1
234,61,65,2,2,3,2,0,0,2,1
2807,7,602,0,0,0,0,0,33,0,1
598,0,127,0,0,0,0,0,3,0,1
701,3,148,0,0,0,0,0,15,0,1
168,2,47,1,1,2,1,0,2,1,1
267,42,39,0,0,0,0,0,3,0,1
110,20,23,0,0,0,0,0,0,2,1
101,24,18,0,0,0,0,0,0,2,1
172,2,49,1,1,2,1,0,1,2,1
140,0,33,1,1,1,1,0,1,2,1
536,0,121,0,0,0,0,0,11,0,1
94,11,19,0,0,0,0,0,0,3,1
178,2,48,1,1,2,1,0,1,2,1
80,20,16,0,0,0,0,0,0,2,1
2545,3,525,0,0,0,0,0,30,0,1
254,14,61,2,2,0,0,0,0,4,1
116,0,25,0,0,0,0,0,1,2,1
86,10,14,0,0,0,0,0,1,1,1
109,8,28,0,0,2,0,0,0,3,1
1718,7,637,1,0,0,0,0,11,0,1
73,7,16,0,0,0,0,0,0,0,1
171,4,98,1,1,2,1,0,0,2,1
796,9,167,0,0,0,0,0,4,0,1
195,10,53,1,1,2,0,0,0,3,1
86,10,14,0,0,0,0,0,1,1,1
710,5,151,0,0,0,0,0,18,0,1
92,1,25,0,0,2,1,0,0,2,1
95,19,15,0,0,0,0,0,0,2,1
76,19,14,0,0,0,0,0,0,2,1
86,20,14,0,0,0,0,0,0,2,1
183,25,45,1,1,2,0,0,1,3,1
356,57,76,3,3,0,0,0,3,2,1
124,15,24,0,0,0,0,0,0,1,1
86,20,15,0,0,0,0,0,0,2,1
92,7,18,0,0,2,1,0,1,1,1
130,0,27,0,0,0,0,0,1,0,1
33,5,4,0,0,0,0,0,1,0,1
300,44,46,0,0,0,0,0,1,1,1
50,2,8,0,0,0,0,0,0,0,1
59,1,12,2,2,2,1,0,2,0,1
96,3,26,0,0,2,1,0,0,1,1
724,0,142,0,0,0,0,0,7,0,1
1001,2,206,0,0,0,0,0,21,0,1
110,9,19,0,0,0,0,0,0,1,1
87,0,29,0,0,2,1,0,0,2,1
105,0,25,0,0,2,1,0,0,2,1
120,21,23,0,0,0,0,0,0,2,1
516,2,112,0,0,0,0,0,8,0,1
106,20,20,0,0,0,0,0,1,2,1
330,59,65,2,2,6,3,0,0,2,1
33,5,4,0,0,0,0,0,1,0,1
90,19,17,0,0,0,0,0,0,2,1
85,20,15,0,0,0,0,0,1,2,1
242,38,38,0,0,0,0,0,2,0,1
370,182,119,3,3,1,0,0,1,1,1
86,10,14,0,0,0,0,0,1,1,1
390,0,77,0,0,0,0,0,4,0,1
399,1,82,0,0,0,0,0,8,0,1
186,2,48,1,1,2,1,0,2,2,1
889,2,195,0,0,0,0,0,11,0,1
6066,18,1271,0,0,0,0,0,85,0,1
50,0,7,0,0,0,0,0,0,0,1
52,8,10,0,0,0,0,0,0,0,1
192,7,57,1,1,2,1,0,1,1,1
699,4,139,0,0,0,0,0,13,0,1
490,0,92,0,0,0,0,0,11,0,1
186,19,32,1,1,0,0,0,3,2,1
870,1,183,0,0,0,0,0,14,0,1
116,12,22,0,0,0,0,0,0,1,1
91,20,16,0,0,0,0,0,0,2,1
1529,6,302,0,0,0,0,0,18,0,1
110,22,21,0,0,0,0,0,0,2,1
130,17,28,1,1,2,1,0,0,1,1
86,10,14,0,0,0,0,0,1,1,1
91,10,16,0,0,0,0,0,2,1,1
92,20,15,0,0,0,0,0,0,2,1
117,9,25,1,1,0,0,0,3,2,1
126,5,33,0,0,2,1,0,0,1,1
141,12,28,1,1,2,0,0,1,1,1
148,6,35,1,1,4,1,0,0,2,1
91,10,16,0,0,0,0,0,2,1,1
131,12,30,1,1,0,0,0,0,3,1
92,20,16,0,0,0,0,0,0,2,1
125,2,32,1,1,0,0,0,1,4,1
38,5,6,0,0,0,0,0,2,0,1
542,2,115,0,0,0,0,0,6,0,1
318,0,61,0,0,0,0,0,5,0,1
77,20,14,0,0,0,0,0,0,2,1
299,45,45,0,0,0,0,0,1,1,1
338,0,68,0,0,0,0,0,1,0,1
1228,11,265,0,0,0,0,0,18,0,1
122,4,29,0,0,2,1,0,1,1,1
89,7,20,0,0,2,1,0,0,1,1
19,0,6,0,0,0,0,0,0,1,1
2082,12,422,0,0,0,0,0,19,0,1
73,1,16,0,0,1,1,0,0,2,1
171,11,39,1,1,3,0,0,0,3,1
79,19,14,0,0,0,0,0,0,2,1
241,38,35,0,0,0,0,0,3,0,1
43,7,10,0,0,0,0,0,0,0,1
306,51,53,2,2,2,1,0,0,2,1
85,24,16,0,0,0,0,0,1,2,1
100,11,19,0,0,2,1,0,0,2,1
295,50,46,0,0,0,0,0,5,1,1
1221,6,270,0,0,0,0,0,16,0,1
307,46,43,0,0,0,0,0,1,1,1
116,20,24,0,0,0,0,0,1,2,1
206,22,39,1,1,2,1,0,1,2,1
122,2,33,0,0,2,1,0,0,1,1
71,19,13,0,0,0,0,0,0,2,1
95,4,21,0,0,2,1,0,0,2,1
100,21,18,0,0,0,0,0,1,2,1
140,10,28,1,1,3,0,0,2,1,1
253,14,62,2,2,6,1,0,0,2,1
33,5,4,0,0,0,0,0,1,0,1
405,1,82,0,0,0,0,0,5,0,1
176,2,48,1,1,2,1,0,1,2,1
58,2,9,0,0,0,0,0,0,0,1
37,3,15,1,1,0,1,0,0,0,1
126,3,36,3,3,2,1,0,0,1,1
242,42,35,0,0,0,0,0,1,0,1
132,12,28,1,1,2,1,0,3,1,1
338,25,79,0,1,1,0,0,1,1,1
118,1,28,0,0,2,1,0,0,1,1
259,39,38,0,0,0,0,0,1,0,1
106,0,26,0,0,2,1,0,1,2,1
299,49,43,0,0,0,0,0,2,1,1
140,2,34,1,1,1,1,0,0,2,1
131,8,27,1,1,2,1,0,1,1,1
81,19,16,0,0,0,0,0,0,2,1
98,0,28,0,0,2,1,0,0,2,1
365,2,70,0,0,0,0,0,5,0,1
252,37,38,0,0,0,0,0,2,0,1
632,0,142,0,0,0,0,0,8,0,1
677,3,147,0,0,0,0,0,9,0,1
156,20,35,1,1,2,0,0,1,2,1
51,3,15,1,2,1,1,1,1,0,1
242,39,34,0,0,0,0,0,2,0,1
113,9,18,0,0,0,0,0,0,1,1
51,1,10,0,0,0,0,0,2,0,1
1510,16,328,0,0,0,0,0,23,0,1
102,0,28,0,0,2,1,0,0,2,1
250,39,37,0,0,0,0,0,3,0,1
766,395,254,7,7,0,0,0,1,1,1
113,11,17,1,1,1,0,0,0,2,1
187,2,48,1,1,2,1,0,1,1,1
146,32,23,1,1,2,1,0,0,1,1
457,1,98,0,0,0,0,0,9,0,1
94,19,18,0,0,0,0,0,0,2,1
118,11,18,0,0,0,0,0,0,1,1
486,1,104,0,0,0,0,0,3,0,1
82,19,15,0,0,0,0,0,0,2,1
136,21,22,0,0,0,0,0,1,2,1
132,16,28,1,1,2,1,0,1,2,1
38,5,6,0,0,0,0,0,2,0,1
100,13,19,0,0,2,1,0,0,2,1
189,2,51,1,1,2,1,0,0,2,1
116,0,28,0,0,2,1,0,0,2,1
114,16,26,1,1,2,1,0,0,2,1
33,5,4,0,0,0,0,0,1,0,1
108,0,23,0,0,0,0,0,0,0,1
86,10,14,0,0,0,0,0,1,1,1
98,9,21,0,0,2,1,0,0,2,1
142,21,32,1,1,0,0,0,1,2,1
116,12,22,0,0,0,0,0,0,1,1
175,2,41,1,1,2,1,0,1,2,1
1084,0,342,0,0,0,0,0,23,0,1
256,39,34,0,0,0,0,0,4,0,1
114,8,19,0,0,0,0,0,0,1,1
855,3,182,0,0,0,0,0,12,0,1
141,21,29,1,1,3,1,0,0,2,1
517,5,109,0,0,0,0,0,7,0,1
112,6,18,0,0,0,0,0,1,1,1
38,5,6,0,0,0,0,0,2,0,1
371,93,83,3,3,3,5,0,0,1,1
165,14,32,1,1,0,0,0,1,1,1
1399,12,303,0,0,0,0,0,11,0,1
39,7,9,0,0,0,0,0,0,0,1
43,0,8,0,0,0,0,0,0,0,1
99,20,16,0,0,0,0,0,0,2,1
261,36,60,2,2,2,0,0,2,2,1
54,1,9,0,0,0,0,0,0,0,1
31,1,7,0,0,0,0,0,0,0,1
125,20,24,0,0,0,0,0,0,2,1
1124,5,240,0,0,0,0,0,13,0,1
720,7,164,0,0,0,0,0,8,0,1
32,4,4,0,0,0,0,0,1,0,1
97,19,17,0,0,0,0,0,0,2,1
269,0,45,0,0,0,0,0,5,0,1
33,5,4,0,0,0,0,0,1,0,1
245,46,36,0,0,0,0,0,1,0,1
744,0,154,0,0,0,0,0,4,0,1
318,42,47,0,0,0,0,0,4,1,1
90,20,15,0,0,0,0,0,0,2,1
189,4,50,1,1,2,1,0,0,2,1
69,8,13,0,0,0,0,0,0,0,1
109,6,18,0,0,0,0,0,0,1,1
83,20,16,0,0,0,0,0,0,2,1
81,20,15,0,0,0,0,0,0,2,1
157,22,39,1,1,2,1,0,1,1,1
286,43,42,0,0,0,0,0,3,1,1
81,0,14,0,0,0,0,0,1,0,1
86,10,14,0,0,0,0,0,1,1,1
315,0,63,0,0,0,0,0,3,0,1
601,0,111,0,0,0,0,0,10,0,1
86,20,15,0,0,0,0,0,0,2,1
98,22,19,0,0,0,0,0,0,2,1
87,20,15,0,0,0,0,0,0,2,1
112,20,26,1,1,2,1,0,0,2,1
145,16,30,1,1,2,1,0,1,2,1
95,20,17,0,0,0,0,0,0,2,1
106,0,29,0,0,2,1,0,1,1,1
1637,3,341,0,0,0,0,0,18,0,1
300,43,44,0,0,0,0,0,2,1,1
731,13,158,0,0,0,0,0,7,0,1
131,0,26,0,0,0,0,0,2,0,1
207,76,62,1,1,0,0,1,1,2,1
926,6,183,0,0,0,0,0,16,0,1
822,1,184,0,0,0,0,0,11,0,1
305,49,48,0,0,0,0,0,3,1,1
105,20,19,0,0,0,0,0,1,2,1
102,2,28,0,0,2,1,0,1,2,1
105,1,26,0,0,2,1,0,1,2,1
289,52,57,2,2,2,1,0,3,2,1
96,22,17,0,0,0,0,0,0,2,1
110,20,19,0,0,0,0,0,1,2,1
125,0,29,0,0,2,1,0,1,1,1
242,44,33,0,0,0,0,0,3,0,1
255,47,39,0,0,0,0,0,2,0,1
120,9,19,0,0,0,0,0,0,1,1
237,35,36,0,0,0,0,0,1,0,1
289,44,42,0,0,0,0,0,1,1,1
865,7,188,0,0,0,0,0,16,0,1
91,10,16,0,0,0,0,0,2,1,1
140,20,26,0,0,0,0,0,2,2,1
263,34,54,2,2,2,1,0,3,2,1
89,20,16,0,0,0,0,0,0,2,1
139,17,29,1,1,2,1,0,0,2,1
106,2,28,0,0,2,1,0,0,1,1
112,13,27,1,1,1,1,0,1,2,1
92,20,16,0,0,0,0,0,0,2,1
300,45,43,0,0,0,0,0,2,1,1
706,388,224,6,6,2,0,0,0,2,1
224,29,45,2,2,2,0,0,0,4,1
183,4,50,1,1,2,1,0,0,2,1
98,20,20,0,0,0,0,0,0,2,1
88,19,17,0,0,0,0,0,0,2,1
190,12,41,1,1,2,2,0,0,2,1
216,13,52,1,1,3,1,0,1,2,1
106,20,20,0,0,0,0,0,0,2,1
92,20,16,0,0,0,0,0,0,2,1
90,0,15,0,0,0,0,0,1,0,1
137,1,30,1,1,2,1,0,1,2,1
1552,18,315,0,0,0,0,0,24,0,1
109,0,28,0,0,2,1,0,0,1,1
127,0,35,0,0,2,1,0,0,2,1
106,20,18,0,0,0,0,0,0,2,1
195,32,44,1,1,0,1,1,1,2,1
114,8,24,1,1,1,1,0,0,2,1
736,1,143,0,0,0,0,0,11,0,1
120,0,35,0,0,3,1,0,1,2,1
109,1,27,0,0,2,1,0,0,1,1
179,35,42,1,1,2,1,0,1,1,1
120,12,22,0,0,0,0,0,0,1,1
69,6,26,2,2,0,0,1,1,0,1
214,0,43,0,0,0,0,0,2,0,1
300,42,44,0,0,0,0,0,1,1,1
1013,6,209,0,0,0,0,0,17,0,1
109,20,18,0,0,0,0,0,0,2,1
385,57,86,3,3,1,1,0,4,4,1
233,41,34,0,0,0,0,0,4,0,1
304,44,47,0,0,0,0,0,1,1,1
227,27,48,2,2,2,2,1,4,1,1
66,0,13,0,0,0,0,0,1,0,1
895,0,188,0,0,0,0,0,12,0,1
124,2,32,0,0,2,1,0,0,1,1
119,6,22,1,1,0,0,0,0,2,1
87,20,14,0,0,0,0,0,0,2,1
86,8,18,0,0,2,1,0,1,1,1
322,4,67,0,0,0,0,0,4,0,1
118,6,18,0,0,0,0,0,1,1,1
165,11,33,1,1,0,0,0,0,2,1
114,4,25,0,0,0,0,0,2,2,1
120,12,22,0,0,0,0,0,0,1,1
145,0,31,0,0,2,1,0,0,2,1
1005,6,361,0,0,0,0,0,5,4,1
113,7,18,0,0,0,0,0,0,1,1
98,20,19,0,0,0,0,0,2,2,1
158,21,35,1,1,2,0,0,1,2,1
108,6,18,0,0,0,0,0,0,1,1
261,38,37,0,0,0,0,0,1,0,1
44,0,15,2,1,1,0,0,1,1,1
250,39,37,0,0,0,0,0,3,0,1
360,39,69,3,3,6,3,0,5,2,1
83,19,15,0,0,0,0,0,0,2,1
202,0,42,0,0,0,0,0,2,0,1
180,2,49,1,1,2,1,0,1,2,1
161,0,33,1,1,0,1,0,3,3,1
127,8,26,1,1,2,1,0,2,2,1
114,20,22,0,0,0,0,0,3,2,1
140,0,40,0,1,1,0,0,0,0,1
164,1,47,1,1,3,1,0,0,1,1
391,156,76,3,3,0,1,0,1,2,1
82,20,15,0,0,0,0,0,0,2,1
46,0,8,0,0,0,0,0,0,0,1
4337,22,1278,5,3,0,0,0,66,0,1
1771,20,376,0,0,0,0,0,31,0,1
103,20,18,0,0,0,0,0,0,2,1
82,20,15,0,0,0,0,0,0,2,1
86,10,14,0,0,0,0,0,1,1,1
185,2,50,1,1,2,1,0,4,2,1
383,2,79,0,0,0,0,0,6,0,1
537,0,104,0,0,0,0,0,6,0,1
91,20,16,0,0,0,0,0,0,2,1
25,0,6,0,0,0,0,0,2,0,1
102,20,18,0,0,0,0,0,0,2,1
411,49,82,3,3,1,1,0,0,1,1
801,7,189,0,0,0,0,0,16,0,1
119,10,27,1,1,1,1,0,0,2,1
96,20,18,0,0,0,0,0,0,2,1
895,5,190,0,0,0,0,0,18,0,1
143,11,29,1,1,1,1,0,0,1,1
281,34,59,2,2,2,1,0,0,1,1
317,49,49,0,0,0,0,0,1,1,1
83,20,15,0,0,0,0,0,1,2,1
785,1,168,0,0,0,0,0,10,0,1
873,7,178,0,0,0,0,0,10,0,1
86,10,14,0,0,0,0,0,1,1,1
1481,11,322,0,0,0,0,0,22,0,1
102,20,18,0,0,0,0,0,0,2,1
647,0,115,0,0,0,0,0,16,0,1
53,8,12,0,0,0,0,0,0,0,1
466,1,100,0,0,0,0,0,7,0,1
233,39,31,0,0,0,0,0,2,0,1
85,22,16,0,0,0,0,0,0,2,1
91,20,17,0,0,0,0,0,0,2,1
984,2,203,0,0,0,0,0,16,0,1
294,41,42,0,0,0,0,0,3,1,1
116,6,18,0,0,0,0,0,0,1,1
99,0,25,2,2,3,0,0,1,1,1
95,20,19,0,0,0,0,0,0,2,1
2558,20,546,0,0,1,0,0,48,0,1
131,9,28,1,1,2,1,0,1,2,1
836,3,162,0,0,0,0,0,20,0,1
299,47,47,0,0,0,0,0,1,1,1
2561,12,523,0,0,0,0,0,39,0,1
98,20,20,0,0,0,0,0,1,2,1
115,9,19,0,0,0,0,0,0,1,1
1386,16,290,0,0,0,0,0,24,0,1
56,4,8,0,0,0,0,0,0,0,1
169,30,38,1,1,2,1,0,1,1,1
168,28,35,1,1,1,1,0,0,2,1
421,4,90,0,0,0,0,0,7,0,1
120,13,25,1,1,2,1,0,0,1,1
113,11,18,0,0,0,0,0,0,1,1
87,20,16,0,0,0,0,0,0,2,1
34,1,9,1,1,2,1,0,0,0,1
1015,0,217,0,0,0,0,0,15,0,1
85,7,19,0,0,0,0,0,0,3,1
103,20,16,0,0,0,0,0,0,2,1
724,0,142,0,0,0,0,0,10,0,1
45,8,9,0,0,0,0,0,0,0,1
1862,8,384,0,0,0,0,0,20,0,1
38,5,6,0,0,0,0,0,2,0,1
96,20,18,0,0,0,0,0,0,2,1
133,16,33,1,1,0,0,1,2,2,1
22,0,3,0,0,0,0,0,0,0,1
122,0,33,0,0,3,1,0,0,2,1
328,7,80,2,2,8,2,0,1,3,1
299,0,59,0,0,0,0,0,5,0,1
106,20,19,0,0,0,0,0,0,2,1
94,20,17,0,0,0,0,0,0,2,1
253,42,35,0,0,0,0,0,1,0,1
82,20,15,0,0,0,0,0,0,2,1
108,4,27,0,0,2,1,0,0,1,1
864,12,169,0,0,0,0,0,9,0,1
68,3,14,0,0,0,0,0,2,2,1
112,9,18,0,0,0,0,0,0,1,1
3289,48,578,4,3,1,0,0,1,0,1
93,20,17,0,0,0,0,0,1,2,1
1798,14,397,0,0,0,0,0,19,0,1
303,42,45,0,0,0,0,0,2,1,1
314,3,67,0,0,0,0,0,5,0,1
105,20,22,0,0,0,0,0,2,2,1
164,2,41,1,1,2,0,0,1,2,1
81,20,16,0,0,0,0,0,0,2,1
101,20,17,0,0,0,0,0,2,2,1
168,37,38,1,1,2,1,0,1,1,1
98,20,21,0,0,0,1,0,0,1,1
204,15,41,1,1,2,1,0,0,4,1
103,19,19,0,0,0,0,0,1,2,1
313,41,46,0,0,0,0,0,2,1,1
110,7,19,0,0,0,0,0,0,1,1
95,20,17,0,0,0,0,0,0,2,1
655,9,142,0,0,0,0,0,11,0,1
95,17,21,0,0,2,1,0,0,1,1
62,1,13,0,0,1,1,0,0,1,1
51,7,9,0,0,0,0,0,0,0,1
85,20,15,0,0,0,0,0,1,2,1
88,20,15,0,0,0,0,0,0,2,1
250,40,36,0,0,0,0,0,3,0,1
112,7,18,0,0,0,0,0,0,1,1
237,38,37,0,0,0,0,0,1,0,1
321,47,45,0,0,0,0,0,2,1,1
121,13,22,0,0,0,0,0,0,1,1
1051,85,299,12,12,0,0,0,2,0,1
105,21,26,0,0,0,0,0,0,2,1
3146,9,916,8,9,0,0,0,22,0,1
113,6,18,0,0,0,0,0,0,1,1
166,9,37,1,1,2,1,0,1,1,1
119,19,23,0,0,0,0,0,1,2,1
758,9,169,0,0,0,0,0,11,0,1
995,2,210,0,0,0,0,0,16,0,1
121,20,23,0,0,0,0,0,0,2,1
291,43,45,0,0,0,0,0,1,1,1
623,1,260,0,0,0,0,0,4,0,1
33,5,4,0,0,0,0,0,1,0,1
639,4,141,0,0,0,0,0,7,0,1
94,20,18,0,0,0,0,0,0,2,1
74,11,46,0,0,0,0,0,0,0,1
137,7,39,1,1,2,1,0,0,2,1
1325,3,259,0,0,0,0,0,18,0,1
114,20,20,0,0,0,0,0,1,2,1
113,4,27,0,0,2,1,0,0,1,1
197,5,64,3,3,3,2,0,3,0,1
190,5,39,1,1,2,1,0,3,1,1
154,1,28,1,1,0,0,0,1,3,1
60,8,8,0,0,0,0,0,0,0,1
146,2,37,1,1,1,1,0,1,1,1
1726,24,357,0,0,0,0,0,23,0,1
102,20,19,0,0,0,0,0,0,2,1
624,1,135,0,0,0,0,0,5,0,1
88,21,16,0,0,0,0,0,0,2,1
95,0,25,0,0,2,1,0,0,1,1
193,2,50,1,1,1,1,0,1,2,1
103,20,19,0,0,0,0,0,0,2,1
1703,5,384,0,0,0,0,0,18,0,1
2375,28,528,0,0,0,0,0,31,0,1
254,43,37,0,0,0,0,0,3,0,1
215,41,48,2,2,0,1,0,2,2,1
95,20,16,0,0,0,0,0,1,2,1
555,16,123,4,4,0,1,0,4,1,1
187,2,48,1,1,2,1,0,2,2,1
125,0,28,1,1,2,1,0,1,2,1
1475,5,320,0,0,0,0,0,18,0,1
305,43,45,0,0,0,0,0,1,1,1
167,30,38,1,1,2,1,0,0,1,1
91,10,16,0,0,0,0,0,2,1,1
128,0,31,0,0,2,1,0,0,2,1
308,42,46,0,0,0,0,0,4,1,1
177,21,47,1,1,4,0,0,1,2,1
79,20,14,0,0,0,0,0,0,2,1
55,4,8,0,0,0,0,0,0,0,1
113,22,22,0,0,0,0,0,0,2,1
315,47,52,0,0,0,0,0,1,1,1
88,19,15,0,0,0,0,0,0,2,1
100,20,18,0,0,0,0,0,0,2,1
34,0,5,0,0,0,0,0,0,0,1
123,22,22,0,0,0,0,0,0,2,1
159,22,43,1,1,2,1,0,1,2,1
116,4,28,0,0,2,1,0,1,1,1
890,2,197,0,0,0,0,0,16,0,1
117,6,18,0,0,0,0,0,0,1,1
88,5,18,0,0,2,1,0,2,2,1
215,1,46,0,0,0,0,0,4,0,1
103,20,21,0,0,0,0,0,1,2,1
38,5,6,0,0,0,0,0,2,0,1
139,19,28,1,1,2,1,0,0,1,1
80,20,14,0,0,0,0,0,1,2,1
106,0,29,0,0,2,1,0,1,2,1
92,8,22,0,0,2,1,0,0,1,1
113,9,18,0,0,0,0,0,0,1,1
320,3,64,0,0,0,0,0,6,0,1
38,5,6,0,0,0,0,0,2,0,1
123,0,32,0,0,3,1,0,0,2,1
421,5,148,0,0,0,0,0,2,1,1
270,42,41,0,0,0,0,0,2,0,1
92,1,25,0,0,2,1,0,0,2,1
86,1,24,0,0,2,1,0,0,1,1
56,0,8,0,0,0,0,0,0,0,1
81,20,15,0,0,0,0,0,0,2,1
2345,16,507,0,0,0,0,0,27,0,1
121,13,22,0,0,0,0,0,0,1,1
424,191,132,3,3,0,0,0,0,2,1
238,37,35,0,0,0,0,0,1,0,1
92,19,17,0,0,0,0,0,0,2,1
103,14,20,0,0,2,1,0,0,2,1
159,5,42,1,1,2,1,0,0,2,1
81,20,15,0,0,0,0,0,0,2,1
108,21,18,0,0,0,0,0,1,2,1
94,20,18,0,0,0,0,0,1,2,1
174,28,37,1,1,2,1,0,0,1,1
951,0,200,0,0,0,0,0,16,0,1
91,20,16,0,0,0,0,0,0,2,1
601,6,124,0,0,0,0,0,5,0,1
2150,34,466,0,0,0,0,0,29,0,1
86,10,14,0,0,0,0,0,1,1,1
356,0,74,0,0,0,0,0,5,0,1
113,0,27,0,0,2,1,0,0,1,1
181,2,51,1,1,2,1,0,0,2,1
90,20,17,0,0,0,0,0,0,2,1
85,19,15,0,0,0,0,0,0,2,1
303,42,43,0,0,0,0,0,1,1,1
81,20,15,0,0,0,0,0,1,2,1
117,21,21,0,0,0,0,0,1,2,1
1004,3,204,0,0,0,0,0,18,0,1
102,0,31,1,1,0,0,0,0,1,1
292,44,42,0,0,0,0,0,3,1,1
322,29,64,3,3,2,2,0,4,2,1
104,19,18,0,0,0,0,0,0,2,1
86,20,15,0,0,0,0,0,0,2,1
125,1,26,0,0,0,0,0,1,0,1
58,1,8,0,0,0,0,0,0,0,1
280,4,54,0,0,0,0,0,1,0,1
1029,1,235,0,0,0,0,0,17,0,1
170,12,32,1,1,1,1,0,1,2,1
85,9,14,0,0,0,0,0,1,1,1
83,19,15,0,0,0,0,0,1,2,1
1242,5,233,0,0,0,0,0,23,0,1
1164,8,235,0,0,0,0,0,22,0,1
1538,7,345,0,0,0,0,0,18,0,1
89,0,27,0,0,2,1,0,1,1,1
118,20,21,0,0,0,0,0,0,2,1
179,20,39,1,1,2,1,0,0,2,1
113,6,18,0,0,0,0,0,0,1,1
58,5,8,0,0,0,0,0,0,0,1
468,5,97,0,0,0,0,0,12,0,1
197,39,45,1,1,0,1,0,2,2,1
111,20,20,0,0,0,0,0,0,2,1
86,10,14,0,0,0,0,0,1,1,1
139,22,31,1,1,2,1,0,0,2,1
20,0,4,0,0,0,0,0,0,0,1
93,20,16,0,0,0,0,0,0,2,1
94,8,18,0,0,2,1,0,0,1,1
91,10,16,0,0,0,0,0,2,1,1
97,20,17,0,0,0,0,0,0,2,1
111,6,19,0,0,0,0,0,0,1,1
334,0,68,0,0,0,0,0,6,0,1
110,20,20,0,0,0,0,0,1,2,1
303,46,46,0,0,0,0,0,4,1,1
83,20,14,0,0,0,0,0,0,2,1
101,20,17,0,0,0,0,0,1,2,1
147,13,32,1,1,2,1,0,0,2,1
165,2,47,1,1,2,1,0,1,2,1
73,0,19,2,3,2,1,0,1,1,1
108,25,19,0,0,0,0,0,1,2,1
51,1,6,0,0,0,0,0,2,0,1
86,10,21,0,0,3,1,0,0,2,1
296,43,44,0,0,0,0,0,3,1,1
116,19,21,0,0,0,0,0,2,2,1
302,1,68,0,0,0,0,0,6,0,1
42,8,9,0,0,0,0,0,0,0,1
43,8,10,0,0,0,0,0,0,0,1
154,15,34,1,1,0,0,0,1,2,1
606,102,113,5,5,2,1,0,3,5,1
55,3,8,0,0,0,0,0,0,0,1
285,43,44,0,0,0,0,0,1,1,1
1515,8,306,0,0,0,0,0,23,0,1
691,2,141,0,0,0,0,0,12,0,1
120,12,22,0,0,0,0,0,0,1,1
878,156,85,8,8,2,1,0,0,3,1
95,5,29,0,0,2,1,0,0,1,1
157,0,62,9,9,0,1,0,1,0,1
647,9,129,0,0,0,0,0,15,0,1
288,42,44,0,0,0,0,0,1,1,1
119,0,32,0,0,2,1,0,0,2,1
339,41,45,0,0,0,0,0,2,1,1
171,14,47,1,1,2,0,0,1,3,1
254,45,36,0,0,0,0,0,2,0,1
238,39,32,0,0,0,0,0,2,0,1
38,5,6,0,0,0,0,0,2,0,1
93,0,20,0,0,0,0,0,0,0,1
86,10,14,0,0,0,0,0,1,1,1
6879,41,2410,0,0,1,0,0,10,0,1
81,21,16,0,0,0,0,0,0,2,1
106,8,29,1,1,2,0,0,0,2,1
121,0,29,0,0,2,1,0,1,1,1
116,12,22,0,0,0,0,0,0,1,1
149,0,32,0,0,0,0,0,0,0,1
113,0,29,0,0,2,1,0,0,2,1
103,20,19,0,0,0,0,0,0,2,1
119,20,20,0,0,0,0,0,0,2,1
470,0,97,0,0,0,0,0,8,0,1
689,5,143,0,0,0,0,0,9,0,1
850,0,156,0,0,0,0,0,14,0,1
105,7,23,1,1,2,1,0,0,2,1
256,36,37,0,0,0,0,0,1,0,1
81,20,15,0,0,0,0,0,0,2,1
63,1,8,0,0,0,0,0,0,0,1
107,20,20,0,0,0,0,0,0,2,1
97,20,15,0,0,0,0,0,2,2,1
172,1,32,0,0,0,0,0,3,0,1
245,47,32,0,0,0,0,0,1,0,1
33,5,4,0,0,0,0,0,1,0,1
37,4,6,0,0,0,0,0,2,0,1
863,0,196,0,0,0,0,0,15,0,1
656,12,212,0,0,0,0,0,3,0,1
121,13,22,0,0,0,0,0,0,1,1
38,5,6,0,0,0,0,0,2,0,1
65,1,13,0,0,1,1,0,0,1,1
91,10,16,0,0,0,0,0,2,1,1
186,2,48,1,1,2,1,0,5,2,1
75,19,14,0,0,0,0,0,0,2,1
1635,9,344,0,0,0,0,0,21,0,1
4603,11,1216,0,0,0,0,0,50,1,1
226,14,45,2,2,0,0,0,0,2,1
320,42,49,0,0,0,0,0,3,1,1
57,0,8,0,0,0,0,0,1,0,1
153,4,35,1,1,2,1,0,1,1,1
58,1,8,0,0,0,0,0,1,0,1
162,17,37,0,0,2,1,0,0,2,1
117,20,20,0,0,0,0,0,1,2,1
179,4,49,1,1,2,1,0,0,2,1
86,10,14,0,0,0,0,0,1,1,1
80,20,15,0,0,0,0,0,0,2,1
136,2,42,0,0,2,1,0,0,2,1
99,20,19,0,0,0,0,0,0,2,1
70,7,19,0,0,0,0,0,0,0,1
150,3,36,1,1,0,0,0,1,2,1
132,5,28,1,1,2,0,0,0,3,1
346,2,104,0,0,0,0,0,3,2,1
157,4,39,1,1,3,1,0,0,2,1
85,6,26,2,3,2,1,0,0,2,1
116,12,22,0,0,0,0,0,0,1,1
368,184,120,3,3,0,0,0,0,2,1
114,11,25,1,1,2,1,0,0,1,1
2325,38,466,0,0,0,0,0,26,0,1
98,20,19,0,0,0,0,0,0,2,1
137,2,34,1,1,2,1,0,1,2,1
85,7,20,0,0,2,1,0,0,1,1
98,16,23,0,0,2,1,0,0,2,1
2534,11,519,0,0,0,0,0,29,0,1
220,0,48,2,2,0,1,0,4,1,1
148,1,35,1,1,1,1,0,1,2,1
382,0,79,0,0,0,0,0,2,0,1
505,0,99,0,0,0,0,0,8,0,1
95,5,29,0,0,2,1,0,0,1,1
90,21,16,0,0,0,0,0,1,2,1
103,0,29,0,0,2,1,0,0,2,1
82,20,14,0,0,0,0,0,0,2,1
335,0,71,0,0,0,0,0,3,0,1
1093,25,346,3,2,2,0,0,17,2,1
387,3,79,0,0,0,0,0,2,0,1
74,7,16,2,3,2,1,0,0,0,1
84,20,15,0,0,0,0,0,1,2,1
100,0,25,0,0,2,1,0,0,2,1
119,21,22,0,0,0,0,0,0,2,1
120,12,22,0,0,0,0,0,0,1,1
305,1,60,0,0,0,0,0,3,0,1
132,17,32,1,1,1,1,0,1,2,1
152,0,39,1,1,2,1,0,0,1,1
41,7,10,0,0,0,0,0,0,0,1
220,0,58,1,1,4,1,0,1,2,1
99,20,18,0,0,0,0,0,1,2,1
1919,7,426,0,0,0,0,0,23,0,1
4379,9,969,0,0,0,0,0,66,0,1
56,1,8,0,0,0,0,0,1,0,1
687,10,141,0,0,0,0,0,10,0,1
193,6,55,1,1,2,1,0,0,2,1
33,5,4,0,0,0,0,0,1,0,1
94,1,25,0,0,2,1,0,2,1,1
107,21,20,0,0,0,0,0,0,2,1
116,12,22,0,0,0,0,0,0,1,1
201,37,43,1,1,2,1,0,0,2,1
214,14,55,1,1,2,1,0,1,2,1
84,20,15,0,0,0,0,0,1,2,1
97,20,17,0,0,0,0,0,0,2,1
124,4,28,1,1,2,1,0,2,2,1
85,14,19,0,0,2,1,0,0,2,1
96,20,18,0,0,0,0,0,1,2,1
385,0,72,0,0,0,0,0,7,0,1
168,0,43,2,2,2,0,0,1,0,1
270,40,37,0,0,0,0,0,1,0,1
88,20,16,0,0,0,0,0,0,2,1
758,0,156,0,0,0,0,0,10,0,1
87,19,16,0,0,0,0,0,0,2,1
122,27,27,0,0,0,0,0,1,2,1
196,0,46,0,0,0,0,0,2,0,1
250,16,60,2,2,0,0,0,0,3,1
86,20,16,0,0,0,0,0,0,2,1
310,47,48,0,0,0,0,0,1,1,1
103,25,20,0,0,0,0,0,0,2,1
84,20,15,0,0,0,0,0,0,2,1
415,191,129,3,3,0,0,0,0,1,1
111,17,24,1,1,1,1,0,1,2,1
110,1,29,0,0,2,1,0,0,2,1
649,0,130,0,0,0,0,0,8,0,1
674,9,219,3,3,3,0,0,2,0,1
83,19,15,0,0,0,0,0,0,2,1
398,1,86,0,0,0,0,0,5,0,1
2469,14,534,0,0,0,0,0,31,0,1
305,45,80,2,2,3,5,0,0,1,1
102,22,19,0,0,0,0,0,0,2,1
23772,105,8335,5,12,19,1,0,283,0,1
39,5,7,0,0,0,0,0,0,1,1
515,3,195,0,0,0,0,0,1,0,1
99,10,23,0,0,2,1,0,1,2,1
84,20,15,0,0,0,0,0,0,2,1
312,43,44,0,0,0,0,0,2,1,1
126,9,30,1,1,2,1,0,0,2,1
57,7,14,0,0,0,0,0,0,0,1
219,21,42,1,1,2,1,0,2,2,1
90,19,19,0,0,2,1,0,0,2,1
111,3,30,0,0,2,1,0,0,2,1
299,65,57,2,2,6,3,0,0,1,1
581,6,132,0,0,0,0,0,6,0,1
316,41,47,0,0,0,0,0,1,1,1
741,3,148,0,0,0,0,0,11,0,1
185,2,50,1,1,2,1,0,0,2,1
124,20,22,0,0,0,0,0,0,2,1
109,19,19,0,0,0,0,0,0,2,1
194,4,51,1,1,2,1,0,1,1,1
2149,7,444,0,0,0,0,0,33,0,1
89,20,16,0,0,0,0,0,0,2,1
115,13,26,1,1,2,1,0,0,2,1
85,20,15,0,0,0,0,0,0,2,1
300,40,45,0,0,0,0,0,2,1,1
278,41,41,0,0,0,0,0,4,0,1
90,20,15,0,0,0,0,0,0,2,1
141,8,35,1,1,4,2,0,0,1,1
62,0,13,2,1,2,1,0,0,2,1
140,14,29,1,1,0,1,0,2,1,1
91,20,16,0,0,0,0,0,0,2,1
112,23,21,2,2,2,0,0,0,1,1
580,3,119,0,0,0,0,0,3,0,1
252,39,37,0,0,0,0,0,1,0,1
116,12,22,0,0,0,0,0,0,1,1
84,20,17,0,0,0,0,0,0,2,1
92,20,18,0,0,0,0,0,0,2,1
143,6,38,1,1,2,1,0,1,2,1
115,11,22,0,0,0,0,0,0,1,1
116,10,27,1,1,1,1,0,1,2,1
124,15,24,0,0,0,0,0,0,1,1
91,20,17,0,0,0,0,0,1,2,1
539,0,111,0,0,0,0,0,7,0,1
86,10,14,0,0,0,0,0,1,1,1
185,21,46,1,1,2,1,0,0,1,1
116,11,19,0,0,0,0,0,0,1,1
239,0,45,0,0,0,0,0,3,0,1
141,0,36,1,1,2,1,0,1,2,1
118,16,23,1,1,3,1,0,1,2,1
97,20,17,0,0,0,0,0,0,2,1
170,30,37,1,1,2,1,0,1,1,1
111,6,18,0,0,0,0,0,1,1,1
231,0,54,0,0,0,0,0,6,0,1
117,10,20,0,0,0,0,0,0,1,1
106,20,19,0,0,0,0,0,1,2,1
52,8,29,0,0,0,0,0,0,0,1
99,20,17,0,0,0,0,0,0,2,1
115,0,30,0,0,2,1,0,0,2,1
170,10,42,1,1,2,0,0,1,2,1
59,0,14,0,0,0,0,0,0,0,1
134,0,32,0,0,2,1,0,1,2,1
107,20,19,0,0,0,0,0,1,2,1
110,21,20,0,0,0,0,0,0,2,1
1225,9,252,0,0,0,0,0,20,0,1
1107,4,253,0,0,0,0,0,9,0,1
2360,3,498,0,0,0,0,0,36,0,1
32,4,4,0,0,0,0,0,1,0,1
199,25,42,1,1,2,1,0,1,2,1
164,1,35,0,0,0,0,0,1,0,1
115,16,21,0,0,2,1,0,0,0,1
120,12,22,0,0,0,0,0,0,1,1
86,10,14,0,0,0,0,0,1,1,1
97,20,18,0,0,0,0,0,1,2,1
416,1,84,0,0,0,0,0,5,0,1
139,0,33,1,1,1,1,0,3,2,1
143,17,31,1,1,2,1,0,1,1,1
96,20,17,0,0,0,0,0,1,2,1
505,85,105,4,4,2,2,0,2,2,1
103,20,20,0,0,0,0,0,0,2,1
91,10,16,0,0,0,0,0,2,1,1
96,0,28,0,0,2,1,0,0,2,1
1583,3,344,0,0,0,0,0,30,0,1
115,12,18,0,0,0,0,0,0,1,1
116,1,27,0,0,2,1,0,0,2,1
308,43,45,0,0,0,0,0,5,1,1
327,46,49,0,0,0,0,0,1,1,1
328,6,79,2,2,8,2,0,1,2,1
133,18,30,1,1,5,3,0,0,1,1
77,19,14,0,0,0,0,0,0,2,1
123,1,30,0,0,2,1,0,0,1,1
262,39,36,0,0,0,0,0,3,0,1
115,11,22,1,1,2,1,0,1,2,1
158,13,38,1,1,4,2,0,0,2,1
111,5,23,1,1,1,0,0,0,3,1
1205,1,407,0,0,17,0,0,13,0,1
115,16,25,1,1,2,1,0,0,2,1
88,20,17,0,0,0,0,0,0,2,1
46,0,7,0,0,0,0,0,1,0,1
726,0,130,0,0,0,0,0,9,0,1
188,23,45,1,1,2,1,0,1,2,1
86,20,15,0,0,0,0,0,0,2,1
123,0,31,0,0,2,1,0,2,1,1
103,20,18,0,0,0,0,0,3,2,1
629,0,139,0,0,0,0,0,11,0,1
258,14,60,2,2,0,0,0,0,2,1
142,11,31,1,1,2,1,0,2,1,1
237,37,36,0,0,0,0,0,1,0,1
1470,14,316,0,0,0,0,0,23,0,1
109,7,24,1,1,1,1,0,0,2,1
249,38,34,0,0,0,0,0,1,0,1
960,2,200,0,0,0,0,0,12,0,1
252,39,37,0,0,0,0,0,1,0,1
57,3,16,2,2,3,1,0,0,0,1
92,20,18,0,0,0,0,0,1,2,1
100,20,17,0,0,0,0,0,1,2,1
142,20,28,1,1,2,2,0,0,1,1
115,9,18,0,0,0,0,0,0,1,1
368,0,77,0,0,0,0,0,2,0,1
123,14,24,0,0,0,0,0,0,1,1
71,8,14,0,0,0,0,0,0,0,1
738,6,141,0,0,0,0,0,9,0,1
103,20,18,0,0,0,0,0,1,2,1
84,20,14,0,0,0,0,0,0,2,1
33,5,4,0,0,0,0,0,1,0,1
179,2,48,1,1,2,1,0,1,2,1
339,2,65,0,0,0,0,0,5,0,1
53,4,8,0,0,0,0,0,0,0,1
302,21,72,2,2,0,1,0,1,2,1
123,14,24,0,0,0,0,0,0,1,1
93,20,16,0,0,0,0,0,1,2,1
91,19,17,0,0,0,0,0,0,2,1
90,20,16,0,0,0,0,0,0,2,1
51,2,15,1,2,1,1,1,1,0,1
1342,7,273,0,0,0,0,0,24,0,1
871,1,183,0,0,0,0,0,9,0,1
109,14,23,1,1,1,1,0,1,1,1
38,5,6,0,0,0,0,0,2,0,1
1070,14,279,0,0,0,0,0,13,0,1
133,28,30,1,1,2,1,0,0,1,1
1329,4,273,0,0,0,0,0,22,0,1
118,17,18,0,0,0,0,0,0,1,1
236,46,34,0,0,0,0,0,2,0,1
128,20,24,0,0,0,0,0,2,2,1
1086,0,199,0,0,0,0,0,24,0,1
85,20,14,0,0,0,0,0,0,2,1
38,1,6,1,1,0,0,0,0,0,1
262,42,38,0,0,0,0,0,1,0,1
107,10,23,1,1,2,1,0,0,1,1
112,0,30,0,0,3,1,0,0,2,1
326,6,80,2,2,8,2,0,1,3,1
183,2,49,1,1,2,1,0,0,2,1
91,11,63,0,0,0,0,0,0,0,1
191,4,50,1,1,2,1,0,1,2,1
90,20,16,0,0,0,0,0,0,2,1
583,4,122,0,0,0,0,0,8,0,1
700,2,146,0,0,0,0,0,9,0,1
145,18,30,1,1,3,1,0,1,2,1
33,5,4,0,0,0,0,0,1,0,1
794,4,153,0,0,0,0,0,13,0,1
2508,14,551,0,0,0,0,0,30,0,1
85,20,16,0,0,0,0,0,0,2,1
54,1,8,0,0,0,0,0,0,0,1
98,19,17,0,0,0,0,0,0,2,1
96,13,21,0,0,2,1,0,0,2,1
126,14,25,1,1,2,1,0,1,2,1
132,10,30,1,1,2,1,0,0,2,1
308,46,46,0,0,0,0,0,3,1,1
82,20,15,0,0,0,0,0,0,2,1
72,19,13,0,0,0,0,0,0,2,1
120,12,22,0,0,0,0,0,0,1,1
92,20,17,0,0,0,0,0,2,2,1
93,20,17,0,0,0,0,0,1,2,1
706,2,149,0,0,0,0,0,12,0,1
225,9,69,0,0,0,0,0,0,0,1
100,1,25,0,0,2,1,0,0,2,1
154,14,35,1,1,2,1,0,0,2,1
111,11,23,1,1,1,1,0,0,2,1
307,14,63,2,2,2,0,0,2,2,1
157,19,41,1,1,1,0,0,1,4,1
150,14,31,1,1,0,0,0,1,3,1
85,19,16,0,0,0,0,0,0,2,1
563,178,115,4,4,0,0,0,0,3,1
114,6,19,0,0,0,0,0,0,1,1
57,1,8,0,0,0,0,0,0,0,1
97,0,19,2,3,2,1,0,1,1,1
47,6,12,0,0,0,0,0,0,0,1
420,2,92,0,0,0,0,0,6,0,1
125,0,29,1,1,2,1,0,0,2,1
50,7,12,0,0,0,0,0,0,0,1
100,20,17,0,0,0,0,0,1,2,1
135,16,32,1,1,2,0,0,0,1,1
290,43,42,0,0,0,0,0,2,1,1
88,20,15,0,0,0,0,0,1,2,1
1312,13,285,0,0,0,0,0,23,0,1
1230,32,375,7,7,2,1,0,0,1,1
1106,0,352,0,0,0,0,0,0,1,1
93,19,17,0,0,0,0,0,1,2,1
253,41,36,0,0,0,0,0,4,0,1
127,11,26,1,1,2,1,0,0,1,1
97,20,17,0,0,0,0,0,0,2,1
18,0,2,0,0,0,0,0,0,0,1
115,0,29,0,0,2,1,0,0,1,1
3268,5,675,0,0,0,0,0,43,0,1
88,20,15,0,0,0,0,0,0,2,1
85,20,17,0,0,0,0,0,0,2,1
90,19,16,0,0,0,0,0,0,2,1
296,1,62,0,0,0,0,0,3,0,1
87,20,16,0,0,0,0,0,1,2,1
54,1,8,0,0,0,0,0,0,0,1
295,0,81,0,0,0,0,0,0,0,1
685,4,139,0,0,0,0,0,11,0,1
125,1,31,0,0,2,1,0,2,2,1
89,8,18,0,0,2,1,0,0,2,1
298,44,46,0,0,0,0,0,1,1,1
62,8,15,0,0,0,0,0,0,0,1
503,94,109,4,4,2,1,0,5,4,1
54,1,8,0,0,0,0,0,0,0,1
100,1,29,0,0,2,1,0,0,1,1
105,1,26,0,0,2,1,0,0,2,1
244,36,33,0,0,0,0,0,2,0,1
163,31,33,1,1,2,1,0,0,2,1
285,40,43,0,0,0,0,0,1,1,1
94,6,19,0,0,0,0,0,0,2,1
80,20,15,0,0,0,0,0,1,2,1
92,11,21,0,0,2,1,0,0,1,1
86,10,14,0,0,0,0,0,1,1,1
1662,7,362,0,0,0,0,0,24,0,1
287,46,42,0,0,0,0,0,2,1,1
680,0,140,0,0,0,0,0,8,0,1
94,20,15,0,0,0,0,0,0,2,1
113,20,19,0,0,0,0,0,0,2,1
57,1,9,0,0,0,0,0,1,0,1
290,44,44,0,0,0,0,0,1,1,1
1629,8,344,0,0,0,0,0,26,0,1
305,46,43,0,0,0,0,0,3,1,1
124,1,28,0,0,2,1,0,1,2,1
100,20,18,0,0,0,0,0,0,2,1
97,20,16,0,0,0,0,0,0,2,1
97,17,21,0,0,2,1,0,0,2,1
173,3,40,1,1,2,0,0,2,3,1
63,5,14,0,0,0,0,0,0,1,1
216,25,52,2,2,2,0,0,0,2,1
2778,9,643,0,0,0,0,0,40,0,1
168,15,33,1,1,0,0,0,0,2,1
104,0,25,0,0,2,1,0,0,2,1
795,4,159,0,0,0,0,0,12,0,1
137,8,39,1,1,2,1,0,0,2,1
128,12,28,1,1,2,1,0,1,2,1
38,5,6,0,0,0,0,0,2,0,1
88,20,15,0,0,0,0,0,1,2,1
1795,0,382,0,0,0,0,0,22,0,1
140,0,35,1,1,1,1,0,1,1,1
98,20,18,0,0,0,0,0,0,2,1
103,19,19,0,0,0,0,0,1,2,1
54,8,11,0,0,0,0,0,0,0,1
106,12,26,1,1,0,0,0,0,3,1
85,1,19,2,2,2,1,0,0,2,1
91,22,17,0,0,0,0,0,1,2,1
110,19,21,0,0,0,0,0,1,2,1
297,42,44,0,0,0,0,0,1,1,1
85,9,14,0,0,0,0,0,1,1,1
56,2,9,0,0,0,0,0,0,0,1
142,17,29,1,1,2,1,0,0,1,1
141,0,36,1,1,2,1,0,0,2,1
116,0,22,0,0,0,0,0,2,0,1
697,2,138,0,0,0,0,0,7,0,1
93,20,17,0,0,0,0,0,2,2,1
56,5,8,0,0,0,0,0,1,0,1
599,0,117,0,0,0,0,0,7,0,1
177,14,38,1,1,2,1,0,1,2,1
85,19,16,0,0,0,0,0,0,2,1
85,20,14,0,0,0,0,0,0,2,1
229,36,30,0,0,0,0,0,4,0,1
120,12,22,0,0,0,0,0,0,1,1
102,20,19,0,0,0,0,0,0,2,1
164,2,41,1,1,1,1,0,1,3,1
112,20,20,0,0,0,0,0,1,2,1
186,4,49,1,1,2,1,0,0,2,1
92,20,16,0,0,0,0,0,1,2,1
454,5,93,0,0,0,0,0,6,0,1
745,4,150,0,0,0,0,0,13,0,1
189,2,49,1,1,2,1,0,0,2,1
132,5,35,1,1,2,1,0,0,2,1
165,16,36,1,1,2,1,0,1,3,1
291,40,42,0,0,0,0,0,1,1,1
279,37,45,0,0,0,0,0,1,0,1
195,0,38,0,0,0,0,0,3,0,1
302,47,46,0,0,0,0,0,2,1,1
236,49,56,2,2,0,0,0,0,3,1
88,20,14,0,0,0,0,0,1,2,1
2186,2,449,0,0,0,0,0,30,0,1
60,0,9,0,0,0,0,0,0,0,1
118,18,29,1,1,2,1,0,1,2,1
1089,5,227,0,0,0,0,0,18,0,1
103,20,18,0,0,0,0,0,0,2,1
96,19,18,0,0,0,0,0,1,2,1
282,44,41,0,0,0,0,0,2,1,1
95,20,18,0,0,0,0,0,1,2,1
33,1,8,1,1,0,1,0,0,0,1
38,5,6,0,0,0,0,0,2,0,1
137,21,30,1,1,2,1,0,1,2,1
118,1,34,0,0,2,1,0,0,1,1
457,0,98,0,0,0,0,0,6,0,1
129,22,29,2,2,3,0,0,0,0,1
117,26,22,0,0,0,0,0,0,2,1
100,0,25,0,0,2,1,0,0,2,1
111,11,27,0,0,2,1,0,0,1,1
94,13,21,0,0,2,1,0,0,2,1
248,36,35,0,0,0,0,0,2,0,1
86,10,14,0,0,0,0,0,1,1,1
91,10,16,0,0,0,0,0,2,1,1
124,12,28,1,1,2,1,0,2,1,1
127,21,25,0,0,0,0,0,0,2,1
1729,11,368,0,0,0,0,0,21,0,1
112,0,29,0,0,2,1,0,0,2,1
123,14,24,0,0,0,0,0,0,1,1
175,2,50,1,1,2,1,0,1,2,1
87,19,16,0,0,0,0,0,1,2,1
91,10,16,0,0,0,0,0,2,1,1
99,8,20,0,0,0,1,1,1,1,1
245,60,46,2,2,2,1,0,4,1,1
81,20,14,0,0,0,0,0,0,2,1
232,39,35,0,0,0,0,0,2,0,1
97,20,17,0,0,0,0,0,1,2,1
172,5,53,1,1,2,0,0,1,2,1
100,15,22,0,0,1,0,0,0,3,1
89,0,24,0,0,2,1,0,0,1,1
122,21,27,1,1,2,1,0,0,2,1
90,20,16,0,0,0,0,0,0,2,1
194,24,40,1,1,2,1,0,0,3,1
172,2,46,1,1,2,1,0,2,1,1
85,20,16,0,0,0,0,0,0,2,1
112,8,18,0,0,0,0,0,0,1,1
414,79,90,3,3,2,1,0,1,2,1
84,20,15,0,0,0,0,0,0,2,1
95,20,17,0,0,0,0,0,0,2,1
55,1,8,0,0,0,0,0,0,0,1
350,0,72,0,0,0,0,0,5,0,1
857,4,174,0,0,0,0,0,12,0,1
53,2,9,0,0,0,0,0,0,0,1
312,45,47,0,0,0,0,0,1,1,1
2059,14,716,0,0,1,0,0,7,0,1
33,5,4,0,0,0,0,0,1,0,1
81,7,19,0,0,2,1,0,1,1,1
91,8,18,0,0,2,1,0,1,1,1
301,40,47,0,0,0,0,0,1,1,1
154,1,49,1,1,0,1,0,1,2,1
55,4,8,0,0,0,0,0,0,0,1
812,0,158,0,0,0,0,0,8,0,1
115,3,34,0,0,0,1,1,1,2,1
78,20,15,0,0,0,0,0,0,2,1
174,20,26,0,0,0,0,0,0,2,1
177,2,49,1,1,2,1,0,0,2,1
70,0,11,0,0,0,0,0,0,1,1
88,3,21,0,0,2,1,0,1,2,1
111,0,27,0,0,2,1,0,0,1,1
95,13,23,0,0,2,1,0,0,2,1
920,14,321,0,0,0,0,0,9,0,1
494,4,100,0,0,0,0,0,7,0,1
316,44,48,0,0,0,0,0,1,1,1
111,7,18,0,0,0,0,0,0,1,1
75,19,15,0,0,0,0,0,0,2,1
81,20,15,0,0,0,0,0,0,2,1
219,39,49,2,2,0,1,0,3,2,1
1631,7,352,0,0,0,0,0,21,0,1
93,20,16,0,0,0,0,0,0,2,1
109,20,19,0,0,0,0,0,2,2,1
110,3,25,1,1,1,0,0,3,2,1
90,3,33,3,3,3,1,0,0,0,1
84,20,15,0,0,0,0,0,0,2,1
78,12,13,0,0,2,1,0,1,0,1
40,7,12,0,0,0,0,0,0,0,1
180,3,42,1,1,2,1,0,1,2,1
94,7,18,0,0,2,1,0,3,1,1
115,12,25,1,1,2,1,0,0,1,1
499,0,110,0,0,0,0,0,3,0,1
38,5,6,0,0,0,0,0,2,0,1
1300,9,278,0,0,0,0,0,18,0,1
118,1,30,0,0,2,1,0,0,1,1
2176,10,473,0,0,0,0,0,34,0,1
123,15,27,1,1,2,1,0,0,2,1
116,11,18,0,0,0,0,0,0,1,1
426,4,90,0,0,0,0,0,5,0,1
61,5,9,0,0,0,0,0,0,0,1
2104,66,868,2,1,0,0,0,7,2,1
646,1,137,0,0,0,0,0,7,0,1
842,14,178,0,0,0,0,0,20,0,1
121,10,29,1,1,0,1,0,0,1,1
186,4,49,1,1,2,1,0,0,2,1
94,20,16,0,0,0,0,0,0,2,1
103,0,26,0,0,2,1,0,2,2,1
91,10,16,0,0,0,0,0,2,1,1
93,20,17,0,0,0,0,0,1,2,1
59,6,8,0,0,0,0,0,0,0,1
107,20,20,0,0,0,0,0,0,2,1
106,1,26,0,0,2,1,0,2,2,1
190,4,52,2,2,3,0,0,0,0,1
115,11,22,0,0,0,0,0,0,1,1
96,20,17,0,0,0,0,0,0,2,1
105,13,22,1,1,2,1,0,0,2,1
140,0,34,1,1,1,1,0,1,2,1
943,5,197,0,0,0,0,0,14,0,1
95,20,17,0,0,0,0,0,0,2,1
110,19,20,0,0,0,0,0,1,2,1
91,10,16,0,0,0,0,0,2,1,1
128,7,27,1,1,2,1,0,0,2,1
251,39,33,0,0,0,0,0,2,0,1
283,13,70,2,2,4,2,0,3,2,1
1451,0,314,0,0,0,0,0,19,0,1
404,67,86,3,3,4,1,0,2,2,1
2209,2,466,0,0,0,0,0,18,0,1
433,0,89,0,0,0,0,0,2,0,1
49,0,7,0,0,0,0,0,1,0,1
85,20,18,0,0,0,0,0,1,2,1
87,1,17,0,0,1,1,0,0,1,1
102,10,23,0,0,2,1,0,1,2,1
184,4,49,1,1,2,1,0,0,2,1
244,37,36,0,0,0,0,0,1,0,1
96,20,19,0,0,0,0,0,0,2,1
1473,4,309,0,0,0,0,0,21,0,1
98,20,18,0,0,0,0,0,0,2,1
615,0,122,0,0,0,0,0,15,0,1
178,2,41,1,1,2,1,0,1,1,1
257,41,37,0,0,0,0,0,1,0,1
123,14,24,0,0,0,0,0,0,1,1
263,40,38,0,0,0,0,0,3,0,1
33,5,4,0,0,0,0,0,1,0,1
84,20,15,0,0,0,0,0,1,2,1
124,34,28,1,1,0,0,0,0,2,1
226,27,45,2,2,2,0,0,0,4,1
94,9,26,0,0,2,0,0,0,2,1
154,24,34,1,1,1,1,0,0,2,1
267,0,55,0,0,0,0,0,3,0,1
381,1,68,0,0,0,0,0,3,0,1
1008,4,345,1,0,0,0,0,13,0,1
303,44,43,0,0,0,0,0,1,1,1
33,5,4,0,0,0,0,0,1,0,1
455,0,109,0,0,0,0,0,15,0,1
111,7,18,0,0,0,0,0,1,1,1
89,21,17,0,0,0,0,0,0,2,1
308,48,45,0,0,0,0,0,2,1,1
189,2,52,1,1,2,1,0,3,2,1
52,5,8,0,0,0,0,0,0,0,1
145,2,23,1,1,0,0,0,2,2,1
1178,0,241,0,0,0,0,0,17,0,1
235,1,48,0,0,0,0,0,3,0,1
90,1,20,0,0,0,0,0,0,0,1
664,4,141,0,0,0,0,0,12,0,1
186,2,50,1,1,2,1,0,0,2,1
76,20,13,0,0,0,0,0,0,2,1
254,6,47,2,2,2,0,0,0,2,1
106,19,19,0,0,0,0,0,0,2,1
275,42,41,0,0,0,0,0,2,1,1
205,2,74,6,6,3,1,0,1,0,1
1275,4,382,1,0,1,0,0,4,0,1
312,0,66,0,0,0,0,0,4,0,1
90,20,17,0,0,0,0,0,0,2,1
120,0,29,0,0,2,1,0,1,2,1
169,24,38,0,0,3,1,0,1,2,1
281,49,43,0,0,0,0,0,3,1,1
296,45,45,0,0,0,0,0,3,1,1
142,22,33,1,1,0,0,0,0,1,1
442,15,162,0,1,0,0,0,3,3,1
117,6,19,0,0,0,0,0,0,1,1
187,3,43,1,1,2,1,0,1,1,1
176,2,49,1,1,2,1,0,1,2,1
38,5,6,0,0,0,0,0,2,0,1
1232,4,259,0,0,0,0,0,21,0,1
115,20,21,0,0,0,0,0,1,2,1
227,2,55,1,1,2,1,0,1,1,1
263,47,41,0,0,0,0,0,2,0,1
58,3,8,0,0,0,0,0,0,0,1
344,7,117,0,0,1,0,0,2,1,1
2139,21,456,0,0,0,0,0,25,0,1
91,10,16,0,0,0,0,0,2,1,1
92,7,19,0,0,2,1,0,0,2,1
84,6,17,0,0,1,1,0,0,1,1
120,1,28,0,0,2,1,0,0,2,1
2630,6,551,0,0,0,0,0,44,0,1
123,14,24,0,0,0,0,0,0,1,1
90,0,15,0,0,0,0,0,1,3,1
248,0,48,0,0,0,0,0,3,0,1
86,10,14,0,0,0,0,0,1,1,1
80,20,14,0,0,0,0,0,0,2,1
43,2,17,1,1,1,1,0,0,0,1
1186,6,250,0,0,0,0,0,11,0,1
109,14,23,1,1,1,1,0,1,1,1
458,136,131,4,4,3,5,0,0,2,1
1330,1,276,0,0,0,0,0,18,0,1
176,27,44,1,1,2,0,0,0,2,1
770,10,166,0,0,0,0,0,9,0,1
33,5,4,0,0,0,0,0,1,0,1
108,0,17,1,1,1,1,0,0,1,1
243,41,35,0,0,0,0,0,2,0,1
175,7,45,1,1,3,1,0,0,2,1
90,6,25,2,3,2,1,0,1,1,1
86,0,16,0,0,0,0,0,0,3,1
453,82,86,4,4,12,6,0,2,2,1
315,44,48,0,0,0,0,0,2,1,1
123,14,24,0,0,0,0,0,0,1,1
98,11,19,0,0,2,1,0,0,2,1
85,10,17,0,0,2,1,0,1,1,1
102,0,28,0,0,2,1,0,0,2,1
93,19,18,0,0,0,0,0,0,2,1
168,23,38,1,1,2,1,0,2,2,1
106,27,21,0,0,0,0,0,0,2,1
196,19,44,1,1,2,1,0,3,1,1
155,31,33,1,1,2,1,0,0,1,1
120,0,31,0,0,2,1,0,0,2,1
95,3,26,0,0,2,1,0,0,2,1
142,10,34,1,1,2,1,0,0,1,1
2744,25,612,0,0,0,0,0,48,0,1
80,20,15,0,0,0,0,0,0,2,1
118,10,18,0,0,0,0,0,0,1,1
31,0,12,2,2,2,0,0,0,0,1
138,13,32,2,4,2,0,0,2,2,1
83,20,15,0,0,0,0,0,0,2,1
57,6,12,1,1,1,1,0,0,0,1
117,19,27,1,1,0,0,0,0,4,1
87,20,14,0,0,0,0,0,0,2,1
312,46,48,0,0,0,0,0,3,1,1
1083,0,228,0,0,0,0,0,16,0,1
93,13,20,0,0,2,1,0,0,2,1
297,42,45,0,0,0,0,0,1,1,1
83,0,23,3,2,2,0,0,0,2,1
39,8,8,0,0,0,0,0,0,0,1
159,2,38,1,1,0,0,0,3,3,1
91,10,16,0,0,0,0,0,2,1,1
419,2,86,0,0,0,0,0,7,0,1
113,0,28,0,0,2,1,0,0,1,1
111,6,19,0,0,0,0,0,0,1,1
1459,7,308,0,0,0,0,0,24,0,1
150,17,38,1,1,2,1,0,0,2,1
91,19,16,0,0,0,0,0,0,2,1
54,0,10,0,0,0,0,0,0,2,1
107,0,26,0,0,3,1,0,0,2,1
780,12,174,0,0,0,0,0,12,0,1
97,20,18,0,0,0,0,0,0,2,1
3157,3,657,0,0,0,0,0,41,0,1
81,19,16,0,0,0,0,0,0,2,1
117,7,19,0,0,0,0,0,0,1,1
1046,5,240,0,0,0,0,0,17,0,1
69,0,16,0,0,0,0,0,0,0,1
176,2,42,1,1,2,1,0,1,3,1
86,21,16,0,0,0,0,0,1,2,1
88,19,15,0,0,0,0,0,0,2,1
365,0,74,0,0,0,0,0,3,0,1
226,14,56,1,1,2,1,0,1,2,1
330,1,72,0,0,0,0,0,5,0,1
86,1,25,0,0,2,1,0,0,2,1
125,0,32,0,0,2,1,0,1,2,1
3057,10,643,0,0,0,0,0,40,0,1
189,7,57,1,1,2,1,0,0,2,1
174,41,38,1,1,2,1,0,1,2,1
949,4,182,0,0,0,0,0,8,0,1
320,46,45,0,0,0,0,0,1,1,1
86,20,16,0,0,0,0,0,0,2,1
95,20,16,0,0,0,0,0,1,2,1
327,44,48,0,0,0,0,0,1,1,1
114,0,26,0,0,2,1,0,1,2,1
235,0,45,0,0,0,0,0,2,0,1
168,22,41,1,1,0,0,0,0,4,1
233,86,63,2,2,0,0,1,2,3,1
60,2,9,0,0,0,0,0,0,0,1
749,3,159,0,0,0,0,0,8,0,1
102,20,19,0,0,0,0,0,1,2,1
227,80,77,2,2,2,0,0,0,1,1
304,50,45,0,0,0,0,0,1,1,1
87,20,17,0,0,0,0,0,0,2,1
85,20,15,0,0,0,0,0,0,2,1
118,1,28,0,0,2,1,0,2,2,1
96,20,15,0,0,0,0,0,0,2,1
308,45,47,0,0,0,0,0,1,1,1
38,5,6,0,0,0,0,0,2,0,1
314,76,55,3,3,2,1,0,0,1,1
119,1,37,0,0,3,1,0,0,2,1
102,9,21,0,0,2,1,0,1,2,1
175,2,50,1,1,2,1,0,0,2,1
255,40,35,0,0,0,0,0,2,0,1
257,37,36,0,0,0,0,0,5,0,1
109,20,20,0,0,0,0,0,0,2,1
244,0,48,0,0,0,0,0,5,0,1
218,1,54,1,1,3,1,0,2,4,1
88,20,15,0,0,0,0,0,0,2,1
80,20,14,0,0,0,0,0,2,2,1
744,0,147,0,0,0,0,0,8,0,1
111,13,22,1,1,1,1,0,1,1,1
101,21,18,0,0,0,0,0,0,2,1
94,7,18,0,0,2,1,0,1,1,1
169,20,41,1,1,2,1,0,0,1,1
861,2,184,0,0,0,0,0,9,0,1
149,3,32,1,1,3,1,0,1,1,1
258,14,56,2,2,2,1,0,2,2,1
117,17,27,1,1,2,0,0,0,2,1
121,36,24,1,1,2,1,0,0,1,1
170,33,33,1,1,2,0,0,1,2,1
95,5,29,0,0,2,1,0,0,1,1
492,0,104,0,0,0,0,0,4,0,1
88,20,15,0,0,0,0,0,0,2,1
99,20,19,0,0,0,0,0,2,2,1
678,8,128,0,0,0,0,0,11,0,1
95,20,17,0,0,0,0,0,0,2,1
978,2,207,0,0,0,0,0,19,0,1
103,3,28,0,0,2,1,0,0,2,1
552,11,120,0,0,0,0,0,11,0,1
53,7,11,0,0,0,0,0,0,0,1
190,2,37,0,0,0,0,0,3,0,1
120,12,22,0,0,0,0,0,0,1,1
131,14,28,1,1,2,1,0,0,2,1
639,0,145,0,0,0,0,0,11,0,1
34,1,8,1,1,0,0,0,0,0,1
250,27,58,1,1,2,1,0,0,1,1
146,13,34,1,1,0,0,1,1,1,1
36,0,9,2,2,2,0,0,0,0,1
103,20,19,0,0,0,0,0,1,2,1
105,9,24,1,1,2,1,0,0,2,1
1224,3,258,0,0,0,0,0,15,0,1
425,0,81,0,0,0,0,0,6,0,1
33,5,4,0,0,0,0,0,1,0,1
277,108,80,2,2,0,0,0,1,1,1
123,11,29,1,1,0,0,0,0,3,1
102,0,26,0,0,2,1,0,0,2,1
57,8,9,0,0,0,0,0,1,0,1
81,19,14,0,0,0,0,0,0,2,1
57,6,8,0,0,0,0,0,0,0,1
89,19,16,0,0,0,0,0,0,2,1
80,19,15,0,0,0,0,0,0,2,1
86,10,14,0,0,0,0,0,1,1,1
688,14,147,0,0,0,0,0,8,0,1
136,0,34,1,1,1,1,0,2,2,1
290,35,62,2,2,7,4,0,0,1,1
127,12,28,1,1,2,1,0,3,1,1
80,11,25,2,2,2,0,0,0,0,1
614,5,130,0,0,0,0,0,9,0,1
307,54,45,0,0,0,0,0,2,1,1
302,45,45,0,0,0,0,0,1,1,1
154,19,35,1,1,0,0,0,1,3,1
88,20,16,0,0,0,0,0,0,2,1
343,7,91,2,2,7,4,0,1,2,1
179,8,45,1,1,2,1,0,2,2,1
134,0,26,0,0,0,0,0,2,0,1
89,20,17,0,0,0,0,0,0,2,1
117,4,28,0,0,2,1,0,2,1,1
79,20,16,0,0,0,0,0,0,2,1
3102,16,640,0,0,0,0,0,46,0,1
86,10,14,0,0,0,0,0,1,1,1
76,20,14,0,0,0,0,0,0,2,1
174,2,50,1,1,2,1,0,0,2,1
86,19,15,0,0,0,0,0,0,2,1
340,0,68,0,0,0,0,0,4,0,1
253,35,60,2,2,2,0,0,1,2,1
124,21,22,0,0,0,0,0,0,2,1
154,22,36,1,1,2,1,0,0,2,1
82,0,28,0,0,0,0,0,0,0,1
135,9,37,1,1,2,1,0,1,2,1
177,2,48,1,1,2,1,0,1,1,1
84,20,16,0,0,0,0,0,0,2,1
114,2,31,0,0,2,1,0,1,2,1
1081,5,199,0,0,0,0,0,16,0,1
97,19,18,0,0,0,0,0,0,2,1
125,19,30,2,2,3,0,0,0,0,1
38,5,6,0,0,0,0,0,2,0,1
302,44,42,0,0,0,0,0,2,1,1
100,20,19,0,0,0,0,0,1,2,1
171,0,41,1,1,2,1,0,0,1,1
236,23,56,1,1,2,1,0,0,1,1
86,10,14,0,0,0,0,0,1,1,1
67,6,17,0,0,0,0,0,0,0,1
141,12,28,1,1,2,0,0,1,1,1
664,2,143,0,0,0,0,0,7,0,1
113,12,22,1,1,3,1,0,0,1,1
1018,0,329,0,1,1,0,0,5,0,1
33,5,4,0,0,0,0,0,1,0,1
741,0,158,0,0,0,0,0,7,0,1
255,39,36,0,0,0,0,0,2,0,1
56,5,8,0,0,0,0,0,0,0,1
103,0,29,0,0,2,1,0,1,1,1
57,6,8,0,0,0,0,0,0,0,1
120,0,29,0,0,2,1,0,0,2,1
197,16,35,1,1,2,1,0,0,1,1
262,47,35,0,0,0,0,0,1,0,1
1043,10,226,0,0,0,0,0,8,0,1
1179,5,251,0,0,0,0,0,15,0,1
81,19,15,0,0,0,0,0,2,2,1
305,49,48,0,0,0,0,0,2,1,1
165,18,38,1,1,2,1,0,0,2,1
86,20,15,0,0,0,0,0,0,2,1
871,9,186,0,0,0,0,0,17,0,1
117,10,19,0,0,0,0,0,1,1,1
136,0,31,1,1,1,1,0,1,1,1
568,0,111,0,0,0,0,0,10,0,1
815,0,169,0,0,0,0,0,12,0,1
59,1,8,0,0,0,0,0,0,0,1
86,20,13,0,0,0,0,0,0,2,1
301,43,46,0,0,0,0,0,1,1,1
13072,60,3737,2,2,0,0,0,40,2,1
243,45,50,2,2,1,1,0,3,1,1
64,0,13,0,0,0,0,0,1,0,1
2454,1,830,10,10,0,1,0,30,0,1
4595,19,977,0,0,0,0,0,67,0,1
236,37,33,0,0,0,0,0,3,0,1
612,1,130,0,0,0,0,0,9,0,1
130,4,27,1,1,2,1,0,2,2,1
310,43,46,0,0,0,0,0,1,1,1
238,37,54,2,2,0,1,1,2,2,1
116,7,18,0,0,0,0,0,0,1,1
128,0,29,1,1,3,1,0,1,1,1
57,8,12,0,0,0,0,0,0,0,1
311,44,46,0,0,0,0,0,1,1,1
659,374,205,6,6,0,0,1,1,1,1
57,11,30,0,0,0,0,0,0,0,1
112,0,29,0,0,2,1,0,0,2,1
104,2,27,0,0,2,1,0,0,2,1
34,0,7,0,0,0,0,0,0,1,1
20,0,4,0,0,0,0,0,0,0,1
110,0,27,0,0,2,1,0,1,2,1
256,3,51,0,0,0,0,0,5,0,1
109,10,25,1,1,1,1,0,0,2,1
101,3,26,0,0,0,1,0,2,2,1
113,6,18,0,0,0,0,0,0,1,1
237,12,50,3,4,3,1,0,0,1,1
453,3,95,0,0,0,0,0,6,0,1
105,13,19,0,0,2,1,0,1,2,1
301,49,45,0,0,0,0,0,4,1,1
180,33,43,1,1,0,1,1,2,1,1
85,21,16,0,0,0,0,0,0,2,1
1108,21,244,0,0,0,0,0,18,0,1
554,5,113,0,0,0,0,0,11,0,1
1425,0,282,0,0,0,0,0,18,0,1
118,2,30,0,0,2,1,0,1,1,1
344,139,104,3,3,0,0,0,0,1,1
447,2,94,0,0,0,0,0,5,0,1
143,15,35,1,1,2,1,0,0,2,1
1486,17,318,0,0,0,0,0,19,0,1
79,19,15,0,0,0,0,0,0,2,1
1411,2,282,0,0,0,0,0,9,0,1
42,8,11,0,0,0,0,0,0,0,1
120,7,24,1,1,2,1,0,2,2,1
135,9,32,1,1,3,2,0,0,1,1
83,7,18,0,0,2,1,0,1,1,1
90,20,16,0,0,0,0,0,1,2,1
51,6,12,0,0,0,0,0,0,0,1
142,4,39,1,1,2,1,0,0,3,1
92,20,16,0,0,0,0,0,0,2,1
93,20,18,0,0,0,0,0,0,2,1
158,6,43,1,1,1,1,0,0,2,1
2664,11,569,0,0,0,0,0,48,0,1
185,10,34,1,1,0,0,0,2,3,1
239,38,34,0,0,0,0,0,1,0,1
123,25,29,1,1,2,1,0,0,1,1
2246,7,755,0,0,1,0,0,2,0,1
85,20,14,0,0,0,0,0,1,2,1
185,27,40,1,1,2,1,0,1,2,1
126,4,24,1,1,2,1,0,2,2,1
109,20,21,0,0,0,0,0,2,2,1
130,20,22,0,0,0,0,0,2,2,1
91,10,16,0,0,0,0,0,2,1,1
82,19,14,0,0,0,0,0,1,2,1
77,19,15,0,0,0,0,0,0,2,1
259,16,61,2,2,0,0,0,0,4,1
124,1,34,0,0,2,1,0,0,2,1
97,20,17,0,0,0,0,0,1,2,1
191,14,47,1,1,2,1,0,1,2,1
105,0,29,0,0,2,1,0,0,2,1
86,5,17,0,0,3,1,0,1,1,1
73,20,13,0,0,0,0,0,0,2,1
2101,5,437,0,0,0,0,0,15,0,1
75,1,16,2,2,2,1,0,0,0,1
108,4,27,0,0,2,1,0,0,1,1
94,9,17,0,0,1,1,0,0,2,1
129,12,22,1,1,2,1,0,0,1,1
147,4,31,1,1,2,1,0,0,2,1
302,41,44,0,0,0,0,0,2,1,1
42,6,9,0,0,0,0,0,0,0,1
122,0,32,0,0,2,1,0,0,2,1
257,39,36,0,0,0,0,0,2,0,1
85,20,15,0,0,0,0,0,0,2,1
2231,2,479,0,0,0,0,0,34,0,1
1210,3,267,0,0,0,0,0,24,0,1
315,49,49,0,0,0,0,0,2,1,1
113,17,29,1,1,2,1,0,0,1,1
90,9,16,0,0,0,0,0,2,1,1
33,5,4,0,0,0,0,0,1,0,1
257,41,37,0,0,0,0,0,3,0,1
109,20,18,0,0,0,0,0,0,2,1
80,5,18,0,0,0,0,0,0,3,1
89,20,16,0,0,0,0,0,0,2,1
2174,13,456,0,0,0,0,0,39,0,1
427,6,84,0,0,0,0,0,8,0,1
286,0,58,0,0,0,0,0,1,0,1
536,74,112,4,4,2,1,0,7,4,1
465,68,98,4,4,4,1,0,5,3,1
75,19,14,0,0,0,0,0,0,2,1
62,6,10,0,0,0,0,0,0,1,1
750,0,155,0,0,0,0,0,7,0,1
122,19,26,1,1,2,1,0,1,2,1
148,12,31,1,1,2,0,0,3,2,1
296,40,47,0,0,0,0,0,4,1,1
92,19,16,0,0,0,0,0,0,2,1
6202,25,1353,0,0,0,0,0,89,0,1
2405,770,703,56,57,0,0,0,1,1,1
543,2,112,0,0,0,0,0,8,0,1
217,64,57,2,2,0,1,1,1,2,1
101,20,18,0,0,0,0,0,1,2,1
91,10,16,0,0,0,0,0,2,1,1
226,38,34,0,0,0,0,0,2,0,1
105,0,25,0,0,2,1,0,1,2,1
583,1,135,0,0,0,0,0,13,0,1
64,8,13,0,0,0,0,0,1,0,1
88,20,15,0,0,0,0,0,1,2,1
3410,6,973,5,5,2,0,0,58,0,1
110,12,22,1,1,2,1,0,0,2,1
99,0,25,0,0,2,1,0,1,2,1
4730,21,983,0,0,0,0,0,80,0,1
190,2,50,1,1,2,1,0,0,2,1
82,21,16,0,0,0,0,0,0,2,1
758,0,152,0,0,0,0,0,9,0,1
241,38,32,0,0,0,0,0,1,0,1
138,15,30,1,1,0,0,0,2,2,1
3374,59,823,0,0,0,0,0,30,0,1
87,20,15,0,0,0,0,0,0,2,1
109,0,28,0,0,0,0,0,0,2,1
121,0,30,0,0,2,1,0,2,2,1
1982,17,402,0,0,0,0,0,21,0,1
86,10,14,0,0,0,0,0,1,1,1
118,2,29,0,0,2,0,0,2,3,1
120,12,22,0,0,0,0,0,0,1,1
161,9,41,1,1,1,1,0,0,1,1
85,20,15,0,0,0,0,0,1,2,1
118,11,27,1,1,2,1,0,1,1,1
1033,3,222,0,0,0,0,0,9,0,1
166,10,40,1,1,1,1,0,0,1,1
79,6,18,0,0,0,0,0,0,2,1
45,2,13,1,1,1,1,1,1,0,1
695,2,130,0,0,0,0,0,10,0,1
96,0,22,2,4,2,1,0,1,1,1
117,20,20,0,0,0,0,0,3,2,1
129,9,29,1,1,2,0,0,1,3,1
270,40,39,0,0,0,0,0,2,0,1
240,44,36,0,0,0,0,0,1,0,1
1393,2,299,0,0,0,0,0,17,0,1
123,8,34,1,1,2,0,0,2,3,1
203,3,48,0,0,0,0,0,1,0,1
63,7,13,0,0,0,0,0,1,0,1
32,0,8,0,0,0,0,0,0,0,1
324,0,57,0,0,0,0,0,3,0,1
112,20,21,0,0,0,0,0,0,2,1
103,21,19,0,0,0,0,0,0,2,1
1006,7,216,0,0,0,0,0,16,0,1
850,6,173,0,0,0,0,0,13,0,1
142,22,33,1,1,0,0,0,0,1,1
117,11,25,1,1,2,1,0,1,2,1
377,36,63,3,3,2,1,0,5,2,1
167,3,97,1,1,1,0,0,1,2,1
2029,10,432,0,0,0,0,0,28,0,1
91,13,22,0,0,2,1,0,0,2,1
111,6,18,0,0,0,0,0,1,1,1
127,18,26,1,1,2,1,0,0,1,1
33,5,4,0,0,0,0,0,1,0,1
1270,13,286,0,0,0,0,0,19,0,1
143,6,30,1,1,2,1,0,2,1,1
229,37,32,0,0,0,0,0,1,0,1
112,3,27,0,0,2,1,0,0,1,1
304,43,45,0,0,0,0,0,3,1,1
507,2,162,0,1,0,0,0,1,0,1
130,15,28,1,1,2,1,0,0,2,1
285,39,40,0,0,0,0,0,4,0,1
412,1,86,0,0,0,0,0,6,0,1
1463,0,310,0,0,0,0,0,25,0,1
133,17,28,1,1,2,1,0,1,1,1
32,4,4,0,0,0,0,0,1,0,1
125,1,33,0,0,2,1,0,1,2,1
99,0,27,0,0,2,1,0,0,2,1
57,8,11,0,0,0,0,0,0,0,1
110,24,21,0,0,0,0,0,1,2,1
111,21,22,0,0,0,0,0,1,2,1
38,5,6,0,0,0,0,0,2,0,1
105,0,28,0,0,2,1,0,0,2,1
41,0,12,1,0,1,1,0,0,0,1
315,50,44,0,0,0,0,0,1,1,1
87,20,15,0,0,0,0,0,1,2,1
290,48,43,0,0,0,0,0,3,1,1
123,14,24,0,0,0,0,0,0,1,1
44,8,9,0,0,0,0,0,0,0,1
561,6,117,0,0,0,0,0,4,0,1
86,20,15,0,0,0,0,0,0,2,1
104,23,20,0,0,0,0,0,0,2,1
57,8,14,0,0,0,0,0,0,0,1
110,7,18,0,0,0,0,0,0,1,1
53,7,12,0,0,0,0,0,1,0,1
54,11,26,0,0,0,0,0,0,0,1
326,66,57,2,2,2,1,0,6,2,1
92,19,19,0,0,0,0,0,2,2,1
85,19,16,0,0,0,0,0,1,2,1
89,3,26,0,0,2,1,0,0,2,1
269,37,37,0,0,0,0,0,2,0,1
95,20,17,0,0,0,0,0,0,2,1
38,3,7,0,0,0,0,0,0,0,1
88,20,15,0,0,0,0,0,0,2,1
125,22,25,0,0,0,1,0,0,1,1
128,10,30,2,2,3,0,0,1,1,1
88,19,16,0,0,0,0,0,0,2,1
118,13,26,1,1,2,1,0,0,2,1
150,11,32,1,1,2,1,0,1,2,1
487,216,133,4,4,3,0,0,0,2,1
47,0,9,0,0,0,0,0,0,0,1
1212,1,283,0,0,0,0,0,17,0,1
87,7,20,0,0,0,1,0,1,2,1
1004,2,203,0,0,0,0,0,14,0,1
325,2,67,0,0,0,0,0,4,0,1
117,0,29,0,0,2,1,0,1,2,1
3127,17,664,0,0,0,0,0,36,0,1
123,0,30,0,0,2,1,0,1,2,1
86,11,21,0,0,2,1,0,0,2,1
116,0,30,0,0,2,1,0,1,2,1
264,26,60,2,2,0,0,0,0,2,1
211,0,43,0,0,0,0,0,6,0,1
205,5,50,1,1,2,1,0,4,2,1
110,0,26,0,0,2,1,0,1,2,1
385,5,86,0,0,0,0,0,5,0,1
56,1,9,0,0,0,0,0,0,0,1
91,10,16,0,0,0,0,0,2,1,1
460,4,97,0,0,0,0,0,9,0,1
82,0,14,0,0,0,0,0,2,3,1
307,47,48,0,0,0,0,0,1,1,1
1839,23,400,0,0,0,0,0,24,0,1
151,13,33,1,1,2,1,0,1,2,1
50,1,12,0,0,0,0,0,0,0,1
82,20,15,0,0,0,0,0,0,2,1
6385,39,2057,7,3,38,0,0,35,3,1
253,37,36,0,0,0,0,0,1,0,1
392,47,97,3,3,3,5,0,1,2,1
111,2,30,0,0,2,1,0,0,2,1
216,4,59,1,1,2,1,0,0,2,1
1477,6,315,0,0,0,0,0,14,0,1
72,1,19,2,3,2,1,0,0,2,1
757,4,158,0,0,2,0,0,8,0,1
120,33,28,1,1,1,0,0,1,0,1
212,1,52,1,1,0,0,0,1,3,1
996,9,217,0,0,0,0,0,15,0,1
124,15,24,0,0,0,0,0,0,1,1
87,20,16,0,0,0,0,0,0,2,1
111,8,18,0,0,0,0,0,0,1,1
204,0,40,0,0,0,0,0,2,0,1
466,1,92,0,0,0,0,0,11,0,1
293,50,44,0,0,0,0,0,1,1,1
109,20,19,0,0,0,0,0,0,2,1
899,0,178,0,0,0,0,0,16,0,1
1032,5,235,0,0,0,0,0,19,0,1
254,43,35,0,0,0,0,0,2,0,1
117,13,22,0,0,0,0,0,0,1,1
226,48,47,2,2,2,1,0,2,2,1
151,13,33,1,1,2,1,0,1,2,1
248,38,35,0,0,0,0,0,2,0,1
301,43,45,0,0,0,0,0,2,1,1
241,2,51,0,0,0,0,0,3,0,1
77,20,14,0,0,0,0,0,0,2,1
33,5,4,0,0,0,0,0,1,0,1
91,10,16,0,0,0,0,0,2,1,1
180,2,50,1,1,2,1,0,0,2,1
362,2,72,0,0,0,0,0,8,0,1
123,14,24,0,0,0,0,0,0,1,1
88,2,26,0,0,2,1,0,0,1,1
119,9,18,0,0,0,0,0,0,1,1
115,0,27,0,0,2,1,0,0,2,1
97,20,16,0,0,0,0,0,1,2,1
53,1,8,0,0,0,0,0,0,0,1
2191,11,490,0,0,0,0,0,33,0,1
33,5,4,0,0,0,0,0,1,0,1
101,1,23,2,3,2,1,0,0,1,1
474,0,89,0,0,0,0,0,4,0,1
83,0,24,0,0,0,1,0,0,2,1
640,22,167,4,4,12,7,0,4,2,1
304,44,48,0,0,0,0,0,1,1,1
137,12,31,1,1,0,1,1,1,1,1
89,3,19,0,0,0,0,0,0,4,1
580,11,133,0,0,0,0,0,5,0,1
132,20,35,1,1,1,1,0,0,2,1
297,47,48,0,0,0,0,0,1,1,1
114,2,30,0,0,2,1,0,0,2,1
85,19,15,0,0,0,0,0,0,2,1
123,14,19,0,0,0,0,0,0,1,1
149,2,40,1,1,2,1,0,1,1,1
168,2,48,1,1,2,1,0,1,2,1
120,12,22,0,0,0,0,0,0,1,1
36,0,5,0,0,0,0,0,1,0,1
231,41,32,0,0,0,0,0,2,0,1
118,1,32,0,0,2,1,0,0,1,1
115,6,18,0,0,0,0,0,0,1,1
190,2,49,1,1,2,1,0,0,2,1
128,24,27,0,0,0,0,0,1,2,1
99,20,17,0,0,0,0,0,1,2,1
112,0,30,2,2,3,0,0,0,0,1
101,0,28,0,0,2,1,0,0,2,1
112,13,27,1,1,2,1,0,0,1,1
101,1,27,0,0,2,1,0,1,2,1
201,113,25,1,1,0,0,0,3,1,1
141,3,38,1,1,3,1,0,1,2,1
192,2,52,1,1,2,1,0,0,1,1
145,0,42,1,1,4,2,0,1,1,1
344,3,74,0,0,0,0,0,8,0,1
124,31,25,0,0,0,0,0,0,2,1
746,0,154,0,0,0,0,0,12,0,1
107,2,29,0,0,2,1,0,0,2,1
84,19,16,0,0,0,0,0,0,2,1
85,7,22,0,0,2,1,0,1,2,1
355,26,64,3,3,2,1,0,1,1,1
105,0,20,0,0,0,0,0,3,0,1
95,2,25,0,0,2,1,0,0,2,1
121,13,22,0,0,0,0,0,0,1,1
124,9,31,1,1,2,0,0,1,2,1
73,19,14,0,0,0,0,0,0,2,1
869,4,190,0,1,0,0,0,8,0,1
76,19,13,0,0,0,0,0,0,2,1
84,20,15,0,0,0,0,0,0,2,1
116,4,23,1,1,1,1,0,0,1,1
2306,1,866,2,1,0,0,0,23,0,1
94,20,16,0,0,0,0,0,0,2,1
94,20,18,0,0,0,0,0,1,2,1
1052,11,223,0,0,0,0,0,16,0,1
114,8,18,0,0,0,0,0,0,1,1
110,0,27,0,0,2,1,0,0,2,1
85,0,23,0,0,0,0,0,1,3,1
47,0,11,0,0,0,0,0,1,0,1
117,0,28,0,0,2,1,0,0,2,1
95,23,18,0,0,0,0,0,1,2,1
46,7,12,0,0,0,0,0,0,0,1
163,9,32,1,1,3,0,0,1,3,1
1073,0,233,0,0,0,0,0,17,0,1
239,37,31,0,0,0,0,0,2,0,1
81,20,14,0,0,0,0,0,0,2,1
291,46,39,0,0,0,0,0,2,1,1
169,26,41,1,1,0,0,0,0,1,1
33,5,4,0,0,0,0,0,1,0,1
1398,12,297,0,0,0,0,0,12,0,1
372,0,68,0,0,0,0,0,6,0,1
53,4,9,0,0,0,0,0,0,0,1
51,0,33,1,1,0,1,0,0,0,1
309,44,45,0,0,0,0,0,3,1,1
1072,20,385,0,0,0,0,0,5,5,1
7225,32,1584,0,0,0,0,0,92,0,1
137,12,28,1,1,2,1,0,1,2,1
97,20,16,0,0,0,0,0,1,2,1
289,45,44,0,0,0,0,0,2,1,1
296,42,45,0,0,0,0,0,2,1,1
744,0,141,0,0,0,0,0,10,0,1
173,20,35,1,1,2,0,0,2,2,1
613,0,112,0,0,0,0,0,11,0,1
91,10,16,0,0,0,0,0,2,1,1
89,8,24,0,0,2,1,0,1,2,1
302,40,43,0,0,0,0,0,3,1,1
185,30,40,1,1,2,1,0,0,2,1
201,30,44,1,1,3,2,0,1,1,1
799,2,154,0,0,0,0,0,8,0,1
1231,11,247,0,0,0,0,0,12,0,1
89,20,16,0,0,0,0,0,1,2,1
157,11,40,1,1,4,2,0,0,2,1
214,45,35,0,0,3,1,0,0,1,1
79,20,15,0,0,0,0,0,0,2,1
89,1,24,0,0,2,1,0,0,1,1
89,20,16,0,0,0,0,0,1,2,1
169,5,40,1,1,2,1,0,0,2,1
716,3,140,0,0,0,0,0,11,0,1
2409,9,501,0,0,0,0,0,29,0,1
59,1,8,0,0,0,0,0,1,0,1
238,45,34,0,0,0,0,0,3,0,1
112,20,19,0,0,0,0,0,1,2,1
313,48,48,0,0,0,0,0,2,1,1
103,20,19,0,0,0,0,0,1,2,1
189,4,49,1,1,2,1,0,1,1,1
266,54,55,2,2,2,1,0,0,2,1
102,20,17,0,0,0,0,0,2,2,1
127,6,34,1,1,2,1,0,0,1,1
85,20,15,0,0,0,0,0,0,2,1
121,13,22,0,0,0,0,0,0,1,1
235,36,33,0,0,0,0,0,3,0,1
33,5,4,0,0,0,0,0,1,0,1
1587,2,339,0,0,0,0,0,23,0,1
100,11,21,0,0,2,1,0,0,2,1
1377,3,272,0,0,0,0,0,14,0,1
99,0,25,2,2,3,0,0,0,1,1
79,20,15,0,0,0,0,0,0,2,1
3070,5,905,2,3,0,0,0,75,1,1
86,1,18,0,0,0,0,0,2,3,1
132,12,33,1,1,0,0,0,0,2,1
95,20,18,0,0,0,0,0,0,2,1
94,22,17,0,0,0,0,0,0,2,1
3410,10,1193,4,4,0,0,0,16,0,1
96,13,20,0,0,2,1,0,0,1,1
689,3,152,0,0,0,0,0,9,0,1
78,21,16,0,0,0,0,0,0,2,1
100,3,26,0,0,0,1,0,2,2,1
308,46,44,0,0,0,0,0,1,1,1
179,9,37,1,1,3,0,0,4,3,1
130,25,35,1,1,2,1,0,0,2,1
298,42,41,0,0,0,0,0,1,1,1
152,13,32,1,1,2,1,0,0,1,1
270,41,40,0,0,0,0,0,1,0,1
111,0,26,0,0,2,1,0,0,2,1
350,0,162,0,0,0,0,0,0,0,1
120,0,20,0,0,0,0,0,1,0,1
559,18,129,0,0,0,0,0,10,0,1
105,12,22,0,0,2,1,0,1,2,1
215,14,46,1,1,2,1,0,2,2,1
374,3,69,0,0,0,0,0,2,0,1
234,0,46,0,0,0,0,0,4,0,1
114,11,28,1,1,2,1,0,0,3,1
1002,2,205,0,0,0,0,0,15,0,1
104,20,18,0,0,0,0,0,3,2,1
93,19,16,0,0,0,0,0,2,2,1
141,24,28,0,0,0,0,0,1,2,1
239,14,56,1,1,0,0,0,0,2,1
81,19,16,0,0,0,0,0,1,2,1
244,1,53,0,0,0,0,0,3,0,1
110,0,26,0,0,2,1,0,0,2,1
259,14,61,2,2,0,0,0,0,4,1
93,20,17,0,0,0,0,0,0,2,1
33,5,4,0,0,0,0,0,1,0,1
295,40,44,0,0,0,0,0,1,1,1
92,8,19,0,0,2,1,0,1,2,1
3154,15,912,3,2,2,0,0,68,0,1
945,3,190,0,0,0,0,0,6,0,1
1291,7,281,0,0,0,0,0,12,0,1
44,6,8,0,0,0,0,0,0,1,1
43,3,13,2,2,1,1,0,0,0,1
112,0,30,0,0,2,1,0,1,2,1
95,20,17,0,0,0,0,0,0,2,1
115,20,24,0,0,0,0,0,0,2,1
182,4,49,1,1,2,1,0,0,2,1
809,0,180,0,0,0,0,0,7,0,1
108,0,28,0,0,2,1,0,0,1,1
116,13,37,1,1,0,0,0,0,2,1
82,5,23,0,0,2,1,0,0,1,1
335,5,104,0,2,3,0,0,2,0,1
104,20,18,0,0,0,0,0,1,2,1
116,12,22,0,0,0,0,0,0,1,1
299,40,44,0,0,0,0,0,2,1,1
87,20,16,0,0,0,0,0,0,2,1
125,11,32,1,1,2,1,0,0,2,1
446,2,104,0,0,0,0,0,3,0,1
100,0,28,0,0,2,1,0,0,1,1
158,14,33,1,1,2,1,0,0,1,1
568,0,118,0,0,0,0,0,8,0,1
121,3,36,0,0,2,1,0,0,2,1
305,57,44,0,0,0,0,0,1,1,1
307,42,46,0,0,0,0,0,2,1,1
91,10,16,0,0,0,0,0,2,1,1
83,20,15,0,0,0,0,0,0,2,1
54,1,8,0,0,0,0,0,0,0,1
37,4,6,0,0,0,0,0,2,0,1
96,20,16,0,0,0,0,0,0,2,1
15,0,2,0,0,0,0,0,1,0,1
86,20,16,0,0,0,0,0,0,2,1
97,7,20,0,0,2,1,0,2,2,1
175,17,35,0,0,0,1,0,0,2,1
184,8,49,1,1,2,1,0,0,1,1
117,8,18,0,0,0,0,0,0,1,1
1156,3,253,0,0,0,0,0,12,0,1
97,8,18,0,0,1,1,0,0,1,1
77,19,15,0,0,0,0,0,0,2,1
636,2,134,0,0,0,0,0,9,0,1
258,41,37,0,0,0,0,0,3,0,1
165,5,48,1,1,3,1,0,0,1,1
96,20,16,0,0,0,0,0,1,2,1
191,3,51,1,1,2,1,0,0,1,1
181,7,55,1,1,2,1,0,0,1,1
257,39,40,0,0,0,0,0,1,0,1
102,3,27,0,0,2,1,0,0,2,1
51,3,8,0,0,0,0,0,0,0,1
2437,23,939,3,0,0,0,0,12,11,1
185,37,42,1,1,2,1,0,1,1,1
303,48,44,0,0,0,0,0,1,1,1
138,5,35,1,1,1,1,0,0,1,1
38,5,6,0,0,0,0,0,2,0,1
331,6,82,2,2,8,2,0,1,3,1
114,20,21,0,0,0,0,0,0,2,1
123,14,24,0,0,0,0,0,0,1,1
31,0,5,0,0,0,0,0,0,0,1
163,17,37,0,0,2,1,0,1,2,1
76,20,13,0,0,0,0,0,0,2,1
305,0,64,0,0,0,0,0,8,0,1
56,1,8,0,0,0,0,0,0,0,1
137,20,32,1,1,2,1,0,0,2,1
309,43,46,0,0,0,0,0,1,1,1
133,5,36,1,1,2,1,0,0,2,1
472,1,103,0,0,0,0,0,7,0,1
102,20,16,0,0,0,0,0,1,2,1
631,6,127,0,0,0,0,0,9,0,1
93,8,22,0,0,0,0,0,2,3,1
140,14,28,1,1,2,1,0,2,2,1
90,7,18,0,0,0,0,0,1,0,1
86,10,14,0,0,0,0,0,1,1,1
85,5,17,0,0,3,1,0,1,1,1
108,20,21,0,0,0,0,0,0,2,1
100,21,18,0,0,0,0,0,0,2,1
174,2,48,1,1,2,1,0,1,2,1
270,44,63,2,2,2,1,0,3,3,1
150,14,37,1,1,2,0,0,0,3,1
75,20,14,0,0,0,0,0,0,2,1
92,20,15,0,0,0,0,0,0,2,1
116,12,22,0,0,0,0,0,0,1,1
158,1,41,1,1,2,1,0,3,1,1
85,9,14,0,0,0,0,0,1,1,1
91,10,16,0,0,0,0,0,2,1,1
159,7,42,1,1,2,1,0,2,1,1
450,5,84,0,0,0,0,0,6,0,1
104,20,19,0,0,0,0,0,0,2,1
2482,11,545,0,0,0,0,0,44,0,1
177,18,37,1,1,0,1,0,0,1,1
128,0,31,0,0,2,1,0,0,2,1
54,0,15,2,2,2,0,0,0,0,1
80,19,15,0,0,0,0,0,0,2,1
44,2,11,0,0,0,0,0,0,1,1
109,14,23,1,1,1,1,0,1,1,1
507,0,102,0,0,0,0,0,5,0,1
91,10,16,0,0,0,0,0,2,1,1
157,40,32,1,1,2,1,0,1,1,1
1669,4,357,0,0,0,0,0,22,0,1
127,0,27,2,2,3,0,0,0,0,1
326,51,46,0,0,0,0,0,1,1,1
86,20,16,0,0,0,0,0,0,2,1
297,46,44,0,0,0,0,0,1,1,1
121,13,22,0,0,0,0,0,0,1,1
33,5,4,0,0,0,0,0,1,0,1
418,191,130,3,3,0,0,0,0,2,1
89,20,19,0,0,0,0,0,0,2,1
86,20,15,0,0,0,0,0,0,2,1
80,19,15,0,0,0,0,0,0,2,1
97,7,21,0,0,0,0,0,2,0,1
1038,1,213,0,0,0,0,0,12,0,1
164,25,34,1,1,2,0,0,1,3,1
132,9,25,1,1,2,1,0,0,1,1
418,0,85,0,0,0,0,0,8,0,1
253,38,39,0,0,0,0,0,1,0,1
3939,19,850,0,0,0,0,0,56,0,1
125,20,22,0,0,0,0,0,1,2,1
277,42,43,0,0,0,0,0,2,0,1
302,47,44,0,0,0,0,0,1,1,1
94,19,17,0,0,0,0,0,0,2,1
1017,6,211,0,0,0,0,0,17,0,1
135,16,41,2,2,0,0,0,0,0,1
665,7,138,0,0,0,0,0,12,0,1
183,13,46,1,1,2,1,0,1,2,1
113,0,28,2,2,3,0,0,0,0,1
25904,266,7294,4,2,0,0,0,66,0,1
169,13,41,1,1,0,0,0,1,3,1
250,39,33,0,0,0,0,0,3,0,1
124,0,34,1,1,2,1,0,2,2,1
94,0,20,0,0,2,1,0,1,1,1
82,20,15,0,0,0,0,0,0,2,1
127,17,33,1,1,2,1,0,2,1,1
70,11,12,0,0,0,0,0,2,1,1
87,20,15,0,0,0,0,0,0,2,1
241,83,69,2,2,0,0,0,1,2,1
62,1,13,0,0,1,1,0,0,1,1
624,3,124,0,0,0,0,0,7,0,1
201,0,39,0,0,0,0,0,0,0,1
103,3,25,0,0,0,0,0,0,4,1
105,20,18,0,0,0,0,0,0,2,1
98,13,22,0,0,2,1,0,0,2,1
91,10,16,0,0,0,0,0,2,1,1
290,47,45,0,0,0,0,0,3,1,1
98,20,16,0,0,0,0,0,0,2,1
1305,7,279,0,0,0,0,0,23,0,1
1117,0,222,0,0,0,0,0,20,0,1
305,45,48,0,0,0,0,0,2,1,1
97,20,16,0,0,0,0,0,0,2,1
79,11,51,0,0,0,0,0,0,0,1
792,1,161,0,0,0,0,0,10,0,1
99,6,24,0,0,0,1,1,1,2,1
116,0,31,0,0,2,1,0,1,2,1
125,4,33,0,0,2,1,0,1,1,1
110,20,19,0,0,0,0,0,0,2,1
515,3,112,0,0,0,0,0,4,0,1
97,20,18,0,0,0,0,0,0,2,1
305,1,60,0,0,0,0,0,3,0,1
111,6,18,0,0,0,0,0,0,1,1
338,36,63,0,0,2,1,0,1,1,1
118,0,28,0,0,2,1,0,0,2,1
413,117,83,0,0,3,5,0,0,1,1
90,2,27,0,0,2,1,0,0,1,1
4394,23,1025,0,0,0,0,0,51,0,1
234,38,34,0,0,0,0,0,1,0,1
81,20,14,0,0,0,0,0,0,2,1
5143,18,1931,3,0,12,0,0,113,0,1
54,1,8,0,0,0,0,0,0,0,1
95,20,18,0,0,0,0,0,0,2,1
40,1,12,2,3,3,1,0,0,0,1
86,10,14,0,0,0,0,0,1,1,1
112,0,31,0,0,2,1,0,0,2,1
255,39,38,0,0,0,0,0,2,0,1
83,19,15,0,0,0,0,0,1,2,1
110,21,19,0,0,0,0,0,0,2,1
92,9,22,0,0,0,1,1,1,2,1
328,44,48,0,0,0,0,0,2,1,1
33,5,4,0,0,0,0,0,1,0,1
185,12,39,1,1,2,1,0,0,2,1
469,0,104,0,0,0,0,0,9,0,1
91,10,16,0,0,0,0,0,2,1,1
121,13,22,0,0,0,0,0,0,1,1
99,20,17,0,0,0,0,0,0,2,1
4892,33,1030,0,0,0,0,0,63,0,1
112,20,21,0,0,0,0,0,0,2,1
82,20,14,0,0,0,0,0,0,2,1
359,2,72,0,0,0,0,0,5,0,1
229,0,46,0,0,0,0,0,3,0,1
58,0,10,2,2,2,1,0,1,0,1
125,13,27,1,1,2,1,0,1,2,1
105,1,23,0,0,2,1,0,5,1,1
195,14,41,2,2,2,0,0,1,2,1
1200,8,267,0,0,0,0,0,15,0,1
280,44,39,0,0,0,0,0,2,1,1
112,20,21,0,0,0,0,0,0,2,1
110,6,19,0,0,0,0,0,0,1,1
201,41,49,1,1,0,1,0,3,1,1
151,10,37,1,1,1,0,0,2,4,1
234,6,46,0,0,0,0,0,2,0,1
88,20,15,0,0,0,0,0,0,2,1
88,20,15,0,0,0,0,0,0,2,1
447,135,131,4,4,3,5,0,0,2,1
177,49,37,1,1,0,0,0,3,2,1
114,0,28,0,0,2,1,0,0,2,1
235,38,33,0,0,0,0,0,1,0,1
288,39,42,0,0,0,0,0,3,1,1
116,12,22,0,0,0,0,0,0,1,1
86,20,15,0,0,0,0,0,1,2,1
90,20,17,0,0,0,0,0,0,2,1
110,21,22,0,0,0,0,0,0,2,1
86,10,14,0,0,0,0,0,1,1,1
708,9,155,0,0,0,0,0,10,0,1
188,6,49,1,1,2,1,0,0,2,1
123,12,26,1,1,2,1,0,0,1,1
33,5,4,0,0,0,0,0,1,0,1
194,3,49,1,1,1,1,0,4,1,1
91,10,16,0,0,0,0,0,2,1,1
33,5,4,0,0,0,0,0,1,0,1
86,10,14,0,0,0,0,0,1,1,1
3426,15,1236,61,61,0,0,0,20,0,1
73,20,14,0,0,0,0,0,0,2,1
306,40,44,0,0,0,0,0,2,1,1
109,23,21,0,0,0,0,0,1,2,1
85,7,18,0,0,0,0,0,1,0,1
884,1,179,0,0,0,0,0,13,0,1
218,2,53,1,1,2,1,0,1,2,1
291,46,43,0,0,0,0,0,2,1,1
1650,3,343,0,0,0,0,0,24,0,1
91,10,16,0,0,0,0,0,2,1,1
119,19,28,1,1,0,0,0,0,2,1
231,40,33,0,0,0,0,0,2,0,1
106,20,18,0,0,0,0,0,1,2,1
164,2,49,1,1,2,1,0,0,2,1
61,7,12,0,0,0,0,0,1,0,1
76,19,14,0,0,0,0,0,0,2,1
320,0,72,0,0,0,0,0,6,0,1
128,14,29,1,1,0,0,0,1,3,1
54,7,12,0,0,0,0,0,0,0,1
188,33,46,0,0,2,1,0,0,1,1
253,14,59,2,2,0,0,0,0,3,1
85,20,15,0,0,0,0,0,1,2,1
304,0,64,0,0,0,0,0,5,0,1
81,20,15,0,0,0,0,0,0,2,1
309,41,46,0,0,0,0,0,2,1,1
1212,0,262,0,0,0,0,0,8,0,1
136,2,32,1,1,2,1,0,1,1,1
38,5,6,0,0,0,0,0,2,0,1
308,40,41,0,0,0,0,0,1,1,1
62,1,14,0,0,0,0,0,1,2,1
157,19,34,1,1,2,1,0,0,1,1
106,0,29,0,0,2,1,0,1,2,1
100,20,17,0,0,0,0,0,0,2,1
188,3,50,1,1,2,1,0,4,2,1
123,14,24,0,0,0,0,0,0,1,1
91,12,23,0,0,2,1,0,0,1,1
161,16,33,1,1,2,1,0,1,2,1
84,19,15,0,0,0,0,0,1,2,1
819,2,161,0,0,0,0,0,13,0,1
286,39,39,0,0,0,0,0,3,0,1
91,19,17,0,0,0,0,0,0,2,1
112,6,18,0,0,0,0,0,0,1,1
105,20,18,0,0,0,0,0,2,2,1
282,22,94,0,0,0,0,0,5,1,1
87,19,16,0,0,0,0,0,0,2,1
242,42,36,0,0,0,0,0,4,0,1
201,27,41,1,1,1,1,0,1,2,1
38,5,6,0,0,0,0,0,2,0,1
64,0,13,0,0,0,0,0,0,2,1
237,43,37,0,0,0,0,0,2,0,1
181,2,48,1,1,2,1,0,0,2,1
86,10,14,0,0,0,0,0,1,1,1
110,0,23,0,0,0,0,0,2,0,1
111,6,18,0,0,0,0,0,0,1,1
75,20,13,0,0,0,0,0,0,2,1
38,5,6,0,0,0,0,0,2,0,1
94,20,18,0,0,0,0,0,0,2,1
36,0,10,2,2,2,1,0,0,0,1
169,30,38,1,1,2,1,0,0,1,1
33,5,4,0,0,0,0,0,1,0,1
38,5,6,0,0,0,0,0,2,0,1
86,7,24,0,0,0,1,0,1,1,1
171,2,50,1,1,2,1,0,0,2,1
86,19,16,0,0,0,0,0,1,2,1
90,19,17,0,0,0,0,0,0,2,1
342,1,76,0,0,0,0,0,3,0,1
205,33,44,1,1,1,1,0,1,1,1
108,0,28,0,0,2,1,0,0,2,1
106,20,20,0,0,0,0,0,1,2,1
704,0,148,0,0,0,0,0,12,0,1
121,13,29,1,1,0,1,0,2,1,1
245,42,35,0,0,0,0,0,1,0,1
119,7,18,0,0,0,0,0,1,1,1
100,20,17,0,0,0,0,0,0,2,1
82,5,18,0,0,0,0,0,0,3,1
170,20,40,1,1,2,1,0,0,2,1
159,2,41,1,1,2,1,0,1,1,1
179,2,48,1,1,2,1,0,2,1,1
59,1,8,0,0,0,0,0,0,0,1
82,20,15,0,0,0,0,0,0,2,1
188,3,21,1,1,1,0,0,0,2,1
189,3,36,1,1,0,1,0,1,2,1
119,20,23,0,0,0,0,0,1,2,1
436,65,95,4,4,2,1,0,5,4,1
52,0,10,0,0,0,0,0,0,0,1
127,6,31,0,0,2,1,0,1,1,1
424,1,94,0,0,0,0,0,3,0,1
147,10,30,1,1,1,1,0,0,2,1
118,0,29,0,0,2,1,0,0,2,1
115,19,20,0,0,0,0,0,1,2,1
77,20,14,0,0,0,0,0,0,2,1
58,2,8,0,0,0,0,0,0,0,1
2546,6,525,0,0,0,0,0,33,0,1
100,20,17,0,0,0,0,0,0,2,1
123,14,24,0,0,0,0,0,0,1,1
240,41,38,0,0,0,0,0,1,0,1
1029,0,227,0,0,0,0,0,10,0,1
301,47,43,0,0,0,0,0,1,1,1
38,0,13,1,1,0,1,0,0,0,1
110,2,30,0,0,3,1,0,1,2,1
404,0,84,0,0,0,0,0,5,0,1
123,1,34,1,1,1,1,0,0,2,1
309,44,46,0,0,0,0,0,5,1,1
92,14,18,0,0,2,1,0,0,1,1
123,14,24,0,0,0,0,0,0,1,1
105,0,28,0,0,2,1,0,0,2,1
35,7,8,0,0,0,0,0,0,0,1
60,2,9,0,0,0,0,0,0,0,1
86,0,22,0,0,0,0,0,1,3,1
72,0,14,0,0,0,0,0,1,4,1
99,20,19,0,0,0,0,0,1,2,1
223,20,48,1,1,2,1,0,1,2,1
257,14,60,2,2,0,0,0,0,2,1
87,19,17,0,0,0,0,0,0,2,1
585,9,124,0,0,0,0,0,9,0,1
467,0,98,0,0,0,0,0,5,0,1
775,4,160,0,0,0,0,0,9,0,1
190,2,49,1,1,2,1,0,0,2,1
116,0,29,0,0,2,1,0,0,2,1
103,20,17,0,0,0,0,0,0,2,1
607,4,119,0,0,0,0,0,11,0,1
93,20,17,0,0,0,0,0,0,2,1
753,2,162,0,0,0,0,0,5,0,1
134,0,106,2,2,2,0,0,0,0,1
119,20,23,0,0,0,0,0,1,2,1
91,10,16,0,0,0,0,0,2,1,1
142,21,29,1,1,2,1,0,1,2,1
105,20,17,0,0,0,0,0,1,2,1
116,25,23,0,0,0,0,0,0,2,1
2019,16,430,0,0,0,0,0,29,0,1
117,19,25,1,1,2,1,0,1,1,1
264,44,58,2,2,3,1,0,1,1,1
54,1,8,0,0,0,0,0,0,0,1
83,20,17,0,0,0,0,0,0,2,1
477,4,99,0,0,0,0,0,5,0,1
78,20,13,0,0,0,0,0,1,2,1
153,11,34,1,1,3,0,0,0,3,1
2623,25,933,7,2,0,0,0,15,0,1
246,36,32,0,0,0,0,0,2,0,1
110,7,18,0,0,0,0,0,0,1,1
170,2,46,1,1,2,1,0,2,1,1
110,6,19,0,0,0,0,0,0,1,1
90,20,16,0,0,0,0,0,0,2,1
191,8,59,3,3,3,0,0,0,0,1
269,16,61,2,2,0,0,0,0,4,1
123,14,24,0,0,0,0,0,0,1,1
3922,23,1529,1,3,1,0,0,33,3,1
249,38,36,0,0,0,0,0,2,0,1
43,2,12,2,3,3,1,0,0,0,1
806,7,184,0,0,0,0,0,20,0,1
94,3,25,0,0,0,1,0,1,1,1
81,19,15,0,0,0,0,0,0,2,1
87,20,18,0,0,0,0,0,0,2,1
120,12,22,0,0,0,0,0,0,1,1
99,20,18,0,0,0,0,0,1,2,1
424,182,134,3,3,0,0,0,2,1,1
175,2,48,1,1,2,1,0,2,2,1
111,6,18,0,0,0,0,0,0,1,1
102,20,20,0,0,0,0,0,1,2,1
1427,12,297,0,0,0,0,0,22,0,1
10640,26,3183,3,3,4,0,0,68,0,1
1036,10,195,0,0,0,0,0,14,0,1
97,20,18,0,0,0,0,0,1,2,1
444,4,100,0,0,0,0,0,6,0,1
45,8,8,0,0,0,0,0,0,0,1
628,11,143,0,0,0,0,0,6,0,1
1713,0,361,0,0,0,0,0,27,0,1
248,14,60,2,2,0,0,0,1,2,1
101,0,22,2,2,2,0,0,0,0,1
497,11,106,0,0,0,0,0,5,0,1
727,0,149,0,0,0,0,0,9,0,1
114,3,29,0,0,2,1,0,0,2,1
20,0,3,0,0,0,0,0,0,0,1
99,11,19,0,0,2,1,0,0,1,1
153,11,42,1,1,0,0,0,3,1,1
97,20,17,0,0,0,0,0,0,2,1
98,0,27,0,0,2,1,0,0,2,1
288,7,63,0,0,0,0,0,4,0,1
196,18,42,1,1,1,0,0,1,2,1
36,0,6,0,0,0,0,0,1,0,1
128,10,33,0,0,2,1,0,0,2,1
33,5,4,0,0,0,0,0,1,0,1
110,0,30,0,0,2,1,0,0,2,1
100,9,18,0,0,2,1,0,0,2,1
149,1,36,1,1,2,1,0,0,1,1
51,2,17,1,1,0,0,0,1,0,1
1205,0,245,0,0,0,0,0,24,0,1
108,19,25,1,1,1,1,0,0,1,1
117,7,20,0,0,0,0,0,0,1,1
152,23,40,1,1,3,1,0,0,2,1
226,39,33,0,0,0,0,0,3,0,1
318,49,46,0,0,0,0,0,2,1,1
86,10,14,0,0,0,0,0,1,1,1
91,10,16,0,0,0,0,0,2,1,1
112,11,18,0,0,0,0,0,0,1,1
446,0,92,0,0,0,0,0,7,0,1
107,0,25,0,0,2,1,0,1,2,1
330,2,99,7,7,2,0,0,2,0,1
176,3,49,1,1,2,1,0,0,2,1
187,2,50,1,1,2,1,0,0,2,1
328,6,79,2,2,8,2,0,1,2,1
148,10,40,1,1,2,1,0,0,2,1
319,35,69,2,2,0,0,0,1,1,1
38,5,6,0,0,0,0,0,2,0,1
115,6,18,0,0,0,0,0,0,1,1
649,3,138,0,0,0,0,0,11,0,1
124,15,24,0,0,0,0,0,0,1,1
152,15,34,1,1,2,1,0,1,2,1
52,2,8,0,0,0,0,0,0,0,1
338,0,63,0,0,0,0,0,3,0,1
814,3,177,0,0,0,0,0,8,0,1
2451,8,518,0,0,0,0,0,26,0,1
92,20,15,0,0,0,0,0,0,2,1
58,3,22,1,1,0,0,1,1,0,1
146,2,33,1,1,2,1,0,1,1,1
515,0,95,0,0,0,0,0,10,0,1
106,3,27,0,0,2,1,0,0,2,1
113,20,17,0,0,0,0,0,1,2,1
1077,0,229,0,0,0,0,0,19,0,1
149,11,36,1,1,2,1,0,2,1,1
306,46,47,0,0,0,0,0,2,1,1
299,44,43,0,0,0,0,0,3,1,1
99,20,17,0,0,0,0,0,0,2,1
81,20,15,0,0,0,0,0,0,2,1
80,20,14,0,0,0,0,0,0,2,1
261,41,35,0,0,0,0,0,2,0,1
93,9,31,3,3,2,1,0,0,0,1
99,20,21,0,0,0,0,0,0,2,1
107,21,18,0,0,0,0,0,0,2,1
94,20,15,0,0,0,0,0,0,2,1
262,15,63,2,2,2,1,0,0,2,1
229,39,33,0,0,0,0,0,1,0,1
146,15,35,1,1,0,1,0,0,2,1
684,9,142,0,0,0,0,0,6,0,1
448,2,94,0,0,0,0,0,8,0,1
1812,10,354,0,0,0,0,0,45,0,1
100,20,17,0,0,0,0,0,0,2,1
124,8,19,0,0,0,0,0,0,1,1
280,46,48,0,0,0,0,0,3,0,1
119,8,31,0,0,2,1,0,0,2,1
244,42,36,0,0,0,0,0,3,0,1
240,38,32,0,0,0,0,0,1,0,1
175,13,33,1,1,2,1,0,2,1,1
804,1,170,0,0,0,0,0,17,0,1
524,135,112,4,4,3,5,0,2,3,1
98,20,17,0,0,0,0,0,0,2,1
88,20,15,0,0,0,0,0,1,2,1
213,22,55,2,3,2,1,0,0,1,1
119,11,22,0,0,0,0,0,0,1,1
109,3,24,0,0,0,0,0,2,0,1
166,2,42,1,1,1,1,0,0,2,1
855,5,186,0,0,0,0,0,13,0,1
91,7,18,0,0,2,1,0,1,1,1
83,2,22,2,3,2,1,0,1,2,1
38,5,6,0,0,0,0,0,2,0,1
132,19,29,1,1,0,0,0,1,2,1
1111,3,244,0,0,0,0,0,8,0,1
97,20,18,0,0,0,0,0,0,2,1
1079,1,241,0,0,0,0,0,10,0,1
201,21,44,1,1,3,1,0,0,2,1
82,19,14,0,0,0,0,0,0,2,1
38,5,6,0,0,0,0,0,2,0,1
125,22,25,0,0,2,1,0,0,0,1
84,22,15,0,0,0,0,0,1,2,1
81,19,14,0,0,0,0,0,0,2,1
94,20,17,0,0,0,0,0,1,2,1
111,6,18,0,0,0,0,0,1,1,1
78,1,22,0,0,0,1,0,2,1,1
120,4,31,0,0,2,1,0,0,2,1
113,17,27,1,1,2,1,0,1,2,1
490,1,93,0,0,0,0,0,7,0,1
209,2,41,0,0,0,0,0,5,0,1
116,20,23,0,0,0,0,0,0,2,1
267,3,81,1,1,4,2,0,0,2,1
152,15,35,1,1,2,1,0,0,2,1
110,9,20,1,1,1,1,0,0,2,1
121,13,22,0,0,0,0,0,0,1,1
66,4,20,2,2,2,0,0,0,1,1
231,30,48,2,2,4,1,0,0,3,1
177,39,43,1,1,0,1,0,2,1,1
91,20,17,0,0,0,0,0,0,2,1
597,3,123,0,0,0,0,0,8,0,1
133,10,27,1,1,1,1,0,0,1,1
1523,6,304,0,0,0,0,0,26,0,1
240,36,34,0,0,0,0,0,3,0,1
56,2,8,0,0,0,0,0,1,0,1
557,4,111,0,0,0,0,0,10,0,1
1165,0,227,0,0,0,0,0,16,0,1
117,0,32,0,0,2,1,0,0,2,1
136,5,26,1,1,2,0,0,2,3,1
114,9,27,1,1,0,0,0,0,4,1
320,45,83,3,3,2,4,0,0,1,1
169,2,42,1,1,2,1,0,1,3,1
335,48,51,0,0,0,0,0,1,1,1
196,11,46,1,1,2,1,0,0,2,1
91,20,15,0,0,0,0,0,0,2,1
78,2,13,0,0,1,1,0,2,1,1
142,16,31,1,1,2,0,0,2,2,1
263,37,38,0,0,0,0,0,1,0,1
182,3,48,1,1,2,1,0,1,2,1
165,0,27,0,0,0,0,0,1,0,1
86,20,16,0,0,0,0,0,0,2,1
482,104,67,4,4,1,1,0,6,2,1
1348,9,288,0,0,0,0,0,21,0,1
33,5,4,0,0,0,0,0,1,0,1
101,20,18,0,0,0,0,0,0,2,1
517,70,123,4,4,5,3,0,3,4,1
138,2,42,1,1,2,1,0,0,2,1
108,0,25,0,0,2,1,0,0,2,1
95,5,29,0,0,2,1,0,0,1,1
142,18,31,1,1,2,1,0,0,1,1
859,0,191,0,0,0,0,0,10,0,1
33,5,4,0,0,0,0,0,1,0,1
314,45,49,0,0,0,0,0,3,1,1
38,5,6,0,0,0,0,0,2,0,1
148,20,32,1,1,2,1,0,0,2,1
408,66,91,3,3,4,2,0,1,2,1
144,3,33,1,1,2,1,0,0,2,1
218,0,48,0,0,0,0,0,5,0,1
302,39,41,0,0,0,0,0,4,1,1
88,1,25,0,0,2,1,0,0,2,1
498,0,104,0,0,0,0,0,7,0,1
502,2,92,0,0,0,0,0,9,0,1
228,6,47,0,0,0,0,0,2,0,1
128,0,29,1,1,1,1,0,0,2,1
89,20,17,0,0,0,0,0,0,2,1
450,0,87,0,0,0,0,0,3,0,1
2966,14,624,0,0,0,0,0,52,0,1
115,7,19,0,0,0,0,0,0,1,1
60,6,17,0,0,0,1,1,1,1,1
1576,10,324,0,0,0,0,0,15,0,1
767,2,148,0,0,0,0,0,12,0,1
1030,2,192,0,0,0,0,0,24,0,1
38,5,6,0,0,0,0,0,2,0,1
85,1,25,0,0,2,1,0,0,2,1
116,11,18,0,0,0,0,0,0,1,1
1232,8,257,0,0,0,0,0,15,0,1
304,47,47,0,0,0,0,0,2,1,1
91,20,16,0,0,0,0,0,0,2,1
671,1,133,0,0,0,0,0,9,0,1
324,5,62,0,0,0,0,0,4,0,1
2976,10,628,0,0,0,0,0,55,0,1
810,0,162,0,0,0,0,0,15,0,1
187,2,50,1,1,2,1,0,1,2,1
95,5,29,0,0,2,1,0,0,1,1
87,20,15,0,0,0,0,0,0,2,1
78,19,14,0,0,0,0,0,1,2,1
114,12,23,1,1,2,1,0,0,1,1
422,1,92,0,0,0,0,0,8,0,1
104,20,19,0,0,0,0,0,3,2,1
108,3,26,0,0,2,1,0,1,1,1
93,8,18,0,0,0,0,0,0,1,1
909,8,189,0,0,0,0,0,17,0,1
57,2,16,2,2,3,1,0,0,0,1
120,12,22,0,0,0,0,0,0,1,1
81,0,22,0,0,0,1,0,0,1,1
251,38,53,2,2,0,0,0,3,1,1
101,20,18,0,0,0,0,0,0,2,1
28628,137,8763,163,156,0,0,1,173,4,1
111,32,34,1,1,0,0,0,0,2,1
91,19,17,0,0,0,0,0,0,2,1
100,10,18,0,0,2,1,0,0,1,1
2903,4,617,0,0,0,0,0,33,0,1
119,0,28,0,0,2,1,0,0,2,1
132,20,22,0,0,0,0,0,2,2,1
109,14,23,1,1,1,1,0,1,1,1
318,90,68,2,2,2,1,0,0,3,1
82,21,16,0,0,0,0,0,0,2,1
233,40,32,0,0,0,0,0,3,0,1
80,20,14,0,0,0,0,0,0,2,1
129,10,30,2,2,3,0,0,2,1,1
111,20,22,0,0,0,0,0,0,2,1
71,20,14,0,0,0,0,0,0,2,1
190,30,41,1,1,2,1,0,1,2,1
2139,17,662,4,4,0,0,0,3,0,1
1741,7,368,0,0,0,0,0,24,0,1
998,3,289,0,1,0,0,0,7,0,1
968,0,198,0,0,0,0,0,10,0,1
114,19,18,0,0,0,0,0,2,2,1
247,41,34,0,0,0,0,0,2,0,1
1845,12,399,0,0,0,0,0,8,0,1
201,13,44,1,1,2,1,0,3,2,1
119,0,32,0,0,2,1,0,1,2,1
116,12,22,0,0,0,0,0,0,1,1
1141,5,212,0,0,0,0,0,12,0,1
380,0,73,0,0,0,0,0,5,0,1
129,2,32,1,1,1,1,0,1,2,1
157,1,35,1,1,2,0,0,2,2,1
114,5,26,1,1,1,0,0,0,3,1
95,20,17,0,0,0,0,0,0,2,1
423,2,82,0,0,0,0,0,6,0,1
38,5,6,0,0,0,0,0,2,0,1
309,53,48,0,0,0,0,0,3,1,1
114,6,18,0,0,0,0,0,0,1,1
260,42,39,0,0,0,0,0,2,0,1
116,12,22,0,0,0,0,0,0,1,1
118,13,18,0,0,0,0,0,0,1,1
171,2,47,1,1,2,1,0,1,2,1
121,1,29,0,0,2,1,0,0,2,1
141,0,36,1,1,2,1,0,1,2,1
91,10,16,0,0,0,0,0,2,1,1
85,4,17,0,0,2,1,0,0,1,1
81,20,14,0,0,0,0,0,0,2,1
155,0,35,1,1,1,1,0,2,2,1
1443,0,287,0,0,0,0,0,26,0,1
241,38,34,0,0,0,0,0,3,0,1
128,5,26,1,1,2,0,0,1,3,1
86,10,14,0,0,0,0,0,1,1,1
106,20,18,0,0,0,0,0,0,2,1
138,8,29,1,1,1,1,0,0,2,1
82,20,15,0,0,0,0,0,1,2,1
355,46,73,3,3,2,1,0,3,3,1
68,11,34,0,0,0,0,0,0,0,1
1892,9,404,0,0,0,0,0,28,0,1
47,8,11,0,0,0,0,0,0,0,1
51,1,8,0,0,0,0,0,0,0,1
66,0,18,4,5,3,1,0,0,0,1
97,10,19,0,0,2,1,0,0,2,1
24,0,4,0,0,0,0,0,0,0,1
28947,3054,4154,3,5,3,0,0,79,62,1
611,0,127,0,0,0,0,0,9,0,1
113,6,23,1,1,2,1,0,1,2,1
38,5,6,0,0,0,0,0,2,0,1
120,13,25,1,1,2,1,0,0,1,1
91,10,16,0,0,0,0,0,2,1,1
104,20,18,0,0,0,0,0,0,2,1
92,19,16,0,0,0,0,0,0,2,1
86,10,14,0,0,0,0,0,1,1,1
95,2,27,0,0,2,1,0,0,2,1
109,5,26,0,0,2,1,0,1,1,1
91,10,16,0,0,0,0,0,2,1,1
87,19,15,0,0,0,0,0,0,2,1
113,6,18,0,0,0,0,0,0,1,1
890,12,265,0,0,0,0,0,11,0,1
98,20,17,0,0,0,0,0,0,2,1
98,20,17,0,0,0,0,0,1,2,1
303,42,45,0,0,0,0,0,3,1,1
85,20,16,0,0,0,0,0,0,2,1
308,2,64,0,0,0,0,0,5,0,1
168,2,47,1,1,2,1,0,2,2,1
114,15,26,1,1,2,1,0,1,1,1
3027,12,604,0,0,0,0,0,33,0,1
78,11,19,0,0,2,1,0,0,2,1
105,10,25,1,1,2,1,0,0,1,1
76,20,14,0,0,0,0,0,1,2,1
1263,9,288,0,0,0,0,0,9,0,1
66,0,17,0,0,0,1,0,0,2,1
327,47,49,0,0,0,0,0,2,1,1
95,20,17,0,0,0,0,0,0,2,1
1305,31,319,10,10,3,1,0,15,2,1
100,1,30,0,0,2,1,0,0,2,1
294,43,46,0,0,0,0,0,3,1,1
2078,7,458,0,0,0,0,0,35,0,1
69,1,26,1,2,1,1,0,0,0,1
101,20,20,0,0,0,0,0,1,2,1
265,38,35,0,0,0,0,0,3,0,1
265,39,40,0,0,0,0,0,2,0,1
262,44,39,0,0,0,0,0,2,0,1
133,6,37,1,1,2,1,0,0,2,1
85,20,16,0,0,0,0,0,0,2,1
85,20,15,0,0,0,0,0,1,2,1
94,13,21,0,0,2,1,0,0,2,1
285,0,55,0,0,0,0,0,8,0,1
114,0,31,0,0,2,1,0,1,2,1
99,19,18,0,0,0,0,0,0,2,1
80,20,15,0,0,0,0,0,1,2,1
192,2,52,1,1,2,1,0,1,2,1
189,39,43,1,1,0,1,0,6,2,1
509,4,167,1,1,0,0,0,3,4,1
79,20,15,0,0,0,0,0,0,2,1
86,20,16,0,0,0,0,0,0,2,1
192,3,44,1,1,2,1,0,1,1,1
183,3,43,1,1,2,1,0,1,2,1
98,20,17,0,0,0,0,0,0,2,1
103,19,19,0,0,0,0,0,0,2,1
94,20,18,0,0,0,0,0,0,2,1
122,22,25,0,0,0,0,0,0,2,1
112,0,28,0,0,2,1,0,1,2,1
134,25,24,0,0,0,0,0,1,2,1
747,3,157,0,0,0,0,0,13,0,1
9491,138,3378,10,11,0,0,0,145,2,1
1165,351,204,10,10,13,10,0,5,1,1
250,37,54,2,2,2,1,0,2,2,1
194,35,47,1,1,3,1,0,0,1,1
106,20,17,0,0,0,0,0,0,2,1
100,0,30,0,0,2,1,0,0,1,1
38,5,6,0,0,0,0,0,2,0,1
83,19,15,0,0,0,0,0,0,2,1
15515,57,4463,10,9,0,0,0,53,4,1
191,27,40,1,1,0,0,0,2,1,1
256,39,38,0,0,0,0,0,3,0,1
77,8,17,0,0,0,0,0,0,0,1
195,0,39,0,0,0,0,0,6,0,1
181,7,55,1,1,2,1,0,0,1,1
130,19,34,1,1,2,1,0,3,1,1
103,20,18,0,0,0,0,0,1,2,1
38,5,6,0,0,0,0,0,2,0,1
333,45,46,0,0,0,0,0,3,1,1
791,4,159,0,0,0,0,0,20,0,1
74,20,13,0,0,0,0,0,0,2,1
47,8,10,0,0,0,0,0,1,0,1
98,20,16,0,0,0,0,0,0,2,1
327,44,50,0,0,0,0,0,3,1,1
121,13,22,0,0,0,0,0,0,1,1
56,5,8,0,0,0,0,0,0,0,1
2871,5,605,0,0,0,0,0,50,0,1
294,44,44,0,0,0,0,0,4,1,1
33,5,4,0,0,0,0,0,1,0,1
561,0,110,0,0,0,0,0,7,0,1
256,41,37,0,0,0,0,0,3,0,1
159,5,42,1,1,2,1,0,0,2,1
196,2,50,1,1,2,1,0,2,2,1
64,0,9,0,0,0,0,0,1,0,1
521,5,109,0,0,0,0,0,4,0,1
95,8,22,0,0,2,1,0,0,1,1
62,7,15,0,0,0,0,0,0,0,1
84,20,14,0,0,0,0,0,0,2,1
1041,1,203,0,0,0,0,0,14,0,1
1337,12,429,0,2,0,0,0,17,0,1
80,0,14,0,0,1,1,0,1,2,1
1589,14,363,0,0,0,0,0,8,4,1
55,2,8,0,0,0,0,0,0,0,1
343,2,73,0,0,0,0,0,6,0,1
766,0,153,0,0,0,0,0,6,0,1
109,0,25,0,0,2,1,0,0,2,1
755,6,158,0,0,0,0,0,7,0,1
289,15,67,2,2,1,0,0,2,4,1
294,47,42,0,0,0,0,0,1,1,1
1182,2,243,0,0,0,0,0,15,0,1
265,41,38,0,0,0,0,0,5,0,1
63,1,21,3,2,0,1,0,0,0,1
56,1,8,0,0,0,0,0,0,0,1
296,38,67,2,2,3,2,0,3,2,1
86,20,14,0,0,0,0,0,0,2,1
556,0,119,0,0,0,0,0,6,0,1
129,19,29,1,1,0,0,0,1,1,1
123,0,30,0,0,2,1,0,1,2,1
117,0,29,0,0,2,1,0,0,2,1
301,40,46,0,0,0,0,0,1,1,1
281,44,41,0,0,0,0,0,3,1,1
88,20,15,0,0,0,0,0,0,2,1
33,5,4,0,0,0,0,0,1,0,1
299,4,59,0,0,0,0,0,4,0,1
86,10,14,0,0,0,0,0,1,1,1
153,13,31,1,1,2,1,0,1,2,1
95,5,29,0,0,2,1,0,0,1,1
50,7,10,0,0,0,0,0,0,0,1
86,10,14,0,0,0,0,0,1,1,1
31,1,10,1,0,0,1,0,0,0,1
34,1,12,1,0,0,0,0,0,0,1
77,20,14,0,0,0,0,0,0,2,1
629,0,128,0,0,0,0,0,9,0,1
124,15,24,0,0,0,0,0,0,1,1
1053,10,220,0,0,0,0,0,13,0,1
93,13,20,0,0,2,1,0,2,2,1
98,8,28,0,0,2,1,0,0,2,1
94,20,17,0,0,0,0,0,1,2,1
251,14,60,2,2,0,0,0,0,2,1
38,5,6,0,0,0,0,0,2,0,1
78,20,14,0,0,0,0,0,0,2,1
116,10,19,0,0,0,0,0,0,1,1
103,20,17,0,0,0,0,0,0,2,1
132,17,25,1,1,0,0,0,2,1,1
120,12,22,0,0,0,0,0,0,1,1
84,19,16,0,0,0,0,0,1,2,1
55,1,8,0,0,0,0,0,0,0,1
707,0,140,0,0,0,0,0,4,0,1
98,8,22,0,0,2,1,0,2,2,1
249,42,35,0,0,0,0,0,5,0,1
102,20,17,0,0,0,0,0,1,2,1
179,2,49,1,1,2,1,0,2,2,1
101,20,17,0,0,0,0,0,0,2,1
374,188,120,3,3,0,0,0,0,2,1
10099,35,3114,2,1,0,0,0,38,0,1
247,44,34,0,0,0,0,0,2,0,1
161,12,34,1,1,2,1,0,2,1,1
78,20,14,0,0,0,0,0,0,2,1
300,48,46,0,0,0,0,0,1,1,1
248,40,39,0,0,0,0,0,1,0,1
89,5,23,0,0,0,0,0,0,3,1
89,21,17,0,0,0,0,0,1,2,1
59,8,9,0,0,0,0,0,0,0,1
135,0,20,0,0,0,0,0,1,0,1
124,20,20,0,0,0,0,0,0,2,1
92,11,22,0,0,0,0,0,0,2,1
104,0,26,0,0,2,1,0,1,2,1
144,1,25,0,0,0,0,0,1,0,1
86,20,15,0,0,0,0,0,0,2,1
178,26,41,1,1,2,2,0,1,1,1
632,0,142,0,0,0,0,0,4,0,1
115,20,20,0,0,0,0,0,0,2,1
183,2,49,1,1,2,1,0,3,2,1
28830,223,10330,21,16,0,0,0,151,0,1
382,4,86,0,0,0,0,0,6,0,1
91,10,16,0,0,0,0,0,2,1,1
86,8,19,0,0,1,1,0,0,1,1
701,4,148,0,0,0,0,0,6,0,1
1033,14,244,0,0,0,0,0,12,0,1
111,12,26,1,1,0,0,0,0,1,1
87,19,16,0,0,0,0,0,0,2,1
90,20,15,0,0,0,0,0,2,2,1
117,13,22,0,0,0,0,0,0,1,1
100,20,19,0,0,0,0,0,0,2,1
295,44,44,0,0,0,0,0,1,1,1
228,0,42,0,0,0,0,0,1,0,1
82,8,16,0,0,2,1,0,1,2,1
47,2,16,1,1,1,1,0,0,0,1
77,7,20,0,0,2,1,0,0,2,1
44,7,10,0,0,0,0,0,1,0,1
105,20,16,0,0,0,0,0,0,2,1
240,20,48,0,0,2,1,0,0,3,1
111,13,27,1,1,1,1,0,1,2,1
178,2,48,1,1,2,1,0,1,2,1
102,0,26,0,0,2,1,0,0,2,1
95,19,17,0,0,0,0,0,0,2,1
155,15,44,1,1,2,1,0,0,1,1
121,13,22,0,0,0,0,0,0,1,1
7192,67,2385,2,2,0,0,0,98,3,1
1411,2,286,0,0,0,0,0,18,0,1
96,2,27,2,2,3,0,0,0,1,1
96,20,16,0,0,0,0,0,1,2,1
192,9,101,1,1,3,1,0,0,1,1
71,8,47,0,0,0,0,0,0,0,1
904,7,168,0,0,0,0,0,17,0,1
202,22,45,1,1,4,2,0,0,2,1
111,6,28,0,0,0,1,0,0,1,1
465,6,106,0,0,0,0,0,7,0,1
149,19,31,1,1,0,0,0,1,2,1
123,5,33,0,0,2,1,0,0,1,1
94,20,18,0,0,0,0,0,1,2,1
149,18,32,1,1,2,1,0,1,2,1
184,25,40,0,0,1,1,0,0,3,1
108,7,18,0,0,0,0,0,0,1,1
58,4,8,0,0,0,0,0,0,0,1
415,191,130,3,3,0,0,0,0,1,1
534,0,117,0,0,0,0,0,5,0,1
50,8,10,0,0,0,0,0,0,0,1
120,6,23,1,1,3,1,0,0,2,1
154,22,25,0,0,0,0,0,0,2,1
292,43,46,0,0,0,0,0,2,1,1
112,20,21,0,0,0,0,0,0,2,1
117,4,25,0,0,0,0,0,1,0,1
1702,16,357,0,0,0,0,0,12,0,1
257,37,36,0,0,0,0,0,1,0,1
60,3,16,2,2,3,1,1,1,0,1
100,0,25,0,0,2,1,0,0,2,1
249,43,36,0,0,0,0,0,2,0,1
41,0,6,0,0,0,0,0,0,0,1
86,10,14,0,0,0,0,0,1,1,1
116,8,19,0,0,0,0,0,0,1,1
227,32,52,1,1,2,1,0,5,2,1
38,5,6,0,0,0,0,0,2,0,1
98,9,26,0,0,2,0,0,1,2,1
114,0,27,0,0,2,1,0,0,2,1
88,11,20,0,0,2,1,0,0,1,1
109,0,30,0,0,2,1,0,1,1,1
105,2,29,0,0,2,1,0,0,2,1
84,20,14,0,0,0,0,0,1,2,1
93,23,17,0,0,0,0,0,0,2,1
165,1,26,0,0,0,0,0,5,0,1
113,6,18,0,0,0,0,0,0,1,1
960,8,193,0,0,0,0,0,18,0,1
475,2,110,0,0,0,0,0,10,0,1
1219,2,247,0,0,0,0,0,16,0,1
123,1,30,1,1,0,0,0,1,2,1
124,15,24,0,0,0,0,0,0,1,1
323,49,47,0,0,0,0,0,3,1,1
116,0,31,0,0,2,1,0,0,2,1
224,6,44,0,0,0,0,0,3,0,1
5884,13,1463,0,0,0,0,0,20,2,1
113,11,24,1,1,1,1,0,1,2,1
1985,5,416,0,0,0,0,0,21,0,1
123,11,27,1,1,3,1,0,1,1,1
54,7,11,0,0,0,0,0,0,0,1
121,2,30,2,3,2,1,0,0,2,1
140,38,23,0,0,2,1,0,0,0,1
1274,5,269,0,0,0,0,0,22,0,1
174,5,35,0,0,0,1,0,1,3,1
123,5,33,0,0,2,1,0,0,1,1
5037,24,1605,10,12,6,0,0,16,0,1
306,41,46,0,0,0,0,0,3,1,1
291,43,45,0,0,0,0,0,3,1,1
33,5,4,0,0,0,0,0,1,0,1
82,0,22,0,0,0,1,0,1,1,1
33,5,4,0,0,0,0,0,1,0,1
275,38,40,0,0,0,0,0,1,0,1
123,7,31,1,1,2,1,0,0,2,1
123,14,24,0,0,0,0,0,0,1,1
3596,9,748,0,0,0,0,0,50,0,1
110,8,27,1,1,1,0,0,0,3,1
108,20,19,0,0,0,0,0,2,2,1
2030,16,471,0,0,0,0,0,26,0,1
591,8,119,0,0,0,0,0,6,0,1
253,34,36,0,0,0,0,0,3,0,1
838,0,186,0,0,0,0,0,10,0,1
252,39,40,0,0,0,0,0,1,0,1
327,89,71,2,2,2,1,0,0,3,1
138,16,28,1,1,2,1,0,0,2,1
254,14,59,2,2,0,0,0,0,3,1
87,19,14,0,0,0,0,0,0,2,1
103,19,18,0,0,0,0,0,0,2,1
118,1,21,0,0,0,0,0,1,0,1
124,15,24,0,0,0,0,0,0,1,1
489,3,100,0,0,0,0,0,7,0,1
285,42,44,0,0,0,0,0,1,1,1
166,9,16,1,1,0,0,0,0,1,1
80,19,15,0,0,0,0,0,0,2,1
89,20,16,0,0,0,0,0,0,2,1
2359,20,476,0,0,0,0,0,46,0,1
87,9,25,2,2,3,0,0,0,0,1
183,4,48,1,1,2,1,0,0,2,1
104,20,17,0,0,0,0,0,0,2,1
101,0,28,0,0,2,1,0,0,2,1
424,4,87,0,0,0,0,0,9,0,1
468,9,133,0,0,0,0,0,3,4,1
510,1,100,0,0,0,0,0,6,0,1
322,0,64,0,0,0,0,0,3,0,1
55,7,8,0,0,0,0,0,0,0,1
827,5,172,0,0,0,0,0,12,0,1
1028,2,214,0,0,0,0,0,20,0,1
107,8,26,0,0,2,1,0,0,1,1
123,11,28,1,1,2,1,0,0,2,1
83,19,15,0,0,0,0,0,0,2,1
87,13,19,0,0,2,1,0,0,2,1
319,51,49,0,0,0,0,0,1,1,1
235,39,35,0,0,0,0,0,1,0,1
38,5,6,0,0,0,0,0,2,0,1
92,20,17,0,0,0,0,0,0,2,1
244,39,36,0,0,0,0,0,3,0,1
57,7,12,0,0,0,0,0,1,0,1
146,18,34,0,0,1,1,0,0,3,1
82,19,15,0,0,0,0,0,0,2,1
3522,6,914,0,0,0,0,0,8,1,1
421,5,85,0,0,0,0,0,5,0,1
336,0,61,0,0,0,0,0,10,0,1
139,33,37,1,1,0,0,0,1,2,1
109,2,30,0,0,2,1,0,0,2,1
113,7,23,1,1,2,1,0,0,1,1
38,5,6,0,0,0,0,0,2,0,1
825,0,168,0,0,0,0,0,13,0,1
85,20,17,0,0,0,0,0,0,2,1
453,4,99,0,0,0,0,0,9,0,1
126,2,32,1,1,2,1,0,2,1,1
98,22,19,0,0,0,0,0,0,2,1
95,19,17,0,0,0,0,0,2,2,1
92,20,15,0,0,0,0,0,0,2,1
243,35,33,0,0,0,0,0,1,0,1
163,1,40,1,1,2,1,0,0,2,1
38,5,6,0,0,0,0,0,2,0,1
548,0,115,0,0,0,0,0,7,0,1
742,0,158,0,0,0,0,0,8,0,1
136,2,35,1,1,1,1,0,1,2,1
120,0,29,0,0,2,1,0,0,2,1
48,8,9,0,0,0,0,0,0,0,1
151,16,38,1,1,2,1,0,0,1,1
644,6,135,0,0,0,0,0,13,0,1
141,3,32,1,1,1,1,0,2,3,1
894,6,173,0,0,0,0,0,12,0,1
225,58,33,2,2,2,1,0,0,3,1
96,20,17,0,0,0,0,0,0,2,1
424,11,288,4,4,2,1,0,1,2,1
176,1,47,1,1,1,1,0,0,2,1
418,191,130,3,3,0,0,0,0,1,1
1002,0,199,0,0,0,0,0,7,0,1
474,29,92,3,3,2,1,0,9,3,1
93,20,18,0,0,0,0,0,0,2,1
80,20,14,0,0,0,0,0,1,2,1
172,5,37,1,1,2,0,0,0,2,1
1319,4,282,0,0,0,0,0,20,0,1
4439,18,1635,18,19,0,0,0,33,2,1
81,19,16,0,0,0,0,0,0,2,1
143,10,32,1,1,0,0,0,2,2,1
95,5,29,0,0,2,1,0,0,1,1
249,44,39,0,0,0,0,0,2,0,1
577,1,127,0,0,0,0,0,7,0,1
164,0,31,0,0,0,0,0,2,0,1
260,29,59,2,2,0,0,0,0,2,1
351,2,75,0,0,0,0,0,4,0,1
53,0,10,0,0,0,0,0,0,0,1
705,214,91,6,6,2,0,0,1,3,1
120,7,19,0,0,0,0,0,0,1,1
64,1,15,0,0,1,1,0,0,2,1
201,27,40,1,1,2,1,0,0,1,1
89,19,17,0,0,0,0,0,0,2,1
314,44,47,0,0,0,0,0,1,1,1
109,19,20,0,0,0,0,0,0,2,1
659,3,129,0,0,0,0,0,12,0,1
232,41,34,0,0,0,0,0,3,0,1
270,111,81,2,2,0,0,0,1,1,1
37,4,6,0,0,0,0,0,2,0,1
215,30,45,2,2,2,1,0,0,1,1
310,43,47,0,0,0,0,0,2,1,1
82,19,14,0,0,0,0,0,0,2,1
95,20,16,0,0,0,0,0,0,2,1
95,21,19,0,0,0,0,0,0,2,1
82,0,18,0,0,0,0,0,0,3,1
153,15,26,1,1,2,1,0,1,2,1
327,4,71,0,0,0,0,0,7,0,1
80,19,14,0,0,0,0,0,0,2,1
118,20,19,0,0,0,0,0,0,2,1
97,0,25,0,0,2,1,0,0,1,1
689,3,142,0,0,0,0,0,7,0,1
294,0,58,0,0,0,0,0,0,0,1
52,7,11,0,0,0,0,0,1,0,1
736,13,172,0,0,0,0,0,7,0,1
90,20,15,0,0,0,0,0,0,2,1
89,20,18,0,0,0,0,0,0,2,1
275,36,36,0,0,0,0,0,6,0,1
32,4,4,0,0,0,0,0,1,0,1
1632,10,343,0,0,0,0,0,34,0,1
120,0,28,0,0,2,1,0,0,2,1
87,19,15,0,0,0,0,0,0,2,1
96,26,19,0,0,0,0,0,1,2,1
112,16,27,1,1,1,1,0,0,2,1
3715,6,782,0,0,0,0,0,38,0,1
180,4,48,1,1,2,1,0,0,2,1
730,9,149,0,0,0,0,0,11,0,1
129,3,34,0,0,2,1,0,2,2,1
86,20,15,0,0,0,0,0,0,2,1
770,0,151,0,0,0,0,0,14,0,1
106,0,28,0,0,2,1,0,0,2,1
1013,16,313,2,0,0,0,0,9,0,1
218,18,46,2,2,2,0,0,1,2,1
109,1,35,2,2,2,1,0,1,0,1
77,8,18,0,0,2,1,0,0,2,1
123,19,22,0,0,0,0,0,1,2,1
74,0,18,0,0,0,0,0,1,3,1
87,20,16,0,0,0,0,0,0,2,1
184,3,44,1,1,2,1,0,1,2,1
317,45,48,0,0,0,0,0,1,1,1
239,35,32,0,0,0,0,0,4,0,1
82,19,15,0,0,0,0,0,0,2,1
106,0,29,0,0,0,0,0,1,3,1
170,2,41,1,1,2,1,0,1,3,1
303,48,44,0,0,0,0,0,1,1,1
101,15,23,0,0,2,1,0,0,2,1
253,14,59,2,2,0,0,0,0,3,1
102,16,23,0,0,2,1,0,0,2,1
71,0,12,0,0,0,0,0,1,0,1
84,20,15,0,0,0,0,0,0,2,1
90,7,18,0,0,2,1,0,1,1,1
244,7,68,0,0,0,0,0,0,1,1
99,20,22,0,0,2,1,0,0,1,1
98,10,26,0,0,2,1,0,0,1,1
69,8,14,0,0,0,0,0,0,0,1
93,20,16,0,0,0,0,0,0,2,1
106,0,22,0,0,0,0,0,4,0,1
116,5,28,1,1,1,1,0,0,1,1
77,20,14,0,0,0,0,0,0,2,1
86,10,14,0,0,0,0,0,1,1,1
102,20,19,0,0,0,0,0,1,2,1
87,20,16,0,0,0,0,0,0,2,1
91,10,16,0,0,0,0,0,2,1,1
114,20,19,0,0,0,0,0,0,2,1
79,14,16,0,0,0,0,0,0,1,1
152,4,31,1,1,2,1,0,2,2,1
88,20,16,0,0,0,0,0,0,2,1
124,15,24,0,0,0,0,0,0,1,1
2696,2,568,0,0,0,0,0,32,0,1
124,15,24,0,0,0,0,0,0,1,1
166,2,47,1,1,2,1,0,1,2,1
92,19,17,0,0,0,0,0,0,2,1
155,2,34,1,1,2,1,0,0,1,1
124,0,31,0,0,2,1,0,1,2,1
59,3,8,0,0,0,0,0,1,0,1
660,7,132,0,0,0,0,0,9,0,1
1682,12,378,0,0,0,0,0,25,0,1
93,19,15,0,0,0,0,0,0,2,1
38,5,6,0,0,0,0,0,2,0,1
96,0,27,0,0,2,1,0,0,1,1
1118,0,239,0,0,0,0,0,11,0,1
276,47,40,0,0,0,0,0,4,0,1
609,0,130,0,0,0,0,0,11,0,1
91,23,17,0,0,0,0,0,0,2,1
132,10,30,1,1,2,0,0,0,2,1
120,13,25,1,1,2,1,0,0,1,1
185,4,50,1,1,2,1,0,0,2,1
181,9,45,1,1,2,0,0,2,1,1
49,1,8,0,0,0,0,0,1,0,1
116,8,30,1,1,1,0,0,0,2,1
111,11,23,0,0,2,1,0,0,2,1
125,0,31,1,1,2,1,0,0,2,1
38,5,6,0,0,0,0,0,2,0,1
133,17,33,1,1,1,1,0,0,1,1
113,20,19,0,0,0,0,0,0,2,1
144,13,33,1,1,2,1,0,0,3,1
64,1,14,0,0,1,1,0,1,2,1
122,0,33,0,0,0,0,0,0,3,1
200,31,37,1,1,0,0,0,0,3,1
789,23,171,0,0,0,0,0,10,0,1
105,0,22,2,2,2,0,0,2,0,1
38,8,8,0,0,0,0,0,0,0,1
464,11,93,0,0,0,0,0,7,0,1
175,4,47,1,1,2,1,0,0,2,1
79,19,13,0,0,0,0,0,0,2,1
77,20,13,0,0,0,0,0,0,2,1
87,20,16,0,0,0,0,0,0,2,1
175,33,41,1,1,2,0,0,1,2,1
86,10,14,0,0,0,0,0,1,1,1
112,0,28,0,0,2,1,0,2,2,1
201,1,40,0,0,0,0,0,5,0,1
99,20,19,0,0,0,0,0,3,2,1
72,2,19,1,1,1,1,0,1,0,1
96,20,19,0,0,0,0,0,1,2,1
121,1,32,0,0,2,1,0,0,1,1
109,9,20,0,0,0,0,0,0,3,1
93,20,17,0,0,0,0,0,0,2,1
1747,9,356,0,0,0,0,0,25,0,1
64,3,13,1,1,1,0,0,0,0,1
34,1,10,2,2,0,1,0,0,0,1
201,35,49,1,1,0,0,1,2,2,1
160,4,39,1,1,3,1,0,0,2,1
117,0,27,0,0,2,1,0,0,2,1
5481,19,1769,13,13,0,0,0,78,0,1
1382,10,271,0,0,0,0,0,14,0,1
115,6,18,0,0,0,0,0,0,1,1
97,20,17,0,0,0,0,0,0,2,1
297,41,44,0,0,0,0,0,1,1,1
171,2,48,1,1,2,1,0,1,2,1
611,0,119,0,0,0,0,0,6,0,1
924,10,179,0,0,0,0,0,18,0,1
201,27,40,1,1,2,1,0,0,1,1
106,0,30,0,0,2,1,0,0,2,1
105,4,25,0,0,0,1,0,0,2,1
102,20,18,0,0,0,0,0,1,2,1
56,6,8,0,0,0,0,0,0,0,1
33,5,4,0,0,0,0,0,1,0,1
520,48,113,4,4,3,5,0,0,2,1
108,0,26,0,0,2,1,0,0,2,1
87,20,15,0,0,0,0,0,1,2,1
44,7,9,0,0,0,0,0,0,0,1
121,14,29,1,1,2,1,0,0,1,1
85,20,15,0,0,0,0,0,0,2,1
1822,18,409,0,0,0,0,0,27,0,1
94,7,21,0,0,2,1,0,0,2,1
126,20,29,1,1,2,1,0,1,1,1
389,3,78,0,0,0,0,0,7,0,1
145,2,38,1,1,3,1,0,1,2,1
125,15,26,1,1,2,1,0,0,1,1
214,29,49,2,2,0,1,1,2,2,1
91,10,16,0,0,0,0,0,2,1,1
108,19,19,0,0,0,0,0,0,2,1
309,55,49,0,0,0,0,0,1,1,1
386,1,78,0,0,0,0,0,5,0,1
53,1,9,0,0,0,0,0,0,0,1
155,1,33,1,1,2,1,0,1,2,1
89,12,22,0,0,2,1,0,1,2,1
238,39,35,0,0,0,0,0,2,0,1
1727,4,388,0,0,0,0,0,19,0,1
164,0,37,1,1,2,1,0,2,2,1
38,5,6,0,0,0,0,0,2,0,1
1693,8,348,0,0,0,0,0,30,0,1
94,20,17,0,0,0,0,0,0,2,1
106,1,26,0,0,2,1,0,0,2,1
820,0,170,0,0,0,0,0,14,0,1
95,20,17,0,0,0,0,0,0,2,1
452,3,89,0,0,0,0,0,9,0,1
148,0,34,1,1,2,1,0,1,2,1
91,20,17,0,0,0,0,0,1,2,1
124,3,30,0,0,2,1,0,0,2,1
888,0,184,0,0,0,0,0,13,0,1
604,1,128,0,0,0,0,0,9,0,1
900,9,197,0,0,0,0,0,14,0,1
687,6,154,0,0,0,0,0,9,0,1
86,20,15,0,0,0,0,0,1,2,1
85,20,15,0,0,0,0,0,1,2,1
123,23,23,0,0,0,0,0,1,2,1
111,8,29,1,1,1,0,0,0,2,1
203,2,54,1,1,1,1,0,0,1,1
80,1,22,0,0,2,1,0,0,2,1
51,0,8,0,0,0,0,0,0,0,1
115,20,22,0,0,0,0,0,2,2,1
99,0,26,0,0,2,1,0,1,1,1
124,22,24,0,0,0,0,0,0,2,1
96,20,16,0,0,0,0,0,0,2,1
103,0,26,0,0,2,1,0,0,2,1
142,0,33,1,1,2,1,0,0,1,1
285,42,42,0,0,0,0,0,1,1,1
163,34,35,1,1,1,1,0,0,1,1
421,140,60,3,3,9,5,0,0,1,1
95,8,19,0,0,2,1,0,3,1,1
1456,7,304,0,0,0,0,0,23,0,1
617,0,111,0,0,0,0,0,12,0,1
113,1,30,0,0,3,1,0,1,2,1
155,32,35,1,1,2,1,0,0,1,1
1347,4,292,0,0,0,0,0,25,0,1
825,2,182,0,0,0,0,0,9,0,1
96,19,17,0,0,0,0,0,0,2,1
62,0,10,0,0,0,0,0,0,0,1
88,20,17,0,0,0,0,0,0,2,1
243,38,36,0,0,0,0,0,2,0,1
99,20,17,0,0,0,0,0,2,2,1
87,20,15,0,0,0,0,0,2,2,1
188,0,39,1,1,2,1,0,3,1,1
109,20,19,0,0,0,0,0,0,2,1
91,10,16,0,0,0,0,0,2,1,1
127,0,30,0,0,2,1,0,0,2,1
112,19,19,0,0,0,0,0,0,2,1
142,0,34,1,1,2,1,0,4,2,1
303,44,44,0,0,0,0,0,1,1,1
258,37,35,0,0,0,0,0,1,0,1
97,20,17,0,0,0,0,0,1,2,1
131,12,37,2,2,0,0,0,2,0,1
150,1,37,1,1,2,1,0,2,2,1
2298,3,490,0,0,0,0,0,36,0,1
367,152,109,3,3,0,0,0,0,2,1
36,0,8,0,0,0,0,0,0,0,1
97,0,25,0,0,2,1,0,0,1,1
176,16,35,1,1,1,0,0,3,3,1
96,19,17,0,0,0,0,0,1,2,1
142,17,30,1,1,2,0,0,2,2,1
149,15,35,1,1,1,1,0,1,2,1
259,44,37,0,0,0,0,0,3,0,1
742,0,159,0,0,0,0,0,4,0,1
164,2,50,1,1,2,1,0,0,2,1
60,10,15,0,0,0,0,0,2,0,1
111,0,30,0,0,2,1,0,0,2,1
125,0,29,1,1,2,1,0,0,2,1
122,1,31,0,0,2,1,0,1,2,1
78,20,15,0,0,0,0,0,0,2,1
42,6,10,0,0,0,0,0,1,0,1
50,8,13,0,0,0,0,0,0,0,1
90,20,16,0,0,0,0,0,0,2,1
234,41,33,0,0,0,0,0,3,0,1
394,3,88,0,0,0,0,0,5,0,1
170,2,49,1,1,2,1,0,0,2,1
546,13,114,0,0,0,0,0,6,0,1
91,20,16,0,0,0,0,0,0,2,1
119,20,22,0,0,0,0,0,2,2,1
312,45,47,0,0,0,0,0,3,1,1
87,15,19,0,0,2,1,0,0,2,1
538,0,109,0,0,0,0,0,6,0,1
80,20,15,0,0,0,0,0,0,2,1
95,14,20,0,0,2,1,0,0,1,1
116,12,22,0,0,0,0,0,0,1,1
97,19,18,0,0,0,0,0,0,2,1
132,2,31,1,1,2,1,0,0,2,1
1526,8,323,0,0,0,0,0,26,0,1
231,79,65,2,2,0,0,0,1,2,1
88,7,21,0,0,2,1,0,0,2,1
91,20,16,0,0,0,0,0,0,2,1
81,19,16,0,0,0,0,0,0,2,1
195,1,50,4,4,0,0,0,0,0,1
116,12,22,0,0,0,0,0,0,1,1
103,4,26,0,0,2,1,0,0,2,1
91,10,16,0,0,0,0,0,2,1,1
170,17,33,1,1,3,1,0,0,2,1
291,43,41,0,0,0,0,0,1,1,1
342,3,69,0,0,0,0,0,7,0,1
65,1,13,0,0,1,1,0,1,1,1
171,22,38,1,1,2,1,0,1,2,1
121,0,33,0,0,2,1,0,1,1,1
1343,6,298,0,0,0,0,0,13,0,1
3240,13,919,1,1,1,0,0,24,0,1
386,71,70,3,3,0,0,0,2,4,1
33,5,4,0,0,0,0,0,1,0,1
104,20,19,0,0,0,0,0,0,2,1
74,8,17,0,0,0,0,0,0,0,1
132,16,31,1,1,2,1,0,0,2,1
111,41,23,1,1,1,1,0,0,2,1
1000,3,213,0,0,0,0,0,9,0,1
126,0,34,0,0,1,0,0,0,3,1
109,1,25,0,0,2,1,0,0,2,1
91,10,16,0,0,0,0,0,2,1,1
462,6,86,0,0,0,0,0,9,0,1
84,20,14,0,0,0,0,0,0,2,1
145,2,30,1,1,2,1,0,0,1,1
141,10,34,1,1,2,1,0,0,2,1
85,20,16,0,0,0,0,0,0,2,1
166,27,42,1,1,2,1,0,1,2,1
111,6,18,0,0,0,0,0,0,1,1
83,3,24,0,0,2,1,0,1,2,1
119,22,18,0,0,0,0,0,1,2,1
128,12,28,1,1,2,1,0,2,1,1
42,0,13,2,2,2,0,0,0,1,1
1195,1,255,0,0,0,0,0,17,0,1
126,0,33,1,1,1,1,0,0,2,1
954,0,204,0,0,0,0,0,15,0,1
1650,27,369,0,0,0,0,0,10,0,1
122,16,29,1,1,2,1,0,0,1,1
75,20,13,0,0,0,0,0,0,2,1
460,5,100,0,0,0,0,0,8,0,1
90,21,18,0,0,0,0,0,0,2,1
92,27,18,0,0,0,0,0,1,2,1
675,0,139,0,0,0,0,0,11,0,1
109,14,23,1,1,1,1,0,1,1,1
314,44,48,0,0,0,0,0,2,1,1
163,1,35,1,1,3,0,0,1,2,1
88,19,16,0,0,0,0,0,1,2,1
243,48,53,0,0,2,1,0,1,1,1
46,0,7,0,0,0,0,0,0,0,1
109,14,23,1,1,1,1,0,1,1,1
3617,25,1043,8,0,0,0,0,11,0,1
110,0,30,0,0,2,1,0,0,2,1
115,6,18,0,0,0,0,0,0,1,1
290,42,43,0,0,0,0,0,2,1,1
890,3,183,0,0,0,0,0,12,0,1
969,2,203,0,0,0,0,0,13,0,1
139,2,32,1,1,2,1,0,0,1,1
117,22,22,0,0,0,0,0,0,2,1
385,184,120,3,3,0,0,0,0,2,1
689,0,162,0,0,0,0,0,7,0,1
116,12,22,0,0,0,0,0,0,1,1
52,2,8,0,0,0,0,0,0,0,1
95,13,22,0,0,1,0,0,0,3,1
116,10,29,1,1,2,0,0,0,2,1
99,5,22,0,0,0,1,0,1,2,1
55,8,11,0,0,0,0,0,0,0,1
98,3,27,0,0,2,1,0,2,1,1
277,46,42,0,0,0,0,0,1,1,1
102,1,24,0,0,2,1,0,1,1,1
96,20,19,0,0,0,0,0,3,2,1
106,21,20,0,0,0,0,0,0,2,1
78,20,14,0,0,0,0,0,0,2,1
103,0,29,0,0,2,1,0,0,1,1
119,8,18,0,0,0,0,0,0,1,1
116,12,22,0,0,0,0,0,0,1,1
964,1,192,0,0,0,0,0,6,0,1
193,0,42,0,0,0,0,0,0,0,1
145,1,40,1,1,2,1,0,3,1,1
92,20,16,0,0,0,0,0,0,2,1
38,5,6,0,0,0,0,0,2,0,1
253,26,58,2,2,0,0,0,0,1,1
86,20,15,0,0,0,0,0,0,2,1
8885,46,2183,11,12,0,0,0,100,7,1
92,20,18,0,0,0,0,0,0,2,1
267,1,125,52,52,1,1,0,0,0,1
134,32,22,0,0,0,0,0,1,2,1
258,14,61,2,2,0,0,0,0,2,1
121,0,32,0,0,2,1,0,1,1,1
244,36,33,0,0,0,0,0,1,0,1
45,1,8,1,1,1,1,0,0,0,1
1121,10,232,0,0,0,0,0,19,0,1
151,20,35,1,1,2,1,0,0,1,1
3541,14,1177,9,7,1,0,0,40,1,1
54,4,9,0,0,0,0,0,0,0,1
94,20,18,0,0,0,0,0,0,2,1
89,20,15,0,0,0,0,0,0,2,1
175,18,37,1,1,2,1,0,1,1,1
107,4,26,0,0,2,1,0,0,2,1
55,3,8,0,0,0,0,0,1,0,1
142,22,33,1,1,0,0,0,0,1,1
147,16,36,1,1,2,1,0,1,2,1
139,1,31,1,1,3,1,0,1,2,1
306,47,46,0,0,0,0,0,2,1,1
121,13,22,0,0,0,0,0,0,1,1
106,2,28,0,0,2,1,0,0,1,1
104,1,21,2,3,2,1,0,0,1,1
120,12,22,0,0,0,0,0,0,1,1
148,11,33,1,1,3,0,0,0,3,1
125,19,26,1,1,2,1,0,0,2,1
958,3,201,0,0,0,0,0,10,0,1
123,22,33,1,1,1,1,0,1,1,1
95,5,29,0,0,2,1,0,0,1,1
734,0,156,0,0,0,0,0,12,0,1
500,12,170,0,0,0,0,0,3,0,1
120,0,29,0,0,2,1,0,0,1,1
430,0,92,0,0,0,0,0,5,0,1
118,11,28,1,1,2,1,0,0,2,1
181,7,43,1,1,2,1,0,0,2,1
63,0,14,0,0,0,0,0,0,1,1
266,40,36,0,0,0,0,0,1,0,1
38,5,6,0,0,0,0,0,2,0,1
394,48,80,3,3,6,3,0,0,1,1
118,20,20,0,0,0,0,0,0,2,1
108,11,24,1,1,1,1,0,1,2,1
1135,1,233,0,0,1,0,0,15,0,1
54,1,8,0,0,0,0,0,0,0,1
147,17,27,0,0,3,1,0,2,2,1
107,1,25,0,0,2,1,0,0,2,1
94,0,28,0,0,2,1,0,0,1,1
27,0,6,0,0,0,0,0,1,0,1
91,10,16,0,0,0,0,0,2,1,1
983,6,217,0,0,0,0,0,9,0,1
238,77,61,2,2,0,1,0,1,1,1
100,0,25,0,0,2,1,0,0,1,1
81,20,14,0,0,0,0,0,0,2,1
235,14,60,1,1,6,1,0,0,3,1
849,4,177,0,0,0,0,0,14,0,1
9243,53,6311,2,2,0,0,0,57,3,1
96,0,28,0,0,2,1,0,0,2,1
75,19,22,0,0,0,1,1,1,2,1
101,0,23,0,0,0,0,0,0,2,1
115,5,29,0,0,2,1,0,0,2,1
111,6,18,0,0,0,0,0,0,1,1
110,20,20,0,0,0,0,0,1,2,1
123,3,31,1,1,2,1,0,1,1,1
94,20,17,0,0,0,0,0,1,2,1
184,2,47,1,1,2,1,0,2,1,1
947,4,210,0,0,0,0,0,8,0,1
120,12,22,0,0,0,0,0,0,1,1
151,3,40,1,1,2,1,0,0,1,1
88,8,18,0,0,2,1,0,1,1,1
85,20,14,0,0,0,0,0,0,2,1
549,74,115,5,5,2,1,0,7,5,1
426,34,70,3,3,0,0,0,1,3,1
255,21,52,2,2,2,1,0,1,1,1
97,20,19,0,0,0,0,0,1,2,1
95,19,17,0,0,0,0,0,0,2,1
120,20,32,1,1,2,1,0,1,1,1
61,7,13,0,0,0,0,0,0,0,1
1658,13,349,0,0,0,0,0,27,0,1
119,11,22,0,0,0,0,0,0,1,1
115,6,19,0,0,0,0,0,0,1,1
1854,9,400,0,0,0,0,0,20,0,1
87,3,27,0,0,3,1,0,0,1,1
103,20,17,0,0,0,0,0,1,2,1
111,10,26,1,1,2,1,0,0,2,1
79,20,14,0,0,0,0,0,1,2,1
89,21,16,0,0,0,0,0,2,2,1
247,39,33,0,0,0,0,0,2,0,1
91,20,16,0,0,0,0,0,1,2,1
94,0,20,0,0,0,0,0,2,0,1
313,47,50,0,0,0,0,0,1,1,1
58,0,23,2,4,2,0,0,1,1,1
130,9,33,1,1,2,1,0,0,2,1
99,19,19,0,0,0,0,0,0,2,1
38,5,6,0,0,0,0,0,2,0,1
133,0,32,2,2,2,0,0,0,0,1
95,19,17,0,0,0,0,0,1,2,1
149,0,37,1,1,3,0,0,1,3,1
86,10,14,0,0,0,0,0,1,1,1
86,10,14,0,0,0,0,0,1,1,1
539,0,112,0,0,0,0,0,8,0,1
453,0,93,0,0,0,0,0,4,0,1
455,1,94,0,0,0,0,0,11,0,1
122,20,20,0,0,0,0,0,0,2,1
80,20,15,0,0,0,0,0,1,2,1
306,43,44,0,0,0,0,0,1,1,1
90,20,16,0,0,0,0,0,1,2,1
1039,6,225,0,0,0,0,0,12,0,1
87,1,20,2,2,3,0,0,1,0,1
50,0,9,0,0,0,0,0,0,0,1
272,41,62,3,3,3,0,0,0,0,1
121,15,27,1,1,2,1,0,1,2,1
58,6,8,0,0,0,0,0,0,0,1
92,20,17,0,0,0,0,0,1,2,1
167,2,48,1,1,2,1,0,0,2,1
151,17,36,1,1,2,1,0,0,2,1
114,20,21,0,0,0,0,0,0,2,1
94,20,16,0,0,0,0,0,0,2,1
7398,28,2045,4,3,13,0,0,56,5,1
112,12,25,1,1,1,1,0,1,1,1
282,47,39,0,0,0,0,0,1,1,1
91,10,16,0,0,0,0,0,2,1,1
44,1,8,1,1,2,1,0,0,0,1
318,51,47,0,0,0,0,0,1,1,1
110,2,30,0,0,2,1,0,0,2,1
129,7,29,1,1,0,0,0,0,2,1
86,20,16,0,0,0,0,0,1,2,1
89,20,16,0,0,0,0,0,0,2,1
43,0,5,0,0,0,0,0,1,0,1
923,0,192,0,0,0,0,0,6,0,1
158,31,23,0,0,3,1,0,0,0,1
129,7,29,1,1,1,0,0,1,3,1
486,6,100,0,0,0,0,0,4,0,1
89,20,17,0,0,0,0,0,0,2,1
65,1,12,0,0,0,0,0,0,0,1
49,7,12,0,0,0,0,0,0,0,1
222,40,31,0,0,0,0,0,2,0,1
96,20,16,0,0,0,0,0,0,2,1
230,39,32,0,0,0,0,0,3,0,1
441,58,97,4,4,2,1,0,5,5,1
139,0,32,1,1,3,1,0,1,2,1
92,20,16,0,0,0,0,0,2,2,1
576,2,112,0,0,0,0,0,9,0,1
1106,3,226,0,0,0,0,0,18,0,1
121,20,21,0,0,0,0,0,1,2,1
100,11,22,0,0,2,1,0,0,2,1
103,20,19,0,0,0,0,0,0,2,1
144,13,31,1,1,2,1,0,0,1,1
122,5,33,0,0,2,1,0,0,2,1
91,10,16,0,0,0,0,0,2,1,1
297,42,43,0,0,0,0,0,3,1,1
116,0,28,0,0,2,1,0,0,1,1
107,20,18,0,0,0,0,0,0,2,1
55,1,8,0,0,0,0,0,0,0,1
165,2,47,1,1,2,1,0,1,2,1
259,36,36,0,0,0,0,0,2,0,1
95,20,20,0,0,0,0,0,1,2,1
87,7,18,0,0,0,1,0,0,2,1
78,20,14,0,0,0,0,0,0,2,1
79,19,13,0,0,0,0,0,0,2,1
109,6,18,0,0,0,0,0,0,1,1
183,4,40,1,1,2,1,0,1,1,1
56,1,8,0,0,0,0,0,0,0,1
151,0,32,1,1,2,1,0,0,1,1
111,20,20,0,0,0,0,0,0,2,1
473,0,95,0,0,0,0,0,11,0,1
295,41,45,0,0,0,0,0,2,1,1
248,47,37,0,0,0,0,0,1,0,1
92,20,15,0,0,0,0,0,0,2,1
131,1,33,1,1,2,1,0,1,1,1
673,0,143,0,0,0,0,0,14,0,1
102,20,17,0,0,0,0,0,0,2,1
167,29,40,1,1,2,1,0,1,1,1
49,8,11,0,0,0,0,0,0,0,1
111,7,18,0,0,0,0,0,0,1,1
101,20,19,0,0,0,0,0,0,2,1
92,20,17,0,0,0,0,0,1,2,1
136,20,34,1,1,2,1,0,0,2,1
129,8,35,1,1,2,1,0,0,2,1
2090,4,441,0,0,0,0,0,30,0,1
103,20,18,0,0,0,0,0,1,2,1
121,13,22,0,0,0,0,0,0,1,1
491,5,102,0,0,0,0,0,7,0,1
87,20,15,0,0,0,0,0,0,2,1
161,16,30,1,1,2,1,0,0,1,1
109,0,28,0,0,2,1,0,0,2,1
98,0,25,2,2,3,0,0,2,1,1
233,39,33,0,0,0,0,0,2,0,1
33,5,4,0,0,0,0,0,1,0,1
527,0,109,0,0,0,0,0,7,0,1
112,0,28,0,0,2,1,0,1,2,1
143,11,32,1,1,3,0,0,1,2,1
57,8,9,0,0,0,0,0,0,0,1
118,11,27,1,1,2,1,0,1,1,1
62,1,20,3,2,0,1,0,0,0,1
84,19,14,0,0,0,0,0,0,2,1
912,10,195,0,0,0,0,0,14,0,1
3414,4,1006,0,0,0,0,0,15,0,1
2383,21,554,0,0,0,0,0,31,0,1
246,44,34,0,0,0,0,0,1,0,1
53,1,8,0,0,0,0,0,0,0,1
33,5,4,0,0,0,0,0,1,0,1
80,2,13,0,0,1,1,0,0,1,1
581,301,174,5,5,2,0,0,1,2,1
91,10,16,0,0,0,0,0,2,1,1
255,14,59,2,2,0,0,0,1,3,1
120,12,22,0,0,0,0,0,0,1,1
125,0,30,0,0,2,1,0,2,2,1
111,0,30,0,0,2,1,0,0,1,1
105,20,19,0,0,0,0,0,1,2,1
109,33,28,1,0,1,0,0,0,0,1
92,9,23,0,0,2,1,0,0,1,1
94,20,16,0,0,0,0,0,0,2,1
94,20,17,0,0,0,0,0,0,2,1
239,1,48,0,0,0,0,0,4,0,1
332,0,70,0,0,0,0,0,6,0,1
312,47,46,0,0,0,0,0,2,1,1
722,2,155,0,0,0,0,0,6,0,1
746,5,159,0,0,0,0,0,4,0,1
121,4,32,0,0,2,1,0,0,2,1
104,20,18,0,0,0,0,0,1,2,1
924,7,186,0,0,0,0,0,15,0,1
110,14,29,1,1,1,1,0,0,2,1
197,4,53,1,1,2,1,0,0,1,1
54,5,8,0,0,0,0,0,0,0,1
94,0,24,0,0,0,0,0,0,0,1
56,8,12,0,0,0,0,0,1,0,1
115,10,18,0,0,0,0,0,0,1,1
107,20,20,0,0,0,0,0,0,2,1
115,1,23,1,1,1,0,0,0,3,1
2217,0,475,0,0,0,0,0,28,0,1
474,121,101,4,4,3,5,0,3,2,1
44,8,10,0,0,0,0,0,0,0,1
312,0,64,0,0,0,0,0,3,0,1
147,20,27,0,0,0,0,0,2,2,1
495,3,100,0,0,0,0,0,17,0,1
90,20,16,0,0,0,0,0,2,2,1
197,0,39,0,0,0,0,0,3,0,1
249,41,37,0,0,0,0,0,2,0,1
114,8,26,1,1,1,0,0,0,4,1
106,7,17,1,1,0,0,0,0,1,1
111,19,19,0,0,0,0,0,0,2,1
677,12,143,0,0,0,0,0,8,0,1
124,15,24,0,0,0,0,0,0,1,1
80,20,15,0,0,0,0,0,0,2,1
267,38,56,2,2,2,1,0,3,2,1
286,47,44,0,0,0,0,0,1,1,1
2213,1,471,0,0,0,0,0,31,0,1
38,5,6,0,0,0,0,0,2,0,1
124,0,31,0,0,2,1,0,1,2,1
113,8,18,0,0,0,0,0,0,1,1
100,0,28,0,0,2,1,0,0,2,1
303,27,68,2,2,2,1,0,1,6,1
115,0,29,0,0,2,1,0,1,2,1
81,20,14,0,0,0,0,0,0,2,1
119,2,28,0,0,2,1,0,0,1,1
103,19,19,0,0,0,0,0,1,2,1
56,1,8,0,0,0,0,0,0,0,1
116,3,32,0,0,2,1,0,0,1,1
684,13,240,5,4,5,0,0,5,0,1
92,7,18,0,0,2,1,0,1,1,1
253,37,34,0,0,0,0,0,2,0,1
324,71,46,0,0,2,1,0,2,0,1
129,21,26,1,1,2,1,0,2,1,1
318,41,47,0,0,0,0,0,4,1,1
111,0,29,0,0,2,1,0,0,2,1
127,8,30,1,1,2,0,0,1,2,1
264,93,81,2,2,0,0,0,0,1,1
404,4,87,0,0,0,0,0,6,0,1
115,11,18,0,0,0,0,0,0,1,1
95,5,29,0,0,2,1,0,0,1,1
192,0,40,0,0,0,0,0,1,0,1
255,14,60,2,2,0,0,0,0,3,1
107,0,25,2,2,2,1,0,0,2,1
96,9,24,0,0,2,0,0,2,3,1
303,44,47,0,0,0,0,0,1,1,1
94,22,19,0,0,0,0,0,0,2,1
768,3,188,3,2,4,0,0,6,5,1
89,20,16,0,0,0,0,0,0,2,1
131,15,27,1,1,2,1,0,1,1,1
113,20,20,0,0,0,0,0,3,2,1
93,20,17,0,0,0,0,0,1,2,1
243,41,36,0,0,0,0,0,3,0,1
237,37,33,0,0,0,0,0,2,0,1
116,0,31,0,0,2,1,0,0,2,1
95,5,29,0,0,2,1,0,0,1,1
9063,82,2735,15,0,1,0,0,66,0,1
86,20,15,0,0,0,0,0,0,2,1
123,14,24,0,0,0,0,0,0,1,1
86,20,16,0,0,0,0,0,0,2,1
114,13,26,1,1,2,1,0,0,1,1
568,1,116,0,0,0,0,0,8,0,1
167,31,38,1,1,2,1,0,0,2,1
308,0,63,0,0,0,0,0,1,0,1
359,0,70,0,0,0,0,0,3,0,1
215,2,52,1,1,2,1,0,1,2,1
53,6,15,2,1,2,0,0,0,0,1
2881,3,612,0,0,0,0,0,44,0,1
147,3,33,1,1,2,1,0,2,2,1
70,0,16,0,0,0,0,0,0,4,1
38,5,6,0,0,0,0,0,2,0,1
151,18,32,1,1,2,1,0,0,2,1
55,7,11,0,0,0,0,0,1,0,1
610,4,122,0,0,0,0,0,10,0,1
109,20,20,0,0,0,0,0,0,2,1
106,20,20,0,0,0,0,0,1,2,1
47,5,15,0,0,0,0,0,0,2,1
1797,19,391,0,0,0,0,0,26,0,1
534,23,129,0,0,0,0,0,9,0,1
87,20,15,0,0,0,0,0,1,2,1
163,22,33,1,1,2,1,0,0,2,1
101,1,25,0,0,2,1,0,0,2,1
511,0,102,0,0,0,0,0,10,0,1
303,48,44,0,0,0,0,0,2,1,1
130,7,27,1,1,1,0,0,2,2,1
106,19,19,0,0,0,0,0,1,2,1
91,10,16,0,0,0,0,0,2,1,1
226,26,49,2,2,6,3,0,0,2,1
171,13,30,0,0,2,0,0,2,3,1
111,5,25,1,1,1,0,0,0,2,1
87,20,14,0,0,0,0,0,0,2,1
73,19,14,0,0,0,0,0,0,2,1
86,20,16,0,0,0,0,0,0,2,1
110,15,26,1,1,2,1,0,0,2,1
95,20,18,0,0,0,0,0,1,2,1
132,7,58,1,1,2,1,0,0,1,1
60,8,15,0,0,0,0,0,1,0,1
91,10,16,0,0,0,0,0,2,1,1
90,20,16,0,0,0,0,0,0,2,1
105,3,27,0,0,0,1,0,1,2,1
590,0,122,0,0,0,0,0,12,0,1
694,6,144,0,0,0,0,0,14,0,1
1284,6,280,0,0,0,0,0,13,0,1
122,7,26,1,1,2,1,0,0,2,1
618,0,114,0,0,0,0,0,8,0,1
545,31,106,4,4,1,1,0,5,1,1
190,31,42,1,1,2,1,0,1,2,1
91,20,15,0,0,0,0,0,1,2,1
233,38,32,0,0,0,0,0,2,0,1
306,45,50,0,0,0,0,0,1,1,1
345,5,58,0,0,0,0,0,8,0,1
55,1,20,4,5,3,1,0,0,0,1
6151,12,1747,0,0,0,0,0,74,27,1
119,21,23,0,0,0,0,0,0,2,1
481,2,103,0,0,0,0,0,9,0,1
50,2,8,0,0,0,0,0,0,0,1
80,20,13,0,0,0,0,0,0,2,1
155,27,33,1,1,2,0,0,0,1,1
114,0,26,0,0,2,1,0,0,1,1
104,19,18,0,0,0,0,0,0,2,1
135,1,29,0,0,0,0,0,1,0,1
89,20,16,0,0,0,0,0,1,2,1
117,20,19,0,0,0,0,0,0,2,1
121,2,28,2,3,2,1,0,0,2,1
46,6,13,0,0,0,0,0,0,0,1
219,30,47,2,2,0,0,0,1,3,1
33,5,4,0,0,0,0,0,1,0,1
352,4,76,0,0,0,0,0,1,0,1
151,5,41,1,1,2,1,0,1,2,1
990,5,361,0,0,0,0,0,1,0,1
1072,12,212,0,0,0,0,0,15,0,1
176,2,45,0,0,0,0,0,8,0,1
110,6,18,0,0,0,0,0,0,1,1
120,12,22,0,0,0,0,0,0,1,1
173,59,36,1,1,2,1,0,0,2,1
134,0,31,1,1,2,1,0,0,2,1
120,12,22,0,0,0,0,0,0,1,1
99,20,18,0,0,0,0,0,0,2,1
85,0,23,0,0,0,0,0,2,3,1
4562,14,1452,0,0,0,0,0,40,1,1
101,20,17,0,0,0,0,0,0,2,1
351,2,70,0,0,0,0,0,5,0,1
2033,1,443,0,0,0,0,0,30,0,1
552,74,116,5,5,2,0,0,8,4,1
168,4,50,1,1,2,1,0,0,1,1
52,5,8,0,0,0,0,0,0,0,1
132,11,28,1,1,2,1,0,0,2,1
93,20,15,0,0,0,0,0,1,2,1
1007,2,214,0,0,0,0,0,10,0,1
1290,0,286,0,0,0,0,0,16,0,1
94,20,18,0,0,0,0,0,0,2,1
123,14,24,0,0,0,0,0,0,1,1
251,43,35,0,0,0,0,0,2,0,1
108,20,21,0,0,0,0,0,0,2,1
145,11,34,1,1,3,0,0,0,3,1
80,12,22,0,0,0,0,0,0,3,1
130,5,33,1,1,1,1,0,2,2,1
1002,3,210,0,0,0,0,0,17,0,1
420,191,131,3,3,0,0,0,0,1,1
103,20,17,0,0,0,0,0,0,2,1
55,11,27,0,0,0,0,0,0,0,1
33,5,4,0,0,0,0,0,1,0,1
87,20,15,0,0,0,0,0,0,2,1
696,2,143,0,0,0,0,0,6,0,1
185,2,49,1,1,2,1,0,3,2,1
1480,4,308,0,0,0,0,0,20,0,1
252,14,59,2,2,0,0,0,0,3,1
204,44,47,1,1,0,1,0,3,2,1
195,2,51,1,1,1,1,0,1,1,1
185,3,44,1,1,2,1,0,1,2,1
110,19,21,0,0,0,0,0,0,2,1
327,49,46,0,0,0,0,0,2,1,1
253,40,38,0,0,0,0,0,2,0,1
429,1,89,0,0,0,0,0,5,0,1
842,0,169,0,0,0,0,0,8,0,1
94,1,24,0,0,2,1,0,1,1,1
599,3,135,0,0,0,0,0,9,0,1
91,10,16,0,0,0,0,0,2,1,1
157,13,27,0,0,2,1,0,1,1,1
659,17,133,0,0,0,0,0,10,0,1
104,19,19,0,0,0,0,0,1,2,1
256,14,59,2,2,0,0,0,0,3,1
741,3,158,0,0,0,0,0,5,0,1
135,4,27,0,0,0,0,0,1,0,1
647,3,137,0,0,0,0,0,1,0,1
94,7,22,0,0,2,1,0,0,2,1
1286,8,277,0,0,0,0,0,20,0,1
115,0,28,0,0,2,1,0,1,2,1
101,20,17,0,0,0,0,0,2,2,1
87,11,18,0,0,2,1,0,1,2,1
84,20,14,0,0,0,0,0,0,2,1
575,2,194,0,0,0,0,0,2,0,1
271,46,40,0,0,0,0,0,1,0,1
117,6,28,1,1,0,0,0,0,3,1
1777,4,370,0,0,0,0,0,26,0,1
49,3,14,1,0,0,1,1,1,0,1
80,20,15,0,0,0,0,0,0,2,1
841,12,183,0,0,0,0,0,15,0,1
1120,10,237,0,0,0,0,0,10,0,1
209,8,40,1,1,2,1,0,0,1,1
145,1,36,1,1,2,1,0,0,1,1
83,20,15,0,0,0,0,0,0,2,1
94,20,18,0,0,0,0,0,0,2,1
910,1,176,0,0,0,0,0,15,0,1
445,1,97,0,0,0,0,0,8,0,1
334,42,52,0,0,0,0,0,2,1,1
131,20,22,0,0,0,0,0,1,2,1
80,20,14,0,0,0,0,0,0,2,1
116,12,22,0,0,0,0,0,0,1,1
93,20,15,0,0,0,0,0,0,2,1
105,0,25,0,0,2,1,0,1,2,1
200,2,52,1,1,2,1,0,1,1,1
94,16,27,0,0,2,1,0,1,1,1
142,8,35,1,1,4,2,0,0,1,1
121,20,20,0,0,0,0,0,0,2,1
109,20,19,0,0,0,0,0,0,2,1
512,4,107,0,0,0,0,0,12,0,1
1066,2,220,0,0,0,0,0,12,0,1
50,0,11,2,2,0,1,0,0,0,1
173,4,47,1,1,2,1,0,1,2,1
124,15,24,0,0,0,0,0,0,1,1
78,0,15,0,0,0,0,0,0,0,1
64,4,13,0,0,0,0,0,0,1,1
56,3,12,1,1,1,1,0,0,0,1
439,0,124,0,0,1,0,0,3,0,1
237,37,32,0,0,0,0,0,1,0,1
158,16,28,1,1,2,1,0,0,2,1
97,1,30,0,0,2,1,0,0,2,1
65,1,13,0,0,1,1,0,0,1,1
59,2,10,0,0,0,0,0,0,0,1
118,20,20,0,0,0,0,0,1,2,1
43,3,11,2,2,0,0,0,0,0,1
1559,13,338,0,0,0,0,0,20,0,1
59,7,8,0,0,0,0,0,0,0,1
333,45,49,0,0,0,0,0,4,1,1
1087,6,313,4,4,0,0,0,7,2,1
172,19,31,1,1,0,0,0,1,1,1
91,10,16,0,0,0,0,0,2,1,1
105,1,18,1,1,0,0,0,1,2,1
105,20,19,0,0,0,0,0,0,2,1
58,4,8,0,0,0,0,0,0,0,1
123,13,27,1,1,2,1,0,2,2,1
233,38,32,0,0,0,0,0,2,0,1
245,38,33,0,0,0,0,0,3,0,1
265,40,39,0,0,0,0,0,2,0,1
82,20,14,0,0,0,0,0,0,2,1
4752,35,1067,0,0,0,0,0,46,0,1
108,8,24,1,1,1,1,0,0,2,1
90,21,16,0,0,0,0,0,0,2,1
584,46,113,4,4,6,0,0,6,4,1
283,0,51,0,0,0,0,0,5,0,1
111,0,20,0,0,0,0,0,2,0,1
93,21,17,0,0,0,0,0,0,2,1
909,0,187,0,0,0,0,0,10,0,1
1259,1,260,0,0,0,0,0,13,0,1
332,48,50,0,0,0,0,0,2,1,1
73,0,10,0,0,0,0,0,0,0,1
264,41,39,0,0,0,0,0,3,0,1
88,20,16,0,0,0,0,0,0,2,1
110,20,17,0,0,0,0,0,0,2,1
86,10,14,0,0,0,0,0,1,1,1
93,3,28,0,0,2,1,0,0,2,1
95,1,18,0,0,1,1,0,0,2,1
98,20,20,0,0,0,0,0,0,2,1
83,19,15,0,0,0,0,0,0,2,1
71,1,21,1,1,1,1,0,0,0,1
710,153,133,6,6,9,5,0,0,2,1
90,9,16,0,0,0,0,0,2,1,1
108,21,20,0,0,0,0,0,0,2,1
59,6,9,0,0,0,0,0,1,0,1
236,39,36,0,0,0,0,0,1,0,1
293,46,45,0,0,0,0,0,1,1,1
110,20,18,0,0,0,0,0,0,2,1
67,8,14,0,0,0,0,0,0,0,1
83,20,15,0,0,0,0,0,0,2,1
90,9,16,0,0,0,0,0,2,1,1
109,20,21,0,0,0,0,0,1,2,1
95,22,17,0,0,0,0,0,0,2,1
84,8,15,0,0,0,0,0,0,0,1
6797,20,1442,0,0,0,0,0,99,0,1
127,11,30,1,1,2,1,0,0,2,1
117,0,26,0,0,2,1,0,1,2,1
187,2,50,1,1,2,1,0,0,2,1
116,11,18,0,0,0,0,0,0,1,1
1299,9,281,0,0,0,0,0,21,0,1
234,38,33,0,0,0,0,0,2,0,1
112,1,26,0,0,2,1,0,1,2,1
172,13,41,1,1,1,0,0,2,4,1
172,2,48,1,1,2,1,0,2,2,1
119,13,30,1,1,2,0,0,0,2,1
162,1,48,1,1,4,1,0,0,2,1
106,20,19,0,0,0,0,0,1,2,1
92,20,17,0,0,0,0,0,1,2,1
170,0,40,2,2,4,0,0,0,1,1
104,8,27,0,0,2,1,0,1,2,1
91,20,17,0,0,0,0,0,0,2,1
117,8,22,1,1,2,1,0,1,2,1
58,6,8,0,0,0,0,0,0,0,1
108,22,21,0,0,0,0,0,0,2,1
415,0,89,0,0,0,0,0,7,0,1
284,8,63,0,0,0,0,0,3,0,1
87,20,15,0,0,0,0,0,0,2,1
167,6,32,2,2,5,0,0,1,1,1
102,20,19,0,0,0,0,0,1,2,1
189,1,40,0,0,0,0,0,4,0,1
117,20,22,0,0,0,0,0,1,2,1
91,10,16,0,0,0,0,0,2,1,1
254,16,53,2,2,3,1,0,4,2,1
86,20,16,0,0,0,0,0,0,2,1
124,24,22,0,0,0,0,0,0,2,1
629,6,139,0,0,0,0,0,12,0,1
891,2,187,0,0,0,0,0,12,0,1
798,0,167,0,0,0,0,0,9,0,1
137,14,29,1,1,2,1,0,1,1,1
181,7,55,1,1,2,1,0,0,1,1
174,0,38,0,0,0,0,0,3,0,1
191,2,51,1,1,2,1,0,0,2,1
113,1,29,0,0,2,1,0,1,2,1
78,12,18,0,0,2,1,0,0,1,1
33,5,4,0,0,0,0,0,1,0,1
113,0,28,0,0,2,1,0,1,2,1
198,11,38,1,1,2,1,0,1,1,1
300,3,58,0,0,0,0,0,4,0,1
114,6,18,0,0,0,0,0,1,1,1
105,10,28,1,1,3,1,0,0,2,1
238,12,55,1,1,2,1,0,0,2,1
103,21,19,0,0,0,0,0,1,2,1
263,16,62,2,2,0,0,0,0,3,1
84,5,21,0,0,2,1,0,1,1,1
1423,0,282,0,0,0,0,0,23,0,1
90,9,16,0,0,0,0,0,2,1,1
113,3,24,1,1,2,0,0,0,2,1
160,0,32,0,0,0,0,0,2,0,1
1245,7,264,0,0,0,0,0,14,0,1
868,4,179,0,0,0,0,0,13,0,1
139,0,27,0,0,0,0,0,3,0,1
101,20,19,0,0,0,0,0,0,2,1
316,46,45,0,0,0,0,0,1,1,1
83,5,16,0,0,2,1,0,1,1,1
259,42,39,0,0,0,0,0,3,0,1
83,20,15,0,0,0,0,0,0,2,1
13041,156,3709,1,4,0,0,0,75,1,1
33,5,4,0,0,0,0,0,1,0,1
62,1,8,0,0,0,0,0,0,0,1
78,20,15,0,0,0,0,0,0,2,1
90,19,15,0,0,0,0,0,0,2,1
474,3,98,0,0,0,0,0,4,0,1
236,42,34,0,0,0,0,0,1,0,1
128,0,30,0,0,2,1,0,1,2,1
119,0,32,0,0,2,1,0,1,1,1
99,19,18,0,0,0,0,0,0,2,1
33,5,4,0,0,0,0,0,1,0,1
113,0,29,0,0,2,1,0,0,2,1
87,13,18,0,0,2,1,0,0,2,1
1816,4,393,0,0,0,0,0,21,0,1
150,21,34,1,1,1,1,0,1,1,1
113,0,24,0,0,2,1,0,1,1,1
199,4,51,1,1,2,1,0,0,1,1
180,2,50,1,1,2,1,0,1,2,1
122,13,24,0,0,0,0,0,0,1,1
108,20,20,0,0,0,0,0,0,2,1
358,94,82,0,0,3,5,0,0,1,1
290,0,61,0,0,0,0,0,3,0,1
83,6,23,0,0,2,1,0,0,2,1
33,5,4,0,0,0,0,0,1,0,1
124,15,24,0,0,0,0,0,0,1,1
181,18,40,1,1,3,1,0,0,3,1
117,5,32,0,0,2,1,0,2,2,1
91,21,17,0,0,0,0,0,0,2,1
326,10,81,2,2,8,2,0,1,2,1
325,46,86,3,3,3,4,0,1,1,1
195,32,44,1,1,0,1,1,1,2,1
401,184,126,3,3,0,0,0,1,2,1
38,5,6,0,0,0,0,0,2,0,1
75,8,20,0,0,0,1,0,0,2,1
317,45,48,0,0,0,0,0,1,1,1
174,21,44,1,1,2,1,0,1,2,1
164,4,36,0,0,0,0,0,3,0,1
1529,5,338,0,0,0,0,0,22,0,1
104,20,18,0,0,0,0,0,1,2,1
430,0,83,0,0,0,0,0,6,0,1
317,17,67,2,2,2,1,0,2,3,1
109,14,23,1,1,1,1,0,1,1,1
316,2,67,0,0,0,0,0,5,0,1
1606,7,364,0,0,0,0,0,14,0,1
216,58,33,2,2,1,1,0,1,2,1
393,84,81,3,3,12,6,0,1,1,1
989,0,205,0,0,0,0,0,23,0,1
94,20,18,0,0,0,0,0,0,2,1
38,5,6,0,0,0,0,0,2,0,1
57,2,9,0,0,0,0,0,0,0,1
882,2,188,0,0,0,0,0,12,0,1
170,14,33,1,1,2,1,0,0,1,1
33,5,4,0,0,0,0,0,1,0,1
84,20,15,0,0,0,0,0,0,2,1
1036,11,219,0,0,0,0,0,17,0,1
84,20,14,0,0,0,0,0,0,2,1
105,1,26,0,0,2,1,0,0,1,1
253,14,60,2,2,0,0,0,0,3,1
151,24,35,1,1,2,1,0,0,2,1
196,28,48,1,1,2,0,0,1,2,1
133,14,32,1,1,0,0,0,0,2,1
103,5,25,0,0,2,1,0,1,2,1
326,48,49,0,0,0,0,0,1,1,1
57,1,8,0,0,0,0,0,0,0,1
260,14,59,2,2,0,0,0,0,3,1
311,3,68,0,0,0,0,0,2,0,1
92,20,16,0,0,0,0,0,0,2,1
118,10,27,1,1,0,0,0,0,2,1
78,6,16,0,0,1,1,0,0,1,1
307,42,49,0,0,0,0,0,1,1,1
33,5,4,0,0,0,0,0,1,0,1
151,5,31,1,1,0,1,0,1,2,1
104,2,29,0,0,2,1,0,0,2,1
92,20,17,0,0,0,0,0,0,2,1
297,42,43,0,0,0,0,0,2,1,1
450,1,88,0,0,0,0,0,7,0,1
98,20,19,0,0,0,0,0,0,2,1
455,3,92,0,0,0,0,0,13,0,1
80,20,15,0,0,0,0,0,0,2,1
915,5,198,0,0,0,0,0,18,0,1
768,0,144,0,0,0,0,0,16,0,1
1363,7,284,0,0,0,0,0,24,0,1
113,0,26,0,0,2,1,0,0,2,1
127,1,31,0,0,2,1,0,1,2,1
203,2,51,1,1,2,1,0,0,2,1
104,21,20,0,0,0,0,0,0,2,1
133,19,33,1,1,2,1,0,0,2,1
308,48,44,0,0,0,0,0,1,1,1
148,6,43,1,1,2,1,0,0,2,1
94,7,18,0,0,2,1,0,1,1,1
91,10,16,0,0,0,0,0,2,1,1
330,42,45,0,0,0,0,0,4,1,1
65,2,16,1,1,1,0,0,0,1,1
176,26,47,1,1,0,0,0,0,1,1
74,0,15,0,0,0,0,0,0,4,1
1408,18,392,0,0,0,0,0,12,0,1
92,20,16,0,0,0,0,0,0,2,1
133,9,32,0,0,2,1,0,0,1,1
162,19,38,1,1,2,1,0,1,2,1
85,20,14,0,0,0,0,0,0,2,1
229,43,36,0,0,0,0,0,2,0,1
96,11,21,0,0,0,1,0,1,2,1
105,20,18,0,0,0,0,0,1,2,1
107,7,23,1,1,2,1,0,0,2,1
116,12,22,0,0,0,0,0,0,1,1
123,15,28,1,1,2,1,0,0,1,1
1088,0,232,0,0,0,0,0,10,0,1
161,17,34,1,1,1,1,0,1,1,1
86,10,14,0,0,0,0,0,1,1,1
300,44,45,0,0,0,0,0,2,1,1
442,12,113,3,3,2,1,0,5,3,1
4318,34,1062,0,0,0,0,0,48,0,1
150,2,40,1,1,2,1,0,1,2,1
93,0,26,0,0,2,1,0,0,1,1
531,5,115,0,0,0,0,0,6,0,1
251,38,35,0,0,0,0,0,4,0,1
110,0,25,0,0,2,1,0,1,2,1
291,4,98,0,0,0,0,0,2,2,1
90,12,23,0,0,2,1,0,0,2,1
160,22,37,1,1,2,1,0,1,2,1
1832,4,394,0,0,0,0,0,27,0,1
86,10,14,0,0,0,0,0,1,1,1
252,45,38,0,0,0,0,0,1,0,1
81,20,14,0,0,0,0,0,0,2,1
91,20,15,0,0,0,0,0,1,2,1
150,22,32,1,1,1,1,0,0,2,1
327,46,46,0,0,0,0,0,4,1,1
86,19,16,0,0,0,0,0,0,2,1
101,20,16,0,0,0,0,0,0,2,1
113,7,19,0,0,0,0,0,0,1,1
95,22,17,0,0,0,0,0,2,2,1
328,46,48,0,0,0,0,0,1,1,1
55,4,8,0,0,0,0,0,0,0,1
596,1,122,0,0,0,0,0,8,0,1
129,3,33,0,0,2,1,0,3,1,1
295,20,67,2,2,1,1,0,1,2,1
105,21,19,0,0,0,0,0,1,2,1
78,20,15,0,0,0,0,0,0,2,1
168,15,33,1,1,0,0,0,0,2,1
86,10,14,0,0,0,0,0,1,1,1
89,20,16,0,0,0,0,0,1,2,1
175,0,39,2,2,3,0,0,1,0,1
619,146,146,5,5,0,0,0,2,5,1
117,0,30,0,0,2,1,0,2,1,1
96,24,19,0,0,0,0,0,0,2,1
120,12,22,0,0,0,0,0,0,1,1
282,0,56,0,0,0,0,0,4,0,1
182,6,49,1,1,2,1,0,0,2,1
100,21,17,0,0,0,0,0,0,2,1
38,5,6,0,0,0,0,0,2,0,1
174,2,48,1,1,2,1,0,1,2,1
113,8,18,0,0,0,0,0,0,1,1
111,7,18,0,0,0,0,0,0,1,1
94,20,16,0,0,0,0,0,0,2,1
243,38,32,0,0,0,0,0,3,0,1
100,7,21,0,0,0,0,0,1,3,1
121,0,30,0,0,2,1,0,0,2,1
135,0,32,1,1,2,1,0,1,2,1
120,12,22,0,0,0,0,0,0,1,1
103,2,31,0,0,2,1,0,1,2,1
69,0,16,0,0,0,0,0,0,3,1
179,8,45,1,1,2,1,0,2,2,1
86,6,11,0,0,0,0,0,0,2,1
256,40,34,0,0,0,0,0,2,0,1
236,35,57,2,2,2,0,0,0,2,1
114,10,30,1,1,1,0,0,1,0,1
2385,30,480,0,0,0,0,0,42,0,1
84,20,15,0,0,0,0,0,1,2,1
1066,9,212,0,0,0,0,0,14,0,1
251,26,58,2,2,0,0,0,0,2,1
194,4,50,1,1,2,1,0,0,2,1
107,1,25,0,0,2,1,0,1,2,1
236,15,37,2,2,2,1,0,0,2,1
55,1,8,0,0,0,0,0,0,0,1
98,20,18,0,0,0,0,0,1,2,1
116,7,19,0,0,0,0,0,0,1,1
53,3,8,0,0,0,0,0,0,0,1
107,14,21,1,1,2,1,0,0,1,1
105,17,25,1,1,2,1,0,0,1,1
306,48,47,0,0,0,0,0,2,1,1
307,44,48,0,0,0,0,0,2,1,1
170,9,34,1,1,2,1,0,1,2,1
287,40,41,0,0,0,0,0,1,1,1
3174,14,650,0,0,0,0,0,45,0,1
497,1,102,0,0,0,0,0,8,0,1
317,17,67,2,2,2,1,0,2,3,1
269,0,52,0,0,0,0,0,5,0,1
86,10,14,0,0,0,0,0,1,1,1
257,41,38,0,0,0,0,0,2,0,1
33,5,4,0,0,0,0,0,1,0,1
86,10,14,0,0,0,0,0,1,1,1
73,0,11,0,0,0,0,0,0,0,1
119,13,27,1,1,2,1,0,0,2,1
241,12,55,1,1,2,1,0,1,2,1
77,0,22,3,3,2,1,0,0,1,1
123,0,32,0,0,2,1,0,1,2,1
425,46,32,2,2,1,0,0,0,0,1
180,28,34,0,0,1,1,0,0,0,1
315,47,47,0,0,0,0,0,2,1,1
18,0,2,0,0,0,0,0,0,0,1
145,13,33,1,1,2,1,0,0,2,1
84,19,16,0,0,0,0,0,0,2,1
188,2,49,1,1,2,1,0,0,2,1
97,0,25,0,0,2,1,0,0,1,1
281,0,70,0,0,0,0,0,4,0,1
134,8,36,0,0,2,1,0,0,2,1
86,20,14,0,0,0,0,0,0,2,1
1438,8,293,0,0,0,0,0,22,0,1
140,22,35,1,1,2,1,0,0,2,1
145,22,30,1,1,0,0,0,1,2,1
90,5,20,0,0,2,1,0,2,1,1
106,19,21,0,0,0,0,0,2,2,1
123,20,22,0,0,0,0,0,2,2,1
652,13,211,3,3,3,0,0,0,0,1
112,9,18,0,0,0,0,0,0,1,1
33,5,4,0,0,0,0,0,1,0,1
93,20,16,0,0,0,0,0,0,2,1
102,20,18,0,0,0,0,0,1,2,1
33,0,6,0,0,0,0,0,0,0,1
919,5,184,0,0,0,0,0,11,0,1
248,10,46,2,2,2,1,0,4,2,1
214,2,54,1,1,2,1,0,0,2,1
33,5,4,0,0,0,0,0,1,0,1
792,0,173,0,0,0,0,0,9,0,1
468,51,94,4,4,4,1,0,5,3,1
243,40,34,0,0,0,0,0,1,0,1
861,1,184,0,0,0,0,0,14,0,1
256,0,53,0,0,0,0,0,4,0,1
110,5,25,0,0,2,1,0,0,2,1
215,16,53,1,1,2,0,0,4,2,1
304,47,47,0,0,0,0,0,1,1,1
219,2,44,0,0,0,0,0,2,0,1
76,20,13,0,0,0,0,0,0,2,1
105,0,26,0,0,0,1,0,0,1,1
88,20,15,0,0,0,0,0,0,2,1
182,22,45,1,1,2,1,0,0,1,1
989,25,365,4,3,2,0,0,2,0,1
86,10,14,0,0,0,0,0,1,1,1
149,14,29,1,1,2,1,0,3,1,1
232,38,33,0,0,0,0,0,2,0,1
242,35,32,0,0,0,0,0,2,0,1
94,20,19,0,0,0,0,0,0,2,1
125,6,30,1,1,0,0,0,0,2,1
1004,6,216,0,0,0,0,0,8,0,1
166,18,39,1,1,3,1,0,0,3,1
124,0,30,0,0,2,1,0,0,2,1
546,41,96,4,4,3,1,0,8,1,1
98,20,17,0,0,0,0,0,0,2,1
332,50,47,0,0,0,0,0,3,1,1
304,48,47,0,0,0,0,0,2,1,1
126,20,21,0,0,0,0,0,0,2,1
80,20,14,0,0,0,0,0,0,2,1
122,0,30,0,0,2,1,0,0,2,1
104,2,25,0,0,2,1,0,0,2,1
172,43,40,0,0,0,0,0,0,1,1
124,15,24,0,0,0,0,0,0,1,1
246,40,31,0,0,0,0,0,2,0,1
86,10,14,0,0,0,0,0,1,1,1
78,20,16,0,0,0,0,0,0,2,1
1089,9,339,12,12,6,0,0,3,0,1
61,1,9,0,0,0,0,0,0,0,1
278,40,44,0,0,0,0,0,3,1,1
1027,1,216,0,0,0,0,0,18,0,1
134,17,34,1,1,2,1,0,2,1,1
391,7,81,0,0,0,0,0,3,0,1
108,16,26,0,0,2,1,0,0,2,1
85,20,17,0,0,0,0,0,0,2,1
104,21,18,0,0,0,0,0,1,2,1
254,14,59,2,2,0,0,0,0,3,1
243,38,33,0,0,0,0,0,1,0,1
159,0,40,1,1,2,1,0,2,2,1
143,8,37,2,2,3,0,0,1,0,1
78,20,14,0,0,0,0,0,0,2,1
92,13,20,0,0,0,1,1,3,1,1
94,20,17,0,0,0,0,0,0,2,1
92,9,20,0,0,0,1,0,2,2,1
91,10,16,0,0,0,0,0,2,1,1
99,24,18,0,0,0,0,0,0,2,1
116,6,18,0,0,0,0,0,1,1,1
2016,5,419,0,0,0,0,0,28,0,1
75,20,14,0,0,0,0,0,0,2,1
309,51,47,0,0,0,0,0,1,1,1
4530,22,990,0,0,0,0,0,72,0,1
108,14,23,1,1,1,1,0,1,1,1
37,4,6,0,0,0,0,0,2,0,1
81,20,14,0,0,0,0,0,0,2,1
86,10,14,0,0,0,0,0,1,1,1
76,21,10,0,0,0,0,0,0,2,1
791,75,154,6,6,7,4,0,4,2,1
106,19,24,1,1,2,1,0,1,2,1
117,13,22,0,0,0,0,0,0,1,1
413,0,84,0,0,0,0,0,5,0,1
38,5,6,0,0,0,0,0,2,0,1
91,10,16,0,0,0,0,0,2,1,1
257,44,36,0,0,0,0,0,2,0,1
113,0,31,0,0,2,1,0,0,2,1
463,135,132,4,4,3,4,0,2,1,1
88,20,17,0,0,0,0,0,0,2,1
221,34,47,2,2,2,1,0,2,2,1
114,4,29,0,0,0,0,0,0,2,1
55,3,9,0,0,0,0,0,0,0,1
184,14,54,1,1,2,1,0,0,2,1
122,12,23,1,1,2,1,0,2,2,1
671,5,138,0,0,0,0,0,7,0,1
187,9,33,1,1,2,1,0,0,2,1
99,20,17,0,0,0,0,0,0,2,1
168,30,37,1,1,2,1,0,1,1,1
311,2,68,0,0,0,0,0,4,0,1
95,19,18,0,0,0,0,0,0,2,1
112,19,26,1,1,0,1,0,0,2,1
84,20,14,0,0,0,0,0,0,2,1
19,0,4,0,0,0,0,0,0,0,1
776,4,171,0,0,0,0,0,16,0,1
136,7,31,1,1,1,1,0,0,3,1
86,20,15,0,0,0,0,0,0,2,1
397,57,88,3,3,2,1,0,5,5,1
73,19,14,0,0,0,0,0,1,2,1
113,7,19,0,0,0,0,0,0,1,1
125,0,27,0,0,0,0,0,2,0,1
109,14,23,1,1,1,1,0,1,1,1
38,5,6,0,0,0,0,0,2,0,1
92,18,22,0,0,2,1,0,0,1,1
573,23,131,2,2,3,0,0,0,0,1
1537,7,306,0,0,0,0,0,24,0,1
1082,1,215,0,0,0,0,0,29,0,1
93,20,17,0,0,0,0,0,1,2,1
152,3,37,1,1,2,1,0,0,1,1
112,8,18,0,0,0,0,0,1,1,1
256,0,53,0,0,0,0,0,1,0,1
2720,12,596,0,0,0,0,0,38,0,1
58,1,8,0,0,0,0,0,0,0,1
252,39,36,0,0,0,0,0,2,0,1
361,64,73,3,3,3,2,0,1,2,1
82,20,14,0,0,0,0,0,0,2,1
597,2,125,0,0,0,0,0,6,0,1
360,17,86,2,2,0,2,2,4,2,1
75,19,13,0,0,0,0,0,0,2,1
121,13,22,0,0,0,0,0,0,1,1
121,0,32,0,0,2,1,0,0,2,1
85,20,15,0,0,0,0,0,0,2,1
1762,8,375,0,0,0,0,0,32,0,1
1708,11,354,0,0,0,0,0,27,0,1
46,7,12,0,0,0,0,0,0,0,1
561,0,118,0,0,0,0,0,8,0,1
117,8,22,1,1,2,1,0,0,2,1
508,6,97,0,0,0,0,0,8,0,1
55,8,8,0,0,0,0,0,0,0,1
85,19,14,0,0,0,0,0,0,2,1
110,20,21,0,0,0,0,0,0,2,1
95,5,29,0,0,2,1,0,0,1,1
58,1,9,0,0,0,0,0,1,0,1
108,7,18,0,0,0,0,0,0,1,1
180,8,36,1,1,2,1,0,5,1,1
346,0,64,0,0,0,0,0,4,0,1
55,3,8,0,0,0,0,0,1,0,1
128,16,29,1,1,2,1,0,0,3,1
258,43,37,0,0,0,0,0,2,0,1
74,20,14,0,0,0,0,0,0,2,1
352,0,57,0,0,0,0,0,6,0,1
327,46,49,0,0,0,0,0,3,1,1
93,20,16,0,0,0,0,0,1,2,1
1168,10,245,0,0,0,0,0,10,0,1
712,0,138,0,0,0,0,0,13,0,1
96,20,19,0,0,0,0,0,0,2,1
873,182,184,8,8,2,1,0,5,6,1
108,20,20,0,0,0,0,0,0,2,1
321,46,44,0,0,0,0,0,2,1,1
693,2,152,0,0,0,0,0,8,0,1
123,14,24,0,0,0,0,0,0,1,1
249,41,34,0,0,0,0,0,1,0,1
3073,6,626,0,0,0,0,0,37,0,1
531,0,108,0,0,0,0,0,4,0,1
91,19,15,0,0,0,0,0,1,2,1
92,19,17,0,0,0,0,0,1,2,1
115,11,22,0,0,0,0,0,0,1,1
92,20,16,0,0,0,0,0,0,2,1
101,25,18,0,0,0,0,0,0,2,1
316,43,45,0,0,0,0,0,2,1,1
564,4,114,0,0,0,0,0,11,0,1
91,10,16,0,0,0,0,0,2,1,1
108,0,29,0,0,2,1,0,1,2,1
101,20,17,0,0,0,0,0,1,2,1
102,20,17,0,0,0,0,0,1,2,1
91,19,16,0,0,0,0,0,0,2,1
1089,0,234,0,0,0,0,0,14,0,1
80,20,15,0,0,0,0,0,0,2,1
96,20,17,0,0,0,0,0,1,2,1
177,19,30,1,1,2,1,0,0,1,1
160,4,31,2,2,2,1,0,0,1,1
33,0,6,0,0,0,0,0,0,0,1
116,12,22,0,0,0,0,0,0,1,1
3179,10,652,0,0,0,0,0,45,0,1
44,0,15,1,1,1,1,0,0,0,1
296,45,44,0,0,0,0,0,1,1,1
58,4,8,0,0,0,0,0,0,0,1
792,1,172,0,0,0,0,0,9,0,1
232,40,34,0,0,0,0,0,2,0,1
101,20,21,0,0,0,0,0,0,2,1
91,8,18,0,0,2,1,0,1,1,1
90,20,17,0,0,0,0,0,1,2,1
197,3,50,1,1,1,1,0,4,2,1
10288,46,3923,59,58,0,0,0,71,0,1
254,43,39,0,0,0,0,0,2,0,1
824,2,170,0,0,0,0,0,12,0,1
78,20,14,0,0,0,0,0,0,2,1
41,8,12,0,0,0,0,0,0,0,1
546,2,104,0,0,0,0,0,8,0,1
845,1,187,0,0,0,0,0,16,0,1
226,36,34,0,0,0,0,0,1,0,1
38,5,6,0,0,0,0,0,2,0,1
191,37,41,1,1,2,1,0,0,2,1
210,1,39,0,0,0,0,0,7,0,1
307,47,47,0,0,0,0,0,1,1,1
100,0,28,0,0,2,1,0,1,2,1
87,19,17,0,0,0,0,0,0,2,1
146,38,32,1,1,2,1,0,0,2,1
184,4,49,1,1,2,1,0,0,2,1
93,14,23,0,0,2,1,0,0,2,1
123,0,31,2,2,2,0,0,2,0,1
871,2,173,0,0,0,0,0,12,0,1
75,19,14,0,0,0,0,0,0,2,1
108,20,17,0,0,0,0,0,2,2,1
342,33,88,3,3,2,3,0,0,1,1
118,7,26,1,1,1,1,0,1,2,1
179,2,49,1,1,2,1,0,0,2,1
45,8,10,0,0,0,0,0,0,0,1
110,0,27,0,0,2,1,0,1,1,1
115,3,30,0,0,2,1,0,2,1,1
377,1,77,0,0,0,0,0,8,0,1
98,20,17,0,0,0,0,0,0,2,1
96,20,17,0,0,0,0,0,0,2,1
1180,8,258,0,0,0,0,0,13,0,1
315,48,47,0,0,0,0,0,1,1,1
117,5,32,0,0,2,1,0,2,2,1
33,5,4,0,0,0,0,0,1,0,1
139,8,114,0,0,0,0,0,0,0,1
111,20,20,0,0,0,0,0,0,2,1
101,0,27,0,0,2,1,0,0,1,1
818,0,159,0,0,0,0,0,14,0,1
240,0,46,0,0,0,0,0,6,0,1
80,19,14,0,0,0,0,0,0,2,1
116,6,18,0,0,0,0,0,0,1,1
72,7,15,0,0,0,0,0,1,0,1
232,41,32,0,0,0,0,0,1,0,1
33,5,4,0,0,0,0,0,1,0,1
102,20,18,0,0,0,0,0,0,2,1
108,24,24,1,1,1,1,0,0,1,1
1372,165,501,2,2,2,0,0,17,0,1
103,20,18,0,0,0,0,0,0,2,1
512,2,102,0,0,0,0,0,4,0,1
95,5,29,0,0,2,1,0,0,1,1
106,0,27,0,0,2,1,0,0,2,1
106,0,22,0,0,2,1,0,0,1,1
168,2,47,1,1,2,1,0,1,2,1
234,44,34,0,0,0,0,0,1,0,1
117,20,21,0,0,0,0,0,0,2,1
243,38,35,0,0,0,0,0,3,0,1
448,1,81,0,0,0,0,0,3,0,1
120,16,27,1,1,2,1,0,0,2,1
125,22,28,1,1,0,1,0,0,1,1
116,12,22,0,0,0,0,0,0,1,1
98,20,17,0,0,0,0,0,0,2,1
203,6,53,1,1,2,1,0,1,2,1
827,3,174,0,0,0,0,0,10,0,1
931,7,194,0,0,0,0,0,9,0,1
97,0,25,0,0,2,1,0,0,1,1
4919,37,1057,0,0,0,0,0,44,0,1
95,20,17,0,0,0,0,0,1,2,1
134,7,34,1,1,2,1,0,1,1,1
244,38,35,0,0,0,0,0,2,0,1
597,5,220,0,0,0,0,0,0,0,1
171,20,34,1,1,3,0,0,0,3,1
118,20,23,0,0,0,0,0,0,2,1
142,13,30,1,1,2,1,0,0,2,1
291,49,44,0,0,0,0,0,1,1,1
108,20,21,0,0,0,0,0,2,2,1
241,35,32,0,0,0,0,0,2,0,1
164,2,39,1,1,2,1,0,2,2,1
418,0,91,0,0,0,0,0,6,0,1
602,2,135,0,0,0,0,0,12,0,1
131,10,34,1,1,2,1,0,1,2,1
201,27,40,1,1,2,1,0,0,1,1
82,20,15,0,0,0,0,0,0,2,1
38,5,6,0,0,0,0,0,2,0,1
170,4,42,1,1,0,1,0,2,2,1
319,44,46,0,0,0,0,0,3,1,1
154,0,38,1,1,2,1,0,2,2,1
91,10,16,0,0,0,0,0,2,1,1
106,13,20,0,0,2,1,0,0,2,1
381,21,91,3,3,2,1,0,1,2,1
95,5,29,0,0,2,1,0,0,1,1
351,30,97,2,2,3,5,0,0,1,1
61,1,9,0,0,0,0,0,2,0,1
97,16,22,0,0,2,1,0,0,1,1
1443,12,306,0,0,0,0,0,21,0,1
360,3,81,0,0,0,0,0,4,0,1
104,0,29,0,0,2,1,0,0,2,1
102,0,26,0,0,2,1,0,0,2,1
150,18,33,1,1,2,1,0,0,1,1
107,0,30,0,0,2,1,0,0,1,1
85,20,15,0,0,0,0,0,2,2,1
1049,10,217,0,0,0,0,0,15,0,1
287,45,43,0,0,0,0,0,3,1,1
111,20,19,0,0,0,0,0,0,2,1
11,0,1,0,0,0,0,0,0,0,1
231,35,30,0,0,0,0,0,2,0,1
733,3,142,0,0,0,0,0,10,0,1
324,49,53,0,0,0,0,0,3,1,1
269,44,39,0,0,0,0,0,2,0,1
182,4,48,1,1,2,1,0,1,2,1
116,0,31,0,0,2,1,0,2,1,1
96,5,27,0,0,2,1,0,0,1,1
89,20,17,0,0,0,0,0,0,2,1
319,45,45,0,0,0,0,0,3,1,1
175,31,38,1,1,2,1,0,0,3,1
91,10,16,0,0,0,0,0,2,1,1
117,20,20,0,0,0,0,0,0,2,1
46,8,10,0,0,0,0,0,0,0,1
846,0,177,0,0,0,0,0,10,0,1
92,20,18,0,0,0,0,0,1,2,1
160,0,35,0,0,0,0,0,1,0,1
178,18,48,1,1,2,1,0,0,2,1
101,20,17,0,0,0,0,0,0,2,1
82,20,15,0,0,0,0,0,0,2,1
95,20,16,0,0,0,0,0,0,2,1
686,3,149,0,0,0,0,0,6,0,1
178,19,39,1,1,0,0,0,1,2,1
792,217,139,7,7,0,0,0,0,10,1
298,46,41,0,0,0,0,0,2,1,1
334,46,48,0,0,0,0,0,1,1,1
110,6,26,1,1,0,1,0,0,3,1
173,2,49,1,1,2,1,0,1,2,1
302,44,43,0,0,0,0,0,3,1,1
273,0,51,0,0,0,0,0,3,0,1
88,20,16,0,0,0,0,0,0,2,1
128,2,29,1,1,1,1,0,0,2,1
52,1,8,0,0,0,0,0,0,0,1
260,0,51,0,0,0,0,0,4,0,1
20415,161,6824,61,57,0,1,0,130,28,1
82,19,15,0,0,0,0,0,0,2,1
107,0,28,0,0,2,1,0,0,2,1
94,23,17,0,0,0,0,0,1,2,1
142,24,33,1,1,0,0,0,0,3,1
115,6,18,0,0,0,0,0,0,1,1
260,40,36,0,0,0,0,0,2,0,1
581,0,111,0,0,0,0,0,9,0,1
678,2,134,0,0,0,0,0,15,0,1
248,2,52,0,0,0,0,0,3,0,1
232,12,45,2,2,3,0,0,3,3,1
80,19,15,0,0,0,0,0,0,2,1
87,20,16,0,0,0,0,0,0,2,1
78,0,9,0,0,0,0,0,0,1,1
615,0,110,0,0,0,0,0,11,0,1
312,42,44,0,0,0,0,0,4,1,1
117,12,18,0,0,0,0,0,0,1,1
313,75,85,6,6,5,1,0,1,3,1
84,20,14,0,0,0,0,0,0,2,1
85,20,15,0,0,0,0,0,0,2,1
95,1,25,0,0,2,1,0,0,2,1
126,13,25,1,1,0,0,0,1,1,1
533,6,122,0,0,0,0,0,7,0,1
110,21,22,0,0,0,0,0,0,2,1
665,6,149,0,0,0,0,0,11,0,1
79,20,15,0,0,0,0,0,0,2,1
113,1,29,0,0,2,1,0,0,2,1
95,20,18,0,0,0,0,0,1,2,1
45,6,15,2,2,2,0,0,0,1,1
736,1,150,0,0,0,0,0,9,0,1
90,19,16,0,0,0,0,0,1,2,1
83,7,22,0,0,2,1,0,0,2,1
32,4,4,0,0,0,0,0,1,0,1
61,0,25,2,2,2,0,0,0,0,1
225,14,53,2,2,0,1,0,1,2,1
107,20,19,0,0,0,0,0,0,2,1
92,20,17,0,0,0,0,0,0,2,1
144,4,40,1,1,1,1,0,0,1,1
834,0,168,0,0,0,0,0,17,0,1
2270,19,470,0,0,0,0,0,34,0,1
51,2,13,1,1,0,1,0,0,0,1
398,6,80,0,0,0,0,0,4,0,1
118,17,26,0,1,1,0,0,0,0,1
1218,13,262,0,0,0,0,0,16,0,1
91,20,17,0,0,0,0,0,0,2,1
166,13,39,1,1,2,1,0,1,3,1
1302,234,349,2,2,3,0,0,24,0,1
243,44,37,0,0,0,0,0,5,0,1
464,2,99,0,0,0,0,0,5,0,1
627,0,125,0,0,0,0,0,12,0,1
131,20,24,0,0,0,0,0,1,2,1
311,41,47,0,0,0,0,0,1,1,1
47,8,10,0,0,0,0,0,0,0,1
90,9,16,0,0,0,0,0,2,1,1
117,13,22,0,0,0,0,0,0,1,1
326,0,66,0,0,0,0,0,3,0,1
113,11,18,0,0,0,0,0,0,1,1
954,145,163,8,8,8,4,0,0,1,1
94,20,17,0,0,0,0,0,1,2,1
98,20,17,0,0,0,0,0,0,2,1
108,0,28,0,0,2,1,0,0,1,1
121,0,29,0,0,2,1,0,0,2,1
110,20,21,0,0,0,0,0,0,2,1
167,26,38,1,1,3,1,0,1,1,1
96,20,17,0,0,0,0,0,0,2,1
77,0,18,2,2,2,0,0,0,0,1
110,0,16,0,0,0,0,0,0,0,1
241,2,47,0,0,0,0,0,4,0,1
187,35,40,1,1,1,1,0,0,2,1
117,13,22,0,0,0,0,0,0,1,1
167,8,29,1,1,2,1,0,1,2,1
123,14,24,0,0,0,0,0,0,1,1
125,21,24,0,0,0,0,0,0,2,1
57,0,9,0,0,0,0,0,0,0,1
71,20,13,0,0,0,0,0,0,2,1
90,20,16,0,0,0,0,0,0,2,1
25,0,4,0,0,0,0,0,0,0,1
94,20,17,0,0,0,0,0,0,2,1
229,38,32,0,0,0,0,0,2,0,1
1078,5,210,0,0,0,0,0,7,0,1
107,1,29,0,0,2,1,0,0,2,1
99,20,17,0,0,0,0,0,1,2,1
248,35,32,0,0,0,0,0,1,0,1
102,22,19,0,0,0,0,0,1,2,1
235,42,38,0,0,0,0,0,1,0,1
239,38,34,0,0,0,0,0,1,0,1
312,49,44,0,0,0,0,0,3,1,1
524,7,103,0,0,0,0,0,5,0,1
625,2,136,0,0,0,0,0,9,0,1
32,0,5,0,0,0,0,0,0,0,1
558,0,119,0,0,0,0,0,7,0,1
2314,3,497,0,0,0,0,0,17,0,1
423,1,89,0,0,0,0,0,5,0,1
94,20,16,0,0,0,0,0,0,2,1
103,12,21,0,0,2,1,0,0,2,1
2369,18,489,0,0,0,0,0,41,0,1
115,9,18,0,0,0,0,0,0,1,1
123,14,24,0,0,0,0,0,0,1,1
719,2,146,0,0,0,0,0,9,0,1
90,20,15,0,0,0,0,0,1,2,1
192,4,49,1,1,2,1,0,0,2,1
718,3,152,0,0,0,0,0,10,0,1
102,20,19,0,0,0,0,0,0,2,1
1207,2,266,0,0,0,0,0,20,0,1
118,18,19,0,0,2,1,0,1,0,1
91,10,16,0,0,0,0,0,2,1,1
110,20,21,0,0,0,0,0,1,2,1
1343,22,274,0,0,0,0,0,18,0,1
306,37,64,2,2,2,2,0,3,2,1
233,39,30,0,0,0,0,0,3,0,1
56,2,8,0,0,0,0,0,0,0,1
92,20,17,0,0,0,0,0,0,2,1
173,2,48,1,1,2,1,0,0,2,1
133,13,35,1,1,1,1,0,0,2,1
295,43,42,0,0,0,0,0,1,1,1
146,18,32,1,1,1,0,0,1,2,1
42,8,9,0,0,0,0,0,0,0,1
203,51,41,0,0,1,0,1,2,2,1
239,42,35,0,0,0,0,0,2,0,1
7200,68,2386,2,2,0,0,0,98,3,1
91,10,16,0,0,0,0,0,2,1,1
434,0,92,0,0,0,0,0,14,0,1
107,0,28,0,0,2,1,0,1,1,1
272,41,39,0,0,0,0,0,3,1,1
3232,17,649,0,1,0,0,0,19,3,1
2778,3,840,0,0,1,0,0,15,0,1
107,20,21,0,0,0,0,0,1,2,1
1437,3,314,0,0,0,0,0,17,0,1
881,498,245,8,8,2,0,0,0,1,1
99,7,22,0,0,0,0,0,1,3,1
116,22,27,1,1,2,1,0,0,1,1
995,5,212,0,0,0,0,0,9,0,1
60,0,12,0,0,0,0,0,1,0,1
117,13,22,0,0,0,0,0,0,1,1
86,10,14,0,0,0,0,0,1,1,1
79,0,14,0,0,0,0,0,1,3,1
167,1,42,0,0,0,0,0,7,0,1
299,46,47,0,0,0,0,0,4,1,1
189,1,38,0,0,0,0,0,1,0,1
48,1,14,2,2,2,0,0,0,0,1
88,7,18,0,0,2,1,0,1,1,1
127,14,35,1,1,2,1,0,1,3,1
33,5,4,0,0,0,0,0,1,0,1
116,12,22,0,0,0,0,0,0,1,1
2531,16,533,0,0,0,0,0,41,0,1
553,8,118,0,0,0,0,0,5,0,1
334,0,62,0,0,0,0,0,3,0,1
188,2,50,1,1,2,1,0,0,1,1
143,3,37,1,1,2,1,0,2,2,1
92,0,28,0,0,2,1,0,0,2,1
136,11,33,1,1,1,1,0,1,2,1
286,1,54,0,0,0,0,0,1,0,1
116,0,29,0,0,2,1,0,2,2,1
320,41,47,0,0,0,0,0,2,1,1
156,0,37,1,1,2,0,0,0,1,1
112,13,25,1,1,1,1,0,0,2,1
760,7,175,0,0,0,0,0,15,0,1
207,35,49,1,1,2,1,0,1,1,1
55,1,8,0,0,0,0,0,0,0,1
123,14,24,0,0,0,0,0,0,1,1
1388,8,453,0,0,0,0,0,5,0,1
95,19,15,0,0,0,0,0,0,2,1
110,20,20,0,0,0,0,0,0,2,1
2836,0,622,0,1,0,0,0,35,0,1
204,2,47,1,1,2,1,0,1,2,1
185,21,35,1,1,0,0,0,3,2,1
114,7,19,0,0,0,0,0,0,1,1
132,12,26,1,1,0,1,0,2,2,1
713,3,158,0,0,0,0,0,10,0,1
102,24,20,0,0,0,0,0,0,2,1
116,12,22,0,0,0,0,0,0,1,1
956,0,193,0,0,0,0,0,6,0,1
194,0,49,1,1,4,1,0,3,1,1
88,15,22,0,0,2,1,0,0,1,1
84,20,15,0,0,0,0,0,0,2,1
105,6,23,1,1,2,0,0,0,3,1
251,43,37,0,0,0,0,0,3,0,1
102,19,18,0,0,0,0,0,3,2,1
79,8,21,0,0,2,1,0,0,1,1
108,20,22,0,0,0,0,0,1,2,1
356,1,75,0,0,0,0,0,6,0,1
315,44,46,0,0,0,0,0,1,1,1
117,7,19,0,0,0,0,0,1,1,1
178,3,42,1,1,1,1,0,1,1,1
160,3,39,1,1,2,0,0,1,3,1
117,0,28,0,0,2,1,0,0,2,1
86,10,14,0,0,0,0,0,1,1,1
254,41,36,0,0,0,0,0,2,0,1
107,0,26,0,0,2,1,0,0,2,1
115,8,18,0,0,0,0,0,1,1,1
57,2,9,0,0,0,0,0,0,0,1
51,3,9,0,0,0,0,0,0,0,1
1425,3,293,0,0,0,0,0,15,0,1
98,0,27,0,0,2,1,0,1,2,1
139,22,31,1,1,2,1,0,0,2,1
123,5,33,0,0,2,1,0,1,2,1
33,5,4,0,0,0,0,0,1,0,1
147,8,31,1,1,2,1,0,0,2,1
170,0,34,0,0,0,0,0,2,0,1
110,19,21,0,0,0,0,0,0,2,1
998,8,216,0,0,0,0,0,17,0,1
784,0,163,0,0,0,0,0,7,0,1
102,24,21,0,0,0,0,0,1,2,1
87,20,15,0,0,0,0,0,1,2,1
101,19,21,0,0,0,0,0,1,2,1
155,2,40,1,1,2,1,0,0,1,1
186,1,43,0,0,0,0,0,2,0,1
1207,6,252,0,0,0,0,0,12,0,1
179,2,51,1,1,2,1,0,0,1,1
92,20,16,0,0,0,0,0,0,2,1
232,37,34,0,0,0,0,0,2,0,1
830,1,176,0,0,0,0,0,12,0,1
14178,28,3998,6,8,3,0,0,122,1,1
124,0,34,0,0,2,1,0,1,2,1
72,11,23,2,3,1,0,0,0,0,1
56,4,8,0,0,0,0,0,0,0,1
72,8,17,0,0,0,0,0,0,0,1
5961,23,1241,0,0,0,0,0,74,0,1
175,30,39,1,1,1,1,0,0,2,1
93,20,16,0,0,0,0,0,0,2,1
106,0,26,0,0,2,1,0,0,2,1
188,2,47,1,1,2,1,0,2,1,1
290,41,43,0,0,0,0,0,2,1,1
237,38,35,0,0,0,0,0,1,0,1
288,44,42,0,0,0,0,0,1,1,1
82,19,14,0,0,0,0,0,0,2,1
1252,3,296,0,0,0,0,0,14,0,1
254,40,38,0,0,0,0,0,1,0,1
109,14,23,1,1,1,1,0,1,1,1
105,20,19,0,0,0,0,0,1,2,1
118,4,26,0,0,0,0,0,1,0,1
246,3,51,0,0,0,0,0,5,0,1
81,4,20,0,0,1,1,0,0,1,1
120,8,28,1,1,2,1,0,0,2,1
86,10,14,0,0,0,0,0,1,1,1
694,7,250,5,5,3,1,0,0,0,1
191,30,38,1,1,2,0,0,1,1,1
117,20,21,0,0,0,0,0,0,2,1
67,3,17,0,0,0,1,0,2,1,1
965,8,205,0,0,0,0,0,13,0,1
237,38,33,0,0,0,0,0,4,0,1
110,20,20,0,0,0,0,0,3,2,1
341,4,111,2,3,0,0,0,5,0,1
135,0,32,2,2,2,0,0,0,0,1
38,5,6,0,0,0,0,0,2,0,1
232,39,31,0,0,0,0,0,2,0,1
81,20,13,0,0,0,0,0,1,2,1
103,20,19,0,0,0,0,0,0,2,1
93,4,23,0,0,0,0,0,0,3,1
612,5,131,0,0,0,0,0,9,0,1
141,10,34,1,1,2,1,0,1,2,1
120,11,19,0,0,0,0,0,0,1,1
147,20,26,0,0,0,0,0,1,2,1
90,19,16,0,0,0,0,0,1,2,1
99,6,26,0,0,0,0,0,1,2,1
708,1,153,0,0,0,0,0,13,0,1
1964,0,705,4,4,0,0,0,0,0,1
55,2,9,0,0,0,0,0,0,0,1
340,30,96,2,2,3,4,0,0,1,1
547,56,155,4,4,2,0,0,1,3,1
205,4,51,1,1,2,1,0,0,2,1
116,12,22,0,0,0,0,0,0,1,1
2746,99,1138,2,2,0,0,0,20,0,1
94,20,18,0,0,0,0,0,1,2,1
155,2,46,1,1,2,1,0,0,1,1
1654,4,339,0,0,0,0,0,17,0,1
5759,19,1830,2,0,0,0,13,51,0,1
830,0,175,0,0,0,0,0,12,0,1
121,13,22,0,0,0,0,0,0,1,1
132,21,31,1,1,0,1,0,2,2,1
94,20,17,0,0,0,0,0,1,2,1
301,48,46,0,0,0,0,0,1,1,1
109,20,19,0,0,0,0,0,0,2,1
95,20,18,0,0,0,0,0,0,2,1
679,0,134,0,0,0,0,0,6,0,1
259,38,38,0,0,0,0,0,1,0,1
78,20,14,0,0,0,0,0,1,2,1
729,1,141,0,0,0,0,0,8,0,1
45,7,11,0,0,0,0,0,0,0,1
386,51,79,3,3,4,1,0,5,3,1
93,0,27,0,0,2,1,0,0,1,1
115,9,18,0,0,0,0,0,0,1,1
87,20,14,0,0,0,0,0,0,2,1
97,0,23,0,0,2,1,0,0,2,1
333,30,96,2,2,3,5,0,0,1,1
311,49,45,0,0,0,0,0,3,1,1
33,5,4,0,0,0,0,0,1,0,1
475,0,96,0,0,0,0,0,6,0,1
181,28,46,4,6,2,1,0,0,2,1
115,19,29,1,1,2,1,0,1,1,1
205,2,53,1,1,2,1,0,0,2,1
98,20,19,0,0,0,0,0,1,2,1
134,22,25,1,1,2,1,0,0,2,1
12219,239,4385,10,1,23,0,0,60,0,1
93,0,22,0,0,2,1,0,0,2,1
226,37,30,0,0,0,0,0,2,0,1
60,3,9,0,0,0,0,0,1,0,1
83,20,14,0,0,0,0,0,0,2,1
83,4,14,0,0,0,0,0,0,0,1
91,10,16,0,0,0,0,0,2,1,1
121,0,29,0,0,2,1,0,0,1,1
301,44,45,0,0,0,0,0,1,1,1
123,22,22,0,0,0,0,0,0,2,1
131,4,30,4,4,4,1,0,0,2,1
167,28,36,1,1,2,1,0,0,1,1
33,5,4,0,0,0,0,0,1,0,1
137,1,31,1,1,1,1,0,2,1,1
627,0,143,0,0,0,0,0,5,0,1
100,15,19,0,0,2,1,0,1,2,1
100,20,19,0,0,0,0,0,0,2,1
153,0,35,1,1,2,1,0,4,1,1
170,2,47,1,1,2,1,0,1,2,1
176,2,38,0,0,0,0,0,2,0,1
33,5,4,0,0,0,0,0,1,0,1
79,20,14,0,0,0,0,0,0,2,1
86,10,14,0,0,0,0,0,1,1,1
80,20,14,0,0,0,0,0,0,2,1
1200,2,231,0,0,0,0,0,18,0,1
9957,31,2926,0,0,0,0,0,128,1,1
244,0,98,0,0,0,0,0,0,0,1
93,20,16,0,0,0,0,0,0,2,1
65,7,13,0,0,0,0,0,1,0,1
188,8,39,0,0,0,0,0,2,0,1
118,21,19,0,0,0,0,0,0,2,1
128,17,28,1,1,2,1,0,0,1,1
96,15,22,0,0,2,1,0,0,1,1
71,2,15,0,0,0,0,0,1,3,1
257,41,37,0,0,0,0,0,3,0,1
388,1,80,0,0,0,0,0,4,0,1
102,20,18,0,0,0,0,0,1,2,1
51,0,16,2,2,2,0,0,1,1,1
110,21,22,0,0,0,0,0,0,2,1
134,2,36,1,1,2,1,0,0,2,1
71,20,13,0,0,0,0,0,0,2,1
58,5,9,0,0,0,0,0,0,1,1
177,27,40,1,1,0,0,0,1,1,1
57,4,8,0,0,0,0,0,0,0,1
82,0,18,0,0,2,1,0,0,2,1
511,0,96,0,0,0,0,0,7,0,1
118,7,18,0,0,0,0,0,0,1,1
83,19,15,0,0,0,0,0,0,2,1
85,15,19,0,0,2,1,0,0,1,1
162,2,42,1,1,1,1,0,2,1,1
176,2,46,1,1,2,1,0,2,1,1
2086,8,722,1,0,0,0,0,6,0,1
160,16,39,1,1,2,1,0,1,2,1
1294,6,459,1,1,0,0,0,14,0,1
1298,7,264,0,0,0,0,0,23,0,1
304,43,45,0,0,0,0,0,1,1,1
112,13,36,1,1,0,0,0,0,2,1
308,2,66,0,0,0,0,0,8,0,1
410,67,62,0,0,2,0,0,3,1,1
221,0,70,5,4,2,0,0,0,0,1
116,10,28,1,1,2,0,0,1,2,1
312,48,42,0,0,0,0,0,1,1,1
54,2,9,0,0,0,0,0,0,0,1
105,0,29,0,0,2,1,0,0,2,1
247,36,35,0,0,0,0,0,1,0,1
62,8,16,0,0,0,0,0,0,0,1
363,2,82,0,0,0,0,0,7,0,1
203,8,43,0,0,0,0,0,5,0,1
35,0,5,0,0,0,0,0,0,0,1
171,42,46,1,1,2,1,0,1,1,1
243,47,53,2,2,0,0,0,2,3,1
35,0,12,2,2,3,0,0,0,0,1
316,44,44,0,0,0,0,0,1,1,1
139,1,34,1,1,1,1,0,1,2,1
85,9,14,0,0,0,0,0,1,1,1
253,14,59,2,2,0,0,0,0,3,1
120,12,22,0,0,0,0,0,0,1,1
207,18,46,1,1,4,2,0,1,2,1
764,10,168,0,0,0,0,0,15,0,1
100,0,28,0,0,2,1,0,1,1,1
199,13,38,1,1,3,0,0,0,3,1
108,13,22,1,1,1,1,0,0,2,1
105,1,29,0,0,1,0,0,0,3,1
79,8,19,0,0,2,1,0,0,2,1
354,2,84,3,3,1,1,1,1,3,1
173,2,49,1,1,2,1,0,0,2,1
375,37,69,3,3,2,1,0,3,1,1
107,11,22,1,1,2,1,0,0,1,1
143,10,30,1,1,2,1,0,1,1,1
95,20,16,0,0,0,0,0,2,2,1
123,14,24,0,0,0,0,0,0,1,1
86,20,15,0,0,0,0,0,1,2,1
111,20,19,0,0,0,0,0,2,2,1
445,4,90,0,0,0,0,0,8,0,1
104,0,28,0,0,2,1,0,0,1,1
103,0,27,0,0,2,1,0,0,2,1
64,3,13,0,0,1,1,0,0,1,1
423,92,90,0,0,3,5,0,1,1,1
116,12,22,0,0,0,0,0,0,1,1
128,17,30,1,1,0,0,0,0,2,1
91,19,17,0,0,0,0,0,0,2,1
331,43,49,0,0,0,0,0,2,1,1
124,15,24,0,0,0,0,0,0,1,1
353,26,83,2,2,2,1,0,1,1,1
231,19,52,1,1,2,1,0,1,1,1
90,20,16,0,0,0,0,0,0,2,1
121,13,22,0,0,0,0,0,0,1,1
384,8,81,0,0,0,0,0,4,0,1
98,20,16,0,0,0,0,0,1,2,1
80,0,30,3,3,2,0,0,0,0,1
172,22,37,1,1,1,1,0,3,2,1
117,20,20,0,0,0,0,0,0,2,1
88,8,19,0,0,2,1,0,2,1,1
431,0,101,0,0,0,0,0,4,0,1
77,19,15,0,0,0,0,0,0,2,1
299,50,43,0,0,0,0,0,1,1,1
294,49,62,2,2,5,2,0,0,2,1
123,5,33,0,0,2,1,0,1,2,1
106,7,24,1,1,2,1,0,0,1,1
71,20,14,0,0,0,0,0,0,2,1
1216,4,246,0,0,0,0,0,19,0,1
125,0,35,0,0,2,1,0,1,1,1
302,46,45,0,0,0,0,0,2,1,1
186,2,49,1,1,2,1,0,0,2,1
38,5,6,0,0,0,0,0,2,0,1
67,7,14,0,0,0,0,0,0,0,1
91,22,17,0,0,0,0,0,1,2,1
173,20,32,0,0,0,0,0,0,2,1
361,59,90,3,3,7,2,0,1,2,1
78,20,14,0,0,0,0,0,0,2,1
2685,9,940,0,0,0,0,0,5,0,1
1869,15,393,0,0,0,0,0,27,0,1
239,12,56,1,1,2,1,0,1,2,1
87,8,17,0,0,2,1,0,0,2,1
107,20,17,0,0,0,0,0,1,2,1
744,6,176,0,0,0,0,0,13,0,1
109,0,27,0,0,2,1,0,1,2,1
134,32,22,1,1,0,1,0,1,2,1
121,1,33,0,0,2,1,0,0,1,1
99,2,25,0,0,2,1,0,0,2,1
94,20,16,0,0,0,0,0,0,2,1
238,42,32,0,0,0,0,0,1,0,1
125,0,30,0,0,2,1,0,1,2,1
1239,9,252,0,0,0,0,0,18,0,1
302,47,45,0,0,0,0,0,1,1,1
129,0,33,0,0,2,1,0,1,2,1
174,0,33,0,0,0,0,0,2,0,1
91,10,16,0,0,0,0,0,2,1,1
234,42,34,0,0,0,0,0,2,0,1
826,4,173,0,0,0,0,0,13,0,1
96,0,27,0,0,2,1,0,0,1,1
688,6,146,0,0,0,0,0,10,0,1
86,10,14,0,0,0,0,0,1,1,1
153,8,24,1,1,0,0,0,3,2,1
160,12,33,1,1,0,1,1,1,2,1
169,34,33,1,1,0,0,0,2,2,1
114,21,18,0,0,0,0,0,0,2,1
286,46,42,0,0,0,0,0,1,1,1
89,20,15,0,0,0,0,0,0,2,1
312,2,63,0,0,0,0,0,5,0,1
197,18,45,1,1,3,2,0,0,2,1
61,0,9,0,0,0,0,0,0,2,1
85,19,15,0,0,0,0,0,0,2,1
1918,12,415,0,0,0,0,0,40,0,1
576,0,126,0,0,0,0,0,6,0,1
1418,2,340,0,0,0,0,0,20,0,1
58,6,8,0,0,0,0,0,0,0,1
48,1,11,3,1,1,0,0,0,0,1
479,0,98,0,0,0,0,0,7,0,1
121,21,32,0,0,2,1,0,0,2,1
85,21,18,0,0,0,0,0,0,2,1
176,2,47,1,1,2,1,0,0,1,1
258,41,38,0,0,0,0,0,2,0,1
34,0,10,1,0,1,1,0,0,0,1
107,0,27,0,0,2,1,0,0,1,1
248,42,36,0,0,0,0,0,3,0,1
91,10,16,0,0,0,0,0,2,1,1
108,0,26,0,0,2,1,0,0,2,1
1335,1,280,0,0,0,0,0,20,0,1
115,20,22,0,0,0,0,0,1,2,1
115,16,17,1,1,0,0,0,0,2,1
87,20,15,0,0,0,0,0,0,2,1
92,20,16,0,0,0,0,0,0,2,1
175,35,46,1,1,2,1,0,0,1,1
219,0,47,0,0,0,0,0,5,0,1
673,9,147,0,0,0,0,0,9,0,1
168,30,37,1,1,2,1,0,1,2,1
426,0,92,0,0,0,0,0,7,0,1
118,11,18,0,0,0,0,0,0,1,1
87,20,15,0,0,0,0,0,0,2,1
92,8,17,0,0,2,1,0,0,1,1
117,22,20,0,0,0,0,0,1,2,1
88,20,15,0,0,0,0,0,0,2,1
1174,0,248,0,1,0,0,0,17,0,1
90,20,16,0,0,0,0,0,0,2,1
405,0,85,0,0,0,0,0,8,0,1
97,1,18,0,0,0,0,0,0,2,1
234,23,50,2,2,2,1,0,1,1,1
100,20,18,0,0,0,0,0,1,2,1
165,5,33,0,0,0,0,0,3,0,1
118,13,19,0,0,0,0,0,0,1,1
814,12,160,0,0,0,0,0,14,0,1
115,9,19,0,0,0,0,0,0,1,1
143,22,27,0,0,3,1,0,0,1,1
251,41,36,0,0,0,0,0,4,0,1
73,8,50,0,0,0,0,0,0,0,1
1305,15,253,0,0,0,0,0,17,0,1
95,20,19,0,0,0,0,0,1,2,1
89,20,17,0,0,0,0,0,0,2,1
16718,101,6812,7,7,3,4,0,19,3,1
289,42,42,0,0,0,0,0,3,1,1
76,20,14,0,0,0,0,0,0,2,1
191,2,53,1,1,2,1,0,0,2,1
237,2,48,2,2,0,0,0,0,5,1
80,20,14,0,0,0,0,0,0,2,1
141,0,32,1,1,2,1,0,0,2,1
1192,3,251,0,0,0,0,0,19,0,1
323,49,50,0,0,0,0,0,2,1,1
147,1,41,1,1,2,1,0,1,1,1
92,20,18,0,0,0,0,0,0,2,1
87,3,27,0,0,3,1,0,0,1,1
53,8,8,0,0,0,0,0,0,0,1
86,20,17,0,0,0,0,0,0,2,1
86,10,14,0,0,0,0,0,1,1,1
84,4,18,0,0,0,0,0,0,0,1
81,20,15,0,0,0,0,0,0,2,1
98,0,28,0,0,2,1,0,0,2,1
1100,2,230,0,0,0,0,0,22,0,1
95,22,17,0,0,0,0,0,1,2,1
327,52,47,0,0,0,0,0,1,1,1
1056,0,215,0,0,0,0,0,14,0,1
299,48,48,0,0,0,0,0,1,1,1
4191,23,891,0,0,0,0,0,61,0,1
125,0,28,1,1,2,1,0,0,1,1
28870,1172,10197,0,0,0,0,0,108,0,1
200,3,49,1,1,2,1,0,5,2,1
85,20,15,0,0,0,0,0,0,2,1
38,5,6,0,0,0,0,0,2,0,1
56,0,7,0,0,0,0,0,0,0,1
116,13,25,0,0,2,1,0,0,1,1
102,0,28,0,0,2,1,0,0,2,1
131,10,31,1,1,2,0,0,1,2,1
107,22,25,1,1,2,1,0,0,2,1
112,22,19,0,0,0,0,0,0,2,1
84,21,16,0,0,0,0,0,0,2,1
250,14,60,2,2,0,0,0,1,2,1
57,2,8,0,0,0,0,0,1,0,1
661,2,135,0,0,0,0,0,11,0,1
743,0,159,0,0,0,0,0,11,0,1
2493,42,959,0,0,0,0,0,2,0,1
114,5,28,1,1,2,1,0,0,1,1
101,20,17,0,0,0,0,0,1,2,1
96,12,22,0,0,2,1,0,1,2,1
730,0,165,0,0,0,0,0,6,0,1
116,11,23,1,1,2,1,0,0,2,1
3123,4,691,0,0,0,0,0,50,0,1
127,2,32,1,1,0,0,0,1,4,1
1402,15,313,0,0,0,0,0,17,0,1
1967,11,413,0,0,0,0,0,32,0,1
108,20,21,0,0,0,0,0,1,2,1
78,20,15,0,0,0,0,0,0,2,1
87,0,21,0,0,2,1,0,0,1,1
293,48,44,0,0,0,0,0,2,1,1
57,4,8,0,0,0,0,0,0,0,1
453,0,83,0,0,0,0,0,5,0,1
88,20,14,0,0,0,0,0,0,2,1
94,21,18,0,0,0,0,0,0,2,1
113,9,20,0,0,0,0,0,0,1,1
160,35,38,1,1,0,0,0,0,2,1
120,3,24,1,1,2,0,0,2,2,1
86,20,15,0,0,0,0,0,0,2,1
1978,4,399,0,0,0,0,0,18,0,1
145,18,32,1,1,4,2,0,0,1,1
121,19,26,1,1,2,1,0,0,1,1
1144,2,232,0,0,0,0,0,18,0,1
42,0,9,0,0,0,0,0,1,0,1
96,19,20,0,0,2,1,0,0,2,1
253,14,61,2,2,0,0,0,0,3,1
121,13,22,0,0,0,0,0,0,1,1
111,21,23,0,0,0,0,0,0,2,1
313,43,45,0,0,0,0,0,2,1,1
676,350,207,6,6,4,2,0,0,2,1
321,0,61,0,0,0,0,0,5,0,1
250,39,34,0,0,0,0,0,1,0,1
93,20,17,0,0,0,0,0,0,2,1
91,10,16,0,0,0,0,0,2,1,1
117,10,19,0,0,0,0,0,0,1,1
83,20,15,0,0,0,0,0,1,2,1
121,13,22,0,0,0,0,0,0,1,1
595,5,127,0,0,0,0,0,8,0,1
2231,8,498,0,0,0,0,0,23,0,1
137,0,33,1,1,2,1,0,0,4,1
172,19,36,1,1,2,1,0,0,2,1
20012,135,8067,24,14,0,0,0,151,1,1
33,5,4,0,0,0,0,0,1,0,1
185,7,56,1,1,2,1,0,0,1,1
58,6,8,0,0,0,0,0,0,0,1
33,5,4,0,0,0,0,0,1,0,1
112,7,18,0,0,0,0,0,0,1,1
115,20,20,0,0,0,0,0,0,2,1
119,12,29,1,1,1,1,0,0,2,1
387,2,76,0,0,0,0,0,8,0,1
182,4,52,1,1,2,1,0,0,2,1
106,21,23,0,1,1,0,0,0,0,1
83,19,15,0,0,0,0,0,0,2,1
104,20,19,0,0,0,0,0,0,2,1
243,37,35,0,0,0,0,0,1,0,1
45,3,12,1,1,1,1,1,1,0,1
116,14,26,0,0,2,1,0,1,1,1
101,0,28,0,0,2,1,0,0,2,1
339,3,97,0,0,0,0,0,2,2,1
811,1,158,0,0,0,0,0,14,0,1
166,12,30,1,1,1,1,0,1,1,1
241,41,34,0,0,0,0,0,1,0,1
312,2,67,0,0,0,0,0,4,0,1
1609,4,338,0,0,0,0,0,26,0,1
670,3,143,0,0,0,0,0,12,0,1
101,20,20,0,0,0,0,0,0,2,1
130,10,29,1,1,2,1,0,0,2,1
111,0,25,1,1,0,1,0,0,2,1
661,5,133,0,0,0,0,0,7,0,1
117,13,22,0,0,0,0,0,0,1,1
537,0,104,0,0,0,0,0,5,0,1
58,4,8,0,0,0,0,0,0,0,1
758,1,158,0,0,0,0,0,11,0,1
16171,38,4813,12,8,28,2,0,78,4,1
115,20,19,0,0,0,0,0,0,2,1
241,41,33,0,0,0,0,0,3,0,1
358,0,66,0,0,0,0,0,3,0,1
84,20,14,0,0,0,0,0,0,2,1
116,12,22,0,0,0,0,0,0,1,1
280,44,42,0,0,0,0,0,1,1,1
886,2,190,0,0,0,0,0,8,0,1
33,5,4,0,0,0,0,0,1,0,1
303,6,65,0,0,0,0,0,7,0,1
292,0,58,0,0,0,0,0,3,0,1
320,44,50,0,0,0,0,0,1,1,1
91,20,16,0,0,0,0,0,1,2,1
1860,3,404,0,0,0,0,0,18,0,1
410,0,87,0,0,0,0,0,4,0,1
236,0,43,0,0,0,0,0,3,0,1
85,19,16,0,0,0,0,0,0,2,1
288,12,92,0,0,0,0,0,1,2,1
195,2,52,1,1,2,1,0,0,2,1
122,20,24,0,0,0,0,0,0,2,1
1459,4,291,0,0,0,0,0,25,0,1
168,0,28,0,0,0,0,0,0,0,1
55,1,9,0,0,0,0,0,0,0,1
57,5,8,0,0,0,0,0,0,0,1
445,0,88,0,0,0,0,0,12,0,1
100,8,22,0,0,2,1,0,0,1,1
53,7,12,0,0,0,0,0,1,0,1
197,30,41,1,1,2,0,0,0,2,1
9478,8,2878,6,0,0,0,0,27,0,1
87,20,15,0,0,0,0,0,0,2,1
124,20,21,0,0,0,0,0,1,2,1
283,48,42,0,0,0,0,0,1,1,1
85,9,14,0,0,0,0,0,1,1,1
91,20,17,0,0,0,0,0,0,2,1
85,19,16,0,0,0,0,0,1,2,1
400,117,84,3,3,3,5,0,0,3,1
91,10,16,0,0,0,0,0,2,1,1
98,15,26,0,0,2,1,0,0,2,1
91,19,17,0,0,0,0,0,0,2,1
102,0,20,0,0,0,0,0,1,0,1
119,20,22,0,0,0,0,0,1,2,1
101,20,18,0,0,0,0,0,0,2,1
81,8,15,0,0,0,0,0,0,0,1
161,2,47,1,1,2,1,0,0,1,1
323,45,48,0,0,0,0,0,2,1,1
107,20,18,0,0,0,0,0,0,2,1
93,4,20,0,0,2,1,0,0,2,1
301,47,45,0,0,0,0,0,4,1,1
245,40,35,0,0,0,0,0,2,0,1
2616,30,551,0,0,0,0,0,44,0,1
36,0,7,0,0,0,0,0,0,0,1
150,19,31,1,1,0,0,0,2,1,1
125,16,27,1,1,2,1,0,1,1,1
113,9,26,1,1,2,1,0,1,2,1
179,2,47,1,1,2,1,0,3,2,1
116,0,28,0,0,3,1,0,2,2,1
7500,65,1659,0,0,0,0,0,109,0,1
1240,0,241,0,0,0,0,0,9,0,1
70,19,13,0,0,0,0,0,0,2,1
106,20,21,0,0,0,0,0,0,2,1
178,16,39,1,1,1,1,0,2,1,1
315,47,49,0,0,0,0,0,1,1,1
928,2,197,0,0,0,0,0,16,0,1
82,6,16,0,0,1,1,0,0,1,1
86,10,14,0,0,0,0,0,1,1,1
95,20,17,0,0,0,0,0,0,2,1
10821,80,2809,19,19,7,0,0,38,3,1
357,0,69,0,0,0,0,0,4,0,1
966,22,201,0,0,0,0,0,21,0,1
179,10,38,1,1,2,0,0,6,2,1
949,7,187,0,0,0,0,0,14,0,1
231,42,33,0,0,0,0,0,1,0,1
644,86,128,5,5,2,0,0,7,4,1
315,46,50,0,0,0,0,0,4,1,1
121,16,30,1,1,2,1,0,1,2,1
89,20,17,0,0,0,0,0,0,2,1
123,10,29,1,1,2,1,0,1,2,1
40,1,14,1,2,0,1,0,0,0,1
86,19,16,0,0,0,0,0,0,2,1
153,15,34,1,1,2,1,0,1,2,1
90,20,14,0,0,0,0,0,0,2,1
120,12,22,0,0,0,0,0,0,1,1
139,0,33,1,1,1,1,0,1,2,1
93,20,18,0,0,0,0,0,0,2,1
1154,1,237,0,0,0,0,0,16,0,1
276,0,58,0,0,0,0,0,1,0,1
196,2,52,1,1,2,1,0,0,2,1
79,20,15,0,0,0,0,0,0,2,1
1005,0,196,0,0,0,0,0,23,0,1
253,44,38,0,0,0,0,0,3,0,1
256,41,36,0,0,0,0,0,4,0,1
1237,0,270,0,0,0,0,0,15,0,1
221,1,76,3,2,2,0,0,2,0,1
1647,3,331,0,0,0,0,0,25,0,1
99,9,23,0,0,2,1,0,1,2,1
88,10,9,0,0,0,0,0,0,0,1
85,20,15,0,0,0,0,0,0,2,1
4204,48,923,0,0,0,0,0,50,0,1
88,7,18,0,0,2,1,0,2,1,1
327,47,50,0,0,0,0,0,2,1,1
306,6,89,1,1,4,2,0,0,1,1
94,20,16,0,0,0,0,0,1,2,1
52,0,12,0,0,0,0,0,0,0,1
1121,10,234,0,0,0,0,0,15,0,1
92,19,17,0,0,0,0,0,1,2,1
53,5,8,0,0,0,0,0,0,0,1
232,44,30,0,0,0,0,0,2,0,1
110,0,28,0,0,2,1,0,0,2,1
122,16,25,1,1,0,1,0,0,2,1
54,1,8,0,0,0,0,0,0,0,1
104,20,20,0,0,0,0,0,0,2,1
140,0,33,1,1,1,1,0,2,2,1
95,20,17,0,0,0,0,0,1,2,1
90,2,21,2,3,2,1,0,0,2,1
76,20,15,0,0,0,0,0,0,2,1
49,8,10,0,0,0,0,0,0,0,1
108,19,20,0,0,0,0,0,3,2,1
201,9,53,1,1,2,1,0,1,1,1
264,39,36,0,0,0,0,0,2,0,1
91,20,16,0,0,0,0,0,0,2,1
62,8,14,0,0,0,0,0,0,0,1
110,20,20,0,0,0,0,0,4,2,1
314,44,46,0,0,0,0,0,2,1,1
114,10,18,0,0,0,0,0,0,1,1
53,8,11,0,0,0,0,0,0,0,1
42,2,9,0,0,1,1,0,0,1,1
1548,11,330,0,0,0,0,0,18,0,1
92,20,16,0,0,0,0,0,1,2,1
662,2,156,0,0,0,0,0,7,0,1
705,0,144,0,0,0,0,0,10,0,1
116,13,19,0,0,0,0,0,0,1,1
32,0,5,0,0,0,0,0,1,0,1
308,41,45,0,0,0,0,0,5,1,1
293,45,81,2,2,3,5,0,0,1,1
91,20,16,0,0,0,0,0,1,2,1
102,22,18,0,0,0,0,0,1,2,1
33,5,4,0,0,0,0,0,1,0,1
117,0,31,0,0,2,1,0,2,2,1
163,17,35,1,1,1,1,0,0,2,1
64,6,14,1,1,1,1,0,0,0,1
116,6,18,0,0,0,0,0,0,1,1
96,6,22,0,0,0,0,0,1,4,1
103,20,19,0,0,0,0,0,0,2,1
48,5,8,0,0,0,0,0,0,1,1
168,2,50,1,1,2,1,0,0,2,1
38,5,6,0,0,0,0,0,2,0,1
93,21,19,0,0,0,0,0,0,2,1
56,4,8,0,0,0,0,0,0,0,1
90,12,20,0,0,2,1,0,1,1,1
158,29,38,1,1,1,1,0,0,1,1
453,8,97,0,0,0,0,0,6,0,1
1984,5,432,0,0,0,0,0,29,0,1
118,0,29,0,0,2,1,0,1,1,1
1674,20,358,0,0,0,0,0,23,0,1
111,8,18,0,0,0,0,0,0,1,1
105,19,18,0,0,0,0,0,0,2,1
116,17,29,1,1,2,1,0,1,2,1
96,11,20,0,0,2,1,0,0,2,1
90,20,17,0,0,0,0,0,1,2,1
63,2,17,0,0,1,1,0,0,2,1
300,50,47,0,0,0,0,0,5,1,1
127,0,32,0,0,2,1,0,1,3,1
290,43,42,0,0,0,0,0,2,1,1
1781,13,427,3,3,0,0,0,13,2,1
372,182,119,3,3,0,0,0,1,1,1
103,11,21,0,0,1,1,0,0,1,1
117,15,24,0,0,2,1,0,0,1,1
291,44,44,0,0,0,0,0,2,1,1
124,5,30,0,0,2,1,0,1,2,1
86,10,14,0,0,0,0,0,1,1,1
96,1,25,0,0,2,1,0,0,1,1
279,41,39,0,0,0,0,0,1,1,1
118,0,26,0,0,2,1,0,0,2,1
661,4,140,0,0,0,0,0,6,0,1
758,2,171,0,0,0,0,0,12,0,1
85,0,22,0,0,0,0,0,0,2,1
89,11,21,0,0,2,1,0,0,2,1
263,41,38,0,0,0,0,0,3,0,1
86,20,14,0,0,0,0,0,1,2,1
261,39,38,0,0,0,0,0,2,0,1
240,0,52,0,0,0,0,0,2,0,1
50,2,9,0,0,0,0,0,0,0,1
2679,11,807,0,2,0,0,0,10,0,1
52,0,7,0,0,1,0,0,0,0,1
545,4,121,0,0,0,0,0,11,0,1
457,2,102,0,0,0,0,0,4,0,1
107,20,17,0,0,0,0,0,0,2,1
2044,4,731,12,11,0,0,0,3,0,1
121,13,22,0,0,0,0,0,0,1,1
57,7,15,0,0,0,0,0,0,0,1
900,0,194,0,0,0,0,0,16,0,1
410,68,74,3,3,2,0,0,2,2,1
255,39,38,0,0,0,0,0,4,0,1
112,9,18,0,0,0,0,0,0,1,1
374,0,72,0,0,0,0,0,3,0,1
95,19,17,0,0,0,0,0,1,2,1
58,1,10,2,2,1,1,0,2,0,1
248,43,36,0,0,0,0,0,1,0,1
257,26,59,2,2,0,0,0,0,2,1
711,13,165,0,0,0,0,0,13,0,1
84,20,16,0,0,0,0,0,1,2,1
314,0,59,0,0,0,0,0,6,0,1
97,20,18,0,0,0,0,0,1,2,1
113,20,23,0,0,0,0,0,2,2,1
87,8,18,0,0,3,1,0,0,2,1
177,34,39,1,1,2,1,0,0,2,1
288,40,43,0,0,0,0,0,2,1,1
2342,10,512,0,0,0,0,0,20,0,1
87,20,16,0,0,0,0,0,0,2,1
232,36,32,0,0,0,0,0,3,0,1
107,20,21,0,0,0,0,0,1,2,1
95,20,17,0,0,0,0,0,0,2,1
86,10,14,0,0,0,0,0,1,1,1
89,3,14,0,0,0,0,0,0,1,1
261,1,53,0,0,0,0,0,3,0,1
33,5,4,0,0,0,0,0,1,0,1
111,6,18,0,0,0,0,0,0,1,1
96,3,24,0,0,2,1,0,1,1,1
13220,423,5157,14,15,1,0,0,100,17,1
115,11,19,0,0,0,0,0,0,1,1
90,20,15,0,0,0,0,0,0,2,1
93,1,26,4,4,2,1,0,0,0,1
608,0,133,0,0,0,0,0,10,0,1
57,4,8,0,0,0,0,0,0,0,1
312,2,67,0,0,0,0,0,1,0,1
100,20,19,0,0,0,0,0,0,2,1
90,20,15,0,0,0,0,0,1,2,1
1535,5,349,0,0,0,0,0,19,0,1
140,0,32,2,2,2,0,0,1,0,1
97,13,24,0,0,2,1,0,0,2,1
117,0,28,0,0,2,1,0,2,2,1
84,1,16,2,2,2,1,0,0,0,1
113,6,18,0,0,0,0,0,0,1,1
91,10,16,0,0,0,0,0,2,1,1
203,4,58,1,1,1,1,0,1,1,1
2360,771,657,56,57,0,0,0,1,1,1
714,8,138,0,0,0,0,0,10,0,1
183,2,49,1,1,2,1,0,1,1,1
649,9,136,0,0,0,0,0,11,0,1
39,8,9,0,0,0,0,0,0,0,1
95,20,18,0,0,0,0,0,0,2,1
683,157,131,6,6,2,0,0,7,6,1
36,0,3,0,0,0,0,0,1,0,1
254,14,59,2,2,0,0,0,0,3,1
132,12,29,1,1,2,1,0,0,1,1
87,20,15,0,0,0,0,0,0,2,1
82,12,19,0,0,2,1,0,0,2,1
82,8,16,0,0,0,0,0,0,0,1
111,19,19,0,0,0,0,0,0,2,1
84,19,16,0,0,0,0,0,0,2,1
126,10,28,1,1,2,1,0,0,2,1
162,18,31,1,1,1,1,0,0,2,1
86,20,14,0,0,0,0,0,0,2,1
255,14,61,2,2,0,0,0,0,3,1
514,56,120,4,4,3,5,0,0,1,1
312,46,45,0,0,0,0,0,2,1,1
116,12,22,0,0,0,0,0,0,1,1
303,42,44,0,0,0,0,0,3,1,1
87,20,16,0,0,0,0,0,1,2,1
711,11,166,0,0,0,0,0,14,0,1
1563,1,328,0,0,0,0,0,23,0,1
21640,172,7205,1,6,0,0,0,217,0,1
93,19,16,0,0,0,0,0,1,2,1
115,20,20,0,0,0,0,0,1,2,1
133,8,27,1,1,2,1,0,1,2,1
91,20,15,0,0,0,0,0,0,2,1
318,45,47,0,0,0,0,0,2,1,1
389,0,78,0,0,0,0,0,7,0,1
50,7,12,0,0,0,0,0,0,0,1
33,5,4,0,0,0,0,0,1,0,1
1660,12,360,0,0,0,0,0,24,0,1
111,20,22,0,0,2,1,0,2,0,1
89,20,15,0,0,0,0,0,0,2,1
99,20,19,0,0,0,0,0,0,2,1
547,1,113,0,0,0,0,0,5,0,1
33,5,4,0,0,0,0,0,1,0,1
244,41,34,0,0,0,0,0,3,0,1
187,0,37,0,0,0,0,0,3,0,1
93,20,17,0,0,0,0,0,0,2,1
1138,5,245,0,0,0,0,0,12,0,1
106,13,24,1,1,2,1,0,0,1,1
212,27,45,1,1,2,1,0,1,2,1
1311,7,269,0,0,0,0,0,18,0,1
301,41,46,0,0,0,0,0,2,1,1
143,3,36,1,1,2,1,0,2,2,1
282,0,98,0,0,0,0,0,3,0,1
103,0,29,0,0,2,1,0,0,2,1
83,19,15,0,0,0,0,0,0,2,1
245,44,34,0,0,0,0,0,3,0,1
96,11,20,0,0,2,1,0,0,2,1
97,20,17,0,0,0,0,0,0,2,1
106,24,20,0,0,0,0,0,0,2,1
4440,9,985,0,0,0,0,0,72,0,1
72,10,18,0,0,0,0,0,0,2,1
232,40,34,0,0,0,0,0,1,0,1
107,20,20,0,0,0,0,0,1,2,1
2029,1,444,0,0,0,0,0,18,0,1
77,20,13,0,0,0,0,0,0,2,1
322,42,47,0,0,0,0,0,1,1,1
308,44,45,0,0,0,0,0,1,1,1
46,0,10,0,0,0,0,0,0,0,1
119,21,27,1,1,2,1,0,0,1,1
735,3,161,0,0,0,0,0,10,0,1
246,42,36,0,0,0,0,0,2,0,1
89,19,15,0,0,0,0,0,0,2,1
94,19,19,0,0,0,0,0,1,2,1
1419,5,539,0,0,0,0,0,5,0,1
62,0,18,2,2,2,0,0,0,0,1
163,6,32,2,2,4,0,0,1,1,1
352,52,98,3,3,3,5,0,0,2,1
91,10,16,0,0,0,0,0,2,1,1
74,8,50,0,0,0,0,0,0,0,1
321,3,59,0,0,0,0,0,5,0,1
99,3,25,0,0,2,1,0,1,2,1
107,0,29,0,0,2,1,0,0,2,1
1105,7,225,0,0,0,0,0,18,0,1
18,0,3,0,0,0,0,0,1,0,1
107,11,24,1,1,0,1,0,0,2,1
1165,212,223,11,11,30,16,0,3,1,1
1023,0,209,0,0,0,0,0,8,0,1
141,0,35,1,1,2,1,0,0,2,1
109,24,21,0,0,0,0,0,0,2,1
85,19,17,0,0,0,0,0,0,2,1
658,8,138,0,0,0,0,0,12,0,1
93,20,15,0,0,0,0,0,1,2,1
125,11,25,1,1,1,1,0,0,2,1
135,17,34,1,1,2,1,0,2,1,1
159,20,30,0,0,0,0,0,3,2,1
314,44,47,0,0,0,0,0,1,1,1
84,4,22,0,0,2,0,0,0,3,1
105,3,25,0,0,0,0,0,0,3,1
752,0,144,0,0,0,0,0,5,0,1
97,20,17,0,0,0,0,0,2,2,1
50,0,11,2,3,2,1,0,0,0,1
115,0,32,0,0,2,1,0,0,2,1
94,19,16,0,0,0,0,0,0,2,1
109,20,19,0,0,0,0,0,1,2,1
291,48,44,0,0,0,0,0,3,1,1
1128,8,246,0,0,0,0,0,12,0,1
171,18,40,1,1,3,1,0,0,3,1
156,18,43,1,1,2,0,0,0,1,1
2955,13,607,0,0,0,0,0,39,0,1
733,6,264,0,0,0,0,0,10,3,1
955,6,200,0,0,0,0,0,12,0,1
232,36,31,0,0,0,0,0,2,0,1
102,20,17,0,0,0,0,0,0,2,1
136,12,26,1,1,3,1,0,2,2,1
111,11,23,1,1,1,1,0,0,2,1
191,28,45,4,6,2,1,0,0,1,1
121,20,23,0,0,1,0,0,0,2,1
88,21,17,0,0,0,0,0,0,2,1
128,0,30,0,0,2,1,0,0,1,1
1456,7,295,0,0,0,0,0,28,0,1
180,11,47,1,1,1,0,0,0,2,1
57,8,8,0,0,0,0,0,0,0,1
107,0,28,0,0,2,1,0,1,2,1
87,20,15,0,0,0,0,0,0,2,1
478,1,103,0,0,0,0,0,6,0,1
96,3,29,0,0,2,1,0,0,2,1
79,19,15,0,0,0,0,0,0,2,1
1721,13,357,0,0,0,0,0,27,0,1
45,7,11,0,0,0,0,0,0,0,1
316,46,51,0,0,0,0,0,2,1,1
86,10,14,0,0,0,0,0,1,1,1
889,48,208,0,0,0,0,0,10,0,1
9047,377,3485,3,0,0,0,0,48,46,1
238,1,71,1,1,6,3,0,0,2,1
89,20,15,0,0,0,0,0,0,2,1
562,1,116,0,0,0,0,0,9,0,1
164,21,32,0,0,2,1,0,2,2,1
117,6,19,0,0,0,0,0,0,1,1
111,17,25,1,1,2,1,0,0,1,1
59,3,9,0,0,0,0,0,0,0,1
1188,3,250,0,0,0,0,0,13,0,1
84,19,16,0,0,0,0,0,0,2,1
115,7,18,0,0,0,0,0,1,1,1
836,10,181,0,0,0,0,0,12,0,1
87,12,18,0,0,2,1,0,0,1,1
150,20,37,1,1,0,1,0,1,2,1
110,0,28,0,0,2,1,0,0,2,1
121,0,29,0,0,2,1,0,2,2,1
96,20,18,0,0,0,0,0,0,2,1
97,20,16,0,0,0,0,0,3,2,1
88,20,16,0,0,0,0,0,0,2,1
89,19,17,0,0,0,0,0,0,2,1
148,19,31,1,1,0,0,0,2,2,1
113,20,20,0,0,0,0,0,4,2,1
33,5,4,0,0,0,0,0,1,0,1
242,35,32,0,0,0,0,0,2,0,1
103,19,19,0,0,0,0,0,0,2,1
120,12,22,0,0,0,0,0,0,1,1
108,5,26,0,0,2,1,0,0,1,1
63,0,18,6,6,4,1,0,0,0,1
140,5,36,1,1,1,1,0,1,2,1
2864,7,590,0,0,0,0,0,20,0,1
93,19,17,0,0,0,0,0,0,2,1
296,0,58,0,0,0,0,0,4,0,1
831,1,188,0,0,0,0,0,7,0,1
120,19,27,1,1,2,1,0,0,1,1
80,20,14,0,0,0,0,0,1,2,1
124,15,24,0,0,0,0,0,0,1,1
193,10,43,1,1,1,1,0,0,2,1
14254,31,2781,0,0,0,0,0,167,0,1
764,2,160,0,0,0,0,0,8,0,1
2805,16,600,0,0,0,0,0,39,0,1
93,20,16,0,0,0,0,0,0,2,1
2832,4,597,0,0,0,0,0,53,0,1
93,19,16,0,0,0,0,0,0,2,1
234,36,35,0,0,0,0,0,1,0,1
160,23,35,1,1,2,1,0,0,1,1
401,1,75,0,0,0,0,0,9,0,1
809,0,173,0,0,0,0,0,10,0,1
1104,0,232,0,0,0,0,0,15,0,1
1994,13,407,0,0,0,0,0,26,0,1
170,2,47,1,1,2,1,0,2,1,1
97,25,18,0,0,0,0,0,0,2,1
61,1,13,0,0,1,1,0,0,1,1
780,3,150,0,0,0,0,0,16,0,1
113,20,27,1,1,3,1,0,0,2,1
121,13,18,0,0,0,0,0,0,1,1
245,40,33,0,0,0,0,0,2,0,1
97,19,18,0,0,0,0,0,0,2,1
98,5,18,0,0,0,0,0,0,2,1
302,45,46,0,0,0,0,0,2,1,1
52,1,8,0,0,0,0,0,0,0,1
101,19,20,0,0,0,0,0,0,2,1
95,5,29,0,0,2,1,0,0,1,1
936,6,189,0,0,0,0,0,12,0,1
118,4,30,1,1,0,1,0,1,2,1
51,0,10,0,0,0,0,0,1,0,1
91,20,16,0,0,0,0,0,2,2,1
119,0,30,0,0,2,1,0,1,2,1
148,22,35,1,1,0,0,0,0,2,1
705,3,156,0,0,0,0,0,8,0,1
86,10,14,0,0,0,0,0,1,1,1
104,20,18,0,0,0,0,0,2,2,1
152,15,32,0,0,1,1,0,1,3,1
98,20,17,0,0,0,0,0,0,2,1
99,7,23,0,0,2,1,0,0,2,1
142,17,31,1,1,2,1,0,1,1,1
38,5,6,0,0,0,0,0,2,0,1
100,5,22,0,0,2,1,0,0,2,1
1066,3,226,0,0,0,0,0,7,0,1
289,48,42,0,0,0,0,0,2,1,1
152,5,35,1,1,2,1,0,1,1,1
95,19,19,0,0,0,0,0,1,2,1
282,45,40,0,0,0,0,0,3,1,1
164,9,37,1,1,2,1,0,1,1,1
55,4,9,0,0,0,0,0,0,0,1
284,39,41,0,0,0,0,0,3,1,1
116,20,23,1,1,2,1,0,1,1,1
154,13,49,1,1,0,1,1,1,2,1
121,13,22,0,0,0,0,0,0,1,1
331,0,62,0,0,0,0,0,4,0,1
94,14,20,0,0,2,1,0,0,1,1
80,20,15,0,0,0,0,0,0,2,1
190,6,50,1,1,2,1,0,0,2,1
91,7,22,0,0,2,1,0,0,2,1
295,42,42,0,0,0,0,0,1,1,1
114,12,18,0,0,0,0,0,0,1,1
295,49,44,0,0,0,0,0,1,1,1
245,38,35,0,0,0,0,0,3,0,1
103,20,16,0,0,0,0,0,0,2,1
287,43,43,0,0,0,0,0,2,1,1
91,10,16,0,0,0,0,0,2,1,1
91,10,16,0,0,0,0,0,2,1,1
41,6,9,0,0,0,0,0,0,0,1
91,20,16,0,0,0,0,0,0,2,1
288,43,45,0,0,0,0,0,2,1,1
271,40,37,0,0,0,0,0,1,0,1
102,20,18,0,0,0,0,0,1,2,1
117,0,27,0,0,2,1,0,0,2,1
91,10,16,0,0,0,0,0,2,1,1
28438,256,8200,59,58,1,0,0,110,7,1
920,3,185,0,0,0,0,0,15,0,1
119,20,21,0,0,0,0,0,4,2,1
363,0,76,0,0,0,0,0,2,0,1
910,3,180,0,0,0,0,0,14,0,1
85,8,18,0,0,2,1,0,1,1,1
302,0,66,0,0,0,0,0,5,0,1
5539,124,2083,6,9,0,0,0,23,0,1
109,20,22,0,0,0,0,0,0,2,1
87,0,24,2,4,2,1,0,0,1,1
526,28,182,0,0,0,0,0,9,0,1
1087,10,219,0,0,0,0,0,15,0,1
124,3,32,0,0,2,1,0,1,2,1
179,47,49,1,1,2,1,0,1,1,1
988,9,192,0,0,0,0,0,16,0,1
314,45,43,0,0,0,0,0,3,1,1
717,0,155,0,0,0,0,0,12,0,1
93,19,17,0,0,0,0,0,0,2,1
334,57,71,3,3,0,1,0,0,3,1
203,18,42,1,1,3,1,0,1,2,1
237,38,37,0,0,0,0,0,1,0,1
91,20,16,0,0,0,0,0,0,2,1
63,7,14,0,0,0,0,0,0,0,1
88,20,15,0,0,0,0,0,2,2,1
89,20,16,0,0,0,0,0,0,2,1
178,14,46,1,1,2,0,0,0,2,1
58,4,9,0,0,0,0,0,0,0,1
59,6,8,0,0,0,0,0,0,0,1
97,20,18,0,0,0,0,0,0,2,1
1828,3,417,0,0,0,0,0,23,0,1
138,19,29,1,1,2,1,0,1,2,1
186,2,50,1,1,2,1,0,0,2,1
104,2,30,0,0,2,1,0,0,2,1
306,2,63,0,0,0,0,0,4,0,1
347,2,65,0,0,0,0,0,2,0,1
58,1,9,0,0,0,0,0,0,0,1
224,43,34,0,0,0,0,0,2,0,1
119,7,19,0,0,0,0,0,0,1,1
424,2,85,0,0,0,0,0,7,0,1
238,35,33,0,0,0,0,0,1,0,1
302,47,44,0,0,0,0,0,2,1,1
86,19,16,0,0,0,0,0,0,2,1
97,19,22,0,0,2,1,0,0,2,1
2287,16,503,0,0,0,0,0,27,0,1
121,13,22,0,0,0,0,0,0,1,1
96,13,19,0,0,2,1,0,0,2,1
110,6,18,0,0,0,0,0,0,1,1
137,16,35,1,1,0,1,0,0,2,1
627,9,129,0,0,0,0,0,10,0,1
433,2,94,0,0,0,0,0,8,0,1
122,0,33,0,0,2,1,0,0,1,1
87,20,16,0,0,0,0,0,1,2,1
292,43,44,0,0,0,0,0,2,1,1
99,16,25,0,0,2,1,0,0,2,1
184,13,47,1,1,2,1,0,1,2,1
107,7,23,1,1,0,0,0,1,3,1
549,28,152,4,4,2,1,0,2,2,1
129,2,33,1,1,1,1,0,2,2,1
108,15,30,1,1,2,1,0,0,2,1
85,21,17,0,0,0,0,0,0,2,1
93,3,23,0,0,0,0,0,0,3,1
105,4,25,0,0,0,1,0,1,2,1
113,11,18,0,0,0,0,0,1,1,1
102,20,19,0,0,0,0,0,0,2,1
184,2,50,1,1,2,1,0,0,2,1
435,87,99,4,4,2,1,0,2,4,1
513,2,136,0,0,0,0,0,4,4,1
51,2,15,1,2,1,1,1,1,0,1
188,29,39,1,1,2,1,0,1,2,1
50,0,6,0,0,0,0,0,0,0,1
294,45,44,0,0,0,0,0,2,1,1
1179,0,260,1,1,0,0,0,12,0,1
790,1,165,0,0,0,0,0,6,0,1
41,0,13,3,4,2,1,0,0,0,1
82,19,16,0,0,0,0,0,0,2,1
97,13,23,0,0,2,1,0,0,2,1
102,20,17,0,0,0,0,0,0,2,1
85,9,14,0,0,0,0,0,1,1,1
86,20,14,0,0,0,0,0,0,2,1
239,39,30,0,0,0,0,0,1,0,1
81,5,16,0,0,2,1,0,0,1,1
1384,10,298,0,0,0,0,0,24,0,1
734,0,150,0,0,0,0,0,10,0,1
105,24,20,0,0,0,0,0,0,2,1
33,5,4,0,0,0,0,0,1,0,1
281,42,42,0,0,0,0,0,2,1,1
23490,113,7359,37,39,0,2,0,118,7,1
134,2,34,0,0,0,0,0,3,0,1
93,20,18,0,0,0,0,0,1,2,1
83,6,19,0,0,0,0,0,0,3,1
93,12,21,0,0,2,1,0,0,2,1
632,7,135,0,0,0,0,0,16,0,1
108,20,19,0,0,0,0,0,1,2,1
126,0,32,0,0,2,1,0,1,1,1
111,0,25,0,0,2,1,0,0,1,1
125,2,35,0,0,2,1,0,0,1,1
93,7,21,0,0,2,1,0,1,2,1
835,11,289,0,2,0,0,0,12,0,1
123,20,20,0,0,0,0,0,2,2,1
289,9,55,2,2,2,1,0,3,2,1
157,4,37,1,1,3,1,0,0,1,1
367,91,86,3,3,3,5,0,0,1,1
112,6,18,0,0,0,0,0,1,1,1
109,14,23,1,1,1,1,0,1,1,1
1560,4,353,0,0,0,0,0,23,0,1
103,3,25,0,0,0,1,0,1,1,1
297,48,44,0,0,0,0,0,3,1,1
159,3,43,1,1,2,1,0,0,2,1
115,9,26,1,1,1,1,0,0,1,1
83,19,15,0,0,0,0,0,2,2,1
140,1,30,1,1,2,1,0,1,2,1
111,10,18,0,0,0,0,0,0,1,1
37,4,6,0,0,0,0,0,2,0,1
1200,0,254,0,0,0,0,0,12,0,1
40,0,7,0,0,0,0,0,0,0,1
114,0,29,0,0,2,1,0,0,1,1
78,19,14,0,0,0,0,0,0,2,1
53,8,12,0,0,0,0,0,0,0,1
3700,1469,1407,3,2,0,0,0,2,0,1
83,20,14,0,0,0,0,0,0,2,1
219,83,69,2,2,0,0,0,0,1,1
127,8,32,1,1,2,0,0,2,3,1
129,6,31,1,1,2,1,0,0,2,1
156,5,41,1,1,2,1,0,0,2,1
252,0,54,0,0,0,0,0,4,0,1
124,15,24,0,0,0,0,0,0,1,1
103,20,17,0,0,0,0,0,0,2,1
135,12,27,1,1,2,1,0,0,2,1
137,0,35,1,1,2,1,0,0,2,1
125,19,30,1,1,2,0,0,0,3,1
77,0,15,0,0,0,0,0,1,0,1
92,20,16,0,0,0,0,0,1,2,1
114,11,25,1,1,2,1,0,1,1,1
316,46,47,0,0,0,0,0,2,1,1
77,20,14,0,0,0,0,0,0,2,1
8101,397,3217,2,0,0,0,0,103,0,1
85,9,14,0,0,0,0,0,1,1,1
112,13,27,1,1,1,1,0,1,2,1
61,0,9,0,0,0,0,0,1,2,1
415,12,87,0,0,0,0,0,9,0,1
126,19,29,1,1,2,1,0,0,2,1
155,15,35,0,0,1,1,0,0,3,1
107,7,21,1,1,2,1,0,1,1,1
107,0,29,0,0,2,1,0,1,2,1
107,20,19,0,0,0,0,0,0,2,1
95,20,16,0,0,0,0,0,1,2,1
115,7,25,1,1,1,1,0,0,2,1
247,38,34,0,0,0,0,0,1,0,1
33,5,4,0,0,0,0,0,1,0,1
120,0,30,0,0,2,1,0,2,2,1
91,20,16,0,0,0,0,0,1,2,1
124,12,28,1,1,2,1,0,2,1,1
107,0,30,0,0,2,1,0,0,2,1
121,13,22,0,0,0,0,0,0,1,1
149,11,33,1,1,3,0,0,0,3,1
238,37,32,0,0,0,0,0,2,0,1
450,2,95,0,0,0,0,0,6,0,1
109,6,29,0,0,2,1,0,0,2,1
120,12,22,0,0,0,0,0,0,1,1
106,0,30,0,0,2,1,0,0,2,1
307,41,48,0,0,0,0,0,2,1,1
124,17,27,1,1,2,1,0,0,2,1
108,20,20,0,0,0,0,0,1,2,1
33,5,4,0,0,0,0,0,1,0,1
120,20,22,0,0,0,0,0,0,2,1
292,47,44,0,0,0,0,0,3,1,1
36,0,5,0,0,0,0,0,0,0,1
21742,757,5723,23,23,26,0,0,82,0,1
244,47,33,0,0,0,0,0,2,0,1
238,36,33,0,0,0,0,0,3,0,1
85,20,16,0,0,0,0,0,0,2,1
91,10,16,0,0,0,0,0,2,1,1
759,4,170,0,0,0,0,0,5,0,1
389,1,80,0,0,0,0,0,3,0,1
73,4,17,1,1,0,0,0,0,0,1
84,20,15,0,0,0,0,0,0,2,1
266,34,53,2,2,2,1,0,5,2,1
319,47,47,0,0,0,0,0,2,1,1
103,19,18,0,0,0,0,0,0,2,1
112,20,21,0,0,0,0,0,0,2,1
127,10,29,1,1,2,1,0,1,2,1
48,2,8,0,0,0,0,0,0,0,1
56,5,8,0,0,0,0,0,0,0,1
113,20,21,0,0,0,0,0,0,2,1
82,20,14,0,0,0,0,0,0,2,1
530,0,107,0,0,0,0,0,8,0,1
90,19,18,0,0,0,0,0,0,2,1
65,7,13,0,0,0,0,0,0,0,1
307,40,42,0,0,0,0,0,1,1,1
876,4,181,0,0,0,0,0,15,0,1
57,6,8,0,0,0,0,0,1,0,1
45,1,10,1,1,2,1,0,0,0,1
1193,7,262,0,0,0,0,0,15,0,1
684,4,146,0,0,0,0,0,13,0,1
87,20,15,0,0,0,0,0,0,2,1
298,45,47,0,0,0,0,0,1,1,1
299,42,45,0,0,0,0,0,2,1,1
993,6,195,0,0,0,0,0,15,0,1
179,9,98,1,1,3,1,0,0,1,1
146,1,25,0,0,0,0,0,3,0,1
38,5,6,0,0,0,0,0,2,0,1
249,39,37,0,0,0,0,0,2,0,1
127,3,24,1,1,1,0,0,1,3,1
312,47,47,0,0,0,0,0,2,1,1
235,4,51,0,0,0,0,0,3,0,1
126,7,22,1,1,0,0,0,0,2,1
1671,8,370,0,0,0,0,0,28,0,1
38,5,6,0,0,0,0,0,2,0,1
113,19,27,1,1,0,0,0,0,1,1
770,229,147,0,0,6,10,0,1,0,1
43,7,9,0,0,0,0,0,0,0,1
79,4,16,0,0,0,0,0,1,3,1
104,8,22,0,0,2,1,0,1,2,1
91,9,17,0,0,0,0,0,0,2,1
285,43,42,0,0,0,0,0,2,1,1
656,2,121,0,0,0,0,0,16,0,1
391,183,125,3,3,0,0,0,0,2,1
294,46,43,0,0,0,0,0,4,1,1
205,34,50,1,1,3,0,0,0,3,1
109,20,19,0,0,0,0,0,0,2,1
110,2,30,0,0,2,1,0,0,2,1
820,4,176,0,0,0,0,0,16,0,1
122,13,24,0,0,0,0,0,0,1,1
90,20,16,0,0,0,0,0,1,2,1
95,20,16,0,0,0,0,0,0,2,1
286,42,44,0,0,0,0,0,2,1,1
98,0,26,0,0,2,1,0,0,2,1
86,10,14,0,0,0,0,0,1,1,1
165,20,32,1,1,2,2,0,1,2,1
94,0,34,0,0,0,0,0,0,0,1
553,6,120,0,0,0,0,0,8,0,1
700,0,145,0,0,0,0,0,11,0,1
322,0,66,0,0,0,0,0,3,0,1
802,6,177,0,0,0,0,0,9,0,1
203,20,45,1,1,2,0,0,1,3,1
284,46,47,0,0,0,0,0,1,1,1
102,22,20,0,0,0,0,0,0,2,1
98,2,18,0,0,1,1,0,0,2,1
115,21,20,0,0,0,0,0,1,2,1
744,0,157,0,0,0,0,0,8,0,1
128,3,39,0,0,2,1,0,0,2,1
38,5,6,0,0,0,0,0,2,0,1
83,20,15,0,0,0,0,0,0,2,1
86,10,14,0,0,0,0,0,1,1,1
271,0,58,0,0,0,0,0,9,0,1
108,20,18,0,0,0,0,0,0,2,1
90,22,17,0,0,0,0,0,1,2,1
87,6,24,4,4,2,0,0,0,0,1
190,2,52,1,1,2,1,0,0,2,1
83,20,15,0,0,0,0,0,0,2,1
96,4,21,0,0,0,0,0,2,0,1
251,39,35,0,0,0,0,0,2,0,1
646,1,137,0,0,0,0,0,5,0,1
111,15,26,1,1,1,1,0,0,1,1
680,2,137,0,0,0,0,0,13,0,1
186,2,48,1,1,2,1,0,0,1,1
33,5,4,0,0,0,0,0,1,0,1
370,2,79,0,0,0,0,0,6,0,1
303,44,43,0,0,0,0,0,4,1,1
345,51,55,0,0,0,0,0,2,1,1
511,0,105,0,0,0,0,0,8,0,1
89,23,18,0,0,0,0,0,0,2,1
188,2,50,1,1,2,1,0,0,2,1
227,40,32,0,0,0,0,0,2,0,1
887,47,182,0,0,0,0,0,6,0,1
179,2,49,1,1,2,1,0,0,2,1
33,5,4,0,0,0,0,0,1,0,1
86,10,14,0,0,0,0,0,1,1,1
97,0,25,0,0,2,1,0,0,2,1
116,20,20,0,0,0,0,0,0,2,1
242,0,51,0,0,0,0,0,2,0,1
94,20,16,0,0,0,0,0,0,2,1
58,7,13,0,0,0,0,0,0,0,1
100,19,16,0,0,0,0,0,0,2,1
496,0,105,0,0,0,0,0,8,0,1
191,2,52,1,1,1,1,0,1,1,1
779,3,159,0,0,0,0,0,14,0,1
122,0,27,0,0,2,1,0,0,1,1
2129,16,426,0,0,0,0,0,21,0,1
91,20,17,0,0,0,0,0,0,2,1
57,6,9,0,0,0,0,0,0,0,1
164,2,47,1,1,2,1,0,1,2,1
109,14,23,1,1,1,1,0,1,1,1
1217,2,243,0,0,0,0,0,14,0,1
6276,78,1759,1,1,0,0,0,100,2,1
109,14,23,1,1,1,1,0,1,1,1
91,20,17,0,0,0,0,0,0,2,1
112,9,18,0,0,0,0,0,0,1,1
33,5,4,0,0,0,0,0,1,0,1
200,2,52,1,1,1,1,0,0,1,1
98,20,17,0,0,0,0,0,0,2,1
96,0,24,0,0,0,0,0,3,3,1
426,0,85,0,0,0,0,0,8,0,1
316,0,62,0,0,0,0,0,6,0,1
90,8,20,0,0,2,1,0,2,1,1
317,1,66,0,0,0,0,0,6,0,1
80,20,15,0,0,0,0,0,0,2,1
107,20,19,0,0,0,0,0,3,2,1
67,7,16,0,0,0,0,0,1,0,1
193,35,43,1,1,1,1,0,1,1,1
176,30,39,1,1,1,0,0,0,3,1
108,12,21,1,1,1,1,0,1,2,1
80,20,15,0,0,0,0,0,1,2,1
121,0,31,0,0,2,1,0,0,2,1
139,2,38,1,1,2,1,0,0,2,1
117,10,28,1,1,2,1,0,0,2,1
109,7,28,1,1,0,1,1,2,2,1
92,7,18,0,0,2,1,0,2,1,1
91,10,16,0,0,0,0,0,2,1,1
177,6,42,0,0,0,0,0,3,0,1
128,6,31,0,0,2,1,0,0,2,1
84,20,15,0,0,0,0,0,0,2,1
177,2,47,1,1,2,1,0,2,2,1
123,5,35,1,1,2,0,0,0,2,1
639,9,139,0,0,0,0,0,9,0,1
791,82,175,6,6,1,1,0,5,2,1
19911,36,6074,2,4,0,0,0,89,2,1
139,0,34,1,1,2,1,0,1,2,1
434,118,90,4,4,3,5,0,0,1,1
261,36,37,0,0,0,0,0,4,0,1
1328,19,283,0,0,0,0,0,24,0,1
82,20,14,0,0,0,0,0,0,2,1
110,6,18,0,0,0,0,0,0,1,1
96,20,17,0,0,0,0,0,0,2,1
2603,11,556,0,0,0,0,0,30,0,1
180,2,53,1,1,4,1,0,2,1,1
32,4,4,0,0,0,0,0,1,0,1
146,0,38,1,1,2,1,0,0,1,1
132,7,27,1,1,2,1,0,0,2,1
312,0,64,0,0,0,0,0,4,0,1
98,21,18,0,0,0,0,0,0,2,1
107,20,18,0,0,0,0,0,0,2,1
78,20,14,0,0,0,0,0,0,2,1
97,20,17,0,0,0,0,0,1,2,1
152,0,38,1,1,2,1,0,2,2,1
113,12,18,0,0,0,0,0,1,1,1
125,2,32,1,1,2,1,0,0,2,1
97,17,21,0,0,2,1,0,1,2,1
103,19,18,0,0,0,0,0,0,2,1
98,19,17,0,0,0,0,0,1,2,1
118,20,20,0,0,0,0,0,2,2,1
246,38,35,0,0,0,0,0,2,0,1
13049,348,4439,21,16,6,0,0,51,2,1
139,9,37,1,1,1,1,0,0,2,1
334,19,57,2,2,2,1,0,4,2,1
808,4,244,0,0,0,0,0,8,0,1
1422,3,277,0,0,0,0,0,21,0,1
107,22,19,0,0,0,0,0,0,2,1
96,20,16,0,0,0,0,0,0,2,1
205,0,42,0,0,0,0,0,5,0,1
67,11,40,0,0,0,0,0,0,0,1
96,10,18,0,0,2,1,0,0,1,1
179,9,44,1,1,1,1,0,1,1,1
151,9,36,1,1,4,2,0,0,2,1
74,20,13,0,0,0,0,0,0,2,1
101,0,28,0,0,2,1,0,0,1,1
417,201,132,4,4,0,0,0,0,2,1
210,35,54,2,2,2,1,0,0,1,1
77,20,13,0,0,0,0,0,0,2,1
124,2,32,0,0,2,1,0,0,2,1
296,42,44,0,0,0,0,0,2,1,1
112,2,30,0,0,2,1,0,0,2,1
90,8,18,0,0,2,1,0,0,2,1
33,5,4,0,0,0,0,0,1,0,1
141,3,39,1,1,2,1,0,2,2,1
150,2,42,1,1,2,1,0,0,2,1
84,20,14,0,0,0,0,0,0,2,1
118,4,31,0,0,2,1,0,2,2,1
53,7,12,0,0,0,0,0,1,0,1
821,5,174,0,0,0,0,0,11,0,1
406,0,75,0,0,0,0,0,9,0,1
102,0,28,0,0,2,1,0,0,2,1
139,10,28,2,3,2,1,0,0,2,1
93,20,17,0,0,0,0,0,0,2,1
98,19,16,0,0,0,0,0,0,2,1
451,136,131,4,4,3,5,0,0,1,1
103,20,19,0,0,0,0,0,1,2,1
111,8,29,1,1,1,0,0,0,2,1
83,20,16,0,0,0,0,0,0,2,1
2084,0,699,0,0,0,0,0,6,0,1
96,20,17,0,0,0,0,0,0,2,1
114,7,18,0,0,0,0,0,0,1,1
69,6,22,0,0,0,1,0,1,2,1
124,15,24,0,0,0,0,0,0,1,1
131,17,30,1,1,3,1,0,0,1,1
102,20,21,0,0,0,0,0,0,2,1
112,9,18,0,0,0,0,0,0,1,1
1197,13,255,0,0,0,0,0,11,0,1
168,2,48,1,1,2,1,0,1,2,1
300,46,45,0,0,0,0,0,2,1,1
90,8,19,0,0,2,1,0,0,2,1
86,10,14,0,0,0,0,0,1,1,1
311,45,46,0,0,0,0,0,3,1,1
311,44,46,0,0,0,0,0,1,1,1
114,18,25,1,1,2,1,0,0,2,1
109,0,28,0,0,2,1,0,0,2,1
312,48,44,0,0,0,0,0,3,1,1
92,11,20,0,0,2,1,0,1,1,1
107,16,19,0,0,2,1,0,0,1,1
1306,9,283,0,0,0,0,0,15,0,1
87,20,16,0,0,0,0,0,0,2,1
239,37,35,0,0,0,0,0,2,0,1
102,0,28,0,0,2,1,0,1,2,1
79,20,15,0,0,0,0,0,0,2,1
819,3,169,0,0,0,0,0,10,0,1
146,3,37,1,1,1,1,0,2,2,1
1256,24,272,0,0,0,0,0,27,0,1
109,0,29,0,0,2,1,0,1,1,1
143,17,37,1,1,2,0,0,0,3,1
41,7,9,0,0,0,0,0,0,0,1
86,10,14,0,0,0,0,0,1,1,1
132,13,32,1,1,2,0,0,1,2,1
40,0,9,0,0,0,0,0,1,0,1
118,19,23,0,0,0,0,0,0,2,1
98,10,19,0,0,1,1,0,1,2,1
427,0,89,0,0,0,0,0,1,0,1
136,2,31,1,1,0,1,0,0,1,1
279,1,59,2,2,3,1,0,6,1,1
133,2,28,1,1,1,1,0,1,2,1
165,29,38,1,1,2,1,0,0,2,1
74,19,15,0,0,0,0,0,0,2,1
117,20,22,0,0,0,0,0,1,2,1
193,79,58,1,1,0,0,0,0,2,1
1602,14,339,0,0,0,0,0,14,0,1
88,7,22,0,0,2,1,0,0,2,1
2933,2,621,0,0,0,0,0,36,0,1
120,12,22,0,0,0,0,0,0,1,1
122,2,36,0,0,2,1,0,0,1,1
233,37,33,0,0,0,0,0,2,0,1
286,1,65,0,0,0,0,0,4,0,1
96,20,17,0,0,0,0,0,2,2,1
118,0,27,0,0,3,1,0,2,2,1
105,20,21,1,1,2,1,0,0,1,1
222,39,54,2,2,0,0,0,2,1,1
421,191,131,3,3,0,0,0,0,2,1
808,5,156,0,0,0,0,0,11,0,1
797,2,165,0,0,0,0,0,7,0,1
100,20,18,0,0,0,0,0,0,2,1
76,1,15,0,0,0,0,0,1,2,1
135,33,31,2,2,1,0,0,0,0,1
1626,1,347,0,0,0,0,0,16,0,1
54,1,8,0,0,0,0,0,0,0,1
262,51,51,2,2,3,2,0,3,1,1
259,0,55,0,0,0,0,0,3,0,1
237,42,36,0,0,0,0,0,1,0,1
290,46,42,0,0,0,0,0,4,1,1
109,7,23,1,1,0,0,0,1,3,1
109,5,26,0,0,2,1,0,0,1,1
289,43,43,0,0,0,0,0,1,1,1
222,36,30,0,0,0,0,0,1,0,1
177,3,38,0,0,0,0,0,3,0,1
80,7,22,0,0,2,1,0,0,2,1
1365,7,270,0,0,0,0,0,19,0,1
403,7,87,4,4,2,0,0,1,0,1
86,10,14,0,0,0,0,0,1,1,1
136,14,28,1,1,2,1,0,1,1,1
99,20,16,0,0,0,0,0,0,2,1
123,14,24,0,0,0,0,0,0,1,1
93,20,17,0,0,0,0,0,2,2,1
166,30,36,1,1,2,1,0,1,2,1
394,190,127,3,3,0,0,0,0,2,1
112,20,20,0,0,0,0,0,1,2,1
91,10,16,0,0,0,0,0,2,1,1
73,20,13,0,0,0,0,0,0,2,1
247,38,34,0,0,0,0,0,2,0,1
96,20,18,0,0,0,0,0,0,2,1
107,0,29,0,0,2,1,0,0,2,1
255,41,38,0,0,0,0,0,1,0,1
113,6,18,0,0,0,0,0,0,1,1
315,90,65,2,2,2,1,0,0,3,1
81,20,15,0,0,0,0,0,1,2,1
104,4,28,0,0,2,1,0,0,1,1
157,12,32,1,1,3,1,0,0,1,1
114,1,16,2,2,2,1,0,0,0,1
144,13,33,1,1,2,1,0,1,2,1
2003,6,425,0,0,0,0,0,29,0,1
59,0,9,0,0,0,0,0,1,0,1
126,0,31,0,0,2,1,0,2,2,1
53,1,8,0,0,0,0,0,0,0,1
190,1,44,1,1,2,1,0,1,1,1
154,18,27,1,1,2,1,0,2,2,1
243,40,33,0,0,0,0,0,3,0,1
56,1,8,0,0,0,0,0,0,0,1
1392,4,463,1,1,0,0,0,9,0,1
1242,7,244,0,0,0,0,0,21,0,1
154,19,31,1,1,0,0,0,1,2,1
85,20,15,0,0,0,0,0,0,2,1
111,19,24,1,1,1,1,0,0,2,1
168,16,37,1,1,2,1,0,0,2,1
91,4,16,0,0,0,0,0,0,2,1
157,13,33,1,1,2,1,0,0,2,1
86,20,15,0,0,0,0,0,1,2,1
305,41,48,0,0,0,0,0,3,1,1
98,19,18,0,0,0,0,0,1,2,1
101,20,18,0,0,1,0,0,2,2,1
1407,2,302,0,0,0,0,0,24,0,1
93,14,20,0,0,2,1,0,0,1,1
300,11,98,0,0,0,0,0,0,0,1
205,0,40,0,0,0,0,0,5,0,1
863,1,271,0,1,1,0,0,3,0,1
111,13,22,1,1,1,1,0,1,1,1
114,19,29,1,1,2,1,0,0,2,1
94,20,17,0,0,0,0,0,0,2,1
46,11,17,0,0,0,0,0,0,0,1
113,0,31,0,0,2,1,0,0,1,1
4658,25,1850,0,1,0,0,0,33,0,1
148,12,28,1,1,2,1,0,0,2,1
115,12,23,1,1,2,1,0,0,1,1
95,20,17,0,0,0,0,0,1,2,1
166,3,38,1,1,2,1,0,0,1,1
95,20,17,0,0,0,0,0,1,2,1
33,5,4,0,0,0,0,0,1,0,1
38,5,6,0,0,0,0,0,2,0,1
108,19,20,0,0,0,0,0,0,2,1
185,19,38,1,1,3,1,0,1,2,1
118,10,27,1,1,0,0,0,0,2,1
119,9,19,0,0,0,0,0,0,1,1
238,38,33,0,0,0,0,0,3,0,1
211,44,47,1,1,2,1,0,1,1,1
46,0,14,2,0,1,1,0,0,0,1
42,7,9,0,0,0,0,0,0,0,1
106,20,17,0,0,0,0,0,1,2,1
95,20,18,0,0,0,0,0,0,2,1
8332,33,1858,0,0,0,0,0,130,0,1
114,20,20,0,0,0,0,0,1,2,1
225,33,51,2,2,2,1,0,0,2,1
103,0,27,0,0,2,1,0,1,1,1
443,65,95,4,4,2,1,0,5,5,1
314,48,45,0,0,0,0,0,1,1,1
100,0,25,0,0,2,1,0,0,1,1
117,0,32,0,0,2,1,0,1,2,1
113,9,18,0,0,0,0,0,1,1,1
147,28,35,1,1,1,1,0,2,1,1
4487,16,942,0,0,0,0,0,72,0,1
104,20,20,0,0,0,0,0,0,2,1
83,19,16,0,0,0,0,0,0,2,1
114,9,20,0,0,0,0,0,0,1,1
102,20,19,0,0,0,0,0,0,2,1
141,21,34,1,1,2,1,0,1,1,1
393,50,93,3,3,3,2,0,1,1,1
86,10,14,0,0,0,0,0,1,1,1
2273,5,413,0,0,0,0,0,36,0,1
91,4,21,0,0,2,1,0,1,2,1
100,8,19,0,0,0,0,0,0,0,1
815,18,192,0,0,0,0,0,10,0,1
1172,11,253,0,0,0,0,0,25,0,1
1023,146,225,9,9,7,4,0,0,7,1
253,38,33,0,0,0,0,0,1,0,1
284,43,42,0,0,0,0,0,1,1,1
282,7,61,0,0,0,0,0,3,0,1
87,20,15,0,0,0,0,0,1,2,1
412,190,134,3,3,0,0,0,0,2,1
74,9,19,0,0,2,1,0,0,2,1
168,7,28,1,1,2,1,0,3,1,1
93,17,23,0,0,2,1,0,0,2,1
109,20,21,0,0,0,0,0,0,2,1
759,4,156,0,0,0,0,0,13,0,1
301,42,46,0,0,0,0,0,2,1,1
1803,6,375,0,0,0,0,0,32,0,1
12119,156,3437,0,0,0,0,0,26,0,1
729,1,150,0,0,0,0,0,11,0,1
92,20,14,0,0,0,0,0,0,2,1
506,2,101,0,0,0,0,0,2,0,1
163,8,32,1,1,2,1,0,1,2,1
1077,2,229,0,0,0,0,0,18,0,1
124,15,24,0,0,0,0,0,0,1,1
812,4,182,0,0,0,0,0,8,0,1
139,20,22,0,0,0,0,0,1,2,1
563,3,118,0,0,0,0,0,10,0,1
123,12,28,1,1,2,1,0,2,1,1
253,41,36,0,0,0,0,0,1,0,1
96,20,17,0,0,0,0,0,2,2,1
196,30,42,1,1,2,1,0,1,2,1
308,49,47,0,0,0,0,0,2,1,1
124,3,30,0,0,2,1,0,0,2,1
75,19,14,0,0,0,0,0,0,2,1
87,20,16,0,0,0,0,0,1,2,1
148,22,39,1,1,2,1,0,1,2,1
171,32,29,1,1,2,1,0,0,2,1
121,13,22,0,0,0,0,0,0,1,1
429,193,135,3,3,0,0,0,0,1,1
267,51,69,2,2,2,1,0,1,3,1
177,25,31,1,1,1,1,0,0,2,1
123,14,24,0,0,0,0,0,0,1,1
127,40,23,1,1,3,1,0,0,1,1
103,2,28,0,0,2,1,0,0,2,1
135,0,35,1,1,1,1,0,2,2,1
300,42,43,0,0,0,0,0,1,1,1
84,20,15,0,0,0,0,0,0,2,1
1429,1,301,0,0,0,0,0,13,0,1
297,43,43,0,0,0,0,0,2,1,1
38,5,6,0,0,0,0,0,2,0,1
113,0,31,0,0,2,1,0,0,2,1
104,20,16,0,0,0,0,0,0,2,1
113,0,26,0,0,2,1,0,1,1,1
118,2,27,0,0,2,1,0,0,1,1
191,30,33,0,0,2,0,0,0,2,1
116,3,32,0,0,2,1,0,0,1,1
312,42,49,0,0,0,0,0,4,1,1
184,2,48,1,1,2,1,0,0,1,1
314,40,46,0,0,0,0,0,5,1,1
91,10,16,0,0,0,0,0,2,1,1
122,10,23,1,1,3,1,0,0,1,1
124,15,24,0,0,0,0,0,0,1,1
202,16,43,1,1,2,1,0,1,3,1
155,20,34,1,1,2,1,0,0,2,1
279,43,41,0,0,0,0,0,3,1,1
90,20,16,0,0,0,0,0,2,2,1
299,41,45,0,0,0,0,0,1,1,1
190,2,49,1,1,2,1,0,0,2,1
123,14,24,0,0,0,0,0,0,1,1
133,5,34,0,0,2,1,0,0,2,1
246,0,49,0,0,0,0,0,5,0,1
90,20,16,0,0,0,0,0,1,2,1
691,7,141,0,0,0,0,0,10,0,1
74,8,22,0,0,2,1,0,0,1,1
115,1,30,0,0,2,1,0,1,2,1
91,20,17,0,0,0,0,0,0,2,1
87,20,17,0,0,0,0,0,1,2,1
159,6,44,1,1,2,1,0,0,2,1
257,40,36,0,0,0,0,0,1,0,1
94,20,15,0,0,0,0,0,0,2,1
98,20,17,0,0,0,0,0,0,2,1
80,19,14,0,0,0,0,0,0,2,1
283,9,71,0,0,0,0,0,3,0,1
33,5,4,0,0,0,0,0,1,0,1
98,13,19,0,0,2,1,0,0,2,1
38,5,6,0,0,0,0,0,2,0,1
303,36,65,2,2,2,1,0,0,2,1
136,19,29,1,1,2,0,0,1,3,1
38,5,6,0,0,0,0,0,2,0,1
54,3,8,0,0,0,0,0,0,0,1
90,20,14,0,0,0,0,0,0,2,1
114,3,22,1,1,0,0,0,1,2,1
58,8,14,0,0,0,0,0,0,0,1
83,20,15,0,0,0,0,0,0,2,1
52,1,9,0,0,0,0,0,0,0,1
55,1,8,0,0,0,0,0,0,0,1
644,2,128,0,0,0,0,0,19,0,1
102,0,29,0,0,2,1,0,0,2,1
97,20,20,0,0,0,0,0,0,2,1
1456,8,306,0,0,0,0,0,16,0,1
111,0,29,0,0,2,1,0,0,2,1
582,0,119,0,0,0,0,0,6,0,1
252,47,38,0,0,0,0,0,3,0,1
139,16,31,1,1,2,0,0,0,2,1
91,10,16,0,0,0,0,0,2,1,1
53,5,8,0,0,0,0,0,0,0,1
38,5,6,0,0,0,0,0,2,0,1
897,187,169,8,8,1,0,0,11,3,1
136,3,38,0,0,2,1,0,0,1,1
86,10,14,0,0,0,0,0,1,1,1
88,20,17,0,0,0,0,0,0,2,1
104,20,20,0,0,0,0,0,1,2,1
59,5,8,0,0,0,0,0,0,0,1
40,7,9,0,0,0,0,0,0,0,1
77,20,13,0,0,0,0,0,0,2,1
81,19,15,0,0,0,0,0,0,2,1
248,35,33,0,0,0,0,0,2,0,1
88,20,16,0,0,0,0,0,0,2,1
350,57,85,3,3,3,2,0,2,2,1
122,2,31,0,0,2,1,0,0,2,1
197,16,48,1,1,2,1,0,1,4,1
71,7,18,0,0,2,1,0,0,1,1
82,20,15,0,0,0,0,0,0,2,1
217,6,46,1,1,2,1,0,0,2,1
145,10,35,1,1,1,1,0,2,1,1
506,0,106,0,0,0,0,0,6,0,1
85,19,16,0,0,0,0,0,0,2,1
94,20,18,0,0,0,0,0,1,2,1
113,21,20,0,0,0,0,0,0,2,1
137,0,32,1,1,1,1,0,2,1,1
106,20,18,0,0,0,0,0,2,2,1
1766,4,397,0,0,0,0,0,18,0,1
108,5,26,0,0,2,1,0,1,1,1
480,3,96,0,0,0,0,0,4,0,1
38,5,6,0,0,0,0,0,2,0,1
95,8,20,0,0,2,1,0,1,1,1
860,0,262,0,0,0,0,0,12,0,1
420,5,84,0,0,0,0,0,3,0,1
244,21,48,2,2,1,1,0,3,2,1
112,10,26,1,1,1,1,0,0,2,1
84,19,16,0,0,0,0,0,0,2,1
847,16,187,0,0,0,0,0,14,0,1
300,45,47,0,0,0,0,0,1,1,1
172,10,42,1,1,2,1,0,0,2,1
66,3,10,0,0,0,0,0,0,2,1
70,3,13,0,0,1,1,0,0,1,1
502,0,98,0,0,0,0,0,7,0,1
107,0,29,0,0,2,1,0,0,2,1
94,20,17,0,0,0,0,0,1,2,1
297,43,42,0,0,0,0,0,2,1,1
183,4,48,1,1,2,1,0,0,1,1
139,2,33,1,1,1,1,0,2,2,1
268,16,58,2,2,2,0,0,2,2,1
93,0,26,0,0,2,1,0,1,1,1
95,19,19,0,0,0,0,0,2,2,1
133,18,29,1,1,1,2,0,1,1,1
102,20,19,0,0,0,0,0,0,2,1
2838,21,961,2,1,0,0,0,18,0,1
102,1,32,0,0,0,0,0,1,1,1
418,64,101,3,3,0,0,0,1,2,1
47,7,9,0,0,0,0,0,0,0,1
156,12,35,1,1,2,1,0,2,2,1
184,25,40,1,1,2,1,0,0,1,1
89,20,16,0,0,0,0,0,0,2,1
101,0,27,0,0,2,1,0,0,1,1
84,2,21,2,2,2,1,0,0,0,1
83,20,15,0,0,0,0,0,0,2,1
169,0,37,0,0,0,0,0,3,0,1
97,20,18,0,0,0,0,0,0,2,1
111,20,20,0,0,0,0,0,0,2,1
69,0,17,1,2,0,0,0,0,0,1
3556,19,704,0,0,0,0,0,62,0,1
84,20,15,0,0,0,0,0,0,2,1
416,191,130,3,3,0,0,0,0,2,1
161,17,38,1,1,2,1,0,2,1,1
50,7,11,0,0,0,0,0,3,0,1
86,4,20,0,0,2,1,0,0,2,1
168,14,40,1,1,3,1,0,1,4,1
173,2,52,1,1,2,1,0,0,2,1
311,40,43,0,0,0,0,0,2,1,1
82,20,15,0,0,0,0,0,0,2,1
141,12,24,1,1,0,1,0,2,1,1
1377,0,306,0,0,0,0,0,19,0,1
91,20,17,0,0,0,0,0,1,2,1
368,91,86,3,3,3,5,0,0,1,1
113,20,20,0,0,0,0,0,1,2,1
291,44,45,0,0,0,0,0,1,1,1
142,0,42,0,1,1,0,0,0,0,1
823,1,184,0,0,0,0,0,5,0,1
95,20,18,0,0,0,0,0,0,2,1
81,20,16,0,0,0,0,0,0,2,1
188,39,45,1,1,0,1,0,2,2,1
151,23,37,3,3,5,0,0,0,0,1
42,0,13,1,1,0,1,0,0,0,1
87,20,16,0,0,0,0,0,0,2,1
173,26,35,1,1,0,1,0,1,2,1
105,20,21,0,0,0,0,0,0,2,1
113,20,22,0,0,0,0,0,0,2,1
86,10,14,0,0,0,0,0,1,1,1
145,22,30,1,1,0,0,0,0,3,1
182,31,38,1,1,2,1,0,0,2,1
109,14,23,1,1,1,1,0,1,1,1
224,10,58,1,1,2,1,0,0,2,1
109,20,18,0,0,0,0,0,2,2,1
325,43,50,0,0,0,0,0,3,1,1
86,10,14,0,0,0,0,0,1,1,1
526,0,113,0,0,0,0,0,6,0,1
664,8,151,0,0,0,0,0,9,0,1
202,1,41,1,1,0,1,0,0,1,1
115,9,18,0,0,0,0,0,0,1,1
98,9,26,0,0,2,0,0,1,2,1
190,4,50,1,1,2,1,0,1,2,1
74,8,20,0,0,2,1,0,0,1,1
294,41,48,0,0,0,0,0,1,1,1
120,24,26,0,0,0,0,0,0,2,1
17,1,11,0,0,0,1,0,0,0,1
91,10,16,0,0,0,0,0,2,1,1
3244,2,668,0,0,0,0,0,48,0,1
385,19,119,7,7,3,0,0,2,0,1
173,30,37,1,1,1,1,0,1,2,1
144,15,37,1,1,0,0,0,0,3,1
1402,2,301,0,0,0,0,0,18,0,1
89,20,16,0,0,0,0,0,0,2,1
187,2,51,1,1,2,1,0,0,1,1
98,9,23,0,0,0,0,0,1,2,1
523,0,95,0,0,0,0,0,8,0,1
147,22,33,1,1,3,1,0,0,2,1
301,46,45,0,0,0,0,0,1,1,1
33,5,4,0,0,0,0,0,1,0,1
448,3,98,0,0,0,0,0,9,0,1
104,20,18,0,0,0,0,0,0,2,1
965,5,199,0,0,0,0,0,9,0,1
2528,14,984,10,9,0,0,0,19,0,1
93,19,16,0,0,0,0,0,1,2,1
164,18,38,1,1,2,1,0,0,1,1
111,7,18,0,0,0,0,0,0,1,1
253,40,33,0,0,0,0,0,1,0,1
308,53,65,2,2,2,1,0,0,3,1
249,40,34,0,0,0,0,0,3,0,1
2404,24,522,0,0,0,0,0,44,0,1
136,20,32,1,1,0,0,0,0,1,1
93,20,18,0,0,0,0,0,0,2,1
1176,3,244,0,0,0,0,0,11,0,1
119,13,27,1,1,2,1,0,0,2,1
1710,2,351,0,0,0,0,0,32,0,1
84,20,15,0,0,0,0,0,0,2,1
623,0,120,0,0,0,0,0,7,0,1
305,41,43,0,0,0,0,0,1,1,1
109,0,28,0,0,2,1,0,1,1,1
79,6,17,0,0,0,0,0,0,3,1
2892,11,627,0,0,0,0,0,52,0,1
373,2,83,0,0,0,0,0,3,0,1
84,19,15,0,0,0,0,0,0,2,1
1168,1,231,0,0,0,0,0,16,0,1
55,1,8,0,0,0,0,0,0,0,1
94,20,16,0,0,0,0,0,1,2,1
110,9,18,0,0,0,0,0,0,1,1
25564,438,6102,2,1,0,0,0,150,0,1
967,4,210,0,0,0,0,0,17,0,1
295,47,45,0,0,0,0,0,2,1,1
95,20,19,0,0,0,0,0,0,2,1
83,20,15,0,0,0,0,0,0,2,1
6557,23,1496,0,0,0,0,0,78,0,1
160,10,35,1,1,2,1,0,0,2,1
101,20,20,0,0,0,0,0,0,2,1
91,10,16,0,0,0,0,0,2,1,1
644,86,128,5,5,2,0,0,7,4,1
111,6,18,0,0,0,0,0,1,1,1
85,19,14,0,0,0,0,0,0,2,1
251,38,35,0,0,0,0,0,2,0,1
480,2,96,0,0,0,0,0,12,0,1
62,7,14,0,0,0,0,0,0,0,1
103,12,23,0,0,2,1,0,0,2,1
247,60,46,2,2,2,1,0,3,1,1
218,38,30,0,0,0,0,0,2,0,1
33,5,4,0,0,0,0,0,1,0,1
721,2,150,0,0,0,0,0,7,0,1
100,20,18,0,0,0,0,0,0,2,1
116,14,21,1,1,2,1,0,1,1,1
641,0,135,0,0,0,0,0,7,0,1
753,2,163,0,0,0,0,0,8,0,1
117,0,20,0,0,0,0,0,1,0,1
103,0,29,0,0,2,1,0,0,1,1
1020,0,203,0,0,0,0,0,16,0,1
186,19,32,1,1,0,0,0,3,2,1
252,0,50,0,0,0,0,0,5,0,1
140,13,36,1,1,1,1,0,0,2,1
225,1,57,1,1,3,1,0,2,5,1
93,20,16,0,0,0,0,0,1,2,1
102,20,18,0,0,0,0,0,0,2,1
78,20,14,0,0,0,0,0,0,2,1
94,3,25,0,0,2,1,0,0,2,1
195,3,53,1,1,0,1,0,0,1,1
96,0,26,0,0,2,1,0,1,1,1
87,9,22,0,0,0,0,0,0,1,1
8836,34,3313,3,3,4,0,0,96,4,1
182,2,49,1,1,2,1,0,0,2,1
87,0,23,0,0,3,1,0,1,1,1
987,3,201,0,0,0,0,0,20,0,1
738,7,165,0,0,0,0,0,14,0,1
97,0,25,0,0,2,1,0,0,1,1
59,1,23,3,2,1,1,1,1,0,1
113,8,18,0,0,0,0,0,0,1,1
90,20,15,0,0,0,0,0,0,2,1
204,26,44,1,1,2,1,0,1,2,1
766,1,174,0,0,0,0,0,14,0,1
44,7,9,0,0,0,0,0,0,0,1
108,3,26,0,0,0,0,0,0,4,1
97,19,18,0,0,0,0,0,1,2,1
127,11,28,1,1,2,1,0,1,2,1
87,20,16,0,0,0,0,0,0,2,1
857,5,192,0,0,0,0,0,13,0,1
109,20,19,0,0,0,0,0,0,2,1
289,44,43,0,0,0,0,0,4,1,1
91,20,17,0,0,0,0,0,0,2,1
253,36,38,0,0,0,0,0,1,0,1
96,19,17,0,0,0,0,0,0,2,1
38,5,6,0,0,0,0,0,2,0,1
15,0,4,0,0,0,0,0,0,0,1
299,44,46,0,0,0,0,0,1,1,1
349,62,51,3,3,2,1,0,0,2,1
91,10,16,0,0,0,0,0,2,1,1
90,20,15,0,0,0,0,0,1,2,1
108,20,21,0,0,0,0,0,1,2,1
276,47,36,0,0,0,0,0,3,0,1
311,47,44,0,0,0,0,0,2,1,1
320,45,47,0,0,0,0,0,1,1,1
395,47,99,3,3,3,5,0,1,2,1
302,45,45,0,0,0,0,0,1,1,1
70,2,15,1,1,1,0,0,1,0,1
86,10,14,0,0,0,0,0,1,1,1
226,38,33,0,0,0,0,0,2,0,1
27,0,6,0,0,0,0,0,0,0,1
173,2,48,1,1,2,1,0,1,2,1
1169,6,236,0,0,0,0,0,17,0,1
6206,11,2188,15,15,2,0,0,79,1,1
233,0,52,0,0,0,0,0,0,0,1
85,20,15,0,0,0,0,0,1,2,1
108,0,25,0,0,2,1,0,2,1,1
248,44,34,0,0,0,0,0,2,0,1
248,15,59,2,2,0,0,0,0,3,1
505,7,108,0,0,0,0,0,5,0,1
87,20,17,0,0,0,0,0,1,2,1
79,20,14,0,0,0,0,0,0,2,1
426,0,86,0,0,0,0,0,7,0,1
153,13,39,1,1,2,0,0,0,2,1
22,0,8,1,1,0,1,0,0,0,1
786,12,186,0,0,0,0,0,7,0,1
1098,2,210,0,0,0,0,0,23,0,1
31,3,8,1,1,0,0,0,0,0,1
52,0,9,0,0,0,0,0,1,0,1
316,48,50,0,0,0,0,0,2,1,1
22832,152,6549,19,4,1,0,0,151,0,1
128,6,34,1,1,2,1,0,0,1,1
93,20,18,0,0,0,0,0,0,2,1
123,14,24,0,0,0,0,0,0,1,1
158,2,43,1,1,2,1,0,1,2,1
88,20,16,0,0,0,0,0,1,2,1
320,0,67,0,0,0,0,0,3,0,1
111,20,20,0,0,0,0,0,0,2,1
283,1,54,0,0,0,0,0,2,0,1
32,4,4,0,0,0,0,0,1,0,1
86,10,14,0,0,0,0,0,1,1,1
129,17,31,1,1,1,1,0,0,1,1
108,0,30,0,0,2,1,0,0,2,1
116,11,20,0,0,0,0,0,0,1,1
255,40,36,0,0,0,0,0,1,0,1
86,4,21,0,0,2,1,0,0,2,1
448,0,133,0,0,0,0,0,1,0,1
195,27,41,1,1,2,1,0,3,1,1
2923,34,639,0,0,0,0,0,37,0,1
676,2,130,0,0,0,0,0,5,0,1
173,2,48,1,1,2,1,0,1,2,1
206,1,45,1,1,2,1,0,3,1,1
91,10,16,0,0,0,0,0,2,1,1
132,0,19,1,1,0,0,0,0,2,1
502,2,113,0,0,0,0,0,9,0,1
84,20,15,0,0,0,0,0,1,2,1
96,20,17,0,0,0,0,0,2,2,1
86,10,14,0,0,0,0,0,1,1,1
1185,0,251,0,0,0,0,0,17,0,1
2288,7,451,0,0,0,0,0,42,0,1
75,19,15,0,0,0,0,0,0,2,1
144,3,36,1,1,2,1,0,2,2,1
1113,0,240,0,0,0,0,0,10,0,1
80,11,19,0,0,2,1,0,0,1,1
112,1,27,0,0,2,1,0,0,1,1
2730,1,781,0,0,4,0,0,12,0,1
47,8,9,0,0,0,0,0,0,0,1
33,5,4,0,0,0,0,0,1,0,1
140,11,33,1,1,2,1,0,0,2,1
124,20,23,0,0,0,0,0,1,2,1
85,0,16,0,0,1,1,0,0,1,1
138,12,28,1,1,2,1,0,0,2,1
137,11,31,1,1,3,0,0,2,2,1
414,5,93,0,0,0,0,0,7,0,1
232,39,34,0,0,0,0,0,1,0,1
56,2,8,0,0,0,0,0,0,0,1
77,4,21,2,2,2,0,0,0,1,1
3962,224,1155,3,3,3,1,0,34,10,1
166,17,37,1,1,1,0,0,0,4,1
847,8,180,0,0,0,0,0,14,0,1
244,39,35,0,0,0,0,0,2,0,1
335,2,68,0,0,0,0,0,6,0,1
158,19,40,1,1,2,1,0,2,1,1
203,2,54,1,1,1,1,0,1,1,1
188,5,39,0,0,0,0,0,5,0,1
48,0,14,2,2,2,0,0,1,1,1
81,20,14,0,0,0,0,0,2,2,1
107,0,30,0,0,3,1,0,0,2,1
104,20,20,0,0,0,0,0,1,2,1
302,45,81,2,2,3,5,0,1,2,1
89,20,15,0,0,0,0,0,1,2,1
210,13,47,1,1,2,0,0,2,3,1
102,1,25,0,0,2,1,0,0,2,1
33,5,4,0,0,0,0,0,1,0,1
116,6,18,0,0,0,0,0,1,1,1
491,135,136,4,4,3,5,0,0,1,1
901,4,187,0,0,0,0,0,13,0,1
93,20,18,0,0,0,0,0,0,2,1
115,1,27,0,0,2,1,0,2,1,1
396,0,81,0,0,0,0,0,4,0,1
57,1,16,1,1,0,0,0,0,0,1
2952,3,600,0,0,0,0,0,29,0,1
110,6,18,0,0,0,0,0,0,1,1
125,15,21,0,0,2,1,0,1,1,1
85,8,19,0,0,2,1,0,0,2,1
1678,6,381,0,0,0,0,0,21,0,1
103,0,25,0,0,2,1,0,0,1,1
286,47,43,0,0,0,0,0,2,1,1
177,2,48,1,1,2,1,0,1,2,1
116,5,28,1,1,1,1,0,0,1,1
314,33,67,2,2,2,2,0,3,2,1
269,47,38,0,0,0,0,0,4,0,1
116,22,21,0,0,0,0,0,0,2,1
56,2,12,1,1,1,1,0,0,0,1
973,9,205,0,0,0,0,0,11,0,1
119,16,29,1,1,1,1,0,1,2,1
109,16,26,1,1,1,1,0,0,2,1
123,0,29,0,0,2,1,0,1,2,1
253,38,35,0,0,0,0,0,1,0,1
437,0,85,0,0,0,0,0,6,0,1
378,4,74,0,0,0,0,0,6,0,1
61,0,15,0,0,0,0,0,0,3,1
2208,15,469,0,0,0,0,0,28,0,1
367,184,120,3,3,0,0,0,0,2,1
118,9,31,2,3,0,0,0,0,2,1
172,2,48,1,1,2,1,0,2,2,1
188,4,49,1,1,2,1,0,0,2,1
120,12,22,0,0,0,0,0,0,1,1
2593,15,508,0,0,0,0,0,39,0,1
114,0,28,0,0,2,1,0,2,1,1
77,20,13,0,0,0,0,0,0,2,1
207,3,40,0,0,0,0,0,0,0,1
1524,365,379,36,39,3,0,0,7,0,1
2569,42,967,0,0,0,0,0,17,0,1
140,12,27,1,1,2,1,0,0,1,1
85,20,14,0,0,0,0,0,1,2,1
80,19,15,0,0,0,0,0,0,2,1
93,20,17,0,0,0,0,0,0,2,1
110,0,29,0,0,2,1,0,0,2,1
92,20,16,0,0,0,0,0,2,2,1
118,19,20,0,0,0,0,0,0,2,1
378,4,72,0,0,0,0,0,6,0,1
124,15,24,0,0,0,0,0,0,1,1
33,5,4,0,0,0,0,0,1,0,1
171,2,47,1,1,2,1,0,0,1,1
451,0,91,0,0,0,0,0,7,0,1
231,29,45,2,2,3,2,0,1,1,1
1709,8,365,0,0,0,0,0,23,0,1
640,2,134,0,0,0,0,0,12,0,1
102,20,16,0,0,0,0,0,1,2,1
666,0,140,0,0,0,0,0,10,0,1
93,20,17,0,0,0,0,0,0,2,1
399,190,130,3,3,0,0,0,0,2,1
113,3,28,0,0,2,1,0,2,1,1
106,0,29,0,0,2,1,0,1,2,1
130,17,31,1,1,1,1,0,1,2,1
123,0,28,0,0,2,1,0,1,1,1
104,0,29,0,0,2,1,0,0,1,1
883,4,187,0,0,0,0,0,12,0,1
38,0,11,1,1,1,1,0,0,0,1
144,17,31,1,1,0,1,1,1,1,1
3323,3,1064,33,33,3,0,0,21,0,1
288,0,61,0,0,0,0,0,5,0,1
262,46,42,0,0,0,0,0,1,0,1
87,20,16,0,0,0,0,0,0,2,1
332,43,49,0,0,0,0,0,1,1,1
56,5,8,0,0,0,0,0,0,0,1
202,26,51,1,1,4,2,0,0,1,1
109,7,21,1,1,1,1,0,2,2,1
123,20,27,2,2,3,0,0,0,0,1
814,1,176,0,0,0,0,0,12,0,1
74,8,18,0,0,0,0,0,0,0,1
86,10,14,0,0,0,0,0,1,1,1
85,20,14,0,0,0,0,0,0,2,1
289,44,43,0,0,0,0,0,1,1,1
1364,7,295,0,0,0,0,0,17,0,1
171,2,41,1,1,2,1,0,1,2,1
105,21,20,0,0,0,0,0,0,2,1
167,23,40,1,1,2,1,0,0,1,1
294,50,43,0,0,0,0,0,1,1,1
117,25,28,1,1,2,1,0,0,2,1
321,42,48,0,0,0,0,0,4,1,1
257,47,54,2,2,2,1,0,1,3,1
368,3,77,0,0,0,0,0,4,0,1
255,43,35,0,0,0,0,0,3,0,1
128,22,26,0,0,0,0,0,2,2,1
99,24,17,0,0,0,0,0,0,2,1
83,20,15,0,0,0,0,0,0,2,1
243,37,32,0,0,0,0,0,2,0,1
1483,0,322,0,0,0,0,0,25,0,1
133,13,31,1,1,2,1,0,3,2,1
864,9,194,0,0,0,0,0,9,0,1
42,6,9,0,0,0,0,0,0,0,1
308,47,46,0,0,0,0,0,2,1,1
85,19,16,0,0,0,0,0,0,2,1
105,0,27,0,0,2,1,0,1,1,1
295,0,58,0,0,0,0,0,2,0,1
115,26,24,1,1,3,1,0,0,2,1
108,0,27,0,0,2,1,0,0,2,1
89,20,15,0,0,0,0,0,1,2,1
118,10,27,1,1,0,0,0,0,2,1
123,0,30,0,0,2,1,0,0,1,1
166,18,34,1,1,2,1,0,1,2,1
93,2,27,0,0,2,1,0,0,2,1
99,0,28,0,0,2,1,0,0,1,1
111,3,25,0,0,2,1,0,0,2,1
385,1,79,0,0,0,0,0,7,0,1
129,17,30,1,1,2,1,0,0,2,1
268,41,37,0,0,0,0,0,2,0,1
118,8,31,1,1,2,1,0,0,2,1
96,14,19,0,0,2,1,0,0,2,1
272,44,44,0,0,0,0,0,3,1,1
113,11,28,1,1,2,1,0,1,1,1
286,40,41,0,0,0,0,0,3,0,1
249,14,59,2,2,0,0,0,1,2,1
103,20,18,0,0,0,0,0,0,2,1
165,17,34,1,1,1,1,0,0,4,1
155,2,40,1,1,2,1,0,0,1,1
116,18,24,1,1,2,1,0,2,2,1
309,43,46,0,0,0,0,0,2,1,1
278,0,50,0,0,0,0,0,7,0,1
632,2,130,0,0,0,0,0,9,0,1
67,0,18,1,1,1,1,0,0,0,1
114,10,18,0,0,0,0,0,0,1,1
101,20,18,0,0,0,0,0,0,2,1
83,20,14,0,0,0,0,0,1,2,1
1189,0,231,0,0,0,0,0,15,0,1
60,3,13,1,1,1,1,0,0,0,1
121,0,31,0,0,2,1,0,0,2,1
178,2,48,1,1,3,1,0,1,2,1
300,42,48,0,0,0,0,0,2,1,1
85,3,25,2,2,2,1,0,1,0,1
130,20,22,0,0,0,0,0,2,2,1
43,3,12,2,3,3,1,0,0,0,1
440,18,104,0,0,0,0,0,7,0,1
69,9,45,0,0,0,0,0,0,0,1
103,20,19,0,0,0,0,0,2,2,1
427,0,89,0,0,0,0,0,1,0,1
121,22,23,0,0,0,0,0,0,2,1
89,0,24,0,0,2,1,0,1,2,1
1124,6,253,0,0,0,0,0,8,0,1
94,20,17,0,0,0,0,0,0,2,1
859,1,174,0,0,0,0,0,13,0,1
114,8,29,1,1,2,0,0,0,2,1
103,20,18,0,0,0,0,0,0,2,1
95,20,17,0,0,0,0,0,1,2,1
130,0,36,0,0,2,1,0,1,2,1
123,14,24,0,0,0,0,0,0,1,1
38,5,6,0,0,0,0,0,2,0,1
106,0,26,0,0,2,1,0,0,2,1
2088,14,881,19,20,1,0,0,4,2,1
34,8,8,0,0,0,0,0,0,0,1
113,7,19,0,0,0,0,0,0,1,1
106,20,19,0,0,0,0,0,1,2,1
90,20,16,0,0,0,0,0,2,2,1
85,20,16,0,0,0,0,0,0,2,1
94,20,17,0,0,0,0,0,2,2,1
427,6,125,0,0,0,0,0,3,3,1
181,10,38,1,1,2,1,0,1,1,1
733,8,160,0,0,0,0,0,12,0,1
112,0,30,0,0,2,1,0,0,2,1
93,20,16,0,0,0,0,0,1,2,1
83,20,14,0,0,0,0,0,1,2,1
595,3,133,0,0,0,0,0,9,0,1
116,8,18,0,0,0,0,0,1,1,1
38,5,6,0,0,0,0,0,2,0,1
229,38,36,0,0,0,0,0,1,0,1
237,37,46,2,2,2,1,0,1,2,1
246,14,58,2,2,0,0,0,1,2,1
84,20,16,0,0,0,0,0,0,2,1
1587,12,341,0,0,0,0,0,17,0,1
434,8,87,0,0,0,0,0,6,0,1
136,0,34,1,1,1,1,0,2,2,1
170,4,50,1,1,4,1,0,1,1,1
139,18,28,1,1,2,1,0,2,2,1
180,4,49,1,1,2,1,0,0,2,1
297,42,45,0,0,0,0,0,3,1,1
89,8,19,0,0,0,0,0,1,1,1
56,6,8,0,0,0,0,0,0,0,1
86,20,16,0,0,0,0,0,0,2,1
137,12,30,1,1,0,1,1,1,2,1
77,20,13,0,0,0,0,0,0,2,1
95,5,29,0,0,2,1,0,0,1,1
90,20,17,0,0,0,0,0,1,2,1
101,12,22,0,0,2,1,0,0,1,1
54,2,8,0,0,0,0,0,0,0,1
56,6,9,0,0,0,0,0,0,0,1
33,5,4,0,0,0,0,0,1,0,1
260,37,35,0,0,0,0,0,2,0,1
620,3,126,0,0,0,0,0,11,0,1
91,10,16,0,0,0,0,0,2,1,1
127,1,31,0,0,2,1,0,1,2,1
231,40,31,0,0,0,0,0,1,0,1
382,17,25,3,3,0,0,0,2,1,1
294,42,44,0,0,0,0,0,2,1,1
137,8,35,1,1,1,1,0,0,1,1
197,2,52,1,1,2,1,0,2,2,1
239,38,53,2,2,4,2,0,3,1,1
259,103,72,2,2,0,1,0,0,1,1
1106,3,242,0,0,0,0,0,6,0,1
48,5,8,0,0,0,0,0,0,1,1
89,21,17,0,0,0,0,0,0,2,1
93,20,16,0,0,0,0,0,0,2,1
294,45,43,0,0,0,0,0,2,1,1
109,15,29,1,1,1,1,0,1,1,1
124,15,24,0,0,0,0,0,0,1,1
283,37,38,0,0,0,0,0,3,0,1
222,39,54,2,2,0,0,0,2,1,1
202,34,39,1,1,2,1,0,0,2,1
116,12,18,0,0,0,0,0,0,1,1
88,20,15,0,0,0,0,0,0,2,1
110,26,22,0,0,0,0,0,0,2,1
246,40,40,0,0,0,0,0,2,0,1
169,13,37,1,1,2,1,0,0,2,1
96,20,17,0,0,0,0,0,0,2,1
234,38,33,0,0,0,0,0,3,0,1
300,2,56,0,0,0,0,0,5,0,1
110,20,18,0,0,0,0,0,1,2,1
123,5,33,0,0,2,1,0,0,1,1
147,1,35,1,1,2,1,0,1,2,1
82,20,15,0,0,0,0,0,0,2,1
92,20,16,0,0,0,0,0,0,2,1
2261,5,491,0,0,0,0,0,27,0,1
97,7,23,0,0,2,1,0,0,1,1
234,38,33,0,0,0,0,0,1,0,1
106,0,25,2,2,2,0,0,0,0,1
192,38,33,1,1,2,1,0,0,4,1
2500,5,956,3,3,0,1,0,9,0,1
1106,6,236,0,0,0,0,0,17,0,1
230,40,34,0,0,0,0,0,1,0,1
91,21,18,0,0,0,0,0,0,2,1
9908,43,6001,8,8,9,0,0,38,0,1
80,20,14,0,0,0,0,0,1,2,1
77,6,16,0,0,1,1,0,0,1,1
86,10,14,0,0,0,0,0,1,1,1
89,19,15,0,0,0,0,0,0,2,1
113,20,22,0,0,0,0,0,0,2,1
150,6,39,1,1,2,1,0,0,2,1
92,20,16,0,0,0,0,0,1,2,1
287,2,89,0,0,0,0,0,1,0,1
77,8,19,0,0,2,1,0,0,2,1
95,20,17,0,0,0,0,0,0,2,1
2539,20,563,0,0,0,0,0,33,0,1
145,3,37,1,1,2,1,0,2,1,1
127,1,25,0,0,0,0,0,1,0,1
74,8,51,0,0,0,0,0,0,0,1
72,20,13,0,0,0,0,0,0,2,1
117,16,24,1,1,2,1,0,0,2,1
757,4,169,0,0,0,0,0,5,0,1
38,5,6,0,0,0,0,0,2,0,1
122,20,22,0,0,0,0,0,0,2,1
2411,10,538,0,0,0,0,0,45,0,1
230,48,34,0,0,0,0,0,1,0,1
90,21,17,0,0,0,0,0,1,2,1
93,15,22,0,0,2,1,0,0,1,1
362,0,73,0,0,0,0,0,4,0,1
91,10,16,0,0,0,0,0,2,1,1
116,20,19,0,0,0,0,0,0,2,1
771,0,164,0,0,0,0,0,12,0,1
194,42,47,1,1,3,1,0,0,2,1
33,5,4,0,0,0,0,0,1,0,1
717,0,151,0,0,0,0,0,7,0,1
124,20,22,0,0,0,0,0,1,2,1
119,0,26,0,0,0,0,0,0,0,1
81,19,16,0,0,0,0,0,0,2,1
1841,13,398,0,0,0,0,0,11,0,1
60,10,8,0,0,0,0,0,0,0,1
299,43,48,0,0,0,0,0,2,1,1
109,14,23,1,1,1,1,0,1,1,1
525,1,116,0,0,0,0,0,8,0,1
286,2,59,0,0,0,0,0,4,0,1
309,47,48,0,0,0,0,0,1,1,1
108,10,27,0,0,0,1,0,0,1,1
270,71,74,2,2,2,1,0,0,2,1
113,2,30,0,0,0,0,0,0,2,1
103,11,20,0,0,0,1,0,1,2,1
77,20,15,0,0,0,0,0,0,2,1
1307,0,267,0,0,0,0,0,17,0,1
190,4,49,1,1,2,1,0,0,2,1
154,30,34,1,1,2,1,0,0,2,1
216,1,53,1,1,3,1,0,2,5,1
113,20,20,0,0,0,0,0,0,2,1
589,0,106,0,0,0,0,0,7,0,1
1454,18,339,0,0,0,0,0,16,0,1
1227,2,258,0,0,0,0,0,19,0,1
116,12,22,0,0,0,0,0,0,1,1
38,5,6,0,0,0,0,0,2,0,1
116,12,19,0,0,0,0,0,0,1,1
160,28,34,1,1,2,1,0,0,2,1
360,0,68,0,0,0,0,0,4,0,1
302,3,85,0,0,0,0,0,2,2,1
129,0,32,0,0,2,1,0,1,1,1
168,35,38,1,1,2,1,0,0,1,1
126,8,33,1,1,2,0,0,0,2,1
773,8,156,0,0,0,0,0,17,0,1
117,9,18,0,0,0,0,0,0,1,1
47,8,11,0,0,0,0,0,0,0,1
129,6,33,1,1,1,1,0,0,2,1
53,3,8,0,0,0,0,0,1,0,1
483,3,102,0,0,0,0,0,6,0,1
91,10,16,0,0,0,0,0,2,1,1
136,0,32,1,1,1,1,0,1,2,1
100,20,19,0,0,0,0,0,1,2,1
126,18,25,0,0,2,1,0,1,2,1
58,9,8,0,0,0,0,0,0,0,1
86,10,14,0,0,0,0,0,1,1,1
5928,32,1921,2,1,0,0,0,47,0,1
121,20,23,0,0,0,0,0,0,2,1
7810,24,1845,3,4,0,0,0,47,4,1
118,4,31,0,0,2,1,0,2,2,1
98,0,25,0,0,2,1,0,1,2,1
121,13,22,0,0,0,0,0,0,1,1
45,1,12,0,0,0,0,0,0,0,1
304,50,45,0,0,0,0,0,1,1,1
117,20,22,0,0,0,0,0,2,2,1
676,5,156,0,0,0,0,0,8,0,1
96,20,17,0,0,0,0,0,0,2,1
131,0,30,1,1,2,1,0,0,2,1
197,39,39,1,1,2,1,0,0,2,1
93,20,15,0,0,0,0,0,1,2,1
3837,39,1184,17,16,0,0,0,10,4,1
882,3,185,0,0,0,0,0,12,0,1
290,69,98,2,2,2,1,0,1,2,1
284,49,61,2,2,4,2,0,0,2,1
47,8,25,0,0,0,0,0,0,0,1
114,6,18,0,0,0,0,0,0,1,1
919,0,188,0,0,0,0,0,16,0,1
132,8,26,1,1,2,1,0,2,1,1
297,48,44,0,0,0,0,0,2,1,1
53,2,8,0,0,0,0,0,0,0,1
293,44,41,0,0,0,0,0,1,1,1
54,7,11,0,0,0,0,0,0,0,1
100,16,22,0,0,2,1,0,0,2,1
107,10,26,1,1,0,0,0,0,1,1
143,0,34,1,1,2,1,0,0,2,1
83,20,15,0,0,0,0,0,0,2,1
257,42,38,0,0,0,0,0,4,0,1
123,20,25,0,0,0,0,0,1,2,1
492,1,108,0,0,0,0,0,6,0,1
118,11,18,0,0,0,0,0,0,1,1
125,16,31,1,1,2,1,0,0,2,1
525,1,102,0,0,0,0,0,10,0,1
868,4,190,0,0,0,0,0,15,0,1
281,44,43,0,0,0,0,0,1,1,1
569,3,125,0,0,0,0,0,4,0,1
202,2,53,1,1,1,1,0,1,2,1
3217,5,1025,0,0,0,0,0,12,0,1
51,4,8,0,0,0,0,0,1,0,1
170,22,38,1,1,0,0,0,0,3,1
193,2,53,1,1,2,1,0,1,2,1
728,6,151,0,0,0,0,0,10,0,1
95,20,16,0,0,0,0,0,0,2,1
110,6,24,4,5,2,1,0,0,1,1
88,20,17,0,0,0,0,0,0,2,1
87,20,15,0,0,0,0,0,0,2,1
119,0,31,0,0,2,1,0,0,1,1
653,0,141,0,0,0,0,0,13,0,1
119,0,29,0,0,2,1,0,1,2,1
13822,20,4869,39,39,0,1,0,96,9,1
131,16,40,1,1,0,0,0,0,2,1
199,17,41,1,1,3,0,0,1,3,1
1615,13,353,0,0,0,0,0,23,0,1
248,14,59,2,2,0,0,0,0,3,1
54,3,8,0,0,0,0,0,0,0,1
98,1,25,0,0,2,1,0,0,1,1
85,20,16,0,0,0,0,0,1,2,1
142,0,32,2,2,2,0,0,0,0,1
392,83,111,3,3,2,1,0,0,2,1
34,2,5,0,0,0,0,0,0,0,1
189,21,40,1,1,2,1,0,2,2,1
108,0,29,0,0,2,1,0,0,2,1
243,42,34,0,0,0,0,0,2,0,1
98,20,17,0,0,0,0,0,1,2,1
545,0,106,0,0,0,0,0,3,0,1
249,14,58,2,2,0,0,0,0,2,1
344,0,60,0,0,0,0,0,5,0,1
147,14,30,1,1,2,1,0,1,2,1
5052,39,1739,3,3,0,0,0,90,2,1
116,12,22,0,0,0,0,0,0,1,1
244,43,34,0,0,0,0,0,1,0,1
123,14,24,0,0,0,0,0,0,1,1
38,5,6,0,0,0,0,0,2,0,1
250,37,36,0,0,0,0,0,2,0,1
508,135,103,4,4,0,1,0,3,2,1
70,2,14,0,0,0,0,0,2,0,1
120,1,32,0,0,2,1,0,0,1,1
38,5,6,0,0,0,0,0,2,0,1
257,38,34,0,0,0,0,0,4,0,1
254,36,36,0,0,0,0,0,4,0,1
218,1,51,0,0,1,0,0,4,0,1
111,19,20,0,0,0,0,0,1,2,1
94,0,25,0,0,2,1,0,1,2,1
52,0,11,0,0,0,0,0,0,0,1
91,19,17,0,0,0,0,0,1,2,1
978,10,214,0,0,0,1,0,6,0,1
243,37,36,0,0,0,0,0,3,0,1
278,44,41,0,0,0,0,0,2,1,1
36,3,6,0,0,0,0,0,2,0,1
960,2,191,0,0,0,0,0,14,0,1
120,12,22,0,0,0,0,0,0,1,1
174,2,48,1,1,2,1,0,1,2,1
88,20,16,0,0,0,0,0,2,2,1
109,7,23,1,1,0,0,0,1,3,1
112,6,19,0,0,0,0,0,0,1,1
107,20,20,0,0,0,0,0,0,2,1
680,0,140,0,0,0,0,0,8,0,1
1616,2,315,0,0,0,0,0,29,0,1
1254,5,269,0,0,0,0,0,15,0,1
306,46,47,0,0,0,0,0,1,1,1
308,47,47,0,0,0,0,0,1,1,1
264,37,37,0,0,0,0,0,3,0,1
100,13,20,0,0,2,1,0,0,2,1
147,1,31,1,1,2,1,0,0,2,1
88,3,20,0,0,0,0,0,2,3,1
103,9,22,0,0,2,1,0,2,2,1
77,19,14,0,0,0,0,0,0,2,1
168,1,30,0,0,0,0,0,1,0,1
114,9,26,1,1,1,1,0,0,2,1
10,0,1,0,0,0,0,0,1,0,1
244,19,56,1,1,2,1,0,0,4,1
888,10,182,0,0,0,0,0,10,0,1
236,41,32,0,0,0,0,0,2,0,1
141,1,37,1,1,2,1,0,0,2,1
104,20,19,0,0,0,0,0,1,2,1
132,15,30,1,1,1,1,0,0,2,1
188,79,58,1,1,0,0,0,0,1,1
263,38,38,0,0,0,0,0,1,0,1
258,2,52,0,0,0,0,0,3,0,1
105,7,21,1,1,2,1,0,1,2,1
113,6,18,0,0,0,0,0,0,1,1
459,0,97,0,0,0,0,0,5,0,1
102,6,26,0,0,2,1,0,0,1,1
224,0,42,0,0,0,0,0,5,0,1
83,19,14,0,0,0,0,0,0,2,1
64,3,13,1,1,1,0,0,0,0,1
144,12,40,1,1,2,1,0,0,2,1
147,6,33,1,1,2,1,0,2,1,1
164,10,41,1,1,2,1,0,2,1,1
202,19,38,1,1,2,0,0,1,2,1
125,20,22,0,0,0,0,0,0,2,1
53,0,13,0,0,0,0,0,0,0,1
316,2,62,0,0,0,0,0,3,0,1
88,20,16,0,0,0,0,0,0,2,1
76,1,24,0,0,2,1,0,0,2,1
78,20,14,0,0,0,0,0,0,2,1
128,0,32,0,0,2,1,0,0,2,1
106,20,21,0,0,0,0,0,0,2,1
123,14,24,0,0,0,0,0,0,1,1
317,0,117,0,0,0,0,0,1,0,1
322,11,78,2,2,2,1,0,1,2,1
1408,19,311,0,0,0,0,0,13,0,1
4535,27,1822,3,1,0,0,0,32,0,1
25595,505,8238,62,57,0,11,0,130,1,1
94,19,17,0,0,0,0,0,0,2,1
109,8,28,1,1,1,0,0,0,2,1
3153,1,673,0,0,0,0,0,45,0,1
100,20,18,0,0,0,0,0,3,2,1
116,10,28,1,1,0,0,0,0,2,1
106,25,20,0,0,0,0,0,0,2,1
2749,29,583,0,0,0,0,0,44,0,1
1943,1,419,0,0,0,0,0,25,0,1
271,43,41,0,0,0,0,0,1,1,1
458,8,98,0,0,0,0,0,5,0,1
124,16,35,1,1,2,0,0,0,4,1
249,34,33,0,0,0,0,0,3,0,1
90,9,16,0,0,0,0,0,2,1,1
122,0,29,0,0,2,1,0,0,2,1
300,44,44,0,0,0,0,0,1,1,1
111,20,19,0,0,0,0,0,0,2,1
100,20,21,0,0,0,0,0,0,2,1
57,2,9,0,0,0,0,0,0,0,1
743,1,159,0,0,0,0,0,13,0,1
297,41,43,0,0,0,0,0,3,1,1
98,20,15,0,0,0,0,0,0,2,1
641,0,129,0,0,0,0,0,8,0,1
1049,3,218,0,0,0,0,0,14,0,1
117,13,22,0,0,0,0,0,0,1,1
1215,288,225,11,11,13,10,0,0,2,1
328,2,104,0,0,0,0,0,1,2,1
596,0,118,0,0,0,0,0,7,0,1
243,2,60,1,1,2,1,0,0,4,1
38,5,6,0,0,0,0,0,2,0,1
1114,8,240,0,0,0,0,0,15,0,1
795,2,163,0,0,0,0,0,11,0,1
172,2,48,1,1,2,1,0,1,2,1
80,20,15,0,0,0,0,0,0,2,1
58,7,14,0,0,0,0,0,0,0,1
205,34,41,1,1,0,0,0,3,2,1
33,5,4,0,0,0,0,0,1,0,1
51,6,14,0,0,0,0,0,0,0,1
185,2,51,1,1,2,1,0,1,2,1
2167,48,574,0,0,0,0,0,24,0,1
89,20,17,0,0,0,0,0,0,2,1
1718,11,344,0,0,0,0,0,23,0,1
177,3,45,1,1,2,1,0,0,2,1
313,44,47,0,0,0,0,0,2,1,1
123,14,24,0,0,0,0,0,0,1,1
1113,15,253,0,0,0,0,0,15,0,1
1513,20,515,0,0,1,0,0,7,0,1
92,20,16,0,0,0,0,0,0,2,1
605,39,165,4,6,7,0,0,1,3,1
80,20,13,0,0,0,0,0,0,2,1
107,20,21,0,0,0,0,0,0,2,1
95,8,72,0,0,0,0,0,0,0,1
89,20,16,0,0,0,0,0,1,2,1
103,8,24,0,0,2,1,0,0,1,1
342,54,51,0,0,0,0,0,2,1,1
117,8,18,0,0,0,0,0,0,1,1
81,5,19,0,0,0,0,0,1,3,1
21356,86,6426,4,4,0,0,0,154,3,1
308,48,43,0,0,0,0,0,1,1,1
54,7,12,0,0,0,0,0,1,0,1
108,20,17,0,0,0,0,0,1,2,1
82,20,15,0,0,0,0,0,0,2,1
114,18,29,1,1,2,1,0,1,2,1
417,184,129,3,3,0,0,0,1,1,1
116,0,27,0,0,2,1,0,0,2,1
83,19,16,0,0,0,0,0,0,2,1
3538,21,710,0,0,0,0,0,40,0,1
96,20,18,0,0,0,0,0,1,2,1
32,4,4,0,0,0,0,0,1,0,1
584,0,122,0,0,0,0,0,8,0,1
114,1,32,0,0,2,1,0,0,2,1
91,10,16,0,0,0,0,0,2,1,1
88,12,18,0,0,2,1,0,0,2,1
534,7,101,0,0,0,0,0,7,0,1
400,27,72,3,3,3,0,0,1,3,1
167,34,38,1,1,2,1,0,0,1,1
106,0,34,0,0,2,1,0,1,1,1
94,20,17,0,0,0,0,0,0,2,1
90,20,18,0,0,0,0,0,0,2,1
723,16,144,0,0,0,0,0,12,0,1
84,5,18,0,0,2,1,0,1,2,1
66,4,12,0,0,0,0,0,0,2,1
352,53,52,0,0,0,0,0,3,1,1
295,51,42,0,0,2,1,0,1,0,1
124,12,29,1,1,0,0,0,0,3,1
1096,3,228,0,0,0,0,0,11,0,1
151,5,40,1,1,2,1,0,1,2,1
89,20,15,0,0,0,0,0,0,2,1
263,43,38,0,0,0,0,0,3,0,1
117,6,19,0,0,0,0,0,1,1,1
444,7,85,0,0,0,0,0,5,0,1
115,20,26,0,0,2,1,0,0,2,1
841,4,341,1,0,0,0,0,2,0,1
117,0,25,0,0,2,1,0,1,2,1
75,0,12,0,0,0,0,0,0,2,1
150,1,37,1,1,2,1,0,2,2,1
100,20,18,0,0,0,0,0,1,2,1
219,42,33,0,0,0,0,0,1,0,1
739,0,147,0,0,0,0,0,13,0,1
82,20,15,0,0,0,0,0,1,2,1
846,6,283,0,0,1,0,0,3,0,1
109,20,19,0,0,0,0,0,1,2,1
116,12,22,0,0,0,0,0,0,1,1
96,4,20,0,0,2,1,0,0,2,1
112,6,18,0,0,0,0,0,0,1,1
364,45,84,3,3,3,2,0,1,1,1
96,21,17,0,0,0,0,0,0,2,1
77,19,14,0,0,0,0,0,0,2,1
588,1,129,0,0,0,0,0,7,0,1
151,13,33,1,1,2,1,0,1,2,1
1142,1,236,0,0,0,0,0,22,0,1
90,20,15,0,0,0,0,0,0,2,1
96,23,19,0,0,0,0,0,1,2,1
82,4,18,0,0,2,1,0,0,2,1
96,20,16,0,0,0,0,0,2,2,1
331,42,48,0,0,0,0,0,1,1,1
21,0,11,0,0,0,0,0,0,0,1
150,1,31,1,1,1,0,0,0,3,1
107,24,19,0,0,0,0,0,0,2,1
90,20,16,0,0,0,0,0,0,2,1
254,9,91,0,0,0,0,0,2,1,1
966,4,200,0,0,0,0,0,14,0,1
64,6,14,1,1,1,1,0,0,0,1
297,42,46,0,0,0,0,0,1,1,1
100,7,19,0,0,2,1,0,3,1,1
188,4,50,1,1,2,1,0,0,2,1
26534,63,7547,0,0,0,0,0,386,0,1
599,1,123,0,0,0,0,0,8,0,1
178,2,49,0,0,0,0,0,0,1,1
90,20,16,0,0,0,0,0,0,2,1
88,5,19,0,0,0,0,0,0,3,1
237,40,33,0,0,0,0,0,4,0,1
93,20,16,0,0,0,0,0,1,2,1
122,10,25,1,1,2,1,0,0,1,1
1188,4,262,0,0,0,0,0,23,0,1
49,3,8,0,0,0,0,0,0,0,1
33,0,9,1,1,1,1,0,0,0,1
118,19,29,1,1,2,1,0,0,1,1
111,1,26,0,0,2,1,0,1,1,1
672,94,68,6,6,0,0,0,3,2,1
103,24,17,0,0,0,0,0,0,2,1
86,10,14,0,0,0,0,0,1,1,1
83,20,15,0,0,0,0,0,0,2,1
1285,6,266,0,0,0,0,0,18,0,1
91,19,17,0,0,0,0,0,1,2,1
725,6,165,0,0,0,0,0,6,0,1
83,20,15,0,0,0,0,0,0,2,1
118,4,33,4,4,2,0,0,0,0,1
406,191,128,3,3,0,0,0,0,1,1
582,1,118,0,0,0,0,0,9,0,1
116,19,26,1,1,2,1,0,1,2,1
129,6,33,1,1,1,1,0,1,2,1
38,7,9,0,0,0,0,0,0,0,1
490,127,78,4,4,2,1,0,1,3,1
84,8,23,0,0,2,1,0,0,2,1
92,0,21,0,0,0,0,0,0,3,1
54,1,9,0,0,0,0,0,1,0,1
33,5,4,0,0,0,0,0,1,0,1
269,8,72,1,1,4,1,0,0,2,1
189,6,49,1,1,2,1,0,0,1,1
90,20,15,0,0,0,0,0,0,2,1
299,38,66,2,2,2,1,0,2,1,1
242,37,33,0,0,0,0,0,2,0,1
808,3,152,0,0,0,0,0,12,0,1
138,10,35,1,1,2,0,0,0,2,1
5843,163,2100,20,20,5,0,0,35,0,1
33,5,4,0,0,0,0,0,1,0,1
97,20,15,0,0,0,0,0,0,2,1
77,10,19,0,0,2,1,0,0,2,1
243,34,55,2,2,0,0,0,1,2,1
392,2,137,0,0,0,0,0,5,3,1
502,0,102,0,0,0,0,0,2,0,1
670,8,141,0,0,0,0,0,10,0,1
112,2,33,0,0,2,1,0,1,1,1
78,20,15,0,0,0,0,0,0,2,1
282,0,59,0,0,0,0,0,5,0,1
100,0,29,0,0,2,1,0,1,2,1
99,11,21,0,0,1,1,0,0,1,1
53,2,8,0,0,0,0,0,0,0,1
207,12,39,1,1,0,0,0,1,2,1
591,4,123,0,0,0,0,0,4,0,1
300,43,43,0,0,0,0,0,1,1,1
81,0,23,0,0,0,1,0,0,2,1
86,10,14,0,0,0,0,0,1,1,1
109,0,26,0,0,2,1,0,0,2,1
111,4,32,0,0,2,1,0,1,3,1
82,19,16,0,0,0,0,0,0,2,1
115,0,31,0,0,2,1,0,0,1,1
148,3,34,0,0,0,0,0,1,0,1
80,20,15,0,0,0,0,0,0,2,1
57,6,9,0,0,0,0,0,0,0,1
130,0,32,1,1,0,0,0,0,4,1
661,3,144,0,0,0,0,0,10,0,1
93,20,17,0,0,0,0,0,1,2,1
105,15,25,1,1,2,1,0,0,2,1
190,14,38,1,1,0,0,0,1,2,1
187,4,49,1,1,2,1,0,0,1,1
2077,7,426,0,0,0,0,0,16,0,1
111,13,27,1,1,2,1,0,0,2,1
245,40,35,0,0,0,0,0,3,0,1
126,0,29,0,0,0,0,0,2,0,1
859,5,174,0,0,0,0,0,12,0,1
104,20,19,0,0,0,0,0,2,2,1
96,22,19,0,0,0,0,0,0,2,1
8287,43,1841,0,0,0,0,0,106,0,1
94,27,13,0,0,1,1,0,1,0,1
1514,2,443,2,0,0,0,0,29,0,1
79,20,14,0,0,0,0,0,0,2,1
103,20,17,0,0,0,0,0,1,2,1
450,4,141,0,0,0,0,0,4,1,1
106,7,23,1,1,0,0,0,1,3,1
314,45,47,0,0,0,0,0,1,1,1
89,20,15,0,0,0,0,0,0,2,1
295,45,45,0,0,0,0,0,3,1,1
110,7,27,1,1,1,1,0,1,2,1
105,0,30,0,0,2,1,0,0,2,1
91,20,16,0,0,0,0,0,0,2,1
364,3,81,0,0,0,0,0,8,0,1
85,13,18,0,0,2,1,0,1,2,1
84,20,14,0,0,0,0,0,0,2,1
54,1,9,0,0,0,0,0,0,0,1
100,20,20,0,0,0,0,0,0,2,1
82,20,15,0,0,0,0,0,1,2,1
86,19,16,0,0,0,0,0,0,2,1
42,3,7,0,0,0,0,0,0,0,1
116,12,22,0,0,0,0,0,0,1,1
107,1,25,0,0,2,1,0,1,1,1
90,9,16,0,0,0,0,0,2,1,1
455,3,88,0,0,0,0,0,7,0,1
84,21,16,0,0,0,0,0,0,2,1
86,10,14,0,0,0,0,0,1,1,1
1695,11,373,0,0,0,0,0,20,0,1
187,4,49,1,1,2,1,0,0,2,1
89,20,17,0,0,0,0,0,0,2,1
104,20,19,0,0,0,0,0,1,2,1
195,19,52,1,1,2,1,0,1,1,1
411,0,79,0,0,0,0,0,8,0,1
116,13,18,0,0,0,0,0,0,1,1
534,0,110,0,0,0,0,0,7,0,1
118,12,19,0,0,0,0,0,0,1,1
125,2,36,0,0,2,1,0,0,2,1
106,9,18,0,0,0,0,0,0,1,1
238,36,33,0,0,0,0,0,2,0,1
65,1,13,0,0,0,0,0,0,2,1
771,2,255,0,0,0,0,0,0,0,1
370,14,127,9,9,2,1,0,0,0,1
107,20,19,0,0,0,0,0,0,2,1
132,1,32,0,0,2,1,0,0,2,1
1485,12,309,0,0,0,0,0,31,0,1
5703,23,2257,2,5,0,0,0,78,0,1
824,11,175,0,0,0,0,0,16,0,1
54,7,12,0,0,0,0,0,0,0,1
977,9,227,0,0,0,0,0,11,0,1
72,8,27,3,1,1,0,0,0,0,1
282,45,42,0,0,0,0,0,1,1,1
30,0,5,0,0,0,0,0,1,0,1
58,1,22,3,3,1,1,1,1,0,1
662,6,148,0,0,0,0,0,14,0,1
2111,4,460,0,0,0,0,0,30,0,1
238,14,48,2,2,2,1,0,2,2,1
110,11,18,0,0,0,0,0,0,1,1
69,8,16,0,0,0,0,0,0,0,1
92,13,21,0,0,2,1,0,0,2,1
118,15,29,1,1,2,1,0,1,2,1
96,19,17,0,0,0,0,0,0,2,1
120,0,30,0,0,2,1,0,1,2,1
253,41,38,0,0,0,0,0,2,0,1
263,44,49,2,2,2,1,0,1,2,1
284,44,44,0,0,0,0,0,1,1,1
95,20,17,0,0,0,0,0,0,2,1
129,0,33,0,0,2,1,0,0,2,1
14,0,5,0,0,0,0,0,0,0,1
151,14,33,1,1,2,1,0,0,2,1
1879,5,395,0,0,0,0,0,29,0,1
89,20,17,0,0,0,0,0,0,2,1
316,24,70,2,2,3,1,0,3,1,1
346,49,48,0,0,0,0,0,1,1,1
32,0,3,0,0,0,0,0,0,0,1
132,5,35,1,1,2,1,0,0,2,1
86,10,14,0,0,0,0,0,1,1,1
117,0,28,0,0,2,1,0,1,1,1
199,16,43,1,1,2,1,0,0,2,1
94,20,16,0,0,0,0,0,1,2,1
252,7,59,0,0,0,0,0,2,0,1
90,9,16,0,0,0,0,0,2,1,1
198,27,47,1,1,2,1,0,0,1,1
84,20,14,0,0,0,0,0,0,2,1
730,1,152,0,0,0,0,0,16,0,1
192,10,43,1,1,0,1,0,0,1,1
137,7,40,1,1,2,1,0,1,2,1
120,12,23,1,1,2,1,0,1,2,1
54,8,11,0,0,0,0,0,0,0,1
86,10,14,0,0,0,0,0,1,1,1
99,20,17,0,0,0,0,0,2,2,1
2918,4,846,0,0,0,0,0,39,5,1
2491,24,940,10,10,0,0,0,5,0,1
102,20,18,0,0,0,0,0,0,2,1
512,2,143,0,0,0,0,0,0,1,1
768,5,178,0,0,0,0,0,11,0,1
682,7,135,0,0,0,0,0,4,0,1
313,49,47,0,0,0,0,0,4,1,1
868,6,184,0,0,0,0,0,17,0,1
134,5,28,1,1,2,0,0,1,3,1
38,5,6,0,0,0,0,0,2,0,1
302,43,43,0,0,0,0,0,4,1,1
140,10,29,1,1,2,1,0,0,2,1
88,25,12,0,0,0,0,0,0,1,1
1316,1,294,0,0,0,0,0,21,0,1
269,108,73,2,2,2,1,0,0,1,1
190,2,52,1,1,2,1,0,0,2,1
146,0,27,0,0,0,0,0,0,0,1
46,0,16,0,0,0,0,0,0,0,1
87,20,17,0,0,0,0,0,0,2,1
112,20,19,0,0,0,0,0,1,2,1
253,41,38,0,0,0,0,0,3,0,1
85,20,15,0,0,0,0,0,0,2,1
110,22,22,0,0,0,0,0,0,2,1
219,9,53,1,1,3,1,0,2,2,1
79,20,15,0,0,0,0,0,0,2,1
161,45,29,1,1,2,1,0,0,2,1
576,0,114,0,0,0,0,0,9,0,1
108,20,20,0,0,0,0,0,0,2,1
646,5,203,0,0,0,0,0,6,0,1
122,15,33,1,1,2,0,0,0,2,1
152,22,32,1,1,2,1,0,1,1,1
114,11,18,0,0,0,0,0,1,1,1
66,7,15,0,0,0,0,0,0,2,1
32,4,4,0,0,0,0,0,1,0,1
98,20,16,0,0,0,0,0,0,2,1
356,46,30,3,3,0,0,0,2,1,1
187,39,45,1,1,0,1,0,3,1,1
1028,6,218,0,0,0,0,0,13,0,1
384,0,76,0,0,0,0,0,5,0,1
63,8,15,0,0,0,0,0,0,0,1
76,4,16,0,0,1,1,0,2,1,1
113,7,27,1,1,0,0,0,1,3,1
56,3,8,0,0,0,0,0,0,0,1
123,12,28,1,1,2,1,0,3,1,1
140,0,36,1,1,1,1,0,2,2,1
255,14,59,2,2,0,0,0,0,3,1
59,0,11,0,0,0,0,0,1,0,1
107,19,19,0,0,0,0,0,0,2,1
114,0,29,0,0,2,1,0,1,2,1
96,20,18,0,0,0,0,0,1,2,1
33,5,4,0,0,0,0,0,1,0,1
89,3,26,0,0,2,1,0,0,2,1
109,19,21,0,0,0,0,0,0,2,1
127,13,32,1,1,2,1,0,1,2,1
154,17,38,1,1,2,1,0,0,2,1
95,16,20,0,0,2,1,0,0,2,1
271,1,67,0,0,0,0,0,6,0,1
1491,2,318,0,0,0,0,0,24,0,1
88,20,15,0,0,0,0,0,1,2,1
114,20,19,0,0,0,0,0,1,2,1
1518,10,321,0,0,0,0,0,17,0,1
91,20,16,0,0,0,0,0,1,2,1
118,20,23,0,0,0,0,0,2,2,1
85,20,14,0,0,0,0,0,0,2,1
522,0,112,0,0,0,0,0,9,0,1
38,0,7,0,0,0,0,0,0,0,1
86,10,14,0,0,0,0,0,1,1,1
99,20,17,0,0,0,0,0,1,2,1
112,19,25,1,1,1,1,0,1,2,1
125,14,26,1,1,2,1,0,1,1,1
118,2,33,0,0,2,1,0,0,1,1
239,37,55,0,0,0,1,0,6,2,1
9669,42,3406,34,34,0,0,0,46,0,1
265,40,53,0,0,2,1,0,0,1,1
99,20,18,0,0,0,0,0,1,2,1
98,22,22,0,0,2,1,0,1,1,1
3216,2,1335,1,0,0,0,0,36,0,1
366,91,86,3,3,3,5,0,0,1,1
94,20,16,0,0,0,0,0,0,2,1
116,12,22,0,0,0,0,0,0,1,1
186,2,42,1,1,2,1,0,1,3,1
93,16,22,0,0,2,1,0,0,2,1
148,19,30,1,1,0,0,0,1,2,1
89,19,17,0,0,0,0,0,0,2,1
91,10,16,0,0,0,0,0,2,1,1
119,17,30,2,2,3,0,0,0,0,1
90,20,17,0,0,0,0,0,1,2,1
57,4,9,0,0,0,0,0,0,0,1
91,10,16,0,0,0,0,0,2,1,1
122,0,20,0,0,0,0,0,2,0,1
2326,8,473,0,0,0,0,0,31,0,1
1096,5,217,0,0,0,0,0,17,0,1
94,20,17,0,0,0,0,0,0,2,1
87,19,15,0,0,0,0,0,1,2,1
109,13,19,0,0,2,1,0,0,2,1
80,19,15,0,0,0,0,0,0,2,1
904,6,183,0,0,0,0,0,13,0,1
94,0,25,0,0,2,1,0,0,2,1
251,39,37,0,0,0,0,0,2,0,1
108,4,27,0,0,2,1,0,0,1,1
1040,8,220,0,0,0,0,0,13,0,1
103,20,16,0,0,0,0,0,1,2,1
270,42,38,0,0,0,0,0,1,0,1
78,20,15,0,0,0,0,0,0,2,1
110,15,25,1,1,2,1,0,0,4,1
1663,5,339,0,0,0,0,0,18,0,1
100,19,19,0,0,0,0,0,1,2,1
169,4,48,1,1,2,1,0,2,2,1
1111,0,226,0,0,0,0,0,12,0,1
261,40,37,0,0,0,0,0,1,0,1
852,5,224,2,2,0,0,0,1,2,1
38,5,6,0,0,0,0,0,2,0,1
102,20,19,0,0,0,0,0,0,2,1
46,7,13,0,0,0,0,0,0,0,1
131,20,22,0,0,0,0,0,0,2,1
47,1,11,1,1,2,1,0,0,0,1
105,21,20,0,0,0,0,0,0,2,1
108,0,27,0,0,2,1,0,0,1,1
524,3,109,0,0,0,0,0,5,0,1
92,20,16,0,0,0,0,0,1,2,1
306,48,47,0,0,0,0,0,3,1,1
305,44,45,0,0,0,0,0,2,1,1
189,4,49,1,1,2,1,0,0,2,1
74,3,23,0,0,0,1,0,0,1,1
253,41,37,0,0,0,0,0,1,0,1
990,5,227,0,0,0,0,0,6,0,1
115,7,19,0,0,0,0,0,0,1,1
92,20,17,0,0,0,0,0,0,2,1
91,20,15,0,0,0,0,0,1,2,1
92,20,17,0,0,0,0,0,1,2,1
313,46,46,0,0,0,0,0,1,1,1
139,1,33,1,1,1,1,0,1,1,1
370,184,121,3,3,0,0,0,1,1,1
38,5,6,0,0,0,0,0,2,0,1
243,36,33,0,0,0,0,0,2,0,1
33,5,4,0,0,0,0,0,1,0,1
65,0,15,0,0,1,1,0,0,2,1
187,2,50,1,1,2,1,0,0,2,1
116,12,22,0,0,0,0,0,0,1,1
167,11,33,1,1,1,1,0,0,2,1
296,44,47,0,0,0,0,0,3,1,1
136,3,36,1,1,1,1,0,1,2,1
94,0,25,0,0,2,1,0,0,2,1
2349,25,510,0,0,0,0,0,42,0,1
103,1,30,0,0,2,1,0,0,2,1
97,7,22,0,0,2,1,0,1,2,1
82,19,16,0,0,0,0,0,0,2,1
119,13,25,1,1,1,1,0,1,2,1
116,12,22,0,0,0,0,0,0,1,1
174,18,41,1,1,3,1,0,0,3,1
164,6,32,2,2,4,0,0,1,1,1
116,6,32,0,0,2,1,0,0,2,1
89,19,16,0,0,0,0,0,1,2,1
141,18,34,1,1,2,0,0,0,1,1
92,7,20,0,0,2,1,0,1,1,1
239,35,36,0,0,0,0,0,1,0,1
91,10,16,0,0,0,0,0,2,1,1
547,2,109,0,0,0,0,0,9,0,1
305,0,62,0,0,0,0,0,3,0,1
81,20,14,0,0,0,0,0,0,2,1
91,9,20,0,0,0,1,0,2,2,1
325,30,93,2,2,3,5,0,1,1,1
111,20,19,0,0,0,0,0,0,2,1
115,6,18,0,0,0,0,0,0,1,1
472,119,99,4,4,3,5,0,0,2,1
282,0,55,0,0,0,0,0,2,0,1
143,0,38,1,1,1,1,0,1,2,1
744,6,166,0,0,0,0,0,11,0,1
707,1,147,0,0,0,0,0,16,0,1
87,7,20,0,0,2,1,0,0,1,1
83,20,16,0,0,0,0,0,1,2,1
1283,2,269,0,0,0,0,0,15,0,1
76,20,14,0,0,0,0,0,0,2,1
204,27,48,1,1,4,1,0,2,2,1
733,2,156,0,0,0,0,0,14,0,1
237,40,57,2,2,2,1,0,1,1,1
513,3,112,0,0,0,0,0,5,0,1
182,20,32,1,1,0,0,0,0,2,1
56,8,8,0,0,0,0,0,0,0,1
84,20,15,0,0,0,0,0,0,2,1
257,53,39,0,0,0,0,0,1,0,1
84,19,14,0,0,0,0,0,1,2,1
86,10,14,0,0,0,0,0,1,1,1
126,3,33,0,0,2,1,0,2,1,1
100,0,18,0,0,0,0,0,1,0,1
238,24,35,2,2,2,0,0,0,2,1
799,0,172,0,0,0,0,0,7,0,1
95,29,17,0,0,0,0,0,0,2,1
97,14,23,0,0,2,1,0,0,2,1
91,20,16,0,0,0,0,0,0,2,1
1678,11,358,0,0,0,0,0,22,0,1
120,12,22,0,0,0,0,0,0,1,1
59,1,9,0,0,0,0,0,0,0,1
103,0,25,0,0,2,1,0,1,2,1
81,14,18,0,0,2,1,0,1,1,1
249,38,32,0,0,0,0,0,3,0,1
286,40,42,0,0,0,0,0,1,1,1
64,1,19,1,1,1,1,0,0,0,1
117,7,18,0,0,0,0,0,0,1,1
78,23,15,0,0,0,0,0,0,2,1
107,0,29,0,0,2,1,0,1,2,1
38,5,6,0,0,0,0,0,2,0,1
68,10,16,0,0,0,1,0,0,1,1
162,5,46,1,1,0,1,0,0,1,1
91,10,16,0,0,0,0,0,2,1,1
302,40,44,0,0,0,0,0,2,1,1
263,36,35,0,0,0,0,0,2,0,1
98,0,26,0,0,2,1,0,1,2,1
69,1,16,2,2,2,1,0,0,0,1
151,7,31,1,1,2,1,0,2,2,1
265,38,35,0,0,0,0,0,2,0,1
123,5,33,0,0,2,1,0,0,2,1
765,6,160,0,0,0,0,0,10,0,1
735,8,140,0,0,0,0,0,12,0,1
641,0,131,0,0,0,0,0,15,0,1
230,29,53,2,2,1,1,0,1,2,1
110,0,29,0,0,2,1,0,1,2,1
6563,177,2394,30,31,1,0,0,72,1,1
5844,25,1288,0,0,0,0,0,73,0,1
2088,18,444,0,0,0,0,0,20,0,1
930,3,196,0,0,0,0,0,16,0,1
84,20,15,0,0,0,0,0,0,2,1
165,20,38,1,1,2,1,0,1,2,1
255,41,37,0,0,0,0,0,3,0,1
1887,1,387,0,0,0,0,0,21,0,1
98,20,17,0,0,0,0,0,0,2,1
204,6,55,1,1,2,1,0,0,1,1
91,0,24,2,2,2,1,0,0,2,1
284,45,43,0,0,0,0,0,3,1,1
102,20,17,0,0,0,0,0,1,2,1
96,13,20,0,0,2,1,0,1,2,1
418,21,118,2,2,3,2,0,1,2,1
99,21,19,0,0,0,0,0,0,2,1
217,0,47,0,0,0,0,0,2,0,1
863,0,188,0,0,0,0,0,11,0,1
105,19,19,0,0,0,0,0,1,2,1
397,1,89,0,0,0,0,0,2,0,1
148,9,26,1,1,0,0,0,0,3,1
38,5,6,0,0,0,0,0,2,0,1
92,20,16,0,0,0,0,0,1,2,1
102,1,28,0,0,2,1,0,0,1,1
29,0,5,0,0,0,0,0,1,0,1
3931,25,805,0,0,0,0,0,57,0,1
124,15,24,0,0,0,0,0,0,1,1
84,19,15,0,0,0,0,0,0,2,1
97,20,16,0,0,0,0,0,0,2,1
89,11,20,0,0,2,1,0,0,1,1
103,0,25,0,0,2,1,0,0,2,1
54,6,8,0,0,0,0,0,0,0,1
339,1,72,0,0,0,0,0,6,0,1
435,0,88,0,0,0,0,0,6,0,1
93,8,19,0,0,2,1,0,0,2,1
159,4,38,1,1,3,1,0,1,2,1
128,22,27,1,1,2,1,0,0,2,1
586,0,124,0,0,0,0,0,9,0,1
90,0,22,0,0,1,1,0,0,2,1
91,20,16,0,0,0,0,0,2,2,1
320,43,46,0,0,0,0,0,2,1,1
90,1,16,2,2,2,1,0,0,0,1
228,5,65,1,1,6,2,0,2,3,1
106,13,26,1,1,2,1,0,1,2,1
1517,11,321,0,0,0,0,0,23,0,1
86,10,14,0,0,0,0,0,1,1,1
63,7,17,0,0,0,0,0,0,0,1
91,10,16,0,0,0,0,0,2,1,1
906,6,173,0,0,0,0,0,11,0,1
105,20,22,0,0,0,0,0,1,2,1
1072,5,204,0,0,0,0,0,20,0,1
1982,4,414,0,0,0,0,0,23,0,1
243,37,35,0,0,0,0,0,1,0,1
1467,0,344,0,0,0,0,0,17,0,1
104,16,26,0,0,2,1,0,0,1,1
1345,12,276,0,0,0,0,0,24,0,1
902,1,189,0,0,0,0,0,11,0,1
1076,12,229,0,0,0,0,0,14,0,1
115,6,18,0,0,0,0,0,0,1,1
781,10,225,5,6,3,0,0,10,0,1
83,7,22,0,0,2,1,0,0,1,1
195,4,56,1,1,3,0,0,0,4,1
121,1,31,0,0,2,1,0,1,2,1
151,12,28,1,1,1,1,0,0,1,1
84,20,15,0,0,0,0,0,1,2,1
95,19,20,0,0,0,0,0,1,2,1
238,42,35,0,0,0,0,0,2,0,1
93,20,16,0,0,0,0,0,0,2,1
232,34,33,0,0,0,0,0,2,0,1
222,29,45,1,1,0,1,0,1,1,1
85,9,14,0,0,0,0,0,1,1,1
84,20,14,0,0,0,0,0,0,2,1
1848,29,430,0,0,0,0,0,19,0,1
253,39,37,0,0,0,0,0,1,0,1
38,5,6,0,0,0,0,0,2,0,1
117,21,24,0,0,0,0,0,0,2,1
660,3,146,0,0,0,0,0,5,0,1
11772,81,4376,151,152,0,0,0,55,1,1
83,20,15,0,0,0,0,0,1,2,1
72,20,13,0,0,0,0,0,0,2,1
97,17,24,0,0,0,1,1,1,1,1
120,12,22,0,0,0,0,0,0,1,1
33,5,4,0,0,0,0,0,1,0,1
89,20,16,0,0,0,0,0,1,2,1
333,8,64,0,0,0,0,0,5,0,1
110,20,20,0,0,0,0,0,0,2,1
55,5,8,0,0,0,0,0,0,0,1
1052,8,214,0,0,0,0,0,13,0,1
1746,6,343,0,0,0,0,0,15,0,1
91,10,16,0,0,0,0,0,2,1,1
77,2,13,0,0,1,1,0,0,1,1
114,6,19,0,0,0,0,0,0,1,1
41,0,7,0,0,0,0,0,1,0,1
142,26,36,1,1,2,1,0,0,2,1
837,8,172,0,0,0,0,0,10,0,1
2216,5,461,0,0,0,0,0,27,0,1
322,72,66,0,0,7,4,0,0,0,1
136,14,29,1,1,0,0,0,3,3,1
100,22,21,0,0,0,0,0,0,2,1
174,13,34,1,1,2,1,0,2,2,1
113,20,18,0,0,0,0,0,0,2,1
89,7,19,0,0,2,1,0,0,2,1
187,25,43,1,1,2,0,0,0,2,1
91,10,16,0,0,0,0,0,2,1,1
87,20,15,0,0,0,0,0,0,2,1
111,19,20,0,0,0,0,0,1,2,1
120,12,22,0,0,0,0,0,0,1,1
876,0,175,0,0,0,0,0,10,0,1
219,21,37,2,2,1,1,0,0,4,1
57,3,8,0,0,0,0,0,0,0,1
96,19,16,0,0,0,0,0,1,2,1
937,8,210,0,0,0,0,0,10,0,1
81,20,14,0,0,0,0,0,1,2,1
1042,4,216,0,0,0,0,0,18,0,1
6169,24,1358,0,0,0,0,0,85,0,1
140,8,30,1,1,1,1,0,1,1,1
100,20,18,0,0,0,0,0,1,2,1
304,50,47,0,0,0,0,0,1,1,1
38,5,6,0,0,0,0,0,2,0,1
63,1,12,0,0,0,0,0,3,0,1
50,7,11,0,0,0,0,0,1,0,1
140,17,32,1,1,2,1,0,1,2,1
85,20,16,0,0,0,0,0,0,2,1
196,2,50,1,1,2,1,0,2,2,1
120,9,31,1,1,2,0,0,0,3,1
90,20,16,0,0,0,0,0,0,2,1
113,4,27,0,0,2,1,0,0,1,1
6520,74,1330,0,0,0,0,0,98,0,1
59,1,8,0,0,0,0,0,1,0,1
318,44,44,0,0,0,0,0,3,1,1
108,20,20,0,0,0,0,0,0,2,1
84,0,17,0,0,0,0,0,2,4,1
96,22,19,0,0,0,0,0,0,2,1
24,0,4,0,0,0,0,0,1,0,1
33,5,4,0,0,0,0,0,1,0,1
101,1,26,0,0,2,1,0,1,2,1
114,6,19,0,0,0,0,0,0,1,1
557,11,110,0,0,0,0,0,7,0,1
417,4,100,0,0,0,0,0,4,0,1
102,11,20,0,0,2,1,0,0,2,1
61,2,9,0,0,0,0,0,0,0,1
98,7,29,0,0,2,1,0,0,2,1
185,2,49,1,1,2,1,0,0,2,1
97,20,17,0,0,0,0,0,1,2,1
94,20,17,0,0,0,0,0,1,2,1
80,5,17,0,0,2,1,0,0,2,1
308,46,43,0,0,0,0,0,1,1,1
142,0,36,1,1,2,1,0,0,2,1
116,12,22,0,0,0,0,0,0,1,1
56,4,8,0,0,0,0,0,0,0,1
103,20,19,0,0,0,0,0,0,2,1
902,4,324,15,15,5,0,0,0,0,1
233,36,30,0,0,0,0,0,2,0,1
80,20,14,0,0,0,0,0,0,2,1
91,10,16,0,0,0,0,0,2,1,1
2222,21,457,0,0,0,0,0,29,0,1
288,1,60,0,0,0,0,0,4,0,1
279,42,42,0,0,0,0,0,1,1,1
53,1,8,0,0,0,0,0,0,0,1
298,48,43,0,0,0,0,0,2,1,1
128,3,35,0,0,2,1,0,0,1,1
894,3,192,0,0,0,0,0,12,0,1
120,12,22,0,0,0,0,0,0,1,1
726,3,252,0,0,1,0,0,3,0,1
129,0,25,0,0,0,0,0,2,0,1
139,16,34,1,1,2,0,0,0,1,1
87,7,22,0,0,2,1,0,1,1,1
1072,5,207,0,0,0,0,0,17,0,1
94,20,17,0,0,0,0,0,1,2,1
89,22,18,0,0,0,0,0,0,2,1
569,3,117,0,0,0,0,0,9,0,1
82,19,15,0,0,0,0,0,0,2,1
114,15,26,1,1,2,1,0,0,2,1
67,1,21,4,3,1,1,1,1,0,1
993,3,191,0,0,0,0,0,17,0,1
305,44,48,0,0,0,0,0,3,1,1
137,18,26,1,1,2,1,0,1,1,1
457,111,84,4,4,1,0,1,3,3,1
85,9,14,0,0,0,0,0,1,1,1
109,22,20,0,0,0,0,0,0,2,1
38,1,11,0,0,0,1,0,0,0,1
260,101,73,2,2,2,1,0,1,1,1
577,0,178,0,8,0,0,0,11,0,1
238,36,32,0,0,0,0,0,1,0,1
219,27,40,1,1,2,1,0,1,1,1
150,17,32,1,1,0,0,0,1,2,1
817,3,170,0,0,0,0,0,14,0,1
256,26,59,2,2,0,0,0,1,2,1
811,0,188,0,0,0,0,0,7,0,1
76,20,14,0,0,0,0,0,0,2,1
137,7,23,1,1,0,0,0,0,0,1
21,0,3,0,0,0,0,0,0,0,1
87,20,16,0,0,0,0,0,1,2,1
115,0,29,0,0,2,1,0,0,2,1
114,8,18,0,0,0,0,0,0,1,1
425,7,90,0,0,0,0,0,7,0,1
108,22,19,0,0,0,0,0,1,2,1
114,9,18,0,0,0,0,0,0,1,1
109,20,21,0,0,0,0,0,0,2,1
96,0,26,0,0,2,1,0,0,2,1
99,14,22,0,0,2,1,0,0,2,1
1034,11,231,0,0,0,0,0,16,0,1
49,8,9,0,0,0,0,0,0,0,1
105,20,19,0,0,0,0,0,1,2,1
150,0,32,1,1,2,1,0,2,2,1
130,12,24,1,1,0,0,0,0,1,1
120,12,22,0,0,0,0,0,0,1,1
126,2,29,0,0,2,1,0,0,1,1
257,37,37,0,0,0,0,0,1,0,1
110,13,26,1,1,1,1,0,0,2,1
617,0,121,0,0,0,0,0,11,0,1
127,5,30,0,0,2,1,0,1,2,1
149,19,33,1,1,2,1,0,0,2,1
157,30,36,1,1,0,1,0,3,1,1
152,2,34,1,1,2,1,0,0,2,1
624,7,133,0,0,0,0,0,10,0,1
120,10,32,2,2,0,1,0,0,0,1
248,42,35,0,0,0,0,0,1,0,1
116,12,22,0,0,0,0,0,0,1,1
103,20,19,0,0,0,0,0,0,2,1
321,0,62,0,0,0,0,0,7,0,1
237,42,36,0,0,0,0,0,2,0,1
101,20,18,0,0,0,0,0,1,2,1
197,39,45,1,1,0,1,0,2,2,1
118,8,18,0,0,0,0,0,0,1,1
91,0,27,0,0,2,1,0,0,1,1
58,1,9,0,0,0,0,0,0,0,1
1026,3,195,0,0,0,0,0,20,0,1
424,0,81,0,0,0,0,0,12,0,1
601,0,129,0,0,0,0,0,8,0,1
91,20,17,0,0,0,0,0,0,2,1
173,3,42,1,1,2,1,0,0,2,1
1155,3,239,0,0,0,0,0,8,0,1
1910,11,416,0,0,0,0,0,17,0,1
381,2,70,0,0,0,0,0,6,0,1
108,6,18,0,0,0,0,0,0,1,1
48,7,10,0,0,0,0,0,1,0,1
113,10,18,0,0,0,0,0,0,1,1
190,2,50,1,1,2,1,0,0,2,1
189,4,49,1,1,2,1,0,0,1,1
261,39,37,0,0,0,0,0,1,0,1
39,7,9,0,0,0,0,0,0,0,1
59,3,9,0,0,0,0,0,0,0,1
86,10,14,0,0,0,0,0,1,1,1
115,4,22,1,1,2,1,0,0,1,1
1981,11,434,0,0,0,0,0,33,0,1
91,19,17,0,0,0,0,0,0,2,1
1202,0,264,0,0,0,0,0,12,0,1
37,4,6,0,0,0,0,0,2,0,1
116,20,21,0,0,0,0,0,1,2,1
755,0,218,10,10,3,0,0,3,7,1
102,20,20,0,0,0,0,0,0,2,1
597,6,222,0,0,0,0,0,3,2,1
82,19,15,0,0,0,0,0,1,2,1
103,20,19,0,0,0,0,0,1,2,1
167,41,35,1,1,1,1,0,1,1,1
112,9,18,0,0,0,0,0,0,1,1
300,44,46,0,0,0,0,0,5,1,1
151,5,42,1,1,2,1,0,1,1,1
27,0,9,2,1,2,0,0,0,0,1
292,42,43,0,0,0,0,0,1,1,1
110,4,26,0,0,2,1,0,0,1,1
116,12,22,0,0,0,0,0,0,1,1
59,2,9,0,0,0,0,0,0,0,1
286,45,42,0,0,0,0,0,1,1,1
323,49,48,0,0,0,0,0,3,1,1
332,55,79,3,3,3,0,0,0,6,1
1066,1,215,0,0,0,0,0,11,0,1
110,20,20,0,0,0,0,0,0,2,1
86,10,14,0,0,0,0,0,1,1,1
53,2,8,0,0,0,0,0,0,0,1
1852,17,406,0,0,0,0,0,21,0,1
90,20,17,0,0,0,0,0,0,2,1
1767,6,370,0,0,0,0,0,23,0,1
189,2,49,1,1,2,1,0,1,2,1
167,0,36,0,0,0,0,0,3,0,1
82,22,15,0,0,0,0,0,0,2,1
123,14,24,0,0,0,0,0,0,1,1
845,2,167,0,0,0,0,0,15,0,1
1823,7,381,0,0,0,0,0,28,0,1
60,2,9,0,0,0,0,0,0,0,1
260,109,79,2,2,0,0,0,0,2,1
281,47,40,0,0,0,0,0,2,0,1
80,7,21,0,0,2,1,0,1,1,1
1528,4,312,0,0,0,0,0,17,0,1
300,2,60,0,0,0,0,0,5,0,1
106,20,19,0,0,0,0,0,0,2,1
108,20,20,0,0,0,0,0,2,2,1
107,0,17,1,1,0,0,0,1,2,1
736,1,143,0,0,0,0,0,5,0,1
311,43,63,2,2,4,2,0,0,2,1
98,20,18,0,0,0,0,0,0,2,1
110,24,21,0,0,0,0,0,0,2,1
183,20,40,1,1,2,1,0,0,1,1
81,20,14,0,0,0,0,0,1,2,1
91,10,16,0,0,0,0,0,2,1,1
98,20,18,0,0,0,0,0,0,2,1
121,0,32,0,0,2,1,0,0,2,1
113,11,23,1,1,2,1,0,1,2,1
29,0,9,0,0,2,1,0,0,0,1
108,0,29,0,0,2,1,0,0,2,1
140,17,31,1,1,2,0,0,0,3,1
104,19,19,0,0,0,0,0,0,2,1
1308,5,258,0,0,0,0,0,21,0,1
103,20,18,0,0,0,0,0,0,2,1
90,8,17,0,0,2,1,0,0,1,1
88,20,15,0,0,0,0,0,0,2,1
96,20,16,0,0,0,0,0,0,2,1
103,0,22,2,2,2,0,0,0,0,1
33,5,4,0,0,0,0,0,1,0,1
99,7,21,0,0,0,0,0,1,3,1
292,48,42,0,0,0,0,0,2,1,1
254,14,59,2,2,0,0,0,2,3,1
182,12,82,0,0,0,0,0,0,0,1
1771,7,360,0,0,0,0,0,26,0,1
102,20,18,0,0,0,0,0,0,2,1
86,10,14,0,0,0,0,0,1,1,1
117,20,23,0,0,0,0,0,1,2,1
152,15,34,1,1,2,1,0,0,2,1
88,20,17,0,0,0,0,0,0,2,1
97,19,19,0,0,1,1,0,0,2,1
85,20,14,0,0,0,0,0,0,2,1
399,2,80,0,0,0,0,0,3,0,1
1019,10,221,0,0,0,0,0,14,0,1
99,8,26,0,0,2,0,0,0,2,1
437,184,133,4,4,0,0,0,1,1,1
105,0,28,0,0,2,1,0,0,1,1
311,48,47,0,0,0,0,0,2,1,1
38,5,6,0,0,0,0,0,2,0,1
218,7,59,1,1,2,1,0,0,1,1
139,14,32,1,1,2,1,0,0,2,1
163,25,34,1,1,0,0,0,0,3,1
103,20,17,0,0,0,0,0,0,2,1
83,20,14,0,0,0,0,0,0,2,1
123,14,24,0,0,0,0,0,0,1,1
85,21,15,0,0,0,0,0,0,2,1
2128,11,424,0,0,0,0,0,19,0,1
38,5,6,0,0,0,0,0,2,0,1
127,12,23,1,1,3,1,0,0,1,1
394,6,83,0,0,0,0,0,4,0,1
93,20,16,0,0,0,0,0,0,2,1
91,19,17,0,0,0,0,0,1,2,1
482,2,97,0,0,0,0,0,3,0,1
912,3,196,0,0,0,0,0,10,0,1
111,11,23,1,1,1,1,0,1,2,1
254,44,36,0,0,0,0,0,1,0,1
123,9,27,1,1,2,1,0,0,1,1
1036,4,219,0,0,0,0,0,11,0,1
70,0,17,0,0,0,0,0,0,3,1
1090,4,235,0,0,0,0,0,15,0,1
106,0,29,0,0,2,1,0,1,1,1
118,4,30,0,0,2,1,0,0,2,1
109,20,17,0,0,0,0,0,0,2,1
95,5,29,0,0,2,1,0,0,1,1
1372,3,296,0,0,0,0,0,15,0,1
123,13,29,1,1,2,1,0,2,1,1
222,29,46,2,2,7,4,0,0,1,1
112,0,26,0,0,2,1,0,0,1,1
290,47,43,0,0,0,0,0,1,1,1
267,16,50,2,2,4,1,0,2,3,1
90,20,16,0,0,0,0,0,0,2,1
247,34,34,0,0,0,0,0,1,0,1
37,4,6,0,0,0,0,0,2,0,1
125,17,29,1,1,2,1,0,0,1,1
624,2,136,0,0,0,0,0,12,0,1
487,5,185,0,0,0,0,0,1,2,1
106,20,19,0,0,0,0,0,0,2,1
114,9,18,0,0,0,0,0,0,1,1
384,18,121,2,4,2,2,0,1,0,1
79,20,15,0,0,0,0,0,0,2,1
105,13,24,1,1,2,1,0,0,2,1
97,7,21,0,0,2,1,0,0,2,1
1058,5,232,0,0,0,0,0,27,0,1
135,6,36,1,1,2,1,0,0,1,1
242,35,36,0,0,0,0,0,2,0,1
112,11,25,1,1,2,1,0,0,2,1
188,3,44,1,1,2,0,0,4,3,1
602,0,128,0,0,0,0,0,7,0,1
111,20,22,0,0,0,0,0,2,2,1
54,1,8,0,0,0,0,0,0,0,1
787,5,170,0,0,0,0,0,12,0,1
245,45,34,0,0,0,0,0,2,0,1
99,24,21,0,0,0,0,0,1,2,1
901,7,198,0,0,0,0,0,13,0,1
162,20,36,1,1,1,0,0,2,4,1
120,21,30,1,1,2,1,0,0,2,1
120,11,19,0,0,0,0,0,0,1,1
128,1,26,0,0,0,0,0,3,0,1
84,8,20,0,0,2,1,0,0,2,1
2221,20,484,0,0,0,0,0,26,0,1
476,0,110,0,0,0,0,0,6,0,1
820,1,298,0,0,0,0,0,2,0,1
57,4,8,0,0,0,0,0,0,0,1
115,12,29,1,1,3,1,0,0,1,1
373,182,120,3,3,0,0,0,1,2,1
102,20,18,0,0,0,0,0,0,2,1
243,42,34,0,0,0,0,0,2,0,1
115,6,18,0,0,0,0,0,0,1,1
115,10,18,0,0,0,0,0,1,1,1
106,7,21,1,1,2,1,0,2,1,1
1081,0,218,0,0,0,0,0,21,0,1
116,12,22,0,0,0,0,0,0,1,1
75,20,14,0,0,0,0,0,0,2,1
369,28,83,3,3,2,1,0,4,1,1
254,38,37,0,0,0,0,0,1,0,1
53,7,12,0,0,0,0,0,0,0,1
245,43,54,2,2,2,1,0,1,2,1
86,10,14,0,0,0,0,0,1,1,1
51,1,8,0,0,0,0,0,0,0,1
88,20,17,0,0,0,0,0,1,2,1
1428,5,314,0,0,0,0,0,21,0,1
105,13,22,1,1,2,1,0,0,2,1
123,14,24,0,0,0,0,0,0,1,1
186,2,47,1,1,2,1,0,2,2,1
1727,8,370,0,0,0,0,0,22,0,1
64,6,14,1,1,1,1,0,0,0,1
315,44,44,0,0,0,0,0,4,1,1
17432,703,5678,227,226,2,2,0,69,55,1
1585,14,339,0,0,0,0,0,13,0,1
304,43,45,0,0,0,0,0,2,1,1
310,45,46,0,0,0,0,0,1,1,1
86,10,14,0,0,0,0,0,1,1,1
7815,60,5191,2,2,0,0,0,54,3,1
375,47,75,3,3,2,1,0,3,2,1
112,0,29,0,0,2,1,0,0,2,1
149,3,28,1,1,0,0,0,3,3,1
580,1,186,0,0,0,0,0,3,2,1
5763,61,1675,9,10,4,0,0,13,0,1
88,19,15,0,0,0,0,0,0,2,1
188,2,49,1,1,2,1,0,0,2,1
106,22,21,0,0,0,0,0,1,2,1
91,10,16,0,0,0,0,0,2,1,1
85,9,14,0,0,0,0,0,1,1,1
1064,8,223,0,0,0,0,0,12,0,1
114,20,20,0,0,0,0,0,1,2,1
39,0,6,0,0,0,0,0,0,0,1
100,20,18,0,0,0,0,0,0,2,1
227,39,54,2,2,2,1,0,1,1,1
497,0,97,0,0,0,0,0,7,0,1
79,19,15,0,0,0,0,0,0,2,1
86,10,14,0,0,0,0,0,1,1,1
106,0,26,0,0,2,1,0,1,2,1
116,12,22,0,0,0,0,0,0,1,1
111,6,18,0,0,0,0,0,1,1,1
99,2,25,0,0,2,1,0,0,2,1
416,191,129,3,3,0,0,0,0,1,1
4579,1,1334,0,0,2,0,0,35,1,1
78,20,15,0,0,0,0,0,0,2,1
141,20,29,1,1,0,0,0,2,2,1
117,0,30,0,0,3,1,0,0,2,1
93,14,25,0,0,2,1,0,0,1,1
172,2,50,1,1,2,1,0,0,2,1
2414,22,509,0,0,0,0,0,36,0,1
171,2,48,1,1,2,1,0,1,2,1
108,8,29,1,1,1,1,0,0,2,1
122,3,29,0,0,2,1,0,1,2,1
227,36,31,0,0,0,0,0,2,0,1
38,5,6,0,0,0,0,0,2,0,1
91,10,16,0,0,0,0,0,2,1,1
1468,10,300,0,0,0,0,0,18,0,1
92,11,23,0,0,0,1,1,2,1,1
535,2,109,0,0,0,0,0,8,0,1
1643,2,336,0,0,0,0,0,21,0,1
55,1,8,0,0,0,0,0,0,0,1
372,1,73,0,0,0,0,0,3,0,1
33,5,4,0,0,0,0,0,1,0,1
239,39,33,0,0,0,0,0,2,0,1
170,15,24,1,1,2,1,0,1,2,1
402,2,72,0,0,0,0,0,8,0,1
96,20,16,0,0,0,0,0,0,2,1
100,20,19,0,0,0,0,0,0,2,1
112,20,18,0,0,0,0,0,0,2,1
162,0,38,1,1,1,1,0,2,2,1
118,0,33,0,0,2,1,0,2,2,1
86,19,16,0,0,0,0,0,0,2,1
174,2,48,1,1,2,1,0,1,2,1
222,43,30,0,0,0,0,0,1,0,1
116,20,19,0,0,0,0,0,0,2,1
550,141,103,5,5,8,4,0,0,1,1
149,2,36,1,1,0,1,0,1,1,1
163,18,39,1,1,3,1,0,0,3,1
116,10,27,1,1,2,1,0,0,2,1
112,13,22,1,1,1,1,0,1,1,1
110,20,20,0,0,0,0,0,2,2,1
100,1,24,0,0,2,1,0,1,1,1
533,10,113,0,0,0,0,0,7,0,1
109,8,18,0,0,0,0,0,0,1,1
297,48,42,0,0,0,0,0,4,1,1
235,1,55,1,1,3,1,0,1,5,1
167,19,32,1,1,2,1,0,2,1,1
80,20,15,0,0,0,0,0,0,2,1
323,46,51,0,0,0,0,0,2,1,1
105,0,30,0,0,2,1,0,0,2,1
63,7,13,0,0,0,0,0,0,0,1
322,48,47,0,0,0,0,0,2,1,1
725,6,156,0,0,0,0,0,11,0,1
519,0,106,0,0,0,0,0,4,0,1
81,20,14,0,0,0,0,0,0,2,1
4429,26,1522,1,3,0,0,0,46,2,1
308,44,46,0,0,0,0,0,4,1,1
79,20,14,0,0,0,0,0,0,2,1
98,20,18,0,0,0,0,0,1,2,1
242,35,35,0,0,0,0,0,1,0,1
245,38,35,0,0,0,0,0,4,0,1
290,49,47,0,0,0,0,0,2,1,1
449,3,88,0,0,0,0,0,11,0,1
853,3,172,0,0,0,0,0,13,0,1
1054,11,216,0,0,0,0,0,18,0,1
371,0,89,0,0,0,0,0,9,0,1
1070,2,219,0,0,0,0,0,18,0,1
333,4,71,0,0,0,0,0,4,0,1
86,10,14,0,0,0,0,0,1,1,1
89,7,22,0,0,2,1,0,0,2,1
114,8,18,0,0,0,0,0,0,1,1
151,3,39,1,1,2,1,0,2,1,1
92,20,16,0,0,0,0,0,0,2,1
95,11,68,0,0,0,0,0,0,0,1
94,20,15,0,0,0,0,0,0,2,1
55,4,8,0,0,0,0,0,0,0,1
615,13,118,0,0,0,0,0,12,0,1
2164,7,452,0,0,0,0,0,26,0,1
301,42,42,0,0,0,0,0,4,1,1
142,22,33,1,1,0,0,0,0,1,1
120,10,34,1,1,2,1,0,0,2,1
122,21,22,0,0,0,0,0,0,2,1
55,3,8,0,0,0,0,0,0,0,1
186,28,34,0,0,2,1,0,1,2,1
95,20,18,0,0,0,0,0,0,2,1
137,23,29,1,1,0,0,0,0,2,1
112,9,18,0,0,0,0,0,0,1,1
1084,8,230,0,0,0,0,0,10,0,1
42,0,6,0,0,0,0,0,1,0,1
122,1,31,0,0,2,1,0,1,2,1
107,0,30,0,0,2,1,0,1,2,1
113,10,18,0,0,0,0,0,0,1,1
126,0,30,1,1,1,1,0,0,2,1
11341,306,3633,14,19,2,0,0,59,6,1
1245,1,263,0,0,0,0,0,20,0,1
90,20,16,0,0,0,0,0,1,2,1
778,1,152,0,0,0,0,0,6,0,1
82,20,14,0,0,0,0,0,0,2,1
38,5,6,0,0,0,0,0,2,0,1
158,6,31,0,0,0,0,0,2,0,1
156,4,38,1,1,3,1,0,0,2,1
166,2,48,1,1,2,1,0,1,2,1
248,38,33,0,0,0,0,0,2,0,1
99,20,19,0,0,0,0,0,0,2,1
120,9,24,1,1,0,0,0,0,2,1
108,20,19,0,0,0,0,0,0,2,1
300,42,44,0,0,0,0,0,1,1,1
256,5,49,0,0,0,0,0,6,0,1
185,10,34,1,1,0,0,0,2,3,1
274,32,56,2,2,2,1,0,4,2,1
389,89,56,3,3,2,1,0,6,2,1
269,39,38,0,0,0,0,0,1,0,1
391,55,97,3,3,4,2,0,0,1,1
252,36,36,0,0,0,0,0,1,0,1
289,42,43,0,0,0,0,0,1,1,1
102,19,18,0,0,0,0,0,0,2,1
3174,58,1358,5,2,0,0,0,12,8,1
252,0,53,0,0,0,0,0,3,0,1
115,6,18,0,0,0,0,0,0,1,1
250,43,34,0,0,0,0,0,1,0,1
183,15,52,1,1,2,1,0,1,2,1
77,19,15,0,0,0,0,0,0,2,1
100,20,17,0,0,0,0,0,1,2,1
93,20,17,0,0,0,0,0,0,2,1
569,4,123,0,0,0,0,0,6,0,1
205,0,39,0,0,0,0,0,2,0,1
114,9,22,0,0,0,0,0,0,3,1
54,1,9,0,0,0,0,0,0,0,1
105,0,28,0,0,2,1,0,1,2,1
570,5,121,0,0,0,0,0,6,0,1
100,20,17,0,0,0,0,0,0,2,1
179,25,41,1,1,1,1,0,2,2,1
86,10,14,0,0,0,0,0,1,1,1
123,21,25,1,1,2,1,0,1,2,1
1930,7,416,0,0,0,0,0,14,0,1
2992,11,891,9,9,0,0,0,11,2,1
1210,12,258,0,0,0,0,0,20,0,1
185,4,50,1,1,2,1,0,1,2,1
686,3,134,0,0,0,0,0,15,0,1
90,20,17,0,0,0,0,0,0,2,1
991,11,220,0,0,0,0,0,12,0,1
731,3,152,0,0,0,0,0,8,0,1
116,12,22,0,0,0,0,0,0,1,1
105,20,18,0,0,0,0,0,1,2,1
130,2,32,1,1,1,1,0,1,2,1
86,10,14,0,0,0,0,0,1,1,1
181,2,49,1,1,2,1,0,0,2,1
1960,7,410,0,0,0,0,0,32,0,1
896,1,182,0,0,0,0,0,5,0,1
115,19,21,0,0,0,0,0,1,2,1
77,2,15,0,0,0,0,0,1,0,1
163,1,38,1,1,2,0,0,0,2,1
37,1,6,0,0,0,0,0,0,0,1
104,20,19,0,0,0,0,0,0,2,1
305,47,41,0,0,0,0,0,2,1,1
128,7,27,1,1,2,0,0,2,2,1
236,39,34,0,0,0,0,0,3,0,1
85,1,26,0,0,2,1,0,0,2,1
100,1,26,0,0,2,1,0,0,2,1
134,9,30,1,1,2,1,0,2,1,1
61,11,8,0,0,0,0,0,0,0,1
309,45,46,0,0,0,0,0,3,1,1
78,20,14,0,0,0,0,0,0,2,1
1762,8,379,0,0,0,0,0,20,0,1
1405,12,298,0,0,0,0,0,17,0,1
175,38,40,1,1,2,1,0,0,2,1
148,30,34,1,1,2,1,0,0,1,1
1176,8,253,0,0,0,0,0,20,0,1
180,5,49,1,1,2,1,0,4,2,1
2066,12,448,0,0,0,0,0,19,0,1
65,4,13,0,0,0,0,0,0,1,1
2090,10,431,0,0,0,0,0,39,0,1
90,9,16,0,0,0,0,0,2,1,1
147,8,35,1,1,3,2,0,0,1,1
476,0,96,0,0,0,0,0,3,0,1
218,21,59,1,1,2,1,0,0,2,1
215,0,41,0,0,0,0,0,1,0,1
83,20,15,0,0,0,0,0,0,2,1
106,11,24,1,1,0,0,0,1,2,1
116,9,19,0,0,0,0,0,2,1,1
181,2,48,1,1,2,1,0,1,2,1
101,0,28,0,0,2,1,0,0,2,1
875,3,184,0,0,0,0,0,10,0,1
1308,113,450,5,3,3,0,0,23,0,1
97,20,19,0,0,0,0,0,1,2,1
84,20,15,0,0,0,0,0,0,2,1
789,4,158,0,0,0,0,0,12,0,1
112,7,18,0,0,0,0,0,1,1,1
1053,17,221,0,0,0,0,0,20,0,1
260,42,38,0,0,0,0,0,2,0,1
676,3,142,0,0,0,0,0,10,0,1
53,7,11,0,0,0,0,0,0,0,1
119,0,27,0,0,2,1,0,2,2,1
168,0,32,0,0,0,0,0,3,0,1
166,6,32,2,2,4,0,0,1,1,1
87,20,18,0,0,0,0,0,0,2,1
103,22,21,0,0,0,0,0,0,2,1
33,5,4,0,0,0,0,0,1,0,1
91,20,17,0,0,0,0,0,1,2,1
646,0,124,0,0,0,0,0,9,0,1
115,5,25,1,1,2,0,0,0,3,1
137,14,30,1,1,0,1,0,0,2,1
154,2,39,1,1,2,1,0,0,2,1
379,0,82,0,0,0,0,0,6,0,1
57,0,16,2,2,4,0,0,0,0,1
72,8,15,0,0,0,0,0,1,0,1
111,7,18,0,0,0,0,0,1,1,1
86,10,14,0,0,0,0,0,1,1,1
61,0,20,2,2,0,0,0,0,2,1
118,10,19,0,0,0,0,0,0,1,1
316,57,62,3,3,4,2,0,2,2,1
117,12,22,0,0,2,1,0,1,2,1
258,39,37,0,0,0,0,0,3,0,1
87,20,15,0,0,0,0,0,0,2,1
190,4,50,1,1,2,1,0,0,2,1
249,38,37,0,0,0,0,0,1,0,1
239,39,34,0,0,0,0,0,2,0,1
458,0,93,0,0,0,0,0,6,0,1
88,20,16,0,0,0,0,0,1,2,1
107,8,27,1,1,2,0,0,1,2,1
114,9,20,0,0,0,0,0,0,1,1
144,6,42,0,0,2,1,0,0,2,1
156,13,32,1,1,2,1,0,1,1,1
679,2,134,0,0,0,0,0,9,0,1
116,12,22,0,0,0,0,0,0,1,1
118,9,18,0,0,0,0,0,0,1,1
669,9,204,9,6,2,0,0,3,0,1
654,2,127,0,0,0,0,0,11,0,1
895,3,189,0,0,0,0,0,9,0,1
422,1,91,0,0,0,0,0,5,0,1
558,2,116,0,0,0,0,0,12,0,1
2039,15,445,0,0,0,0,0,25,0,1
534,141,102,5,5,8,5,0,0,2,1
359,5,75,0,0,0,0,0,3,0,1
87,24,16,0,0,0,0,0,0,2,1
100,20,18,0,0,0,0,0,0,2,1
716,3,155,0,0,0,0,0,11,0,1
85,19,17,0,0,0,0,0,1,2,1
361,0,73,0,0,0,0,0,2,0,1
99,21,20,0,0,0,0,0,0,2,1
89,1,24,0,0,2,1,0,0,1,1
92,19,17,0,0,0,0,0,1,2,1
59,3,8,0,0,0,0,0,1,0,1
247,36,33,0,0,0,0,0,2,0,1
150,20,37,1,1,0,1,0,1,2,1
309,55,48,0,0,0,0,0,1,1,1
122,16,31,1,1,0,0,0,0,1,1
201,2,52,1,1,1,1,0,1,1,1
250,47,35,0,0,0,0,0,1,0,1
41,0,9,0,0,0,0,0,0,0,1
177,2,49,1,1,2,1,0,2,2,1
1063,3,222,0,0,0,0,0,12,0,1
90,19,15,0,0,0,0,0,1,2,1
85,5,19,0,0,2,1,0,1,2,1
174,2,40,1,1,1,1,0,1,2,1
296,12,100,0,0,0,0,0,1,2,1
3627,42,905,4,4,2,0,0,56,2,1
2863,2,594,0,0,0,0,0,53,0,1
120,16,26,1,1,2,1,0,0,2,1
2202,7,482,0,0,0,0,0,16,0,1
90,20,16,0,0,0,0,0,0,2,1
673,2,138,0,0,0,0,0,6,0,1
1463,3,292,0,0,0,0,0,18,0,1
197,16,35,1,1,2,1,0,0,1,1
466,2,82,3,3,3,1,0,2,1,1
1005,3,221,0,0,0,0,0,9,0,1
52,1,8,0,0,0,0,0,0,0,1
1023,1,503,0,0,0,0,0,21,0,1
56,1,9,0,0,0,0,0,0,0,1
96,20,18,0,0,0,0,0,1,2,1
28423,55,7715,12,11,4,0,0,207,1,1
241,44,38,0,0,0,0,0,1,0,1
86,10,14,0,0,0,0,0,1,1,1
121,16,25,1,1,2,1,0,0,1,1
11540,45,3942,27,27,0,0,0,114,2,1
822,9,167,0,0,0,0,0,16,0,1
92,20,15,0,0,0,0,0,0,2,1
92,22,19,0,0,0,0,0,0,2,1
100,0,19,0,0,0,0,0,1,0,1
402,4,145,8,6,3,0,0,1,0,1
2016,8,410,0,0,0,0,0,22,0,1
1777,10,380,0,0,0,0,0,29,0,1
512,91,92,4,4,2,1,0,1,6,1
117,6,18,0,0,0,0,0,0,1,1
193,34,39,1,1,2,1,0,2,2,1
377,0,81,0,0,0,0,0,6,0,1
94,20,17,0,0,0,0,0,0,2,1
1027,0,215,0,0,0,0,0,11,0,1
187,30,40,1,1,2,1,0,1,1,1
902,5,177,0,0,0,0,0,12,0,1
199,30,44,1,1,2,1,0,2,2,1
891,234,194,0,0,5,1,0,5,1,1
443,6,98,0,0,0,0,0,9,0,1
92,13,21,0,0,2,1,0,0,2,1
254,16,54,0,0,0,0,0,2,0,1
1665,7,381,0,0,0,0,0,19,0,1
129,5,26,1,1,2,0,0,2,3,1
842,7,164,0,0,0,0,0,12,0,1
529,1,101,0,0,0,0,0,5,0,1
281,42,41,0,0,0,0,0,1,1,1
953,6,222,0,0,0,0,0,12,0,1
2506,10,519,0,0,0,0,0,27,0,1
100,15,19,0,0,2,1,0,1,2,1
101,20,17,0,0,0,0,0,1,2,1
240,32,44,2,2,2,1,0,3,1,1
7894,234,2608,2,2,0,0,0,95,4,1
126,0,26,1,1,2,1,0,1,1,1
241,37,34,0,0,0,0,0,2,0,1
280,0,54,0,0,0,0,0,6,0,1
123,14,24,0,0,0,0,0,0,1,1
96,20,19,0,0,0,0,0,1,2,1
2385,23,499,0,0,0,0,0,36,0,1
1379,2,287,0,0,0,0,0,17,0,1
1446,2,290,0,0,0,0,0,20,0,1
184,24,35,1,1,0,0,0,2,3,1
109,14,23,1,1,1,1,0,1,1,1
114,20,24,0,0,0,0,0,2,2,1
94,20,18,0,0,0,0,0,0,2,1
728,8,140,0,0,0,0,0,8,0,1
170,4,47,1,1,2,1,0,2,2,1
701,0,131,0,0,0,0,0,9,0,1
131,36,27,0,0,2,1,0,1,2,1
56,5,8,0,0,0,0,0,1,0,1
96,20,18,0,0,0,0,0,0,2,1
292,41,44,0,0,0,0,0,1,1,1
60,9,9,0,0,0,0,0,1,0,1
104,0,25,0,0,2,1,0,1,2,1
129,1,30,1,1,1,1,0,1,2,1
60,5,9,0,0,0,0,0,0,0,1
116,12,22,0,0,0,0,0,0,1,1
1741,3,359,0,0,0,0,0,21,0,1
118,8,27,1,1,0,0,0,0,3,1
108,0,29,0,0,2,1,0,0,2,1
956,4,207,0,0,0,0,0,12,0,1
368,8,85,0,0,0,0,0,2,0,1
97,20,17,0,0,0,0,0,0,2,1
531,141,149,4,4,3,5,0,2,2,1
284,1,62,0,0,0,0,0,7,0,1
4080,30,873,0,0,0,0,0,61,0,1
102,0,29,0,0,2,1,0,1,2,1
78,0,14,0,0,0,0,0,0,0,1
107,20,17,0,0,0,0,0,1,2,1
32,0,6,0,0,0,0,0,0,0,1
80,20,14,0,0,0,0,0,0,2,1
958,0,202,0,0,0,0,0,17,0,1
92,20,17,0,0,0,0,0,0,2,1
152,0,28,0,0,0,0,0,3,0,1
118,20,29,2,2,3,0,0,0,0,1
5357,45,1177,0,0,0,0,0,66,0,1
82,20,15,0,0,0,0,0,0,2,1
230,38,32,0,0,0,0,0,3,0,1
114,6,30,0,0,2,1,0,0,1,1
109,0,26,0,0,2,1,0,0,2,1
114,7,18,0,0,0,0,0,0,1,1
98,0,27,0,0,0,0,0,0,3,1
297,0,66,0,0,0,0,0,2,0,1
1413,6,288,0,0,0,0,0,28,0,1
95,20,17,0,0,0,0,0,1,2,1
182,6,38,1,1,2,1,0,0,1,1
942,1,195,0,0,0,0,0,14,0,1
33,5,4,0,0,0,0,0,1,0,1
216,22,40,1,1,2,1,0,2,2,1
314,47,46,0,0,0,0,0,2,1,1
113,7,26,1,1,2,1,0,1,1,1
110,19,18,0,0,0,0,0,1,2,1
435,2,88,0,0,0,0,0,9,0,1
4717,78,1539,2,5,1,0,0,9,1,1
80,7,18,0,0,2,1,0,0,2,1
101,0,27,2,2,4,0,0,0,1,1
166,6,32,2,2,4,0,0,1,1,1
376,1,75,0,0,0,0,0,9,0,1
1156,11,374,0,0,0,0,0,3,1,1
98,20,18,0,0,0,0,0,1,2,1
286,42,43,0,0,0,0,0,2,1,1
195,4,54,1,1,2,1,0,0,2,1
1440,5,311,0,0,0,0,0,29,0,1
1223,3,250,0,0,0,0,0,22,0,1
627,0,134,0,0,0,0,0,14,0,1
132,19,27,0,0,3,1,0,0,1,1
81,20,14,0,0,0,0,0,0,2,1
206,2,50,1,1,2,1,0,0,2,1
1715,7,375,0,0,0,0,0,18,0,1
94,20,16,0,0,0,0,0,0,2,1
52,1,8,0,0,0,0,0,0,0,1
855,9,178,0,0,0,0,0,10,0,1
96,20,17,0,0,0,0,0,0,2,1
1407,8,312,0,0,0,0,0,15,0,1
113,2,32,0,0,2,1,0,0,1,1
252,14,59,2,2,0,0,0,0,3,1
2088,2,573,0,0,0,0,0,8,0,1
397,2,77,0,0,0,0,0,8,0,1
86,10,14,0,0,0,0,0,1,1,1
89,12,20,0,0,2,1,0,0,1,1
94,20,16,0,0,0,0,0,1,2,1
144,2,32,1,1,2,1,0,0,2,1
267,0,58,0,0,0,0,0,1,0,1
175,30,36,1,1,2,1,0,0,2,1
144,9,31,1,1,3,0,0,2,3,1
154,13,37,1,1,2,1,0,0,1,1
241,0,51,0,0,0,0,0,0,0,1
116,9,18,0,0,0,0,0,0,1,1
164,2,47,1,1,2,1,0,1,2,1
109,20,20,0,0,0,0,0,0,2,1
163,27,37,1,1,0,2,0,2,2,1
38,5,6,0,0,0,0,0,2,0,1
119,11,24,1,1,2,1,0,1,2,1
1396,6,299,0,0,0,0,0,16,0,1
172,0,32,0,0,0,0,0,3,0,1
63,6,9,0,0,0,0,0,0,0,1
82,6,17,0,0,1,1,0,0,1,1
125,20,20,0,0,0,0,0,0,2,1
78,20,14,0,0,0,0,0,0,2,1
276,41,41,0,0,0,0,0,4,1,1
113,2,22,0,0,0,0,0,1,0,1
714,0,138,0,0,0,0,0,7,0,1
264,0,88,0,0,0,0,0,5,0,1
983,11,215,0,0,0,0,0,17,0,1
28928,150,8735,38,46,6,0,0,213,0,1
130,1,29,0,0,2,1,0,0,1,1
330,3,63,0,0,0,0,0,5,0,1
231,10,55,2,2,0,1,0,1,3,1
258,37,36,0,0,0,0,0,3,0,1
112,11,18,0,0,0,0,0,0,1,1
341,30,97,2,2,3,4,0,0,1,1
86,10,14,0,0,0,0,0,1,1,1
121,11,25,1,1,2,1,0,0,2,1
120,12,22,0,0,0,0,0,0,1,1
118,20,20,0,0,0,0,0,0,2,1
212,26,51,2,2,2,1,0,2,1,1
318,45,46,0,0,0,0,0,2,1,1
178,4,50,1,1,2,1,0,0,2,1
253,47,50,2,2,2,0,0,3,2,1
100,20,18,0,0,0,0,0,1,2,1
168,16,34,1,1,2,1,0,1,2,1
98,27,18,0,0,0,0,0,1,2,1
118,15,27,1,1,2,1,0,2,2,1
148,17,40,1,1,1,1,0,1,1,1
123,14,24,0,0,0,0,0,0,1,1
186,4,51,1,1,2,1,0,1,2,1
3627,32,769,0,0,1,0,0,55,0,1
95,5,29,0,0,2,1,0,0,1,1
116,0,30,0,0,2,1,0,0,1,1
105,20,20,0,0,0,0,0,1,2,1
169,10,37,1,1,2,1,0,1,2,1
94,7,25,0,0,2,1,0,0,2,1
98,11,22,0,0,2,1,0,0,2,1
870,5,191,0,0,0,0,0,16,0,1
903,5,180,0,0,0,0,0,12,0,1
111,1,30,0,0,0,1,0,1,1,1
181,39,44,1,1,4,0,0,0,3,1
178,23,40,1,1,4,2,0,1,2,1
80,20,15,0,0,0,0,0,0,2,1
42,0,11,2,2,2,1,0,0,0,1
116,21,27,1,1,2,1,0,0,2,1
11,0,1,0,0,0,0,0,1,0,1
95,3,21,0,0,1,1,0,1,2,1
294,42,45,0,0,0,0,0,1,1,1
84,20,16,0,0,0,0,0,0,2,1
188,7,46,1,1,1,1,0,1,3,1
1368,6,303,0,0,0,0,0,27,0,1
2219,1,702,6,6,0,0,0,23,0,1
109,20,18,0,0,0,0,0,1,2,1
90,20,17,0,0,0,0,0,2,2,1
411,1,93,0,0,0,0,0,5,0,1
99,10,22,0,0,2,1,0,0,2,1
38,5,6,0,0,0,0,0,2,0,1
98,13,22,0,0,2,1,0,0,2,1
128,7,31,1,1,2,1,0,1,1,1
54,1,8,0,0,0,0,0,1,0,1
81,19,15,0,0,0,0,0,0,2,1
184,3,49,1,1,2,1,0,4,2,1
96,20,17,0,0,0,0,0,0,2,1
279,62,69,2,2,3,2,0,1,2,1
591,3,127,0,0,0,0,0,6,0,1
702,2,152,0,0,0,0,0,13,0,1
311,22,66,2,2,0,0,0,0,2,1
80,20,14,0,0,0,0,0,0,2,1
82,19,16,0,0,0,0,0,0,2,1
133,1,32,2,2,2,0,0,0,0,1
196,5,47,1,1,2,1,0,1,2,1
88,19,16,0,0,0,0,0,0,2,1
153,14,38,1,1,0,0,0,0,2,1
114,0,26,0,0,2,1,0,2,1,1
256,34,38,0,0,0,0,0,1,0,1
325,31,59,2,2,1,1,0,1,2,1
86,21,18,0,0,0,0,0,0,2,1
586,4,127,0,0,0,0,0,10,0,1
119,2,34,0,0,2,1,0,0,2,1
106,20,18,0,0,0,0,0,0,2,1
297,43,45,0,0,0,0,0,2,1,1
319,49,48,0,0,0,0,0,1,1,1
99,20,18,0,0,0,0,0,0,2,1
123,14,24,0,0,0,0,0,0,1,1
44,8,8,0,0,0,0,0,0,0,1
107,0,28,0,0,2,1,0,0,2,1
300,46,43,0,0,0,0,0,1,1,1
167,2,47,1,1,2,1,0,0,2,1
53,4,9,0,0,0,0,0,1,0,1
84,8,17,0,0,2,1,0,1,1,1
124,15,24,0,0,0,0,0,0,1,1
109,12,23,1,1,0,0,0,0,3,1
99,0,25,0,0,2,1,0,0,1,1
66,0,14,0,0,0,0,0,1,3,1
65,7,15,0,0,0,0,0,0,0,1
338,0,67,0,0,0,0,0,5,0,1
126,18,33,1,1,1,1,0,0,2,1
320,50,46,0,0,0,0,0,2,1,1
126,1,32,0,0,2,1,0,0,2,1
226,0,41,0,0,0,0,0,2,0,1
85,20,15,0,0,0,0,0,0,2,1
149,31,41,1,1,2,0,0,2,2,1
60,4,8,0,0,0,0,0,1,0,1
33,5,4,0,0,0,0,0,1,0,1
295,46,45,0,0,0,0,0,1,1,1
56,1,8,0,0,0,0,0,1,0,1
230,45,32,0,0,0,0,0,1,0,1
319,42,46,0,0,0,0,0,2,1,1
86,0,23,0,0,2,1,0,0,2,1
714,1,157,0,0,0,0,0,7,0,1
112,6,18,0,0,0,0,0,0,1,1
86,20,14,0,0,0,0,0,0,2,1
63,7,16,0,0,0,0,0,0,0,1
89,20,15,0,0,0,0,0,1,2,1
91,10,16,0,0,0,0,0,2,1,1
252,14,59,2,2,0,0,0,0,3,1
112,0,30,0,0,2,1,0,0,2,1
660,0,138,0,0,0,0,0,6,0,1
777,0,160,0,0,0,0,0,10,0,1
351,0,71,0,0,0,0,0,3,0,1
84,11,19,0,0,2,1,0,0,2,1
2334,1,483,0,0,0,0,0,37,0,1
104,20,18,0,0,0,0,0,1,2,1
530,0,100,0,0,0,0,0,5,0,1
672,0,194,0,0,0,0,0,5,0,1
89,20,16,0,0,0,0,0,0,2,1
116,10,28,1,1,0,0,0,0,2,1
1369,5,292,0,0,0,0,0,15,0,1
290,46,44,0,0,0,0,0,1,1,1
159,8,37,1,1,2,1,0,1,2,1
94,0,21,0,0,2,1,0,0,2,1
110,1,25,0,0,2,1,0,0,2,1
78,20,14,0,0,0,0,0,0,2,1
181,4,49,1,1,2,1,0,0,2,1
88,20,15,0,0,0,0,0,0,2,1
87,20,16,0,0,0,0,0,0,2,1
107,22,19,0,0,0,0,0,0,2,1
1130,4,234,0,0,0,0,0,16,0,1
97,20,16,0,0,0,0,0,0,2,1
96,20,17,0,0,0,0,0,1,2,1
99,7,22,0,0,3,1,0,0,1,1
53,1,8,0,0,0,0,0,0,0,1
248,4,54,0,0,0,0,0,2,0,1
92,3,23,0,0,2,1,0,1,2,1
241,38,34,0,0,0,0,0,2,0,1
282,45,43,0,0,0,0,0,2,1,1
130,12,28,1,1,2,1,0,2,1,1
143,0,34,1,1,2,1,0,1,2,1
242,42,34,0,0,0,0,0,1,0,1
57,1,8,0,0,0,0,0,1,0,1
83,20,15,0,0,0,0,0,0,2,1
65,5,16,0,0,2,1,0,0,1,1
90,20,17,0,0,0,0,0,0,2,1
158,22,32,1,1,2,0,0,0,3,1
306,44,44,0,0,0,0,0,2,1,1
101,1,25,0,0,2,1,0,1,2,1
191,4,49,1,1,2,1,0,0,2,1
123,14,24,0,0,0,0,0,0,1,1
167,28,39,1,1,2,1,0,0,2,1
99,20,18,0,0,0,0,0,1,2,1
82,20,14,0,0,0,0,0,0,2,1
55,1,8,0,0,0,0,0,1,0,1
234,39,33,0,0,0,0,0,1,0,1
163,2,47,1,1,2,1,0,1,2,1
194,3,48,1,1,1,1,0,2,1,1
873,7,176,0,0,0,0,0,8,0,1
90,20,17,0,0,0,0,0,0,2,1
56,8,11,0,0,0,0,0,0,0,1
254,14,59,2,2,0,0,0,0,3,1
925,11,176,0,0,0,0,0,14,0,1
167,12,16,1,1,4,1,0,2,1,1
559,0,108,0,0,0,0,0,12,0,1
1065,5,234,0,0,0,0,0,21,0,1
114,44,37,2,2,0,0,0,0,0,1
103,0,26,0,0,2,1,0,0,1,1
81,6,16,0,0,1,1,0,0,1,1
301,42,45,0,0,0,0,0,2,1,1
412,5,82,0,0,0,0,0,7,0,1
62,1,13,0,0,1,1,0,0,1,1
137,16,36,1,1,2,1,0,0,2,1
94,21,19,0,0,0,0,0,0,2,1
274,0,50,0,0,0,0,0,6,0,1
113,21,31,1,1,0,1,0,0,2,1
233,39,34,0,0,0,0,0,3,0,1
112,0,27,0,0,2,1,0,2,2,1
105,20,20,0,0,0,0,0,2,2,1
121,13,18,0,0,0,0,0,0,1,1
171,10,37,1,1,2,1,0,1,2,1
114,10,18,0,0,0,0,0,0,1,1
217,30,46,2,2,0,1,1,1,2,1
178,2,49,1,1,2,1,0,1,2,1
207,20,43,1,1,2,1,0,1,1,1
90,19,17,0,0,0,0,0,0,2,1
33,5,4,0,0,0,0,0,1,0,1
104,0,31,0,0,2,1,0,0,2,1
197,26,50,1,1,2,1,0,0,2,1
198,81,62,1,1,0,0,0,0,2,1
459,4,100,0,0,0,0,0,8,0,1
75,0,14,0,0,0,0,0,0,0,1
82,20,14,0,0,0,0,0,0,2,1
141,2,41,1,1,1,1,0,0,1,1
116,6,18,0,0,0,0,0,0,1,1
81,20,14,0,0,0,0,0,0,2,1
235,39,33,0,0,0,0,0,2,0,1
59,0,18,1,1,1,1,0,0,0,1
127,15,29,1,1,2,1,0,0,1,1
87,20,17,0,0,0,0,0,0,2,1
103,4,26,0,0,0,1,0,1,2,1
90,8,67,0,0,0,0,0,0,0,1
996,4,221,0,0,0,0,0,15,0,1
255,40,33,0,0,0,0,0,2,0,1
114,1,27,0,0,2,1,0,4,2,1
230,33,51,2,2,3,2,0,0,1,1
182,33,53,1,1,3,1,0,1,2,1
3343,40,726,0,0,0,0,0,49,0,1
118,6,18,0,0,1,0,0,1,1,1
568,0,110,0,0,0,0,0,11,0,1
360,1,73,0,0,0,0,0,6,0,1
180,35,40,1,1,1,0,0,0,2,1
81,20,15,0,0,0,0,0,0,2,1
109,20,19,0,0,0,0,0,1,2,1
108,8,22,1,1,2,1,0,0,2,1
83,20,15,0,0,0,0,0,1,2,1
155,3,40,1,1,2,1,0,0,1,1
175,21,36,1,1,2,1,0,0,2,1
319,44,45,0,0,0,0,0,1,1,1
237,39,35,0,0,0,0,0,2,0,1
326,69,59,2,2,2,1,0,1,2,1
1515,9,325,0,0,0,0,0,17,0,1
368,184,120,3,3,0,0,0,0,2,1
148,2,39,1,1,2,1,0,0,2,1
1409,2,326,0,0,4,0,0,8,0,1
93,19,17,0,0,0,0,0,1,2,1
468,2,93,0,0,0,0,0,8,0,1
240,42,33,0,0,0,0,0,1,0,1
111,9,18,0,0,0,0,0,0,1,1
71,6,24,3,6,3,1,0,0,0,1
443,3,98,0,0,0,0,0,4,0,1
90,19,16,0,0,0,0,0,1,2,1
1116,0,223,0,0,0,0,0,17,0,1
4474,23,1010,0,0,0,0,0,73,0,1
194,12,41,1,1,4,1,0,1,1,1
266,36,40,0,0,0,0,0,1,0,1
253,38,33,0,0,0,0,0,2,0,1
181,14,40,1,1,4,1,0,1,4,1
652,1,133,0,0,0,0,0,9,0,1
145,0,117,2,2,2,0,0,0,0,1
108,6,18,0,0,0,0,0,0,1,1
97,20,16,0,0,0,0,0,0,2,1
243,12,55,1,1,2,1,0,1,2,1
932,6,196,0,0,0,0,0,10,0,1
1286,17,354,2,2,0,0,0,1,0,1
303,3,66,0,0,0,0,0,5,0,1
1474,7,306,0,0,0,0,0,31,0,1
82,4,20,0,0,2,1,0,0,2,1
229,5,48,0,0,0,0,0,1,0,1
107,11,28,0,0,2,0,0,0,3,1
254,61,67,2,2,3,2,0,0,1,1
3,0,0,0,0,0,0,0,0,0,1
112,2,18,1,1,1,0,0,0,2,1
7821,24,2019,1,2,0,0,3,79,0,1
306,52,47,0,0,0,0,0,3,1,1
40,6,9,0,0,0,0,0,0,0,1
85,3,20,0,0,0,0,0,0,4,1
123,0,26,0,0,0,0,0,4,0,1
470,3,102,0,0,0,0,0,4,0,1
81,20,15,0,0,0,0,0,1,2,1
244,45,36,0,0,0,0,0,2,0,1
181,2,49,1,1,2,1,0,1,2,1
89,3,23,0,0,0,1,0,2,1,1
108,19,20,0,0,0,0,0,1,2,1
135,8,28,1,1,2,1,0,1,1,1
719,0,138,0,0,0,0,0,11,0,1
94,4,24,0,0,2,1,0,0,2,1
114,8,19,0,0,0,0,0,0,1,1
81,20,15,0,0,0,0,0,0,2,1
96,20,16,0,0,0,0,0,1,2,1
214,6,53,1,1,2,1,0,0,1,1
271,17,54,2,2,2,0,0,1,2,1
119,0,30,0,0,2,1,0,1,1,1
792,0,160,0,0,0,0,0,12,0,1
33,5,4,0,0,0,0,0,1,0,1
228,5,65,1,1,6,2,0,2,3,1
116,0,29,2,2,2,0,0,1,0,1
341,44,70,3,3,2,1,0,2,2,1
85,10,18,0,0,3,1,0,0,1,1
249,36,57,2,2,0,0,0,3,2,1
1358,16,263,0,0,0,0,0,25,0,1
1887,13,432,0,0,0,0,0,19,0,1
76,19,13,0,0,0,0,0,0,2,1
116,12,22,0,0,0,0,0,0,1,1
583,0,193,0,0,0,0,0,3,0,1
94,20,16,0,0,0,0,0,1,2,1
1746,9,383,0,0,0,0,0,19,0,1
255,41,36,0,0,0,0,0,1,0,1
120,18,26,1,1,2,1,0,0,2,1
213,8,58,1,1,3,1,0,0,1,1
211,1,51,1,1,3,1,0,1,5,1
107,16,24,1,1,0,1,1,1,1,1
185,7,37,1,1,2,1,0,0,2,1
38,5,6,0,0,0,0,0,2,0,1
896,0,189,0,0,0,0,0,13,0,1
114,6,18,0,0,0,0,0,0,1,1
250,26,57,2,2,0,0,0,0,1,1
89,20,16,0,0,0,0,0,0,2,1
98,21,20,0,0,0,0,0,0,2,1
267,2,83,1,1,2,1,0,1,1,1
420,191,130,3,3,0,0,0,0,1,1
250,40,38,0,0,0,0,0,2,0,1
85,19,15,0,0,0,0,0,1,2,1
115,20,21,0,0,0,0,0,1,2,1
91,11,63,0,0,0,0,0,0,0,1
53,1,8,0,0,0,0,0,1,0,1
487,9,114,0,0,0,0,0,12,0,1
76,8,15,0,0,0,0,0,0,0,1
1001,13,214,0,0,0,0,0,18,0,1
122,2,33,0,0,2,1,0,1,2,1
137,12,25,0,0,1,1,0,0,2,1
213,17,40,1,1,2,0,0,1,2,1
89,20,17,0,0,0,0,0,0,2,1
84,20,15,0,0,0,0,0,0,2,1
470,0,145,11,11,6,2,0,4,0,1
305,40,42,0,0,0,0,0,2,1,1
234,18,69,1,1,2,1,0,1,3,1
106,20,20,0,0,0,0,0,0,2,1
97,0,28,0,0,2,1,0,1,2,1
33,5,4,0,0,0,0,0,1,0,1
100,11,23,0,0,0,0,0,0,3,1
86,10,14,0,0,0,0,0,1,1,1
97,20,18,0,0,0,0,0,0,2,1
174,27,39,1,1,1,1,0,0,2,1
309,49,45,0,0,0,0,0,2,1,1
289,44,44,0,0,0,0,0,1,1,1
584,5,132,0,0,0,0,0,9,0,1
615,10,134,0,0,0,0,0,7,0,1
86,10,14,0,0,0,0,0,1,1,1
92,11,20,0,0,2,1,0,1,2,1
135,18,30,1,1,2,1,0,0,2,1
947,5,196,0,0,0,0,0,11,0,1
330,0,69,0,0,0,0,0,9,0,1
237,0,87,0,0,0,0,0,1,0,1
181,7,55,1,1,2,1,0,0,1,1
128,8,27,0,0,0,0,0,1,0,1
86,10,14,0,0,0,0,0,1,1,1
123,14,24,0,0,0,0,0,0,1,1
105,20,20,0,0,0,0,0,0,2,1
261,44,43,0,0,0,0,0,3,0,1
767,16,174,0,0,0,0,0,12,0,1
95,5,29,0,0,2,1,0,0,1,1
295,28,59,2,2,2,1,0,0,1,1
295,41,63,2,2,2,1,0,6,2,1
79,2,13,0,0,1,1,0,0,1,1
58,1,8,0,0,0,0,0,2,0,1
2260,7,475,0,0,0,0,0,23,0,1
251,43,38,0,0,0,0,0,3,0,1
99,3,21,0,0,1,1,0,2,1,1
37,4,6,0,0,0,0,0,2,0,1
1489,3,312,0,0,0,0,0,25,0,1
311,53,50,0,0,0,0,0,3,1,1
410,3,83,0,0,0,0,0,5,0,1
204,27,48,1,1,4,1,0,2,2,1
92,20,16,0,0,0,0,0,1,2,1
355,27,69,2,2,2,1,0,5,1,1
92,4,16,0,0,0,0,0,1,2,1
241,0,48,0,0,0,0,0,2,0,1
80,1,20,2,3,2,1,0,0,2,1
104,13,20,0,0,2,1,0,0,2,1
252,105,79,2,2,0,0,0,0,1,1
303,27,68,2,2,2,1,0,1,6,1
33,5,4,0,0,0,0,0,1,0,1
123,12,28,1,1,2,1,0,2,1,1
320,46,52,0,0,0,0,0,1,1,1
101,20,18,0,0,0,0,0,0,2,1
99,20,18,0,0,0,0,0,0,2,1
5520,8,2075,1,3,0,0,0,39,0,1
2532,6,529,0,0,0,0,0,49,0,1
105,5,26,0,0,2,1,0,0,1,1
110,0,28,0,0,2,1,0,0,1,1
314,152,102,2,2,0,0,0,0,1,1
158,19,35,1,1,1,1,0,0,1,1
235,37,36,0,0,0,0,0,2,0,1
116,12,22,0,0,0,0,0,0,1,1
298,42,45,0,0,0,0,0,1,1,1
138,6,32,1,1,2,1,0,1,1,1
86,20,15,0,0,0,0,0,0,2,1
433,3,95,0,0,0,0,0,6,0,1
189,2,52,1,1,2,1,0,1,2,1
220,1,58,1,1,0,0,0,1,4,1
4069,243,1624,0,0,0,0,0,5,0,1
1915,5,414,0,0,0,0,0,33,0,1
85,19,16,0,0,0,0,0,1,2,1
229,36,34,0,0,0,0,0,2,0,1
91,20,16,0,0,0,0,0,0,2,1
311,0,62,0,0,0,0,0,2,0,1
294,91,113,2,2,2,1,0,0,1,1
1484,16,319,0,0,0,0,0,16,0,1
289,43,44,0,0,0,0,0,1,1,1
38,5,6,0,0,0,0,0,2,0,1
137,0,31,1,1,2,1,0,0,2,1
33,5,4,0,0,0,0,0,1,0,1
112,0,32,0,0,2,1,0,0,2,1
86,10,14,0,0,0,0,0,1,1,1
2335,10,471,0,0,0,0,0,24,0,1
120,12,22,0,0,0,0,0,0,1,1
75,4,17,0,0,0,1,0,0,1,1
269,42,38,0,0,0,0,0,6,0,1
260,16,61,2,2,0,0,0,0,4,1
181,7,55,1,1,2,1,0,0,1,1
86,10,14,0,0,0,0,0,1,1,1
100,20,16,0,0,0,0,0,1,2,1
119,18,29,1,1,2,1,0,1,2,1
481,65,101,4,4,2,1,0,6,4,1
73,7,18,0,0,0,0,0,0,0,1
94,20,18,0,0,0,0,0,0,2,1
117,7,34,0,0,0,1,0,1,1,1
560,48,131,4,4,2,1,0,2,2,1
87,20,16,0,0,0,0,0,0,2,1
98,20,17,0,0,0,0,0,0,2,1
137,3,35,1,1,1,0,0,1,3,1
230,37,32,0,0,0,0,0,1,0,1
64,3,14,1,1,1,0,0,0,0,1
417,192,130,3,3,0,0,0,0,1,1
164,18,41,1,1,3,1,0,0,3,1
84,20,15,0,0,0,0,0,0,2,1
93,20,16,0,0,0,0,0,0,2,1
243,40,35,0,0,0,0,0,2,0,1
199,0,39,0,0,0,0,0,4,0,1
105,0,28,0,0,2,1,0,1,2,1
123,0,27,0,0,2,1,0,0,2,1
131,1,33,0,0,2,1,0,1,2,1
132,18,27,1,1,2,1,0,0,2,1
252,40,34,0,0,0,0,0,4,0,1
100,22,19,0,0,0,0,0,0,2,1
374,0,79,0,0,0,0,0,5,0,1
795,13,173,0,0,0,0,0,10,0,1
94,20,18,0,0,0,0,0,0,2,1
152,19,34,1,1,2,0,0,1,2,1
114,9,18,0,0,0,0,0,0,1,1
339,0,70,0,0,0,0,0,5,0,1
329,19,79,2,2,2,0,0,0,3,1
109,19,20,0,0,0,0,0,1,2,1
